{"type":"FeatureCollection","features":[{"type":"Feature","geometry":{"type":"Point","coordinates":[30.24736,45.9789]},"properties":{"source":"economist_fires","source_name":"The Economist war-fire model","source_url":"https://github.com/TheEconomist/the-economist-war-fire-model","id":0,"date":"2026-09-17","link":"https://www.economist.com/interactive/graphic-detail/ukraine-fires","category":"Fire classified as war-related (model estimate)","side":"Not attributed","color":"#FF8C00","radius":3,"orbat":[],"description":"Satellite heat detection at 10:45 UTC, in an area days after abnormal fire activity. Urban area."}},{"type":"Feature","geometry":{"type":"Point","coordinates":[30.4275,46.65014]},"properties":{"source":"economist_fires","source_name":"The Economist war-fire model","source_url":"https://github.com/TheEconomist/the-economist-war-fire-model","id":1,"date":"2026-09-17","link":"https://www.economist.com/interactive/graphic-detail/ukraine-fires","category":"Fire classified as war-related (model estimate)","side":"Not attributed","color":"#FF8C00","radius":3,"orbat":[],"description":"Satellite heat detection at 11:42 UTC, in an area days after abnormal fire activity. Urban area."}},{"type":"Feature","geometry":{"type":"Point","coordinates":[30.42616,46.65107]},"properties":{"source":"economist_fires","source_name":"The Economist war-fire model","source_url":"https://github.com/TheEconomist/the-economist-war-fire-model","id":2,"date":"2026-09-17","link":"https://www.economist.com/interactive/graphic-detail/ukraine-fires","category":"Fire classified as war-related (model estimate)","side":"Not attributed","color":"#FF8C00","radius":3,"orbat":[],"description":"Satellite heat detection at 11:42 UTC, in an area days after abnormal fire activity. Urban area."}},{"type":"Feature","geometry":{"type":"Point","coordinates":[30.41455,47.50962]},"properties":{"source":"economist_fires","source_name":"The Economist war-fire model","source_url":"https://github.com/TheEconomist/the-economist-war-fire-model","id":3,"date":"2026-09-17","link":"https://www.economist.com/interactive/graphic-detail/ukraine-fires","category":"Fire classified as war-related (model estimate)","side":"Not attributed","color":"#FF8C00","radius":3,"orbat":[],"description":"Satellite heat detection at 10:45 UTC, in an area of abnormal fire activity. Urban area."}},{"type":"Feature","geometry":{"type":"Point","coordinates":[30.97093,48.11638]},"properties":{"source":"economist_fires","source_name":"The Economist war-fire model","source_url":"https://github.com/TheEconomist/the-economist-war-fire-model","id":4,"date":"2026-09-17","link":"https://www.economist.com/interactive/graphic-detail/ukraine-fires","category":"Fire classified as war-related (model estimate)","side":"Not attributed","color":"#FF8C00","radius":3,"orbat":[],"description":"Satellite heat detection at 11:23 UTC, in an area of abnormal fire activity. Urban area."}},{"type":"Feature","geometry":{"type":"Point","coordinates":[30.96417,48.12399]},"properties":{"source":"economist_fires","source_name":"The Economist war-fire model","source_url":"https://github.com/TheEconomist/the-economist-war-fire-model","id":5,"date":"2026-09-17","link":"https://www.economist.com/interactive/graphic-detail/ukraine-fires","category":"Fire classified as war-related (model estimate)","side":"Not attributed","color":"#FF8C00","radius":3,"orbat":[],"description":"Satellite heat detection at 11:23 UTC, in an area of abnormal fire activity. Urban area."}},{"type":"Feature","geometry":{"type":"Point","coordinates":[30.96937,48.12446]},"properties":{"source":"economist_fires","source_name":"The Economist war-fire model","source_url":"https://github.com/TheEconomist/the-economist-war-fire-model","id":6,"date":"2026-09-17","link":"https://www.economist.com/interactive/graphic-detail/ukraine-fires","category":"Fire classified as war-related (model estimate)","side":"Not attributed","color":"#FF8C00","radius":3,"orbat":[],"description":"Satellite heat detection at 11:23 UTC, in an area of abnormal fire activity. Urban area."}},{"type":"Feature","geometry":{"type":"Point","coordinates":[30.96799,48.12059]},"properties":{"source":"economist_fires","source_name":"The Economist war-fire model","source_url":"https://github.com/TheEconomist/the-economist-war-fire-model","id":7,"date":"2026-09-17","link":"https://www.economist.com/interactive/graphic-detail/ukraine-fires","category":"Fire classified as war-related (model estimate)","side":"Not attributed","color":"#FF8C00","radius":3,"orbat":[],"description":"Satellite heat detection at 11:42 UTC, in an area of abnormal fire activity. Urban area."}},{"type":"Feature","geometry":{"type":"Point","coordinates":[31.38667,51.66137]},"properties":{"source":"economist_fires","source_name":"The Economist war-fire model","source_url":"https://github.com/TheEconomist/the-economist-war-fire-model","id":8,"date":"2026-09-17","link":"https://www.economist.com/interactive/graphic-detail/ukraine-fires","category":"Fire classified as war-related (model estimate)","side":"Not attributed","color":"#FF8C00","radius":3,"orbat":[],"description":"Satellite heat detection at 09:07 UTC, in an area of abnormal fire activity. Urban area."}},{"type":"Feature","geometry":{"type":"Point","coordinates":[31.40353,51.66099]},"properties":{"source":"economist_fires","source_name":"The Economist war-fire model","source_url":"https://github.com/TheEconomist/the-economist-war-fire-model","id":9,"date":"2026-09-17","link":"https://www.economist.com/interactive/graphic-detail/ukraine-fires","category":"Fire classified as war-related (model estimate)","side":"Not attributed","color":"#FF8C00","radius":3,"orbat":[],"description":"Satellite heat detection at 09:43 UTC, in an area days after abnormal fire activity. Urban area."}},{"type":"Feature","geometry":{"type":"Point","coordinates":[31.40216,51.66246]},"properties":{"source":"economist_fires","source_name":"The Economist war-fire model","source_url":"https://github.com/TheEconomist/the-economist-war-fire-model","id":10,"date":"2026-09-17","link":"https://www.economist.com/interactive/graphic-detail/ukraine-fires","category":"Fire classified as war-related (model estimate)","side":"Not attributed","color":"#FF8C00","radius":3,"orbat":[],"description":"Satellite heat detection at 09:43 UTC, in an area days after abnormal fire activity. Urban area."}},{"type":"Feature","geometry":{"type":"Point","coordinates":[31.38445,51.65847]},"properties":{"source":"economist_fires","source_name":"The Economist war-fire model","source_url":"https://github.com/TheEconomist/the-economist-war-fire-model","id":11,"date":"2026-09-17","link":"https://www.economist.com/interactive/graphic-detail/ukraine-fires","category":"Fire classified as war-related (model estimate)","side":"Not attributed","color":"#FF8C00","radius":3,"orbat":[],"description":"Satellite heat detection at 10:04 UTC, in an area days after abnormal fire activity. Urban area."}},{"type":"Feature","geometry":{"type":"Point","coordinates":[31.39024,51.6599]},"properties":{"source":"economist_fires","source_name":"The Economist war-fire model","source_url":"https://github.com/TheEconomist/the-economist-war-fire-model","id":12,"date":"2026-09-17","link":"https://www.economist.com/interactive/graphic-detail/ukraine-fires","category":"Fire classified as war-related (model estimate)","side":"Not attributed","color":"#FF8C00","radius":3,"orbat":[],"description":"Satellite heat detection at 10:04 UTC, in an area of abnormal fire activity. Urban area."}},{"type":"Feature","geometry":{"type":"Point","coordinates":[31.38163,51.66122]},"properties":{"source":"economist_fires","source_name":"The Economist war-fire model","source_url":"https://github.com/TheEconomist/the-economist-war-fire-model","id":13,"date":"2026-09-17","link":"https://www.economist.com/interactive/graphic-detail/ukraine-fires","category":"Fire classified as war-related (model estimate)","side":"Not attributed","color":"#FF8C00","radius":3,"orbat":[],"description":"Satellite heat detection at 10:47 UTC, in an area of abnormal fire activity. Urban area."}},{"type":"Feature","geometry":{"type":"Point","coordinates":[31.38757,51.66196]},"properties":{"source":"economist_fires","source_name":"The Economist war-fire model","source_url":"https://github.com/TheEconomist/the-economist-war-fire-model","id":14,"date":"2026-09-17","link":"https://www.economist.com/interactive/graphic-detail/ukraine-fires","category":"Fire classified as war-related (model estimate)","side":"Not attributed","color":"#FF8C00","radius":3,"orbat":[],"description":"Satellite heat detection at 10:47 UTC, in an area days after abnormal fire activity. Urban area."}},{"type":"Feature","geometry":{"type":"Point","coordinates":[31.68221,46.96406]},"properties":{"source":"economist_fires","source_name":"The Economist war-fire model","source_url":"https://github.com/TheEconomist/the-economist-war-fire-model","id":15,"date":"2026-09-17","link":"https://www.economist.com/interactive/graphic-detail/ukraine-fires","category":"Fire classified as war-related (model estimate)","side":"Not attributed","color":"#FF8C00","radius":3,"orbat":[],"description":"Satellite heat detection at 10:02 UTC, in an area of abnormal fire activity. Urban area."}},{"type":"Feature","geometry":{"type":"Point","coordinates":[31.68917,46.96588]},"properties":{"source":"economist_fires","source_name":"The Economist war-fire model","source_url":"https://github.com/TheEconomist/the-economist-war-fire-model","id":16,"date":"2026-09-17","link":"https://www.economist.com/interactive/graphic-detail/ukraine-fires","category":"Fire classified as war-related (model estimate)","side":"Not attributed","color":"#FF8C00","radius":3,"orbat":[],"description":"Satellite heat detection at 10:02 UTC, in an area of abnormal fire activity. Urban area."}},{"type":"Feature","geometry":{"type":"Point","coordinates":[31.69286,46.96723]},"properties":{"source":"economist_fires","source_name":"The Economist war-fire model","source_url":"https://github.com/TheEconomist/the-economist-war-fire-model","id":17,"date":"2026-09-17","link":"https://www.economist.com/interactive/graphic-detail/ukraine-fires","category":"Fire classified as war-related (model estimate)","side":"Not attributed","color":"#FF8C00","radius":3,"orbat":[],"description":"Satellite heat detection at 11:21 UTC, in an area of abnormal fire activity. Urban area."}},{"type":"Feature","geometry":{"type":"Point","coordinates":[31.68288,46.96455]},"properties":{"source":"economist_fires","source_name":"The Economist war-fire model","source_url":"https://github.com/TheEconomist/the-economist-war-fire-model","id":18,"date":"2026-09-17","link":"https://www.economist.com/interactive/graphic-detail/ukraine-fires","category":"Fire classified as war-related (model estimate)","side":"Not attributed","color":"#FF8C00","radius":3,"orbat":[],"description":"Satellite heat detection at 11:42 UTC, in an area of abnormal fire activity. Urban area."}},{"type":"Feature","geometry":{"type":"Point","coordinates":[31.69382,46.96489]},"properties":{"source":"economist_fires","source_name":"The Economist war-fire model","source_url":"https://github.com/TheEconomist/the-economist-war-fire-model","id":19,"date":"2026-09-17","link":"https://www.economist.com/interactive/graphic-detail/ukraine-fires","category":"Fire classified as war-related (model estimate)","side":"Not attributed","color":"#FF8C00","radius":3,"orbat":[],"description":"Satellite heat detection at 11:42 UTC, in an area of abnormal fire activity. Urban area."}},{"type":"Feature","geometry":{"type":"Point","coordinates":[32.27252,46.43441]},"properties":{"source":"economist_fires","source_name":"The Economist war-fire model","source_url":"https://github.com/TheEconomist/the-economist-war-fire-model","id":20,"date":"2026-09-17","link":"https://www.economist.com/interactive/graphic-detail/ukraine-fires","category":"Fire classified as war-related (model estimate)","side":"Not attributed","color":"#FF8C00","radius":3,"orbat":[],"description":"Satellite heat detection at 10:45 UTC, in an area days after abnormal fire activity. Urban area."}},{"type":"Feature","geometry":{"type":"Point","coordinates":[32.27594,46.43332]},"properties":{"source":"economist_fires","source_name":"The Economist war-fire model","source_url":"https://github.com/TheEconomist/the-economist-war-fire-model","id":21,"date":"2026-09-17","link":"https://www.economist.com/interactive/graphic-detail/ukraine-fires","category":"Fire classified as war-related (model estimate)","side":"Not attributed","color":"#FF8C00","radius":3,"orbat":[],"description":"Satellite heat detection at 11:21 UTC, in an area days after abnormal fire activity. Urban area."}},{"type":"Feature","geometry":{"type":"Point","coordinates":[32.27522,46.43753]},"properties":{"source":"economist_fires","source_name":"The Economist war-fire model","source_url":"https://github.com/TheEconomist/the-economist-war-fire-model","id":22,"date":"2026-09-17","link":"https://www.economist.com/interactive/graphic-detail/ukraine-fires","category":"Fire classified as war-related (model estimate)","side":"Not attributed","color":"#FF8C00","radius":3,"orbat":[],"description":"Satellite heat detection at 11:21 UTC, in an area days after abnormal fire activity. Urban area."}},{"type":"Feature","geometry":{"type":"Point","coordinates":[32.28134,46.43642]},"properties":{"source":"economist_fires","source_name":"The Economist war-fire model","source_url":"https://github.com/TheEconomist/the-economist-war-fire-model","id":23,"date":"2026-09-17","link":"https://www.economist.com/interactive/graphic-detail/ukraine-fires","category":"Fire classified as war-related (model estimate)","side":"Not attributed","color":"#FF8C00","radius":3,"orbat":[],"description":"Satellite heat detection at 11:42 UTC, in an area days after abnormal fire activity. Urban area."}},{"type":"Feature","geometry":{"type":"Point","coordinates":[32.32219,46.36926]},"properties":{"source":"economist_fires","source_name":"The Economist war-fire model","source_url":"https://github.com/TheEconomist/the-economist-war-fire-model","id":24,"date":"2026-09-17","link":"https://www.economist.com/interactive/graphic-detail/ukraine-fires","category":"Fire classified as war-related (model estimate)","side":"Not attributed","color":"#FF8C00","radius":3,"orbat":[],"description":"Satellite heat detection at 23:58 UTC, in an area days after abnormal fire activity. Urban area."}},{"type":"Feature","geometry":{"type":"Point","coordinates":[33.49313,45.38602]},"properties":{"source":"economist_fires","source_name":"The Economist war-fire model","source_url":"https://github.com/TheEconomist/the-economist-war-fire-model","id":25,"date":"2026-09-17","link":"https://www.economist.com/interactive/graphic-detail/ukraine-fires","category":"Fire classified as war-related (model estimate)","side":"Not attributed","color":"#FF8C00","radius":3,"orbat":[],"description":"Satellite heat detection at 10:45 UTC, in an area days after abnormal fire activity. Urban area."}},{"type":"Feature","geometry":{"type":"Point","coordinates":[33.50332,45.38325]},"properties":{"source":"economist_fires","source_name":"The Economist war-fire model","source_url":"https://github.com/TheEconomist/the-economist-war-fire-model","id":26,"date":"2026-09-17","link":"https://www.economist.com/interactive/graphic-detail/ukraine-fires","category":"Fire classified as war-related (model estimate)","side":"Not attributed","color":"#FF8C00","radius":3,"orbat":[],"description":"Satellite heat detection at 11:21 UTC, in an area days after abnormal fire activity. Urban area."}},{"type":"Feature","geometry":{"type":"Point","coordinates":[33.5094,45.38372]},"properties":{"source":"economist_fires","source_name":"The Economist war-fire model","source_url":"https://github.com/TheEconomist/the-economist-war-fire-model","id":27,"date":"2026-09-17","link":"https://www.economist.com/interactive/graphic-detail/ukraine-fires","category":"Fire classified as war-related (model estimate)","side":"Not attributed","color":"#FF8C00","radius":3,"orbat":[],"description":"Satellite heat detection at 11:21 UTC, in an area days after abnormal fire activity. Urban area."}},{"type":"Feature","geometry":{"type":"Point","coordinates":[33.49052,45.38671]},"properties":{"source":"economist_fires","source_name":"The Economist war-fire model","source_url":"https://github.com/TheEconomist/the-economist-war-fire-model","id":28,"date":"2026-09-17","link":"https://www.economist.com/interactive/graphic-detail/ukraine-fires","category":"Fire classified as war-related (model estimate)","side":"Not attributed","color":"#FF8C00","radius":3,"orbat":[],"description":"Satellite heat detection at 11:21 UTC, in an area days after abnormal fire activity. Urban area."}},{"type":"Feature","geometry":{"type":"Point","coordinates":[33.50266,45.38766]},"properties":{"source":"economist_fires","source_name":"The Economist war-fire model","source_url":"https://github.com/TheEconomist/the-economist-war-fire-model","id":29,"date":"2026-09-17","link":"https://www.economist.com/interactive/graphic-detail/ukraine-fires","category":"Fire classified as war-related (model estimate)","side":"Not attributed","color":"#FF8C00","radius":3,"orbat":[],"description":"Satellite heat detection at 11:21 UTC, in an area days after abnormal fire activity. Urban area."}},{"type":"Feature","geometry":{"type":"Point","coordinates":[33.50874,45.38814]},"properties":{"source":"economist_fires","source_name":"The Economist war-fire model","source_url":"https://github.com/TheEconomist/the-economist-war-fire-model","id":30,"date":"2026-09-17","link":"https://www.economist.com/interactive/graphic-detail/ukraine-fires","category":"Fire classified as war-related (model estimate)","side":"Not attributed","color":"#FF8C00","radius":3,"orbat":[],"description":"Satellite heat detection at 11:21 UTC, in an area of abnormal fire activity. Urban area."}},{"type":"Feature","geometry":{"type":"Point","coordinates":[33.50973,45.37797]},"properties":{"source":"economist_fires","source_name":"The Economist war-fire model","source_url":"https://github.com/TheEconomist/the-economist-war-fire-model","id":31,"date":"2026-09-17","link":"https://www.economist.com/interactive/graphic-detail/ukraine-fires","category":"Fire classified as war-related (model estimate)","side":"Not attributed","color":"#FF8C00","radius":3,"orbat":[],"description":"Satellite heat detection at 11:42 UTC, in an area days after abnormal fire activity. Urban area."}},{"type":"Feature","geometry":{"type":"Point","coordinates":[33.50641,45.37915]},"properties":{"source":"economist_fires","source_name":"The Economist war-fire model","source_url":"https://github.com/TheEconomist/the-economist-war-fire-model","id":32,"date":"2026-09-17","link":"https://www.economist.com/interactive/graphic-detail/ukraine-fires","category":"Fire classified as war-related (model estimate)","side":"Not attributed","color":"#FF8C00","radius":3,"orbat":[],"description":"Satellite heat detection at 11:42 UTC, in an area of abnormal fire activity. Urban area."}},{"type":"Feature","geometry":{"type":"Point","coordinates":[33.50316,45.38388]},"properties":{"source":"economist_fires","source_name":"The Economist war-fire model","source_url":"https://github.com/TheEconomist/the-economist-war-fire-model","id":33,"date":"2026-09-17","link":"https://www.economist.com/interactive/graphic-detail/ukraine-fires","category":"Fire classified as war-related (model estimate)","side":"Not attributed","color":"#FF8C00","radius":3,"orbat":[],"description":"Satellite heat detection at 11:42 UTC, in an area days after abnormal fire activity. Urban area."}},{"type":"Feature","geometry":{"type":"Point","coordinates":[33.49981,45.38509]},"properties":{"source":"economist_fires","source_name":"The Economist war-fire model","source_url":"https://github.com/TheEconomist/the-economist-war-fire-model","id":34,"date":"2026-09-17","link":"https://www.economist.com/interactive/graphic-detail/ukraine-fires","category":"Fire classified as war-related (model estimate)","side":"Not attributed","color":"#FF8C00","radius":3,"orbat":[],"description":"Satellite heat detection at 11:42 UTC, in an area days after abnormal fire activity. Urban area."}},{"type":"Feature","geometry":{"type":"Point","coordinates":[33.5062,45.3852]},"properties":{"source":"economist_fires","source_name":"The Economist war-fire model","source_url":"https://github.com/TheEconomist/the-economist-war-fire-model","id":35,"date":"2026-09-17","link":"https://www.economist.com/interactive/graphic-detail/ukraine-fires","category":"Fire classified as war-related (model estimate)","side":"Not attributed","color":"#FF8C00","radius":3,"orbat":[],"description":"Satellite heat detection at 11:42 UTC, in an area days after abnormal fire activity. Urban area."}},{"type":"Feature","geometry":{"type":"Point","coordinates":[33.50301,45.38994]},"properties":{"source":"economist_fires","source_name":"The Economist war-fire model","source_url":"https://github.com/TheEconomist/the-economist-war-fire-model","id":36,"date":"2026-09-17","link":"https://www.economist.com/interactive/graphic-detail/ukraine-fires","category":"Fire classified as war-related (model estimate)","side":"Not attributed","color":"#FF8C00","radius":3,"orbat":[],"description":"Satellite heat detection at 11:42 UTC, in an area of abnormal fire activity. Urban area."}},{"type":"Feature","geometry":{"type":"Point","coordinates":[33.5094,45.39008]},"properties":{"source":"economist_fires","source_name":"The Economist war-fire model","source_url":"https://github.com/TheEconomist/the-economist-war-fire-model","id":37,"date":"2026-09-17","link":"https://www.economist.com/interactive/graphic-detail/ukraine-fires","category":"Fire classified as war-related (model estimate)","side":"Not attributed","color":"#FF8C00","radius":3,"orbat":[],"description":"Satellite heat detection at 11:42 UTC, in an area days after abnormal fire activity. Urban area."}},{"type":"Feature","geometry":{"type":"Point","coordinates":[33.50603,45.39126]},"properties":{"source":"economist_fires","source_name":"The Economist war-fire model","source_url":"https://github.com/TheEconomist/the-economist-war-fire-model","id":38,"date":"2026-09-17","link":"https://www.economist.com/interactive/graphic-detail/ukraine-fires","category":"Fire classified as war-related (model estimate)","side":"Not attributed","color":"#FF8C00","radius":3,"orbat":[],"description":"Satellite heat detection at 11:42 UTC, in an area days after abnormal fire activity. Urban area."}},{"type":"Feature","geometry":{"type":"Point","coordinates":[33.65911,52.23647]},"properties":{"source":"economist_fires","source_name":"The Economist war-fire model","source_url":"https://github.com/TheEconomist/the-economist-war-fire-model","id":39,"date":"2026-09-17","link":"https://www.economist.com/interactive/graphic-detail/ukraine-fires","category":"Fire classified as war-related (model estimate)","side":"Not attributed","color":"#FF8C00","radius":3,"orbat":[],"description":"Satellite heat detection at 23:56 UTC, in an area days after abnormal fire activity. Urban area."}},{"type":"Feature","geometry":{"type":"Point","coordinates":[33.86144,46.98016]},"properties":{"source":"economist_fires","source_name":"The Economist war-fire model","source_url":"https://github.com/TheEconomist/the-economist-war-fire-model","id":40,"date":"2026-09-17","link":"https://www.economist.com/interactive/graphic-detail/ukraine-fires","category":"Fire classified as war-related (model estimate)","side":"Not attributed","color":"#FF8C00","radius":3,"orbat":[],"description":"Satellite heat detection at 06:35 UTC, in an area days after abnormal fire activity. Urban area."}},{"type":"Feature","geometry":{"type":"Point","coordinates":[33.87524,46.97475]},"properties":{"source":"economist_fires","source_name":"The Economist war-fire model","source_url":"https://github.com/TheEconomist/the-economist-war-fire-model","id":41,"date":"2026-09-17","link":"https://www.economist.com/interactive/graphic-detail/ukraine-fires","category":"Fire classified as war-related (model estimate)","side":"Not attributed","color":"#FF8C00","radius":3,"orbat":[],"description":"Satellite heat detection at 11:42 UTC, in an area days after abnormal fire activity. Urban area."}},{"type":"Feature","geometry":{"type":"Point","coordinates":[33.87699,46.97648]},"properties":{"source":"economist_fires","source_name":"The Economist war-fire model","source_url":"https://github.com/TheEconomist/the-economist-war-fire-model","id":42,"date":"2026-09-17","link":"https://www.economist.com/interactive/graphic-detail/ukraine-fires","category":"Fire classified as war-related (model estimate)","side":"Not attributed","color":"#FF8C00","radius":3,"orbat":[],"description":"Satellite heat detection at 11:42 UTC, in an area days after abnormal fire activity. Urban area."}},{"type":"Feature","geometry":{"type":"Point","coordinates":[33.87507,46.98096]},"properties":{"source":"economist_fires","source_name":"The Economist war-fire model","source_url":"https://github.com/TheEconomist/the-economist-war-fire-model","id":43,"date":"2026-09-17","link":"https://www.economist.com/interactive/graphic-detail/ukraine-fires","category":"Fire classified as war-related (model estimate)","side":"Not attributed","color":"#FF8C00","radius":3,"orbat":[],"description":"Satellite heat detection at 11:42 UTC, in an area days after abnormal fire activity. Urban area."}},{"type":"Feature","geometry":{"type":"Point","coordinates":[34.04646,46.70035]},"properties":{"source":"economist_fires","source_name":"The Economist war-fire model","source_url":"https://github.com/TheEconomist/the-economist-war-fire-model","id":44,"date":"2026-09-17","link":"https://www.economist.com/interactive/graphic-detail/ukraine-fires","category":"Fire classified as war-related (model estimate)","side":"Not attributed","color":"#FF8C00","radius":3,"orbat":[],"description":"Satellite heat detection at 06:37 UTC, in an area days after abnormal fire activity. Urban area."}},{"type":"Feature","geometry":{"type":"Point","coordinates":[34.02861,46.70202]},"properties":{"source":"economist_fires","source_name":"The Economist war-fire model","source_url":"https://github.com/TheEconomist/the-economist-war-fire-model","id":45,"date":"2026-09-17","link":"https://www.economist.com/interactive/graphic-detail/ukraine-fires","category":"Fire classified as war-related (model estimate)","side":"Not attributed","color":"#FF8C00","radius":3,"orbat":[],"description":"Satellite heat detection at 06:37 UTC, in an area days after abnormal fire activity. Urban area."}},{"type":"Feature","geometry":{"type":"Point","coordinates":[34.03516,47.16694]},"properties":{"source":"economist_fires","source_name":"The Economist war-fire model","source_url":"https://github.com/TheEconomist/the-economist-war-fire-model","id":46,"date":"2026-09-17","link":"https://www.economist.com/interactive/graphic-detail/ukraine-fires","category":"Fire classified as war-related (model estimate)","side":"Not attributed","color":"#FF8C00","radius":3,"orbat":[],"description":"Satellite heat detection at 09:41 UTC, in an area of abnormal fire activity. Urban area."}},{"type":"Feature","geometry":{"type":"Point","coordinates":[34.0403,47.16851]},"properties":{"source":"economist_fires","source_name":"The Economist war-fire model","source_url":"https://github.com/TheEconomist/the-economist-war-fire-model","id":47,"date":"2026-09-17","link":"https://www.economist.com/interactive/graphic-detail/ukraine-fires","category":"Fire classified as war-related (model estimate)","side":"Not attributed","color":"#FF8C00","radius":3,"orbat":[],"description":"Satellite heat detection at 09:41 UTC, in an area of abnormal fire activity. Urban area."}},{"type":"Feature","geometry":{"type":"Point","coordinates":[34.03178,47.17215]},"properties":{"source":"economist_fires","source_name":"The Economist war-fire model","source_url":"https://github.com/TheEconomist/the-economist-war-fire-model","id":48,"date":"2026-09-17","link":"https://www.economist.com/interactive/graphic-detail/ukraine-fires","category":"Fire classified as war-related (model estimate)","side":"Not attributed","color":"#FF8C00","radius":3,"orbat":[],"description":"Satellite heat detection at 09:41 UTC, in an area of abnormal fire activity. Urban area."}},{"type":"Feature","geometry":{"type":"Point","coordinates":[34.03691,47.17372]},"properties":{"source":"economist_fires","source_name":"The Economist war-fire model","source_url":"https://github.com/TheEconomist/the-economist-war-fire-model","id":49,"date":"2026-09-17","link":"https://www.economist.com/interactive/graphic-detail/ukraine-fires","category":"Fire classified as war-related (model estimate)","side":"Not attributed","color":"#FF8C00","radius":3,"orbat":[],"description":"Satellite heat detection at 09:41 UTC, in an area of abnormal fire activity. Urban area."}},{"type":"Feature","geometry":{"type":"Point","coordinates":[34.04205,47.17528]},"properties":{"source":"economist_fires","source_name":"The Economist war-fire model","source_url":"https://github.com/TheEconomist/the-economist-war-fire-model","id":50,"date":"2026-09-17","link":"https://www.economist.com/interactive/graphic-detail/ukraine-fires","category":"Fire classified as war-related (model estimate)","side":"Not attributed","color":"#FF8C00","radius":3,"orbat":[],"description":"Satellite heat detection at 09:41 UTC, in an area of abnormal fire activity. Urban area."}},{"type":"Feature","geometry":{"type":"Point","coordinates":[34.03689,47.17333]},"properties":{"source":"economist_fires","source_name":"The Economist war-fire model","source_url":"https://github.com/TheEconomist/the-economist-war-fire-model","id":51,"date":"2026-09-17","link":"https://www.economist.com/interactive/graphic-detail/ukraine-fires","category":"Fire classified as war-related (model estimate)","side":"Not attributed","color":"#FF8C00","radius":3,"orbat":[],"description":"Satellite heat detection at 10:02 UTC, in an area of abnormal fire activity. Urban area."}},{"type":"Feature","geometry":{"type":"Point","coordinates":[34.0424,47.17464]},"properties":{"source":"economist_fires","source_name":"The Economist war-fire model","source_url":"https://github.com/TheEconomist/the-economist-war-fire-model","id":52,"date":"2026-09-17","link":"https://www.economist.com/interactive/graphic-detail/ukraine-fires","category":"Fire classified as war-related (model estimate)","side":"Not attributed","color":"#FF8C00","radius":3,"orbat":[],"description":"Satellite heat detection at 10:02 UTC, in an area of abnormal fire activity. Urban area."}},{"type":"Feature","geometry":{"type":"Point","coordinates":[34.0479,47.17596]},"properties":{"source":"economist_fires","source_name":"The Economist war-fire model","source_url":"https://github.com/TheEconomist/the-economist-war-fire-model","id":53,"date":"2026-09-17","link":"https://www.economist.com/interactive/graphic-detail/ukraine-fires","category":"Fire classified as war-related (model estimate)","side":"Not attributed","color":"#FF8C00","radius":3,"orbat":[],"description":"Satellite heat detection at 10:02 UTC, in an area of abnormal fire activity. Urban area."}},{"type":"Feature","geometry":{"type":"Point","coordinates":[33.96406,52.15345]},"properties":{"source":"economist_fires","source_name":"The Economist war-fire model","source_url":"https://github.com/TheEconomist/the-economist-war-fire-model","id":54,"date":"2026-09-17","link":"https://www.economist.com/interactive/graphic-detail/ukraine-fires","category":"Fire classified as war-related (model estimate)","side":"Not attributed","color":"#FF8C00","radius":3,"orbat":[],"description":"Satellite heat detection at 09:07 UTC, in an area days after abnormal fire activity. Urban area."}},{"type":"Feature","geometry":{"type":"Point","coordinates":[33.96763,52.15715]},"properties":{"source":"economist_fires","source_name":"The Economist war-fire model","source_url":"https://github.com/TheEconomist/the-economist-war-fire-model","id":55,"date":"2026-09-17","link":"https://www.economist.com/interactive/graphic-detail/ukraine-fires","category":"Fire classified as war-related (model estimate)","side":"Not attributed","color":"#FF8C00","radius":3,"orbat":[],"description":"Satellite heat detection at 09:07 UTC, in an area days after abnormal fire activity. Urban area."}},{"type":"Feature","geometry":{"type":"Point","coordinates":[34.20218,51.78451]},"properties":{"source":"economist_fires","source_name":"The Economist war-fire model","source_url":"https://github.com/TheEconomist/the-economist-war-fire-model","id":56,"date":"2026-09-17","link":"https://www.economist.com/interactive/graphic-detail/ukraine-fires","category":"Fire classified as war-related (model estimate)","side":"Not attributed","color":"#FF8C00","radius":3,"orbat":[],"description":"Satellite heat detection at 08:11 UTC, in an area of abnormal fire activity. Urban area."}},{"type":"Feature","geometry":{"type":"Point","coordinates":[34.20826,51.78644]},"properties":{"source":"economist_fires","source_name":"The Economist war-fire model","source_url":"https://github.com/TheEconomist/the-economist-war-fire-model","id":57,"date":"2026-09-17","link":"https://www.economist.com/interactive/graphic-detail/ukraine-fires","category":"Fire classified as war-related (model estimate)","side":"Not attributed","color":"#FF8C00","radius":3,"orbat":[],"description":"Satellite heat detection at 08:11 UTC, in an area of abnormal fire activity. Urban area."}},{"type":"Feature","geometry":{"type":"Point","coordinates":[34.19728,51.77519]},"properties":{"source":"economist_fires","source_name":"The Economist war-fire model","source_url":"https://github.com/TheEconomist/the-economist-war-fire-model","id":58,"date":"2026-09-17","link":"https://www.economist.com/interactive/graphic-detail/ukraine-fires","category":"Fire classified as war-related (model estimate)","side":"Not attributed","color":"#FF8C00","radius":3,"orbat":[],"description":"Satellite heat detection at 09:07 UTC, in an area of abnormal fire activity. Urban area."}},{"type":"Feature","geometry":{"type":"Point","coordinates":[34.19809,51.77717]},"properties":{"source":"economist_fires","source_name":"The Economist war-fire model","source_url":"https://github.com/TheEconomist/the-economist-war-fire-model","id":59,"date":"2026-09-17","link":"https://www.economist.com/interactive/graphic-detail/ukraine-fires","category":"Fire classified as war-related (model estimate)","side":"Not attributed","color":"#FF8C00","radius":3,"orbat":[],"description":"Satellite heat detection at 09:07 UTC, in an area of abnormal fire activity. Urban area."}},{"type":"Feature","geometry":{"type":"Point","coordinates":[34.20377,51.77745]},"properties":{"source":"economist_fires","source_name":"The Economist war-fire model","source_url":"https://github.com/TheEconomist/the-economist-war-fire-model","id":60,"date":"2026-09-17","link":"https://www.economist.com/interactive/graphic-detail/ukraine-fires","category":"Fire classified as war-related (model estimate)","side":"Not attributed","color":"#FF8C00","radius":3,"orbat":[],"description":"Satellite heat detection at 09:07 UTC, in an area of abnormal fire activity. Urban area."}},{"type":"Feature","geometry":{"type":"Point","coordinates":[34.20454,51.77945]},"properties":{"source":"economist_fires","source_name":"The Economist war-fire model","source_url":"https://github.com/TheEconomist/the-economist-war-fire-model","id":61,"date":"2026-09-17","link":"https://www.economist.com/interactive/graphic-detail/ukraine-fires","category":"Fire classified as war-related (model estimate)","side":"Not attributed","color":"#FF8C00","radius":3,"orbat":[],"description":"Satellite heat detection at 09:07 UTC, in an area of abnormal fire activity. Urban area."}},{"type":"Feature","geometry":{"type":"Point","coordinates":[34.19886,51.78278]},"properties":{"source":"economist_fires","source_name":"The Economist war-fire model","source_url":"https://github.com/TheEconomist/the-economist-war-fire-model","id":62,"date":"2026-09-17","link":"https://www.economist.com/interactive/graphic-detail/ukraine-fires","category":"Fire classified as war-related (model estimate)","side":"Not attributed","color":"#FF8C00","radius":3,"orbat":[],"description":"Satellite heat detection at 09:07 UTC, in an area of abnormal fire activity. Urban area."}},{"type":"Feature","geometry":{"type":"Point","coordinates":[34.20533,51.78503]},"properties":{"source":"economist_fires","source_name":"The Economist war-fire model","source_url":"https://github.com/TheEconomist/the-economist-war-fire-model","id":63,"date":"2026-09-17","link":"https://www.economist.com/interactive/graphic-detail/ukraine-fires","category":"Fire classified as war-related (model estimate)","side":"Not attributed","color":"#FF8C00","radius":3,"orbat":[],"description":"Satellite heat detection at 09:07 UTC, in an area of abnormal fire activity. Urban area."}},{"type":"Feature","geometry":{"type":"Point","coordinates":[34.20607,51.78706]},"properties":{"source":"economist_fires","source_name":"The Economist war-fire model","source_url":"https://github.com/TheEconomist/the-economist-war-fire-model","id":64,"date":"2026-09-17","link":"https://www.economist.com/interactive/graphic-detail/ukraine-fires","category":"Fire classified as war-related (model estimate)","side":"Not attributed","color":"#FF8C00","radius":3,"orbat":[],"description":"Satellite heat detection at 09:07 UTC, in an area of abnormal fire activity. Urban area."}},{"type":"Feature","geometry":{"type":"Point","coordinates":[34.19683,51.77672]},"properties":{"source":"economist_fires","source_name":"The Economist war-fire model","source_url":"https://github.com/TheEconomist/the-economist-war-fire-model","id":65,"date":"2026-09-17","link":"https://www.economist.com/interactive/graphic-detail/ukraine-fires","category":"Fire classified as war-related (model estimate)","side":"Not attributed","color":"#FF8C00","radius":3,"orbat":[],"description":"Satellite heat detection at 09:43 UTC, in an area of abnormal fire activity. Urban area."}},{"type":"Feature","geometry":{"type":"Point","coordinates":[34.19535,51.77825]},"properties":{"source":"economist_fires","source_name":"The Economist war-fire model","source_url":"https://github.com/TheEconomist/the-economist-war-fire-model","id":66,"date":"2026-09-17","link":"https://www.economist.com/interactive/graphic-detail/ukraine-fires","category":"Fire classified as war-related (model estimate)","side":"Not attributed","color":"#FF8C00","radius":3,"orbat":[],"description":"Satellite heat detection at 09:43 UTC, in an area of abnormal fire activity. Urban area."}},{"type":"Feature","geometry":{"type":"Point","coordinates":[34.20465,51.77895]},"properties":{"source":"economist_fires","source_name":"The Economist war-fire model","source_url":"https://github.com/TheEconomist/the-economist-war-fire-model","id":67,"date":"2026-09-17","link":"https://www.economist.com/interactive/graphic-detail/ukraine-fires","category":"Fire classified as war-related (model estimate)","side":"Not attributed","color":"#FF8C00","radius":3,"orbat":[],"description":"Satellite heat detection at 09:43 UTC, in an area of abnormal fire activity. Urban area."}},{"type":"Feature","geometry":{"type":"Point","coordinates":[34.20321,51.78044]},"properties":{"source":"economist_fires","source_name":"The Economist war-fire model","source_url":"https://github.com/TheEconomist/the-economist-war-fire-model","id":68,"date":"2026-09-17","link":"https://www.economist.com/interactive/graphic-detail/ukraine-fires","category":"Fire classified as war-related (model estimate)","side":"Not attributed","color":"#FF8C00","radius":3,"orbat":[],"description":"Satellite heat detection at 09:43 UTC, in an area of abnormal fire activity. Urban area."}},{"type":"Feature","geometry":{"type":"Point","coordinates":[34.19353,51.78117]},"properties":{"source":"economist_fires","source_name":"The Economist war-fire model","source_url":"https://github.com/TheEconomist/the-economist-war-fire-model","id":69,"date":"2026-09-17","link":"https://www.economist.com/interactive/graphic-detail/ukraine-fires","category":"Fire classified as war-related (model estimate)","side":"Not attributed","color":"#FF8C00","radius":3,"orbat":[],"description":"Satellite heat detection at 09:43 UTC, in an area of abnormal fire activity. Urban area."}},{"type":"Feature","geometry":{"type":"Point","coordinates":[34.21104,51.78262]},"properties":{"source":"economist_fires","source_name":"The Economist war-fire model","source_url":"https://github.com/TheEconomist/the-economist-war-fire-model","id":70,"date":"2026-09-17","link":"https://www.economist.com/interactive/graphic-detail/ukraine-fires","category":"Fire classified as war-related (model estimate)","side":"Not attributed","color":"#FF8C00","radius":3,"orbat":[],"description":"Satellite heat detection at 09:43 UTC, in an area of abnormal fire activity. Urban area."}},{"type":"Feature","geometry":{"type":"Point","coordinates":[34.19988,51.78487]},"properties":{"source":"economist_fires","source_name":"The Economist war-fire model","source_url":"https://github.com/TheEconomist/the-economist-war-fire-model","id":71,"date":"2026-09-17","link":"https://www.economist.com/interactive/graphic-detail/ukraine-fires","category":"Fire classified as war-related (model estimate)","side":"Not attributed","color":"#FF8C00","radius":3,"orbat":[],"description":"Satellite heat detection at 09:43 UTC, in an area of abnormal fire activity. Urban area."}},{"type":"Feature","geometry":{"type":"Point","coordinates":[34.20915,51.78562]},"properties":{"source":"economist_fires","source_name":"The Economist war-fire model","source_url":"https://github.com/TheEconomist/the-economist-war-fire-model","id":72,"date":"2026-09-17","link":"https://www.economist.com/interactive/graphic-detail/ukraine-fires","category":"Fire classified as war-related (model estimate)","side":"Not attributed","color":"#FF8C00","radius":3,"orbat":[],"description":"Satellite heat detection at 09:43 UTC, in an area of abnormal fire activity. Urban area."}},{"type":"Feature","geometry":{"type":"Point","coordinates":[34.20771,51.78706]},"properties":{"source":"economist_fires","source_name":"The Economist war-fire model","source_url":"https://github.com/TheEconomist/the-economist-war-fire-model","id":73,"date":"2026-09-17","link":"https://www.economist.com/interactive/graphic-detail/ukraine-fires","category":"Fire classified as war-related (model estimate)","side":"Not attributed","color":"#FF8C00","radius":3,"orbat":[],"description":"Satellite heat detection at 09:43 UTC, in an area of abnormal fire activity. Urban area."}},{"type":"Feature","geometry":{"type":"Point","coordinates":[34.19803,51.78783]},"properties":{"source":"economist_fires","source_name":"The Economist war-fire model","source_url":"https://github.com/TheEconomist/the-economist-war-fire-model","id":74,"date":"2026-09-17","link":"https://www.economist.com/interactive/graphic-detail/ukraine-fires","category":"Fire classified as war-related (model estimate)","side":"Not attributed","color":"#FF8C00","radius":3,"orbat":[],"description":"Satellite heat detection at 09:43 UTC, in an area of abnormal fire activity. Urban area."}},{"type":"Feature","geometry":{"type":"Point","coordinates":[34.20342,51.77569]},"properties":{"source":"economist_fires","source_name":"The Economist war-fire model","source_url":"https://github.com/TheEconomist/the-economist-war-fire-model","id":75,"date":"2026-09-17","link":"https://www.economist.com/interactive/graphic-detail/ukraine-fires","category":"Fire classified as war-related (model estimate)","side":"Not attributed","color":"#FF8C00","radius":3,"orbat":[],"description":"Satellite heat detection at 10:04 UTC, in an area of abnormal fire activity. Urban area."}},{"type":"Feature","geometry":{"type":"Point","coordinates":[34.19438,51.77777]},"properties":{"source":"economist_fires","source_name":"The Economist war-fire model","source_url":"https://github.com/TheEconomist/the-economist-war-fire-model","id":76,"date":"2026-09-17","link":"https://www.economist.com/interactive/graphic-detail/ukraine-fires","category":"Fire classified as war-related (model estimate)","side":"Not attributed","color":"#FF8C00","radius":3,"orbat":[],"description":"Satellite heat detection at 10:04 UTC, in an area of abnormal fire activity. Urban area."}},{"type":"Feature","geometry":{"type":"Point","coordinates":[34.20139,51.77928]},"properties":{"source":"economist_fires","source_name":"The Economist war-fire model","source_url":"https://github.com/TheEconomist/the-economist-war-fire-model","id":77,"date":"2026-09-17","link":"https://www.economist.com/interactive/graphic-detail/ukraine-fires","category":"Fire classified as war-related (model estimate)","side":"Not attributed","color":"#FF8C00","radius":3,"orbat":[],"description":"Satellite heat detection at 10:04 UTC, in an area of abnormal fire activity. Urban area."}},{"type":"Feature","geometry":{"type":"Point","coordinates":[34.20557,51.78]},"properties":{"source":"economist_fires","source_name":"The Economist war-fire model","source_url":"https://github.com/TheEconomist/the-economist-war-fire-model","id":78,"date":"2026-09-17","link":"https://www.economist.com/interactive/graphic-detail/ukraine-fires","category":"Fire classified as war-related (model estimate)","side":"Not attributed","color":"#FF8C00","radius":3,"orbat":[],"description":"Satellite heat detection at 10:47 UTC, in an area of abnormal fire activity. Urban area."}},{"type":"Feature","geometry":{"type":"Point","coordinates":[34.19744,51.78298]},"properties":{"source":"economist_fires","source_name":"The Economist war-fire model","source_url":"https://github.com/TheEconomist/the-economist-war-fire-model","id":79,"date":"2026-09-17","link":"https://www.economist.com/interactive/graphic-detail/ukraine-fires","category":"Fire classified as war-related (model estimate)","side":"Not attributed","color":"#FF8C00","radius":3,"orbat":[],"description":"Satellite heat detection at 10:47 UTC, in an area of abnormal fire activity. Urban area."}},{"type":"Feature","geometry":{"type":"Point","coordinates":[34.21179,51.78444]},"properties":{"source":"economist_fires","source_name":"The Economist war-fire model","source_url":"https://github.com/TheEconomist/the-economist-war-fire-model","id":80,"date":"2026-09-17","link":"https://www.economist.com/interactive/graphic-detail/ukraine-fires","category":"Fire classified as war-related (model estimate)","side":"Not attributed","color":"#FF8C00","radius":3,"orbat":[],"description":"Satellite heat detection at 10:47 UTC, in an area of abnormal fire activity. Urban area."}},{"type":"Feature","geometry":{"type":"Point","coordinates":[34.19648,51.78668]},"properties":{"source":"economist_fires","source_name":"The Economist war-fire model","source_url":"https://github.com/TheEconomist/the-economist-war-fire-model","id":81,"date":"2026-09-17","link":"https://www.economist.com/interactive/graphic-detail/ukraine-fires","category":"Fire classified as war-related (model estimate)","side":"Not attributed","color":"#FF8C00","radius":3,"orbat":[],"description":"Satellite heat detection at 10:47 UTC, in an area of abnormal fire activity. Urban area."}},{"type":"Feature","geometry":{"type":"Point","coordinates":[34.20624,51.7763]},"properties":{"source":"economist_fires","source_name":"The Economist war-fire model","source_url":"https://github.com/TheEconomist/the-economist-war-fire-model","id":82,"date":"2026-09-17","link":"https://www.economist.com/interactive/graphic-detail/ukraine-fires","category":"Fire classified as war-related (model estimate)","side":"Not attributed","color":"#FF8C00","radius":3,"orbat":[],"description":"Satellite heat detection at 11:45 UTC, in an area of abnormal fire activity. Urban area."}},{"type":"Feature","geometry":{"type":"Point","coordinates":[34.19786,51.77634]},"properties":{"source":"economist_fires","source_name":"The Economist war-fire model","source_url":"https://github.com/TheEconomist/the-economist-war-fire-model","id":83,"date":"2026-09-17","link":"https://www.economist.com/interactive/graphic-detail/ukraine-fires","category":"Fire classified as war-related (model estimate)","side":"Not attributed","color":"#FF8C00","radius":3,"orbat":[],"description":"Satellite heat detection at 11:45 UTC, in an area of abnormal fire activity. Urban area."}},{"type":"Feature","geometry":{"type":"Point","coordinates":[34.19823,51.78273]},"properties":{"source":"economist_fires","source_name":"The Economist war-fire model","source_url":"https://github.com/TheEconomist/the-economist-war-fire-model","id":84,"date":"2026-09-17","link":"https://www.economist.com/interactive/graphic-detail/ukraine-fires","category":"Fire classified as war-related (model estimate)","side":"Not attributed","color":"#FF8C00","radius":3,"orbat":[],"description":"Satellite heat detection at 11:45 UTC, in an area of abnormal fire activity. Urban area."}},{"type":"Feature","geometry":{"type":"Point","coordinates":[34.1994,51.77306]},"properties":{"source":"economist_fires","source_name":"The Economist war-fire model","source_url":"https://github.com/TheEconomist/the-economist-war-fire-model","id":85,"date":"2026-09-17","link":"https://www.economist.com/interactive/graphic-detail/ukraine-fires","category":"Fire classified as war-related (model estimate)","side":"Not attributed","color":"#FF8C00","radius":3,"orbat":[],"description":"Satellite heat detection at 12:06 UTC, in an area of abnormal fire activity. Urban area."}},{"type":"Feature","geometry":{"type":"Point","coordinates":[34.25882,47.21715]},"properties":{"source":"economist_fires","source_name":"The Economist war-fire model","source_url":"https://github.com/TheEconomist/the-economist-war-fire-model","id":86,"date":"2026-09-17","link":"https://www.economist.com/interactive/graphic-detail/ukraine-fires","category":"Fire classified as war-related (model estimate)","side":"Not attributed","color":"#FF8C00","radius":3,"orbat":[],"description":"Satellite heat detection at 06:35 UTC, in an area days after abnormal fire activity. Urban area."}},{"type":"Feature","geometry":{"type":"Point","coordinates":[34.27722,47.21238]},"properties":{"source":"economist_fires","source_name":"The Economist war-fire model","source_url":"https://github.com/TheEconomist/the-economist-war-fire-model","id":87,"date":"2026-09-17","link":"https://www.economist.com/interactive/graphic-detail/ukraine-fires","category":"Fire classified as war-related (model estimate)","side":"Not attributed","color":"#FF8C00","radius":3,"orbat":[],"description":"Satellite heat detection at 09:05 UTC, in an area days after abnormal fire activity. Urban area."}},{"type":"Feature","geometry":{"type":"Point","coordinates":[34.27659,47.21327]},"properties":{"source":"economist_fires","source_name":"The Economist war-fire model","source_url":"https://github.com/TheEconomist/the-economist-war-fire-model","id":88,"date":"2026-09-17","link":"https://www.economist.com/interactive/graphic-detail/ukraine-fires","category":"Fire classified as war-related (model estimate)","side":"Not attributed","color":"#FF8C00","radius":3,"orbat":[],"description":"Satellite heat detection at 09:05 UTC, in an area days after abnormal fire activity. Urban area."}},{"type":"Feature","geometry":{"type":"Point","coordinates":[34.58044,46.93552]},"properties":{"source":"economist_fires","source_name":"The Economist war-fire model","source_url":"https://github.com/TheEconomist/the-economist-war-fire-model","id":89,"date":"2026-09-17","link":"https://www.economist.com/interactive/graphic-detail/ukraine-fires","category":"Fire classified as war-related (model estimate)","side":"Not attributed","color":"#FF8C00","radius":3,"orbat":[],"description":"Satellite heat detection at 09:41 UTC, in an area days after abnormal fire activity. Urban area."}},{"type":"Feature","geometry":{"type":"Point","coordinates":[34.57823,46.93509]},"properties":{"source":"economist_fires","source_name":"The Economist war-fire model","source_url":"https://github.com/TheEconomist/the-economist-war-fire-model","id":90,"date":"2026-09-17","link":"https://www.economist.com/interactive/graphic-detail/ukraine-fires","category":"Fire classified as war-related (model estimate)","side":"Not attributed","color":"#FF8C00","radius":3,"orbat":[],"description":"Satellite heat detection at 10:02 UTC, in an area days after abnormal fire activity. Urban area."}},{"type":"Feature","geometry":{"type":"Point","coordinates":[34.60607,47.14754]},"properties":{"source":"economist_fires","source_name":"The Economist war-fire model","source_url":"https://github.com/TheEconomist/the-economist-war-fire-model","id":91,"date":"2026-09-17","link":"https://www.economist.com/interactive/graphic-detail/ukraine-fires","category":"Fire classified as war-related (model estimate)","side":"Not attributed","color":"#FF8C00","radius":3,"orbat":[],"description":"Satellite heat detection at 10:02 UTC, in an area days after abnormal fire activity. Urban area."}},{"type":"Feature","geometry":{"type":"Point","coordinates":[34.60953,47.47806]},"properties":{"source":"economist_fires","source_name":"The Economist war-fire model","source_url":"https://github.com/TheEconomist/the-economist-war-fire-model","id":92,"date":"2026-09-17","link":"https://www.economist.com/interactive/graphic-detail/ukraine-fires","category":"Fire classified as war-related (model estimate)","side":"Not attributed","color":"#FF8C00","radius":3,"orbat":[],"description":"Satellite heat detection at 11:42 UTC, in an area days after abnormal fire activity. Urban area."}},{"type":"Feature","geometry":{"type":"Point","coordinates":[34.61088,47.47914]},"properties":{"source":"economist_fires","source_name":"The Economist war-fire model","source_url":"https://github.com/TheEconomist/the-economist-war-fire-model","id":93,"date":"2026-09-17","link":"https://www.economist.com/interactive/graphic-detail/ukraine-fires","category":"Fire classified as war-related (model estimate)","side":"Not attributed","color":"#FF8C00","radius":3,"orbat":[],"description":"Satellite heat detection at 11:42 UTC, in an area days after abnormal fire activity. Urban area."}},{"type":"Feature","geometry":{"type":"Point","coordinates":[34.70683,46.91243]},"properties":{"source":"economist_fires","source_name":"The Economist war-fire model","source_url":"https://github.com/TheEconomist/the-economist-war-fire-model","id":94,"date":"2026-09-17","link":"https://www.economist.com/interactive/graphic-detail/ukraine-fires","category":"Fire classified as war-related (model estimate)","side":"Not attributed","color":"#FF8C00","radius":3,"orbat":[],"description":"Satellite heat detection at 09:41 UTC, in an area of abnormal fire activity. Urban area."}},{"type":"Feature","geometry":{"type":"Point","coordinates":[34.71172,46.91389]},"properties":{"source":"economist_fires","source_name":"The Economist war-fire model","source_url":"https://github.com/TheEconomist/the-economist-war-fire-model","id":95,"date":"2026-09-17","link":"https://www.economist.com/interactive/graphic-detail/ukraine-fires","category":"Fire classified as war-related (model estimate)","side":"Not attributed","color":"#FF8C00","radius":3,"orbat":[],"description":"Satellite heat detection at 09:41 UTC, in an area of abnormal fire activity. Urban area."}},{"type":"Feature","geometry":{"type":"Point","coordinates":[34.70359,46.91755]},"properties":{"source":"economist_fires","source_name":"The Economist war-fire model","source_url":"https://github.com/TheEconomist/the-economist-war-fire-model","id":96,"date":"2026-09-17","link":"https://www.economist.com/interactive/graphic-detail/ukraine-fires","category":"Fire classified as war-related (model estimate)","side":"Not attributed","color":"#FF8C00","radius":3,"orbat":[],"description":"Satellite heat detection at 09:41 UTC, in an area of abnormal fire activity. Urban area."}},{"type":"Feature","geometry":{"type":"Point","coordinates":[34.703,46.91762]},"properties":{"source":"economist_fires","source_name":"The Economist war-fire model","source_url":"https://github.com/TheEconomist/the-economist-war-fire-model","id":97,"date":"2026-09-17","link":"https://www.economist.com/interactive/graphic-detail/ukraine-fires","category":"Fire classified as war-related (model estimate)","side":"Not attributed","color":"#FF8C00","radius":3,"orbat":[],"description":"Satellite heat detection at 09:41 UTC, in an area of abnormal fire activity. Urban area."}},{"type":"Feature","geometry":{"type":"Point","coordinates":[34.70848,46.91901]},"properties":{"source":"economist_fires","source_name":"The Economist war-fire model","source_url":"https://github.com/TheEconomist/the-economist-war-fire-model","id":98,"date":"2026-09-17","link":"https://www.economist.com/interactive/graphic-detail/ukraine-fires","category":"Fire classified as war-related (model estimate)","side":"Not attributed","color":"#FF8C00","radius":3,"orbat":[],"description":"Satellite heat detection at 09:41 UTC, in an area of abnormal fire activity. Urban area."}},{"type":"Feature","geometry":{"type":"Point","coordinates":[34.70787,46.9191]},"properties":{"source":"economist_fires","source_name":"The Economist war-fire model","source_url":"https://github.com/TheEconomist/the-economist-war-fire-model","id":99,"date":"2026-09-17","link":"https://www.economist.com/interactive/graphic-detail/ukraine-fires","category":"Fire classified as war-related (model estimate)","side":"Not attributed","color":"#FF8C00","radius":3,"orbat":[],"description":"Satellite heat detection at 09:41 UTC, in an area of abnormal fire activity. Urban area."}},{"type":"Feature","geometry":{"type":"Point","coordinates":[34.71338,46.92047]},"properties":{"source":"economist_fires","source_name":"The Economist war-fire model","source_url":"https://github.com/TheEconomist/the-economist-war-fire-model","id":100,"date":"2026-09-17","link":"https://www.economist.com/interactive/graphic-detail/ukraine-fires","category":"Fire classified as war-related (model estimate)","side":"Not attributed","color":"#FF8C00","radius":3,"orbat":[],"description":"Satellite heat detection at 09:41 UTC, in an area of abnormal fire activity. Urban area."}},{"type":"Feature","geometry":{"type":"Point","coordinates":[34.71274,46.92057]},"properties":{"source":"economist_fires","source_name":"The Economist war-fire model","source_url":"https://github.com/TheEconomist/the-economist-war-fire-model","id":101,"date":"2026-09-17","link":"https://www.economist.com/interactive/graphic-detail/ukraine-fires","category":"Fire classified as war-related (model estimate)","side":"Not attributed","color":"#FF8C00","radius":3,"orbat":[],"description":"Satellite heat detection at 09:41 UTC, in an area of abnormal fire activity. Urban area."}},{"type":"Feature","geometry":{"type":"Point","coordinates":[34.70524,46.92413]},"properties":{"source":"economist_fires","source_name":"The Economist war-fire model","source_url":"https://github.com/TheEconomist/the-economist-war-fire-model","id":102,"date":"2026-09-17","link":"https://www.economist.com/interactive/graphic-detail/ukraine-fires","category":"Fire classified as war-related (model estimate)","side":"Not attributed","color":"#FF8C00","radius":3,"orbat":[],"description":"Satellite heat detection at 09:41 UTC, in an area of abnormal fire activity. Urban area."}},{"type":"Feature","geometry":{"type":"Point","coordinates":[34.70465,46.92422]},"properties":{"source":"economist_fires","source_name":"The Economist war-fire model","source_url":"https://github.com/TheEconomist/the-economist-war-fire-model","id":103,"date":"2026-09-17","link":"https://www.economist.com/interactive/graphic-detail/ukraine-fires","category":"Fire classified as war-related (model estimate)","side":"Not attributed","color":"#FF8C00","radius":3,"orbat":[],"description":"Satellite heat detection at 09:41 UTC, in an area of abnormal fire activity. Urban area."}},{"type":"Feature","geometry":{"type":"Point","coordinates":[34.71013,46.92559]},"properties":{"source":"economist_fires","source_name":"The Economist war-fire model","source_url":"https://github.com/TheEconomist/the-economist-war-fire-model","id":104,"date":"2026-09-17","link":"https://www.economist.com/interactive/graphic-detail/ukraine-fires","category":"Fire classified as war-related (model estimate)","side":"Not attributed","color":"#FF8C00","radius":3,"orbat":[],"description":"Satellite heat detection at 09:41 UTC, in an area of abnormal fire activity. Urban area."}},{"type":"Feature","geometry":{"type":"Point","coordinates":[34.70952,46.9257]},"properties":{"source":"economist_fires","source_name":"The Economist war-fire model","source_url":"https://github.com/TheEconomist/the-economist-war-fire-model","id":105,"date":"2026-09-17","link":"https://www.economist.com/interactive/graphic-detail/ukraine-fires","category":"Fire classified as war-related (model estimate)","side":"Not attributed","color":"#FF8C00","radius":3,"orbat":[],"description":"Satellite heat detection at 09:41 UTC, in an area of abnormal fire activity. Urban area."}},{"type":"Feature","geometry":{"type":"Point","coordinates":[34.70609,46.90963]},"properties":{"source":"economist_fires","source_name":"The Economist war-fire model","source_url":"https://github.com/TheEconomist/the-economist-war-fire-model","id":106,"date":"2026-09-17","link":"https://www.economist.com/interactive/graphic-detail/ukraine-fires","category":"Fire classified as war-related (model estimate)","side":"Not attributed","color":"#FF8C00","radius":3,"orbat":[],"description":"Satellite heat detection at 10:02 UTC, in an area of abnormal fire activity. Urban area."}},{"type":"Feature","geometry":{"type":"Point","coordinates":[34.71132,46.91084]},"properties":{"source":"economist_fires","source_name":"The Economist war-fire model","source_url":"https://github.com/TheEconomist/the-economist-war-fire-model","id":107,"date":"2026-09-17","link":"https://www.economist.com/interactive/graphic-detail/ukraine-fires","category":"Fire classified as war-related (model estimate)","side":"Not attributed","color":"#FF8C00","radius":3,"orbat":[],"description":"Satellite heat detection at 10:02 UTC, in an area of abnormal fire activity. Urban area."}},{"type":"Feature","geometry":{"type":"Point","coordinates":[34.70414,46.91359]},"properties":{"source":"economist_fires","source_name":"The Economist war-fire model","source_url":"https://github.com/TheEconomist/the-economist-war-fire-model","id":108,"date":"2026-09-17","link":"https://www.economist.com/interactive/graphic-detail/ukraine-fires","category":"Fire classified as war-related (model estimate)","side":"Not attributed","color":"#FF8C00","radius":3,"orbat":[],"description":"Satellite heat detection at 10:02 UTC, in an area of abnormal fire activity. Urban area."}},{"type":"Feature","geometry":{"type":"Point","coordinates":[34.70937,46.9148]},"properties":{"source":"economist_fires","source_name":"The Economist war-fire model","source_url":"https://github.com/TheEconomist/the-economist-war-fire-model","id":109,"date":"2026-09-17","link":"https://www.economist.com/interactive/graphic-detail/ukraine-fires","category":"Fire classified as war-related (model estimate)","side":"Not attributed","color":"#FF8C00","radius":3,"orbat":[],"description":"Satellite heat detection at 10:02 UTC, in an area of abnormal fire activity. Urban area."}},{"type":"Feature","geometry":{"type":"Point","coordinates":[34.70742,46.91876]},"properties":{"source":"economist_fires","source_name":"The Economist war-fire model","source_url":"https://github.com/TheEconomist/the-economist-war-fire-model","id":110,"date":"2026-09-17","link":"https://www.economist.com/interactive/graphic-detail/ukraine-fires","category":"Fire classified as war-related (model estimate)","side":"Not attributed","color":"#FF8C00","radius":3,"orbat":[],"description":"Satellite heat detection at 10:02 UTC, in an area of abnormal fire activity. Urban area."}},{"type":"Feature","geometry":{"type":"Point","coordinates":[34.71266,46.91997]},"properties":{"source":"economist_fires","source_name":"The Economist war-fire model","source_url":"https://github.com/TheEconomist/the-economist-war-fire-model","id":111,"date":"2026-09-17","link":"https://www.economist.com/interactive/graphic-detail/ukraine-fires","category":"Fire classified as war-related (model estimate)","side":"Not attributed","color":"#FF8C00","radius":3,"orbat":[],"description":"Satellite heat detection at 10:02 UTC, in an area of abnormal fire activity. Urban area."}},{"type":"Feature","geometry":{"type":"Point","coordinates":[34.70547,46.92272]},"properties":{"source":"economist_fires","source_name":"The Economist war-fire model","source_url":"https://github.com/TheEconomist/the-economist-war-fire-model","id":112,"date":"2026-09-17","link":"https://www.economist.com/interactive/graphic-detail/ukraine-fires","category":"Fire classified as war-related (model estimate)","side":"Not attributed","color":"#FF8C00","radius":3,"orbat":[],"description":"Satellite heat detection at 10:02 UTC, in an area of abnormal fire activity. Urban area."}},{"type":"Feature","geometry":{"type":"Point","coordinates":[34.70696,46.91339]},"properties":{"source":"economist_fires","source_name":"The Economist war-fire model","source_url":"https://github.com/TheEconomist/the-economist-war-fire-model","id":113,"date":"2026-09-17","link":"https://www.economist.com/interactive/graphic-detail/ukraine-fires","category":"Fire classified as war-related (model estimate)","side":"Not attributed","color":"#FF8C00","radius":3,"orbat":[],"description":"Satellite heat detection at 10:45 UTC, in an area of abnormal fire activity. Urban area."}},{"type":"Feature","geometry":{"type":"Point","coordinates":[34.82827,47.40836]},"properties":{"source":"economist_fires","source_name":"The Economist war-fire model","source_url":"https://github.com/TheEconomist/the-economist-war-fire-model","id":114,"date":"2026-09-17","link":"https://www.economist.com/interactive/graphic-detail/ukraine-fires","category":"Fire classified as war-related (model estimate)","side":"Not attributed","color":"#FF8C00","radius":3,"orbat":[],"description":"Satellite heat detection at 17:41 UTC, in an area of abnormal fire activity. Urban area."}},{"type":"Feature","geometry":{"type":"Point","coordinates":[34.84513,49.49245]},"properties":{"source":"economist_fires","source_name":"The Economist war-fire model","source_url":"https://github.com/TheEconomist/the-economist-war-fire-model","id":115,"date":"2026-09-17","link":"https://www.economist.com/interactive/graphic-detail/ukraine-fires","category":"Fire classified as war-related (model estimate)","side":"Not attributed","color":"#FF8C00","radius":3,"orbat":[],"description":"Satellite heat detection at 00:16 UTC, in an area days after abnormal fire activity. Urban area."}},{"type":"Feature","geometry":{"type":"Point","coordinates":[34.84675,49.49005]},"properties":{"source":"economist_fires","source_name":"The Economist war-fire model","source_url":"https://github.com/TheEconomist/the-economist-war-fire-model","id":116,"date":"2026-09-17","link":"https://www.economist.com/interactive/graphic-detail/ukraine-fires","category":"Fire classified as war-related (model estimate)","side":"Not attributed","color":"#FF8C00","radius":3,"orbat":[],"description":"Satellite heat detection at 01:00 UTC, in an area days after abnormal fire activity. Urban area."}},{"type":"Feature","geometry":{"type":"Point","coordinates":[34.84026,49.49227]},"properties":{"source":"economist_fires","source_name":"The Economist war-fire model","source_url":"https://github.com/TheEconomist/the-economist-war-fire-model","id":117,"date":"2026-09-17","link":"https://www.economist.com/interactive/graphic-detail/ukraine-fires","category":"Fire classified as war-related (model estimate)","side":"Not attributed","color":"#FF8C00","radius":3,"orbat":[],"description":"Satellite heat detection at 01:00 UTC, in an area days after abnormal fire activity. Urban area."}},{"type":"Feature","geometry":{"type":"Point","coordinates":[34.94948,46.44273]},"properties":{"source":"economist_fires","source_name":"The Economist war-fire model","source_url":"https://github.com/TheEconomist/the-economist-war-fire-model","id":118,"date":"2026-09-17","link":"https://www.economist.com/interactive/graphic-detail/ukraine-fires","category":"Fire classified as war-related (model estimate)","side":"Not attributed","color":"#FF8C00","radius":3,"orbat":[],"description":"Satellite heat detection at 10:45 UTC, in an area days after abnormal fire activity. Urban area."}},{"type":"Feature","geometry":{"type":"Point","coordinates":[34.97783,47.1145]},"properties":{"source":"economist_fires","source_name":"The Economist war-fire model","source_url":"https://github.com/TheEconomist/the-economist-war-fire-model","id":119,"date":"2026-09-17","link":"https://www.economist.com/interactive/graphic-detail/ukraine-fires","category":"Fire classified as war-related (model estimate)","side":"Not attributed","color":"#FF8C00","radius":3,"orbat":[],"description":"Satellite heat detection at 09:41 UTC, in an area days after abnormal fire activity. Urban area."}},{"type":"Feature","geometry":{"type":"Point","coordinates":[34.98254,47.11588]},"properties":{"source":"economist_fires","source_name":"The Economist war-fire model","source_url":"https://github.com/TheEconomist/the-economist-war-fire-model","id":120,"date":"2026-09-17","link":"https://www.economist.com/interactive/graphic-detail/ukraine-fires","category":"Fire classified as war-related (model estimate)","side":"Not attributed","color":"#FF8C00","radius":3,"orbat":[],"description":"Satellite heat detection at 09:41 UTC, in an area days after abnormal fire activity. Urban area."}},{"type":"Feature","geometry":{"type":"Point","coordinates":[34.9783,47.11631]},"properties":{"source":"economist_fires","source_name":"The Economist war-fire model","source_url":"https://github.com/TheEconomist/the-economist-war-fire-model","id":121,"date":"2026-09-17","link":"https://www.economist.com/interactive/graphic-detail/ukraine-fires","category":"Fire classified as war-related (model estimate)","side":"Not attributed","color":"#FF8C00","radius":3,"orbat":[],"description":"Satellite heat detection at 09:41 UTC, in an area days after abnormal fire activity. Urban area."}},{"type":"Feature","geometry":{"type":"Point","coordinates":[34.98726,47.11727]},"properties":{"source":"economist_fires","source_name":"The Economist war-fire model","source_url":"https://github.com/TheEconomist/the-economist-war-fire-model","id":122,"date":"2026-09-17","link":"https://www.economist.com/interactive/graphic-detail/ukraine-fires","category":"Fire classified as war-related (model estimate)","side":"Not attributed","color":"#FF8C00","radius":3,"orbat":[],"description":"Satellite heat detection at 09:41 UTC, in an area days after abnormal fire activity. Urban area."}},{"type":"Feature","geometry":{"type":"Point","coordinates":[35.02094,47.34162]},"properties":{"source":"economist_fires","source_name":"The Economist war-fire model","source_url":"https://github.com/TheEconomist/the-economist-war-fire-model","id":123,"date":"2026-09-17","link":"https://www.economist.com/interactive/graphic-detail/ukraine-fires","category":"Fire classified as war-related (model estimate)","side":"Not attributed","color":"#FF8C00","radius":3,"orbat":[],"description":"Satellite heat detection at 10:02 UTC, in an area days after abnormal fire activity. Urban area."}},{"type":"Feature","geometry":{"type":"Point","coordinates":[35.2089,46.74551]},"properties":{"source":"economist_fires","source_name":"The Economist war-fire model","source_url":"https://github.com/TheEconomist/the-economist-war-fire-model","id":124,"date":"2026-09-17","link":"https://www.economist.com/interactive/graphic-detail/ukraine-fires","category":"Fire classified as war-related (model estimate)","side":"Not attributed","color":"#FF8C00","radius":3,"orbat":[],"description":"Satellite heat detection at 00:16 UTC, in an area days after abnormal fire activity. Urban area."}},{"type":"Feature","geometry":{"type":"Point","coordinates":[35.21072,46.74934]},"properties":{"source":"economist_fires","source_name":"The Economist war-fire model","source_url":"https://github.com/TheEconomist/the-economist-war-fire-model","id":125,"date":"2026-09-17","link":"https://www.economist.com/interactive/graphic-detail/ukraine-fires","category":"Fire classified as war-related (model estimate)","side":"Not attributed","color":"#FF8C00","radius":3,"orbat":[],"description":"Satellite heat detection at 00:16 UTC, in an area days after abnormal fire activity. Urban area."}},{"type":"Feature","geometry":{"type":"Point","coordinates":[35.20912,46.74614]},"properties":{"source":"economist_fires","source_name":"The Economist war-fire model","source_url":"https://github.com/TheEconomist/the-economist-war-fire-model","id":126,"date":"2026-09-17","link":"https://www.economist.com/interactive/graphic-detail/ukraine-fires","category":"Fire classified as war-related (model estimate)","side":"Not attributed","color":"#FF8C00","radius":3,"orbat":[],"description":"Satellite heat detection at 06:35 UTC, in an area days after abnormal fire activity. Urban area."}},{"type":"Feature","geometry":{"type":"Point","coordinates":[35.21545,46.74752]},"properties":{"source":"economist_fires","source_name":"The Economist war-fire model","source_url":"https://github.com/TheEconomist/the-economist-war-fire-model","id":127,"date":"2026-09-17","link":"https://www.economist.com/interactive/graphic-detail/ukraine-fires","category":"Fire classified as war-related (model estimate)","side":"Not attributed","color":"#FF8C00","radius":3,"orbat":[],"description":"Satellite heat detection at 06:35 UTC, in an area days after abnormal fire activity. Urban area."}},{"type":"Feature","geometry":{"type":"Point","coordinates":[35.21244,46.74396]},"properties":{"source":"economist_fires","source_name":"The Economist war-fire model","source_url":"https://github.com/TheEconomist/the-economist-war-fire-model","id":128,"date":"2026-09-17","link":"https://www.economist.com/interactive/graphic-detail/ukraine-fires","category":"Fire classified as war-related (model estimate)","side":"Not attributed","color":"#FF8C00","radius":3,"orbat":[],"description":"Satellite heat detection at 10:02 UTC, in an area days after abnormal fire activity. Urban area."}},{"type":"Feature","geometry":{"type":"Point","coordinates":[35.24967,47.6567]},"properties":{"source":"economist_fires","source_name":"The Economist war-fire model","source_url":"https://github.com/TheEconomist/the-economist-war-fire-model","id":129,"date":"2026-09-17","link":"https://www.economist.com/interactive/graphic-detail/ukraine-fires","category":"Fire classified as war-related (model estimate)","side":"Not attributed","color":"#FF8C00","radius":3,"orbat":[],"description":"Satellite heat detection at 23:01 UTC, in an area days after abnormal fire activity. Urban area."}},{"type":"Feature","geometry":{"type":"Point","coordinates":[35.18406,51.00954]},"properties":{"source":"economist_fires","source_name":"The Economist war-fire model","source_url":"https://github.com/TheEconomist/the-economist-war-fire-model","id":130,"date":"2026-09-17","link":"https://www.economist.com/interactive/graphic-detail/ukraine-fires","category":"Fire classified as war-related (model estimate)","side":"Not attributed","color":"#FF8C00","radius":3,"orbat":[],"description":"Satellite heat detection at 23:56 UTC, in an area days after abnormal fire activity. Urban area."}},{"type":"Feature","geometry":{"type":"Point","coordinates":[35.32088,47.1888]},"properties":{"source":"economist_fires","source_name":"The Economist war-fire model","source_url":"https://github.com/TheEconomist/the-economist-war-fire-model","id":131,"date":"2026-09-17","link":"https://www.economist.com/interactive/graphic-detail/ukraine-fires","category":"Fire classified as war-related (model estimate)","side":"Not attributed","color":"#FF8C00","radius":3,"orbat":[],"description":"Satellite heat detection at 23:58 UTC, in an area days after abnormal fire activity. Urban area."}},{"type":"Feature","geometry":{"type":"Point","coordinates":[35.37251,46.9265]},"properties":{"source":"economist_fires","source_name":"The Economist war-fire model","source_url":"https://github.com/TheEconomist/the-economist-war-fire-model","id":132,"date":"2026-09-17","link":"https://www.economist.com/interactive/graphic-detail/ukraine-fires","category":"Fire classified as war-related (model estimate)","side":"Not attributed","color":"#FF8C00","radius":3,"orbat":[],"description":"Satellite heat detection at 23:37 UTC, in an area days after abnormal fire activity. Urban area."}},{"type":"Feature","geometry":{"type":"Point","coordinates":[35.37199,46.92782]},"properties":{"source":"economist_fires","source_name":"The Economist war-fire model","source_url":"https://github.com/TheEconomist/the-economist-war-fire-model","id":133,"date":"2026-09-17","link":"https://www.economist.com/interactive/graphic-detail/ukraine-fires","category":"Fire classified as war-related (model estimate)","side":"Not attributed","color":"#FF8C00","radius":3,"orbat":[],"description":"Satellite heat detection at 23:37 UTC, in an area days after abnormal fire activity. Urban area."}},{"type":"Feature","geometry":{"type":"Point","coordinates":[35.36764,46.9269]},"properties":{"source":"economist_fires","source_name":"The Economist war-fire model","source_url":"https://github.com/TheEconomist/the-economist-war-fire-model","id":134,"date":"2026-09-17","link":"https://www.economist.com/interactive/graphic-detail/ukraine-fires","category":"Fire classified as war-related (model estimate)","side":"Not attributed","color":"#FF8C00","radius":3,"orbat":[],"description":"Satellite heat detection at 23:58 UTC, in an area days after abnormal fire activity. Urban area."}},{"type":"Feature","geometry":{"type":"Point","coordinates":[35.48744,47.70993]},"properties":{"source":"economist_fires","source_name":"The Economist war-fire model","source_url":"https://github.com/TheEconomist/the-economist-war-fire-model","id":135,"date":"2026-09-17","link":"https://www.economist.com/interactive/graphic-detail/ukraine-fires","category":"Fire classified as war-related (model estimate)","side":"Not attributed","color":"#FF8C00","radius":3,"orbat":[],"description":"Satellite heat detection at 23:01 UTC, in an area days after abnormal fire activity. Urban area."}},{"type":"Feature","geometry":{"type":"Point","coordinates":[35.48925,47.71017]},"properties":{"source":"economist_fires","source_name":"The Economist war-fire model","source_url":"https://github.com/TheEconomist/the-economist-war-fire-model","id":136,"date":"2026-09-17","link":"https://www.economist.com/interactive/graphic-detail/ukraine-fires","category":"Fire classified as war-related (model estimate)","side":"Not attributed","color":"#FF8C00","radius":3,"orbat":[],"description":"Satellite heat detection at 23:37 UTC, in an area days after abnormal fire activity. Urban area."}},{"type":"Feature","geometry":{"type":"Point","coordinates":[35.48727,47.70867]},"properties":{"source":"economist_fires","source_name":"The Economist war-fire model","source_url":"https://github.com/TheEconomist/the-economist-war-fire-model","id":137,"date":"2026-09-17","link":"https://www.economist.com/interactive/graphic-detail/ukraine-fires","category":"Fire classified as war-related (model estimate)","side":"Not attributed","color":"#FF8C00","radius":3,"orbat":[],"description":"Satellite heat detection at 23:56 UTC, in an area days after abnormal fire activity. Urban area."}},{"type":"Feature","geometry":{"type":"Point","coordinates":[35.639,47.86492]},"properties":{"source":"economist_fires","source_name":"The Economist war-fire model","source_url":"https://github.com/TheEconomist/the-economist-war-fire-model","id":138,"date":"2026-09-17","link":"https://www.economist.com/interactive/graphic-detail/ukraine-fires","category":"Fire classified as war-related (model estimate)","side":"Not attributed","color":"#FF8C00","radius":3,"orbat":[],"description":"Satellite heat detection at 09:41 UTC, in an area days after abnormal fire activity. Urban area."}},{"type":"Feature","geometry":{"type":"Point","coordinates":[35.70228,47.73839]},"properties":{"source":"economist_fires","source_name":"The Economist war-fire model","source_url":"https://github.com/TheEconomist/the-economist-war-fire-model","id":139,"date":"2026-09-17","link":"https://www.economist.com/interactive/graphic-detail/ukraine-fires","category":"Fire classified as war-related (model estimate)","side":"Not attributed","color":"#FF8C00","radius":3,"orbat":[],"description":"Satellite heat detection at 10:02 UTC, in an area days after abnormal fire activity. Urban area."}},{"type":"Feature","geometry":{"type":"Point","coordinates":[35.70093,47.73912]},"properties":{"source":"economist_fires","source_name":"The Economist war-fire model","source_url":"https://github.com/TheEconomist/the-economist-war-fire-model","id":140,"date":"2026-09-17","link":"https://www.economist.com/interactive/graphic-detail/ukraine-fires","category":"Fire classified as war-related (model estimate)","side":"Not attributed","color":"#FF8C00","radius":3,"orbat":[],"description":"Satellite heat detection at 10:02 UTC, in an area days after abnormal fire activity. Urban area."}},{"type":"Feature","geometry":{"type":"Point","coordinates":[35.92071,47.53765]},"properties":{"source":"economist_fires","source_name":"The Economist war-fire model","source_url":"https://github.com/TheEconomist/the-economist-war-fire-model","id":141,"date":"2026-09-17","link":"https://www.economist.com/interactive/graphic-detail/ukraine-fires","category":"Fire classified as war-related (model estimate)","side":"Not attributed","color":"#FF8C00","radius":3,"orbat":[],"description":"Satellite heat detection at 09:41 UTC, in an area days after abnormal fire activity. Urban area."}},{"type":"Feature","geometry":{"type":"Point","coordinates":[35.92179,47.53655]},"properties":{"source":"economist_fires","source_name":"The Economist war-fire model","source_url":"https://github.com/TheEconomist/the-economist-war-fire-model","id":142,"date":"2026-09-17","link":"https://www.economist.com/interactive/graphic-detail/ukraine-fires","category":"Fire classified as war-related (model estimate)","side":"Not attributed","color":"#FF8C00","radius":3,"orbat":[],"description":"Satellite heat detection at 10:02 UTC, in an area days after abnormal fire activity. Urban area."}},{"type":"Feature","geometry":{"type":"Point","coordinates":[36.13908,48.18784]},"properties":{"source":"economist_fires","source_name":"The Economist war-fire model","source_url":"https://github.com/TheEconomist/the-economist-war-fire-model","id":143,"date":"2026-09-17","link":"https://www.economist.com/interactive/graphic-detail/ukraine-fires","category":"Fire classified as war-related (model estimate)","side":"Not attributed","color":"#FF8C00","radius":3,"orbat":[],"description":"Satellite heat detection at 09:05 UTC, in an area days after abnormal fire activity. Urban area."}},{"type":"Feature","geometry":{"type":"Point","coordinates":[36.1427,48.18595]},"properties":{"source":"economist_fires","source_name":"The Economist war-fire model","source_url":"https://github.com/TheEconomist/the-economist-war-fire-model","id":144,"date":"2026-09-17","link":"https://www.economist.com/interactive/graphic-detail/ukraine-fires","category":"Fire classified as war-related (model estimate)","side":"Not attributed","color":"#FF8C00","radius":3,"orbat":[],"description":"Satellite heat detection at 11:42 UTC, in an area days after abnormal fire activity. Urban area."}},{"type":"Feature","geometry":{"type":"Point","coordinates":[36.14328,48.18618]},"properties":{"source":"economist_fires","source_name":"The Economist war-fire model","source_url":"https://github.com/TheEconomist/the-economist-war-fire-model","id":145,"date":"2026-09-17","link":"https://www.economist.com/interactive/graphic-detail/ukraine-fires","category":"Fire classified as war-related (model estimate)","side":"Not attributed","color":"#FF8C00","radius":3,"orbat":[],"description":"Satellite heat detection at 11:45 UTC, in an area days after abnormal fire activity. Urban area."}},{"type":"Feature","geometry":{"type":"Point","coordinates":[36.97649,47.69095]},"properties":{"source":"economist_fires","source_name":"The Economist war-fire model","source_url":"https://github.com/TheEconomist/the-economist-war-fire-model","id":146,"date":"2026-09-17","link":"https://www.economist.com/interactive/graphic-detail/ukraine-fires","category":"Fire classified as war-related (model estimate)","side":"Not attributed","color":"#FF8C00","radius":3,"orbat":[],"description":"Satellite heat detection at 23:37 UTC, in an area days after abnormal fire activity. Urban area."}},{"type":"Feature","geometry":{"type":"Point","coordinates":[36.97588,47.69214]},"properties":{"source":"economist_fires","source_name":"The Economist war-fire model","source_url":"https://github.com/TheEconomist/the-economist-war-fire-model","id":147,"date":"2026-09-17","link":"https://www.economist.com/interactive/graphic-detail/ukraine-fires","category":"Fire classified as war-related (model estimate)","side":"Not attributed","color":"#FF8C00","radius":3,"orbat":[],"description":"Satellite heat detection at 23:37 UTC, in an area days after abnormal fire activity. Urban area."}},{"type":"Feature","geometry":{"type":"Point","coordinates":[36.97862,47.69146]},"properties":{"source":"economist_fires","source_name":"The Economist war-fire model","source_url":"https://github.com/TheEconomist/the-economist-war-fire-model","id":148,"date":"2026-09-17","link":"https://www.economist.com/interactive/graphic-detail/ukraine-fires","category":"Fire classified as war-related (model estimate)","side":"Not attributed","color":"#FF8C00","radius":3,"orbat":[],"description":"Satellite heat detection at 23:56 UTC, in an area days after abnormal fire activity. Urban area."}},{"type":"Feature","geometry":{"type":"Point","coordinates":[37.09958,48.48192]},"properties":{"source":"economist_fires","source_name":"The Economist war-fire model","source_url":"https://github.com/TheEconomist/the-economist-war-fire-model","id":149,"date":"2026-09-17","link":"https://www.economist.com/interactive/graphic-detail/ukraine-fires","category":"Fire classified as war-related (model estimate)","side":"Not attributed","color":"#FF8C00","radius":3,"orbat":[],"description":"Satellite heat detection at 10:02 UTC, in an area days after abnormal fire activity. Urban area."}},{"type":"Feature","geometry":{"type":"Point","coordinates":[37.0986,48.48228]},"properties":{"source":"economist_fires","source_name":"The Economist war-fire model","source_url":"https://github.com/TheEconomist/the-economist-war-fire-model","id":150,"date":"2026-09-17","link":"https://www.economist.com/interactive/graphic-detail/ukraine-fires","category":"Fire classified as war-related (model estimate)","side":"Not attributed","color":"#FF8C00","radius":3,"orbat":[],"description":"Satellite heat detection at 10:02 UTC, in an area days after abnormal fire activity. Urban area."}},{"type":"Feature","geometry":{"type":"Point","coordinates":[37.07466,48.48232]},"properties":{"source":"economist_fires","source_name":"The Economist war-fire model","source_url":"https://github.com/TheEconomist/the-economist-war-fire-model","id":151,"date":"2026-09-17","link":"https://www.economist.com/interactive/graphic-detail/ukraine-fires","category":"Fire classified as war-related (model estimate)","side":"Not attributed","color":"#FF8C00","radius":3,"orbat":[],"description":"Satellite heat detection at 11:23 UTC, in an area days after abnormal fire activity. Urban area."}},{"type":"Feature","geometry":{"type":"Point","coordinates":[37.05722,48.48414]},"properties":{"source":"economist_fires","source_name":"The Economist war-fire model","source_url":"https://github.com/TheEconomist/the-economist-war-fire-model","id":152,"date":"2026-09-17","link":"https://www.economist.com/interactive/graphic-detail/ukraine-fires","category":"Fire classified as war-related (model estimate)","side":"Not attributed","color":"#FF8C00","radius":3,"orbat":[],"description":"Satellite heat detection at 22:59 UTC, in an area days after abnormal fire activity. Urban area."}},{"type":"Feature","geometry":{"type":"Point","coordinates":[37.05673,48.48774]},"properties":{"source":"economist_fires","source_name":"The Economist war-fire model","source_url":"https://github.com/TheEconomist/the-economist-war-fire-model","id":153,"date":"2026-09-17","link":"https://www.economist.com/interactive/graphic-detail/ukraine-fires","category":"Fire classified as war-related (model estimate)","side":"Not attributed","color":"#FF8C00","radius":3,"orbat":[],"description":"Satellite heat detection at 23:37 UTC, in an area days after abnormal fire activity. Urban area."}},{"type":"Feature","geometry":{"type":"Point","coordinates":[37.05353,48.53423]},"properties":{"source":"economist_fires","source_name":"The Economist war-fire model","source_url":"https://github.com/TheEconomist/the-economist-war-fire-model","id":154,"date":"2026-09-17","link":"https://www.economist.com/interactive/graphic-detail/ukraine-fires","category":"Fire classified as war-related (model estimate)","side":"Not attributed","color":"#FF8C00","radius":3,"orbat":[],"description":"Satellite heat detection at 23:37 UTC, in an area days after abnormal fire activity. Urban area."}},{"type":"Feature","geometry":{"type":"Point","coordinates":[37.05879,48.48461]},"properties":{"source":"economist_fires","source_name":"The Economist war-fire model","source_url":"https://github.com/TheEconomist/the-economist-war-fire-model","id":155,"date":"2026-09-17","link":"https://www.economist.com/interactive/graphic-detail/ukraine-fires","category":"Fire classified as war-related (model estimate)","side":"Not attributed","color":"#FF8C00","radius":3,"orbat":[],"description":"Satellite heat detection at 23:56 UTC, in an area days after abnormal fire activity. Urban area."}},{"type":"Feature","geometry":{"type":"Point","coordinates":[37.06043,48.48583]},"properties":{"source":"economist_fires","source_name":"The Economist war-fire model","source_url":"https://github.com/TheEconomist/the-economist-war-fire-model","id":156,"date":"2026-09-17","link":"https://www.economist.com/interactive/graphic-detail/ukraine-fires","category":"Fire classified as war-related (model estimate)","side":"Not attributed","color":"#FF8C00","radius":3,"orbat":[],"description":"Satellite heat detection at 23:56 UTC, in an area days after abnormal fire activity. Urban area."}},{"type":"Feature","geometry":{"type":"Point","coordinates":[37.05114,48.53516]},"properties":{"source":"economist_fires","source_name":"The Economist war-fire model","source_url":"https://github.com/TheEconomist/the-economist-war-fire-model","id":157,"date":"2026-09-17","link":"https://www.economist.com/interactive/graphic-detail/ukraine-fires","category":"Fire classified as war-related (model estimate)","side":"Not attributed","color":"#FF8C00","radius":3,"orbat":[],"description":"Satellite heat detection at 23:56 UTC, in an area days after abnormal fire activity. Urban area."}},{"type":"Feature","geometry":{"type":"Point","coordinates":[37.16017,48.236]},"properties":{"source":"economist_fires","source_name":"The Economist war-fire model","source_url":"https://github.com/TheEconomist/the-economist-war-fire-model","id":158,"date":"2026-09-17","link":"https://www.economist.com/interactive/graphic-detail/ukraine-fires","category":"Fire classified as war-related (model estimate)","side":"Not attributed","color":"#FF8C00","radius":3,"orbat":[],"description":"Satellite heat detection at 10:02 UTC, in an area days after abnormal fire activity. Urban area."}},{"type":"Feature","geometry":{"type":"Point","coordinates":[37.37123,48.03352]},"properties":{"source":"economist_fires","source_name":"The Economist war-fire model","source_url":"https://github.com/TheEconomist/the-economist-war-fire-model","id":159,"date":"2026-09-17","link":"https://www.economist.com/interactive/graphic-detail/ukraine-fires","category":"Fire classified as war-related (model estimate)","side":"Not attributed","color":"#FF8C00","radius":3,"orbat":[],"description":"Satellite heat detection at 00:16 UTC, in an area days after abnormal fire activity. Urban area."}},{"type":"Feature","geometry":{"type":"Point","coordinates":[37.35172,48.00794]},"properties":{"source":"economist_fires","source_name":"The Economist war-fire model","source_url":"https://github.com/TheEconomist/the-economist-war-fire-model","id":160,"date":"2026-09-17","link":"https://www.economist.com/interactive/graphic-detail/ukraine-fires","category":"Fire classified as war-related (model estimate)","side":"Not attributed","color":"#FF8C00","radius":3,"orbat":[],"description":"Satellite heat detection at 22:59 UTC, in an area days after abnormal fire activity. Urban area."}},{"type":"Feature","geometry":{"type":"Point","coordinates":[37.35702,48.00702]},"properties":{"source":"economist_fires","source_name":"The Economist war-fire model","source_url":"https://github.com/TheEconomist/the-economist-war-fire-model","id":161,"date":"2026-09-17","link":"https://www.economist.com/interactive/graphic-detail/ukraine-fires","category":"Fire classified as war-related (model estimate)","side":"Not attributed","color":"#FF8C00","radius":3,"orbat":[],"description":"Satellite heat detection at 23:37 UTC, in an area days after abnormal fire activity. Urban area."}},{"type":"Feature","geometry":{"type":"Point","coordinates":[37.35162,48.00776]},"properties":{"source":"economist_fires","source_name":"The Economist war-fire model","source_url":"https://github.com/TheEconomist/the-economist-war-fire-model","id":162,"date":"2026-09-17","link":"https://www.economist.com/interactive/graphic-detail/ukraine-fires","category":"Fire classified as war-related (model estimate)","side":"Not attributed","color":"#FF8C00","radius":3,"orbat":[],"description":"Satellite heat detection at 23:37 UTC, in an area days after abnormal fire activity. Urban area."}},{"type":"Feature","geometry":{"type":"Point","coordinates":[37.35369,48.00835]},"properties":{"source":"economist_fires","source_name":"The Economist war-fire model","source_url":"https://github.com/TheEconomist/the-economist-war-fire-model","id":163,"date":"2026-09-17","link":"https://www.economist.com/interactive/graphic-detail/ukraine-fires","category":"Fire classified as war-related (model estimate)","side":"Not attributed","color":"#FF8C00","radius":3,"orbat":[],"description":"Satellite heat detection at 23:56 UTC, in an area days after abnormal fire activity. Urban area."}},{"type":"Feature","geometry":{"type":"Point","coordinates":[37.3724,48.02326]},"properties":{"source":"economist_fires","source_name":"The Economist war-fire model","source_url":"https://github.com/TheEconomist/the-economist-war-fire-model","id":164,"date":"2026-09-17","link":"https://www.economist.com/interactive/graphic-detail/ukraine-fires","category":"Fire classified as war-related (model estimate)","side":"Not attributed","color":"#FF8C00","radius":3,"orbat":[],"description":"Satellite heat detection at 23:56 UTC, in an area days after abnormal fire activity. Urban area."}},{"type":"Feature","geometry":{"type":"Point","coordinates":[37.41887,50.328]},"properties":{"source":"economist_fires","source_name":"The Economist war-fire model","source_url":"https://github.com/TheEconomist/the-economist-war-fire-model","id":165,"date":"2026-09-17","link":"https://www.economist.com/interactive/graphic-detail/ukraine-fires","category":"Fire classified as war-related (model estimate)","side":"Not attributed","color":"#FF8C00","radius":3,"orbat":[],"description":"Satellite heat detection at 10:47 UTC, in an area of abnormal fire activity. Urban area."}},{"type":"Feature","geometry":{"type":"Point","coordinates":[37.47915,48.61282]},"properties":{"source":"economist_fires","source_name":"The Economist war-fire model","source_url":"https://github.com/TheEconomist/the-economist-war-fire-model","id":166,"date":"2026-09-17","link":"https://www.economist.com/interactive/graphic-detail/ukraine-fires","category":"Fire classified as war-related (model estimate)","side":"Not attributed","color":"#FF8C00","radius":3,"orbat":[],"description":"Satellite heat detection at 09:41 UTC, in an area days after abnormal fire activity. Urban area."}},{"type":"Feature","geometry":{"type":"Point","coordinates":[37.54262,48.59873]},"properties":{"source":"economist_fires","source_name":"The Economist war-fire model","source_url":"https://github.com/TheEconomist/the-economist-war-fire-model","id":167,"date":"2026-09-17","link":"https://www.economist.com/interactive/graphic-detail/ukraine-fires","category":"Fire classified as war-related (model estimate)","side":"Not attributed","color":"#FF8C00","radius":3,"orbat":[],"description":"Satellite heat detection at 22:59 UTC, in an area days after abnormal fire activity. Urban area."}},{"type":"Feature","geometry":{"type":"Point","coordinates":[37.68877,48.07885]},"properties":{"source":"economist_fires","source_name":"The Economist war-fire model","source_url":"https://github.com/TheEconomist/the-economist-war-fire-model","id":168,"date":"2026-09-17","link":"https://www.economist.com/interactive/graphic-detail/ukraine-fires","category":"Fire classified as war-related (model estimate)","side":"Not attributed","color":"#FF8C00","radius":3,"orbat":[],"description":"Satellite heat detection at 10:45 UTC, in an area days after abnormal fire activity. Urban area."}},{"type":"Feature","geometry":{"type":"Point","coordinates":[37.69422,48.07932]},"properties":{"source":"economist_fires","source_name":"The Economist war-fire model","source_url":"https://github.com/TheEconomist/the-economist-war-fire-model","id":169,"date":"2026-09-17","link":"https://www.economist.com/interactive/graphic-detail/ukraine-fires","category":"Fire classified as war-related (model estimate)","side":"Not attributed","color":"#FF8C00","radius":3,"orbat":[],"description":"Satellite heat detection at 10:45 UTC, in an area days after abnormal fire activity. Urban area."}},{"type":"Feature","geometry":{"type":"Point","coordinates":[37.7569,48.14171]},"properties":{"source":"economist_fires","source_name":"The Economist war-fire model","source_url":"https://github.com/TheEconomist/the-economist-war-fire-model","id":170,"date":"2026-09-17","link":"https://www.economist.com/interactive/graphic-detail/ukraine-fires","category":"Fire classified as war-related (model estimate)","side":"Not attributed","color":"#FF8C00","radius":3,"orbat":[],"description":"Satellite heat detection at 22:59 UTC, in an area days after abnormal fire activity. Urban area."}},{"type":"Feature","geometry":{"type":"Point","coordinates":[37.75311,48.14132]},"properties":{"source":"economist_fires","source_name":"The Economist war-fire model","source_url":"https://github.com/TheEconomist/the-economist-war-fire-model","id":171,"date":"2026-09-17","link":"https://www.economist.com/interactive/graphic-detail/ukraine-fires","category":"Fire classified as war-related (model estimate)","side":"Not attributed","color":"#FF8C00","radius":3,"orbat":[],"description":"Satellite heat detection at 23:37 UTC, in an area days after abnormal fire activity. Urban area."}},{"type":"Feature","geometry":{"type":"Point","coordinates":[37.75597,48.14402]},"properties":{"source":"economist_fires","source_name":"The Economist war-fire model","source_url":"https://github.com/TheEconomist/the-economist-war-fire-model","id":172,"date":"2026-09-17","link":"https://www.economist.com/interactive/graphic-detail/ukraine-fires","category":"Fire classified as war-related (model estimate)","side":"Not attributed","color":"#FF8C00","radius":3,"orbat":[],"description":"Satellite heat detection at 23:56 UTC, in an area days after abnormal fire activity. Urban area."}},{"type":"Feature","geometry":{"type":"Point","coordinates":[37.87251,47.62909]},"properties":{"source":"economist_fires","source_name":"The Economist war-fire model","source_url":"https://github.com/TheEconomist/the-economist-war-fire-model","id":173,"date":"2026-09-17","link":"https://www.economist.com/interactive/graphic-detail/ukraine-fires","category":"Fire classified as war-related (model estimate)","side":"Not attributed","color":"#FF8C00","radius":3,"orbat":[],"description":"Satellite heat detection at 06:35 UTC, in an area days after abnormal fire activity. Urban area."}},{"type":"Feature","geometry":{"type":"Point","coordinates":[37.92695,48.09867]},"properties":{"source":"economist_fires","source_name":"The Economist war-fire model","source_url":"https://github.com/TheEconomist/the-economist-war-fire-model","id":174,"date":"2026-09-17","link":"https://www.economist.com/interactive/graphic-detail/ukraine-fires","category":"Fire classified as war-related (model estimate)","side":"Not attributed","color":"#FF8C00","radius":3,"orbat":[],"description":"Satellite heat detection at 23:37 UTC, in an area days after abnormal fire activity. Urban area."}},{"type":"Feature","geometry":{"type":"Point","coordinates":[37.92229,48.09908]},"properties":{"source":"economist_fires","source_name":"The Economist war-fire model","source_url":"https://github.com/TheEconomist/the-economist-war-fire-model","id":175,"date":"2026-09-17","link":"https://www.economist.com/interactive/graphic-detail/ukraine-fires","category":"Fire classified as war-related (model estimate)","side":"Not attributed","color":"#FF8C00","radius":3,"orbat":[],"description":"Satellite heat detection at 23:56 UTC, in an area days after abnormal fire activity. Urban area."}},{"type":"Feature","geometry":{"type":"Point","coordinates":[38.03373,48.65567]},"properties":{"source":"economist_fires","source_name":"The Economist war-fire model","source_url":"https://github.com/TheEconomist/the-economist-war-fire-model","id":176,"date":"2026-09-17","link":"https://www.economist.com/interactive/graphic-detail/ukraine-fires","category":"Fire classified as war-related (model estimate)","side":"Not attributed","color":"#FF8C00","radius":3,"orbat":[],"description":"Satellite heat detection at 11:23 UTC, in an area days after abnormal fire activity. Urban area."}},{"type":"Feature","geometry":{"type":"Point","coordinates":[38.15191,48.36963]},"properties":{"source":"economist_fires","source_name":"The Economist war-fire model","source_url":"https://github.com/TheEconomist/the-economist-war-fire-model","id":177,"date":"2026-09-17","link":"https://www.economist.com/interactive/graphic-detail/ukraine-fires","category":"Fire classified as war-related (model estimate)","side":"Not attributed","color":"#FF8C00","radius":3,"orbat":[],"description":"Satellite heat detection at 11:23 UTC, in an area days after abnormal fire activity. Urban area."}},{"type":"Feature","geometry":{"type":"Point","coordinates":[38.24173,49.1145]},"properties":{"source":"economist_fires","source_name":"The Economist war-fire model","source_url":"https://github.com/TheEconomist/the-economist-war-fire-model","id":178,"date":"2026-09-17","link":"https://www.economist.com/interactive/graphic-detail/ukraine-fires","category":"Fire classified as war-related (model estimate)","side":"Not attributed","color":"#FF8C00","radius":3,"orbat":[],"description":"Satellite heat detection at 00:16 UTC, in an area days after abnormal fire activity. Urban area."}},{"type":"Feature","geometry":{"type":"Point","coordinates":[38.24399,49.11855]},"properties":{"source":"economist_fires","source_name":"The Economist war-fire model","source_url":"https://github.com/TheEconomist/the-economist-war-fire-model","id":179,"date":"2026-09-17","link":"https://www.economist.com/interactive/graphic-detail/ukraine-fires","category":"Fire classified as war-related (model estimate)","side":"Not attributed","color":"#FF8C00","radius":3,"orbat":[],"description":"Satellite heat detection at 00:16 UTC, in an area days after abnormal fire activity. Urban area."}},{"type":"Feature","geometry":{"type":"Point","coordinates":[38.17344,49.22705]},"properties":{"source":"economist_fires","source_name":"The Economist war-fire model","source_url":"https://github.com/TheEconomist/the-economist-war-fire-model","id":180,"date":"2026-09-17","link":"https://www.economist.com/interactive/graphic-detail/ukraine-fires","category":"Fire classified as war-related (model estimate)","side":"Not attributed","color":"#FF8C00","radius":3,"orbat":[],"description":"Satellite heat detection at 23:56 UTC, in an area of abnormal fire activity. Urban area."}},{"type":"Feature","geometry":{"type":"Point","coordinates":[38.4746,47.8324]},"properties":{"source":"economist_fires","source_name":"The Economist war-fire model","source_url":"https://github.com/TheEconomist/the-economist-war-fire-model","id":181,"date":"2026-09-17","link":"https://www.economist.com/interactive/graphic-detail/ukraine-fires","category":"Fire classified as war-related (model estimate)","side":"Not attributed","color":"#FF8C00","radius":3,"orbat":[],"description":"Satellite heat detection at 22:59 UTC, in an area days after abnormal fire activity. Urban area."}},{"type":"Feature","geometry":{"type":"Point","coordinates":[38.47401,47.83464]},"properties":{"source":"economist_fires","source_name":"The Economist war-fire model","source_url":"https://github.com/TheEconomist/the-economist-war-fire-model","id":182,"date":"2026-09-17","link":"https://www.economist.com/interactive/graphic-detail/ukraine-fires","category":"Fire classified as war-related (model estimate)","side":"Not attributed","color":"#FF8C00","radius":3,"orbat":[],"description":"Satellite heat detection at 23:37 UTC, in an area days after abnormal fire activity. Urban area."}},{"type":"Feature","geometry":{"type":"Point","coordinates":[38.47773,47.83425]},"properties":{"source":"economist_fires","source_name":"The Economist war-fire model","source_url":"https://github.com/TheEconomist/the-economist-war-fire-model","id":183,"date":"2026-09-17","link":"https://www.economist.com/interactive/graphic-detail/ukraine-fires","category":"Fire classified as war-related (model estimate)","side":"Not attributed","color":"#FF8C00","radius":3,"orbat":[],"description":"Satellite heat detection at 23:56 UTC, in an area days after abnormal fire activity. Urban area."}},{"type":"Feature","geometry":{"type":"Point","coordinates":[38.72493,48.44205]},"properties":{"source":"economist_fires","source_name":"The Economist war-fire model","source_url":"https://github.com/TheEconomist/the-economist-war-fire-model","id":184,"date":"2026-09-17","link":"https://www.economist.com/interactive/graphic-detail/ukraine-fires","category":"Fire classified as war-related (model estimate)","side":"Not attributed","color":"#FF8C00","radius":3,"orbat":[],"description":"Satellite heat detection at 22:16 UTC, in an area days after abnormal fire activity. Urban area."}},{"type":"Feature","geometry":{"type":"Point","coordinates":[38.72448,48.44912]},"properties":{"source":"economist_fires","source_name":"The Economist war-fire model","source_url":"https://github.com/TheEconomist/the-economist-war-fire-model","id":185,"date":"2026-09-17","link":"https://www.economist.com/interactive/graphic-detail/ukraine-fires","category":"Fire classified as war-related (model estimate)","side":"Not attributed","color":"#FF8C00","radius":3,"orbat":[],"description":"Satellite heat detection at 22:16 UTC, in an area days after abnormal fire activity. Urban area."}},{"type":"Feature","geometry":{"type":"Point","coordinates":[38.73295,48.44356]},"properties":{"source":"economist_fires","source_name":"The Economist war-fire model","source_url":"https://github.com/TheEconomist/the-economist-war-fire-model","id":186,"date":"2026-09-17","link":"https://www.economist.com/interactive/graphic-detail/ukraine-fires","category":"Fire classified as war-related (model estimate)","side":"Not attributed","color":"#FF8C00","radius":3,"orbat":[],"description":"Satellite heat detection at 22:59 UTC, in an area days after abnormal fire activity. Urban area."}},{"type":"Feature","geometry":{"type":"Point","coordinates":[38.72775,48.44404]},"properties":{"source":"economist_fires","source_name":"The Economist war-fire model","source_url":"https://github.com/TheEconomist/the-economist-war-fire-model","id":187,"date":"2026-09-17","link":"https://www.economist.com/interactive/graphic-detail/ukraine-fires","category":"Fire classified as war-related (model estimate)","side":"Not attributed","color":"#FF8C00","radius":3,"orbat":[],"description":"Satellite heat detection at 22:59 UTC, in an area days after abnormal fire activity. Urban area."}},{"type":"Feature","geometry":{"type":"Point","coordinates":[38.73258,48.44292]},"properties":{"source":"economist_fires","source_name":"The Economist war-fire model","source_url":"https://github.com/TheEconomist/the-economist-war-fire-model","id":188,"date":"2026-09-17","link":"https://www.economist.com/interactive/graphic-detail/ukraine-fires","category":"Fire classified as war-related (model estimate)","side":"Not attributed","color":"#FF8C00","radius":3,"orbat":[],"description":"Satellite heat detection at 23:37 UTC, in an area days after abnormal fire activity. Urban area."}},{"type":"Feature","geometry":{"type":"Point","coordinates":[38.72736,48.44369]},"properties":{"source":"economist_fires","source_name":"The Economist war-fire model","source_url":"https://github.com/TheEconomist/the-economist-war-fire-model","id":189,"date":"2026-09-17","link":"https://www.economist.com/interactive/graphic-detail/ukraine-fires","category":"Fire classified as war-related (model estimate)","side":"Not attributed","color":"#FF8C00","radius":3,"orbat":[],"description":"Satellite heat detection at 23:37 UTC, in an area days after abnormal fire activity. Urban area."}},{"type":"Feature","geometry":{"type":"Point","coordinates":[38.73368,48.44621]},"properties":{"source":"economist_fires","source_name":"The Economist war-fire model","source_url":"https://github.com/TheEconomist/the-economist-war-fire-model","id":190,"date":"2026-09-17","link":"https://www.economist.com/interactive/graphic-detail/ukraine-fires","category":"Fire classified as war-related (model estimate)","side":"Not attributed","color":"#FF8C00","radius":3,"orbat":[],"description":"Satellite heat detection at 23:37 UTC, in an area days after abnormal fire activity. Urban area."}},{"type":"Feature","geometry":{"type":"Point","coordinates":[38.72741,48.44292]},"properties":{"source":"economist_fires","source_name":"The Economist war-fire model","source_url":"https://github.com/TheEconomist/the-economist-war-fire-model","id":191,"date":"2026-09-17","link":"https://www.economist.com/interactive/graphic-detail/ukraine-fires","category":"Fire classified as war-related (model estimate)","side":"Not attributed","color":"#FF8C00","radius":3,"orbat":[],"description":"Satellite heat detection at 23:56 UTC, in an area days after abnormal fire activity. Urban area."}},{"type":"Feature","geometry":{"type":"Point","coordinates":[38.73526,48.44517]},"properties":{"source":"economist_fires","source_name":"The Economist war-fire model","source_url":"https://github.com/TheEconomist/the-economist-war-fire-model","id":192,"date":"2026-09-17","link":"https://www.economist.com/interactive/graphic-detail/ukraine-fires","category":"Fire classified as war-related (model estimate)","side":"Not attributed","color":"#FF8C00","radius":3,"orbat":[],"description":"Satellite heat detection at 23:56 UTC, in an area days after abnormal fire activity. Urban area."}},{"type":"Feature","geometry":{"type":"Point","coordinates":[38.72905,48.44646]},"properties":{"source":"economist_fires","source_name":"The Economist war-fire model","source_url":"https://github.com/TheEconomist/the-economist-war-fire-model","id":193,"date":"2026-09-17","link":"https://www.economist.com/interactive/graphic-detail/ukraine-fires","category":"Fire classified as war-related (model estimate)","side":"Not attributed","color":"#FF8C00","radius":3,"orbat":[],"description":"Satellite heat detection at 23:56 UTC, in an area days after abnormal fire activity. Urban area."}}]}