{"type":"FeatureCollection","features":[{"type":"Feature","geometry":{"type":"Point","coordinates":[29.09993,46.12423]},"properties":{"source":"economist_fires","source_name":"The Economist war-fire model","source_url":"https://github.com/TheEconomist/the-economist-war-fire-model","id":0,"date":"2026-09-19","link":"https://www.economist.com/interactive/graphic-detail/ukraine-fires","category":"Fire classified as war-related (model estimate)","side":"Not attributed","color":"#FF8C00","radius":3,"orbat":[],"description":"Satellite heat detection at 11:04 UTC, in an area days after abnormal fire activity. Urban area."}},{"type":"Feature","geometry":{"type":"Point","coordinates":[29.21866,48.44724]},"properties":{"source":"economist_fires","source_name":"The Economist war-fire model","source_url":"https://github.com/TheEconomist/the-economist-war-fire-model","id":1,"date":"2026-09-19","link":"https://www.economist.com/interactive/graphic-detail/ukraine-fires","category":"Fire classified as war-related (model estimate)","side":"Not attributed","color":"#FF8C00","radius":3,"orbat":[],"description":"Satellite heat detection at 10:11 UTC, in an area of abnormal fire activity. Urban area."}},{"type":"Feature","geometry":{"type":"Point","coordinates":[29.21015,48.44988]},"properties":{"source":"economist_fires","source_name":"The Economist war-fire model","source_url":"https://github.com/TheEconomist/the-economist-war-fire-model","id":2,"date":"2026-09-19","link":"https://www.economist.com/interactive/graphic-detail/ukraine-fires","category":"Fire classified as war-related (model estimate)","side":"Not attributed","color":"#FF8C00","radius":3,"orbat":[],"description":"Satellite heat detection at 10:11 UTC, in an area of abnormal fire activity. Urban area."}},{"type":"Feature","geometry":{"type":"Point","coordinates":[29.21945,48.44756]},"properties":{"source":"economist_fires","source_name":"The Economist war-fire model","source_url":"https://github.com/TheEconomist/the-economist-war-fire-model","id":3,"date":"2026-09-19","link":"https://www.economist.com/interactive/graphic-detail/ukraine-fires","category":"Fire classified as war-related (model estimate)","side":"Not attributed","color":"#FF8C00","radius":3,"orbat":[],"description":"Satellite heat detection at 10:45 UTC, in an area of abnormal fire activity. Urban area."}},{"type":"Feature","geometry":{"type":"Point","coordinates":[29.21234,48.44989]},"properties":{"source":"economist_fires","source_name":"The Economist war-fire model","source_url":"https://github.com/TheEconomist/the-economist-war-fire-model","id":4,"date":"2026-09-19","link":"https://www.economist.com/interactive/graphic-detail/ukraine-fires","category":"Fire classified as war-related (model estimate)","side":"Not attributed","color":"#FF8C00","radius":3,"orbat":[],"description":"Satellite heat detection at 10:45 UTC, in an area of abnormal fire activity. Urban area."}},{"type":"Feature","geometry":{"type":"Point","coordinates":[29.33928,48.06026]},"properties":{"source":"economist_fires","source_name":"The Economist war-fire model","source_url":"https://github.com/TheEconomist/the-economist-war-fire-model","id":5,"date":"2026-09-19","link":"https://www.economist.com/interactive/graphic-detail/ukraine-fires","category":"Fire classified as war-related (model estimate)","side":"Not attributed","color":"#FF8C00","radius":3,"orbat":[],"description":"Satellite heat detection at 11:04 UTC, in an area of abnormal fire activity. Urban area."}},{"type":"Feature","geometry":{"type":"Point","coordinates":[29.51884,46.07265]},"properties":{"source":"economist_fires","source_name":"The Economist war-fire model","source_url":"https://github.com/TheEconomist/the-economist-war-fire-model","id":6,"date":"2026-09-19","link":"https://www.economist.com/interactive/graphic-detail/ukraine-fires","category":"Fire classified as war-related (model estimate)","side":"Not attributed","color":"#FF8C00","radius":3,"orbat":[],"description":"Satellite heat detection at 10:09 UTC, in an area of abnormal fire activity. Urban area."}},{"type":"Feature","geometry":{"type":"Point","coordinates":[29.51238,46.07799]},"properties":{"source":"economist_fires","source_name":"The Economist war-fire model","source_url":"https://github.com/TheEconomist/the-economist-war-fire-model","id":7,"date":"2026-09-19","link":"https://www.economist.com/interactive/graphic-detail/ukraine-fires","category":"Fire classified as war-related (model estimate)","side":"Not attributed","color":"#FF8C00","radius":3,"orbat":[],"description":"Satellite heat detection at 11:49 UTC, in an area of abnormal fire activity. Urban area."}},{"type":"Feature","geometry":{"type":"Point","coordinates":[29.52346,46.08992]},"properties":{"source":"economist_fires","source_name":"The Economist war-fire model","source_url":"https://github.com/TheEconomist/the-economist-war-fire-model","id":8,"date":"2026-09-19","link":"https://www.economist.com/interactive/graphic-detail/ukraine-fires","category":"Fire classified as war-related (model estimate)","side":"Not attributed","color":"#FF8C00","radius":3,"orbat":[],"description":"Satellite heat detection at 11:49 UTC, in an area of abnormal fire activity. Urban area."}},{"type":"Feature","geometry":{"type":"Point","coordinates":[30.22064,46.04103]},"properties":{"source":"economist_fires","source_name":"The Economist war-fire model","source_url":"https://github.com/TheEconomist/the-economist-war-fire-model","id":9,"date":"2026-09-19","link":"https://www.economist.com/interactive/graphic-detail/ukraine-fires","category":"Fire classified as war-related (model estimate)","side":"Not attributed","color":"#FF8C00","radius":3,"orbat":[],"description":"Satellite heat detection at 10:45 UTC, in an area days after abnormal fire activity. Urban area."}},{"type":"Feature","geometry":{"type":"Point","coordinates":[30.21931,46.04445]},"properties":{"source":"economist_fires","source_name":"The Economist war-fire model","source_url":"https://github.com/TheEconomist/the-economist-war-fire-model","id":10,"date":"2026-09-19","link":"https://www.economist.com/interactive/graphic-detail/ukraine-fires","category":"Fire classified as war-related (model estimate)","side":"Not attributed","color":"#FF8C00","radius":3,"orbat":[],"description":"Satellite heat detection at 10:45 UTC, in an area days after abnormal fire activity. Urban area."}},{"type":"Feature","geometry":{"type":"Point","coordinates":[30.22708,46.04651]},"properties":{"source":"economist_fires","source_name":"The Economist war-fire model","source_url":"https://github.com/TheEconomist/the-economist-war-fire-model","id":11,"date":"2026-09-19","link":"https://www.economist.com/interactive/graphic-detail/ukraine-fires","category":"Fire classified as war-related (model estimate)","side":"Not attributed","color":"#FF8C00","radius":3,"orbat":[],"description":"Satellite heat detection at 11:04 UTC, in an area days after abnormal fire activity. Urban area."}},{"type":"Feature","geometry":{"type":"Point","coordinates":[30.27446,50.32773]},"properties":{"source":"economist_fires","source_name":"The Economist war-fire model","source_url":"https://github.com/TheEconomist/the-economist-war-fire-model","id":12,"date":"2026-09-19","link":"https://www.economist.com/interactive/graphic-detail/ukraine-fires","category":"Fire classified as war-related (model estimate)","side":"Not attributed","color":"#FF8C00","radius":3,"orbat":[],"description":"Satellite heat detection at 22:59 UTC, in an area of abnormal fire activity. Urban area."}},{"type":"Feature","geometry":{"type":"Point","coordinates":[30.27367,50.33169]},"properties":{"source":"economist_fires","source_name":"The Economist war-fire model","source_url":"https://github.com/TheEconomist/the-economist-war-fire-model","id":13,"date":"2026-09-19","link":"https://www.economist.com/interactive/graphic-detail/ukraine-fires","category":"Fire classified as war-related (model estimate)","side":"Not attributed","color":"#FF8C00","radius":3,"orbat":[],"description":"Satellite heat detection at 23:18 UTC, in an area of abnormal fire activity. Urban area."}},{"type":"Feature","geometry":{"type":"Point","coordinates":[31.46003,46.88258]},"properties":{"source":"economist_fires","source_name":"The Economist war-fire model","source_url":"https://github.com/TheEconomist/the-economist-war-fire-model","id":14,"date":"2026-09-19","link":"https://www.economist.com/interactive/graphic-detail/ukraine-fires","category":"Fire classified as war-related (model estimate)","side":"Not attributed","color":"#FF8C00","radius":3,"orbat":[],"description":"Satellite heat detection at 10:09 UTC, in an area of abnormal fire activity. Urban area."}},{"type":"Feature","geometry":{"type":"Point","coordinates":[31.45894,46.88723]},"properties":{"source":"economist_fires","source_name":"The Economist war-fire model","source_url":"https://github.com/TheEconomist/the-economist-war-fire-model","id":15,"date":"2026-09-19","link":"https://www.economist.com/interactive/graphic-detail/ukraine-fires","category":"Fire classified as war-related (model estimate)","side":"Not attributed","color":"#FF8C00","radius":3,"orbat":[],"description":"Satellite heat detection at 11:49 UTC, in an area of abnormal fire activity. Urban area."}},{"type":"Feature","geometry":{"type":"Point","coordinates":[32.28444,46.21301]},"properties":{"source":"economist_fires","source_name":"The Economist war-fire model","source_url":"https://github.com/TheEconomist/the-economist-war-fire-model","id":16,"date":"2026-09-19","link":"https://www.economist.com/interactive/graphic-detail/ukraine-fires","category":"Fire classified as war-related (model estimate)","side":"Not attributed","color":"#FF8C00","radius":3,"orbat":[],"description":"Satellite heat detection at 11:04 UTC, in an area days after abnormal fire activity. Urban area."}},{"type":"Feature","geometry":{"type":"Point","coordinates":[32.28365,46.2228]},"properties":{"source":"economist_fires","source_name":"The Economist war-fire model","source_url":"https://github.com/TheEconomist/the-economist-war-fire-model","id":17,"date":"2026-09-19","link":"https://www.economist.com/interactive/graphic-detail/ukraine-fires","category":"Fire classified as war-related (model estimate)","side":"Not attributed","color":"#FF8C00","radius":3,"orbat":[],"description":"Satellite heat detection at 11:49 UTC, in an area days after abnormal fire activity. Urban area."}},{"type":"Feature","geometry":{"type":"Point","coordinates":[32.29176,46.22281]},"properties":{"source":"economist_fires","source_name":"The Economist war-fire model","source_url":"https://github.com/TheEconomist/the-economist-war-fire-model","id":18,"date":"2026-09-19","link":"https://www.economist.com/interactive/graphic-detail/ukraine-fires","category":"Fire classified as war-related (model estimate)","side":"Not attributed","color":"#FF8C00","radius":3,"orbat":[],"description":"Satellite heat detection at 11:49 UTC, in an area days after abnormal fire activity. Urban area."}},{"type":"Feature","geometry":{"type":"Point","coordinates":[32.80289,46.47189]},"properties":{"source":"economist_fires","source_name":"The Economist war-fire model","source_url":"https://github.com/TheEconomist/the-economist-war-fire-model","id":19,"date":"2026-09-19","link":"https://www.economist.com/interactive/graphic-detail/ukraine-fires","category":"Fire classified as war-related (model estimate)","side":"Not attributed","color":"#FF8C00","radius":3,"orbat":[],"description":"Satellite heat detection at 10:45 UTC, in an area days after abnormal fire activity. Urban area."}},{"type":"Feature","geometry":{"type":"Point","coordinates":[32.75063,46.53247]},"properties":{"source":"economist_fires","source_name":"The Economist war-fire model","source_url":"https://github.com/TheEconomist/the-economist-war-fire-model","id":20,"date":"2026-09-19","link":"https://www.economist.com/interactive/graphic-detail/ukraine-fires","category":"Fire classified as war-related (model estimate)","side":"Not attributed","color":"#FF8C00","radius":3,"orbat":[],"description":"Satellite heat detection at 10:45 UTC, in an area days after abnormal fire activity. Urban area."}},{"type":"Feature","geometry":{"type":"Point","coordinates":[32.80624,46.46789]},"properties":{"source":"economist_fires","source_name":"The Economist war-fire model","source_url":"https://github.com/TheEconomist/the-economist-war-fire-model","id":21,"date":"2026-09-19","link":"https://www.economist.com/interactive/graphic-detail/ukraine-fires","category":"Fire classified as war-related (model estimate)","side":"Not attributed","color":"#FF8C00","radius":3,"orbat":[],"description":"Satellite heat detection at 11:04 UTC, in an area days after abnormal fire activity. Urban area."}},{"type":"Feature","geometry":{"type":"Point","coordinates":[32.80546,46.46818]},"properties":{"source":"economist_fires","source_name":"The Economist war-fire model","source_url":"https://github.com/TheEconomist/the-economist-war-fire-model","id":22,"date":"2026-09-19","link":"https://www.economist.com/interactive/graphic-detail/ukraine-fires","category":"Fire classified as war-related (model estimate)","side":"Not attributed","color":"#FF8C00","radius":3,"orbat":[],"description":"Satellite heat detection at 11:04 UTC, in an area days after abnormal fire activity. Urban area."}},{"type":"Feature","geometry":{"type":"Point","coordinates":[32.75159,46.53144]},"properties":{"source":"economist_fires","source_name":"The Economist war-fire model","source_url":"https://github.com/TheEconomist/the-economist-war-fire-model","id":23,"date":"2026-09-19","link":"https://www.economist.com/interactive/graphic-detail/ukraine-fires","category":"Fire classified as war-related (model estimate)","side":"Not attributed","color":"#FF8C00","radius":3,"orbat":[],"description":"Satellite heat detection at 11:04 UTC, in an area days after abnormal fire activity. Urban area."}},{"type":"Feature","geometry":{"type":"Point","coordinates":[32.75093,47.22937]},"properties":{"source":"economist_fires","source_name":"The Economist war-fire model","source_url":"https://github.com/TheEconomist/the-economist-war-fire-model","id":24,"date":"2026-09-19","link":"https://www.economist.com/interactive/graphic-detail/ukraine-fires","category":"Fire classified as war-related (model estimate)","side":"Not attributed","color":"#FF8C00","radius":3,"orbat":[],"description":"Satellite heat detection at 10:45 UTC, in an area days after abnormal fire activity. Urban area."}},{"type":"Feature","geometry":{"type":"Point","coordinates":[32.75244,47.2302]},"properties":{"source":"economist_fires","source_name":"The Economist war-fire model","source_url":"https://github.com/TheEconomist/the-economist-war-fire-model","id":25,"date":"2026-09-19","link":"https://www.economist.com/interactive/graphic-detail/ukraine-fires","category":"Fire classified as war-related (model estimate)","side":"Not attributed","color":"#FF8C00","radius":3,"orbat":[],"description":"Satellite heat detection at 11:04 UTC, in an area days after abnormal fire activity. Urban area."}},{"type":"Feature","geometry":{"type":"Point","coordinates":[33.25975,46.51108]},"properties":{"source":"economist_fires","source_name":"The Economist war-fire model","source_url":"https://github.com/TheEconomist/the-economist-war-fire-model","id":26,"date":"2026-09-19","link":"https://www.economist.com/interactive/graphic-detail/ukraine-fires","category":"Fire classified as war-related (model estimate)","side":"Not attributed","color":"#FF8C00","radius":3,"orbat":[],"description":"Satellite heat detection at 09:24 UTC, in an area of abnormal fire activity. Urban area."}},{"type":"Feature","geometry":{"type":"Point","coordinates":[33.26626,46.51481]},"properties":{"source":"economist_fires","source_name":"The Economist war-fire model","source_url":"https://github.com/TheEconomist/the-economist-war-fire-model","id":27,"date":"2026-09-19","link":"https://www.economist.com/interactive/graphic-detail/ukraine-fires","category":"Fire classified as war-related (model estimate)","side":"Not attributed","color":"#FF8C00","radius":3,"orbat":[],"description":"Satellite heat detection at 10:09 UTC, in an area of abnormal fire activity. Urban area."}},{"type":"Feature","geometry":{"type":"Point","coordinates":[33.3357,47.76394]},"properties":{"source":"economist_fires","source_name":"The Economist war-fire model","source_url":"https://github.com/TheEconomist/the-economist-war-fire-model","id":28,"date":"2026-09-19","link":"https://www.economist.com/interactive/graphic-detail/ukraine-fires","category":"Fire classified as war-related (model estimate)","side":"Not attributed","color":"#FF8C00","radius":3,"orbat":[],"description":"Satellite heat detection at 13:18 UTC, in an area of abnormal fire activity. Urban area."}},{"type":"Feature","geometry":{"type":"Point","coordinates":[33.49637,45.39495]},"properties":{"source":"economist_fires","source_name":"The Economist war-fire model","source_url":"https://github.com/TheEconomist/the-economist-war-fire-model","id":29,"date":"2026-09-19","link":"https://www.economist.com/interactive/graphic-detail/ukraine-fires","category":"Fire classified as war-related (model estimate)","side":"Not attributed","color":"#FF8C00","radius":3,"orbat":[],"description":"Satellite heat detection at 10:43 UTC, in an area days after abnormal fire activity. Urban area."}},{"type":"Feature","geometry":{"type":"Point","coordinates":[33.46993,45.39759]},"properties":{"source":"economist_fires","source_name":"The Economist war-fire model","source_url":"https://github.com/TheEconomist/the-economist-war-fire-model","id":30,"date":"2026-09-19","link":"https://www.economist.com/interactive/graphic-detail/ukraine-fires","category":"Fire classified as war-related (model estimate)","side":"Not attributed","color":"#FF8C00","radius":3,"orbat":[],"description":"Satellite heat detection at 10:43 UTC, in an area days after abnormal fire activity. Urban area."}},{"type":"Feature","geometry":{"type":"Point","coordinates":[33.4748,45.39837]},"properties":{"source":"economist_fires","source_name":"The Economist war-fire model","source_url":"https://github.com/TheEconomist/the-economist-war-fire-model","id":31,"date":"2026-09-19","link":"https://www.economist.com/interactive/graphic-detail/ukraine-fires","category":"Fire classified as war-related (model estimate)","side":"Not attributed","color":"#FF8C00","radius":3,"orbat":[],"description":"Satellite heat detection at 10:43 UTC, in an area days after abnormal fire activity. Urban area."}},{"type":"Feature","geometry":{"type":"Point","coordinates":[33.49434,45.39553]},"properties":{"source":"economist_fires","source_name":"The Economist war-fire model","source_url":"https://github.com/TheEconomist/the-economist-war-fire-model","id":32,"date":"2026-09-19","link":"https://www.economist.com/interactive/graphic-detail/ukraine-fires","category":"Fire classified as war-related (model estimate)","side":"Not attributed","color":"#FF8C00","radius":3,"orbat":[],"description":"Satellite heat detection at 11:04 UTC, in an area of abnormal fire activity. Urban area."}},{"type":"Feature","geometry":{"type":"Point","coordinates":[33.54732,46.55122]},"properties":{"source":"economist_fires","source_name":"The Economist war-fire model","source_url":"https://github.com/TheEconomist/the-economist-war-fire-model","id":33,"date":"2026-09-19","link":"https://www.economist.com/interactive/graphic-detail/ukraine-fires","category":"Fire classified as war-related (model estimate)","side":"Not attributed","color":"#FF8C00","radius":3,"orbat":[],"description":"Satellite heat detection at 10:09 UTC, in an area of abnormal fire activity. Urban area."}},{"type":"Feature","geometry":{"type":"Point","coordinates":[33.51897,46.56545]},"properties":{"source":"economist_fires","source_name":"The Economist war-fire model","source_url":"https://github.com/TheEconomist/the-economist-war-fire-model","id":34,"date":"2026-09-19","link":"https://www.economist.com/interactive/graphic-detail/ukraine-fires","category":"Fire classified as war-related (model estimate)","side":"Not attributed","color":"#FF8C00","radius":3,"orbat":[],"description":"Satellite heat detection at 10:09 UTC, in an area of abnormal fire activity. Urban area."}},{"type":"Feature","geometry":{"type":"Point","coordinates":[33.51936,46.56981]},"properties":{"source":"economist_fires","source_name":"The Economist war-fire model","source_url":"https://github.com/TheEconomist/the-economist-war-fire-model","id":35,"date":"2026-09-19","link":"https://www.economist.com/interactive/graphic-detail/ukraine-fires","category":"Fire classified as war-related (model estimate)","side":"Not attributed","color":"#FF8C00","radius":3,"orbat":[],"description":"Satellite heat detection at 10:45 UTC, in an area of abnormal fire activity. Urban area."}},{"type":"Feature","geometry":{"type":"Point","coordinates":[33.49991,46.57308]},"properties":{"source":"economist_fires","source_name":"The Economist war-fire model","source_url":"https://github.com/TheEconomist/the-economist-war-fire-model","id":36,"date":"2026-09-19","link":"https://www.economist.com/interactive/graphic-detail/ukraine-fires","category":"Fire classified as war-related (model estimate)","side":"Not attributed","color":"#FF8C00","radius":3,"orbat":[],"description":"Satellite heat detection at 10:45 UTC, in an area of abnormal fire activity. Urban area."}},{"type":"Feature","geometry":{"type":"Point","coordinates":[33.54321,46.7598]},"properties":{"source":"economist_fires","source_name":"The Economist war-fire model","source_url":"https://github.com/TheEconomist/the-economist-war-fire-model","id":37,"date":"2026-09-19","link":"https://www.economist.com/interactive/graphic-detail/ukraine-fires","category":"Fire classified as war-related (model estimate)","side":"Not attributed","color":"#FF8C00","radius":3,"orbat":[],"description":"Satellite heat detection at 00:22 UTC, in an area of abnormal fire activity. Urban area."}},{"type":"Feature","geometry":{"type":"Point","coordinates":[33.54063,46.75805]},"properties":{"source":"economist_fires","source_name":"The Economist war-fire model","source_url":"https://github.com/TheEconomist/the-economist-war-fire-model","id":38,"date":"2026-09-19","link":"https://www.economist.com/interactive/graphic-detail/ukraine-fires","category":"Fire classified as war-related (model estimate)","side":"Not attributed","color":"#FF8C00","radius":3,"orbat":[],"description":"Satellite heat detection at 01:00 UTC, in an area of abnormal fire activity. Urban area."}},{"type":"Feature","geometry":{"type":"Point","coordinates":[33.53024,46.76406]},"properties":{"source":"economist_fires","source_name":"The Economist war-fire model","source_url":"https://github.com/TheEconomist/the-economist-war-fire-model","id":39,"date":"2026-09-19","link":"https://www.economist.com/interactive/graphic-detail/ukraine-fires","category":"Fire classified as war-related (model estimate)","side":"Not attributed","color":"#FF8C00","radius":3,"orbat":[],"description":"Satellite heat detection at 10:09 UTC, in an area of abnormal fire activity. Urban area."}},{"type":"Feature","geometry":{"type":"Point","coordinates":[33.53076,46.76547]},"properties":{"source":"economist_fires","source_name":"The Economist war-fire model","source_url":"https://github.com/TheEconomist/the-economist-war-fire-model","id":40,"date":"2026-09-19","link":"https://www.economist.com/interactive/graphic-detail/ukraine-fires","category":"Fire classified as war-related (model estimate)","side":"Not attributed","color":"#FF8C00","radius":3,"orbat":[],"description":"Satellite heat detection at 10:09 UTC, in an area of abnormal fire activity. Urban area."}},{"type":"Feature","geometry":{"type":"Point","coordinates":[33.53691,46.7655]},"properties":{"source":"economist_fires","source_name":"The Economist war-fire model","source_url":"https://github.com/TheEconomist/the-economist-war-fire-model","id":41,"date":"2026-09-19","link":"https://www.economist.com/interactive/graphic-detail/ukraine-fires","category":"Fire classified as war-related (model estimate)","side":"Not attributed","color":"#FF8C00","radius":3,"orbat":[],"description":"Satellite heat detection at 10:09 UTC, in an area of abnormal fire activity. Urban area."}},{"type":"Feature","geometry":{"type":"Point","coordinates":[33.53744,46.76688]},"properties":{"source":"economist_fires","source_name":"The Economist war-fire model","source_url":"https://github.com/TheEconomist/the-economist-war-fire-model","id":42,"date":"2026-09-19","link":"https://www.economist.com/interactive/graphic-detail/ukraine-fires","category":"Fire classified as war-related (model estimate)","side":"Not attributed","color":"#FF8C00","radius":3,"orbat":[],"description":"Satellite heat detection at 10:09 UTC, in an area of abnormal fire activity. Urban area."}},{"type":"Feature","geometry":{"type":"Point","coordinates":[33.53861,46.76366]},"properties":{"source":"economist_fires","source_name":"The Economist war-fire model","source_url":"https://github.com/TheEconomist/the-economist-war-fire-model","id":43,"date":"2026-09-19","link":"https://www.economist.com/interactive/graphic-detail/ukraine-fires","category":"Fire classified as war-related (model estimate)","side":"Not attributed","color":"#FF8C00","radius":3,"orbat":[],"description":"Satellite heat detection at 10:45 UTC, in an area of abnormal fire activity. Urban area."}},{"type":"Feature","geometry":{"type":"Point","coordinates":[33.53257,46.76616]},"properties":{"source":"economist_fires","source_name":"The Economist war-fire model","source_url":"https://github.com/TheEconomist/the-economist-war-fire-model","id":44,"date":"2026-09-19","link":"https://www.economist.com/interactive/graphic-detail/ukraine-fires","category":"Fire classified as war-related (model estimate)","side":"Not attributed","color":"#FF8C00","radius":3,"orbat":[],"description":"Satellite heat detection at 10:45 UTC, in an area of abnormal fire activity. Urban area."}},{"type":"Feature","geometry":{"type":"Point","coordinates":[33.53753,46.76693]},"properties":{"source":"economist_fires","source_name":"The Economist war-fire model","source_url":"https://github.com/TheEconomist/the-economist-war-fire-model","id":45,"date":"2026-09-19","link":"https://www.economist.com/interactive/graphic-detail/ukraine-fires","category":"Fire classified as war-related (model estimate)","side":"Not attributed","color":"#FF8C00","radius":3,"orbat":[],"description":"Satellite heat detection at 10:45 UTC, in an area of abnormal fire activity. Urban area."}},{"type":"Feature","geometry":{"type":"Point","coordinates":[33.54097,46.76359]},"properties":{"source":"economist_fires","source_name":"The Economist war-fire model","source_url":"https://github.com/TheEconomist/the-economist-war-fire-model","id":46,"date":"2026-09-19","link":"https://www.economist.com/interactive/graphic-detail/ukraine-fires","category":"Fire classified as war-related (model estimate)","side":"Not attributed","color":"#FF8C00","radius":3,"orbat":[],"description":"Satellite heat detection at 11:04 UTC, in an area of abnormal fire activity. Urban area."}},{"type":"Feature","geometry":{"type":"Point","coordinates":[33.53309,46.76679]},"properties":{"source":"economist_fires","source_name":"The Economist war-fire model","source_url":"https://github.com/TheEconomist/the-economist-war-fire-model","id":47,"date":"2026-09-19","link":"https://www.economist.com/interactive/graphic-detail/ukraine-fires","category":"Fire classified as war-related (model estimate)","side":"Not attributed","color":"#FF8C00","radius":3,"orbat":[],"description":"Satellite heat detection at 11:04 UTC, in an area of abnormal fire activity. Urban area."}},{"type":"Feature","geometry":{"type":"Point","coordinates":[33.54385,46.7688]},"properties":{"source":"economist_fires","source_name":"The Economist war-fire model","source_url":"https://github.com/TheEconomist/the-economist-war-fire-model","id":48,"date":"2026-09-19","link":"https://www.economist.com/interactive/graphic-detail/ukraine-fires","category":"Fire classified as war-related (model estimate)","side":"Not attributed","color":"#FF8C00","radius":3,"orbat":[],"description":"Satellite heat detection at 22:59 UTC, in an area of abnormal fire activity. Urban area."}},{"type":"Feature","geometry":{"type":"Point","coordinates":[33.53764,46.76896]},"properties":{"source":"economist_fires","source_name":"The Economist war-fire model","source_url":"https://github.com/TheEconomist/the-economist-war-fire-model","id":49,"date":"2026-09-19","link":"https://www.economist.com/interactive/graphic-detail/ukraine-fires","category":"Fire classified as war-related (model estimate)","side":"Not attributed","color":"#FF8C00","radius":3,"orbat":[],"description":"Satellite heat detection at 22:59 UTC, in an area of abnormal fire activity. Urban area."}},{"type":"Feature","geometry":{"type":"Point","coordinates":[33.54235,46.77121]},"properties":{"source":"economist_fires","source_name":"The Economist war-fire model","source_url":"https://github.com/TheEconomist/the-economist-war-fire-model","id":50,"date":"2026-09-19","link":"https://www.economist.com/interactive/graphic-detail/ukraine-fires","category":"Fire classified as war-related (model estimate)","side":"Not attributed","color":"#FF8C00","radius":3,"orbat":[],"description":"Satellite heat detection at 22:59 UTC, in an area of abnormal fire activity. Urban area."}},{"type":"Feature","geometry":{"type":"Point","coordinates":[33.54264,46.7688]},"properties":{"source":"economist_fires","source_name":"The Economist war-fire model","source_url":"https://github.com/TheEconomist/the-economist-war-fire-model","id":51,"date":"2026-09-19","link":"https://www.economist.com/interactive/graphic-detail/ukraine-fires","category":"Fire classified as war-related (model estimate)","side":"Not attributed","color":"#FF8C00","radius":3,"orbat":[],"description":"Satellite heat detection at 23:20 UTC, in an area of abnormal fire activity. Urban area."}},{"type":"Feature","geometry":{"type":"Point","coordinates":[33.53668,46.76927]},"properties":{"source":"economist_fires","source_name":"The Economist war-fire model","source_url":"https://github.com/TheEconomist/the-economist-war-fire-model","id":52,"date":"2026-09-19","link":"https://www.economist.com/interactive/graphic-detail/ukraine-fires","category":"Fire classified as war-related (model estimate)","side":"Not attributed","color":"#FF8C00","radius":3,"orbat":[],"description":"Satellite heat detection at 23:20 UTC, in an area of abnormal fire activity. Urban area."}},{"type":"Feature","geometry":{"type":"Point","coordinates":[33.65359,46.8285]},"properties":{"source":"economist_fires","source_name":"The Economist war-fire model","source_url":"https://github.com/TheEconomist/the-economist-war-fire-model","id":53,"date":"2026-09-19","link":"https://www.economist.com/interactive/graphic-detail/ukraine-fires","category":"Fire classified as war-related (model estimate)","side":"Not attributed","color":"#FF8C00","radius":3,"orbat":[],"description":"Satellite heat detection at 00:22 UTC, in an area days after abnormal fire activity. Urban area."}},{"type":"Feature","geometry":{"type":"Point","coordinates":[33.71121,47.40697]},"properties":{"source":"economist_fires","source_name":"The Economist war-fire model","source_url":"https://github.com/TheEconomist/the-economist-war-fire-model","id":54,"date":"2026-09-19","link":"https://www.economist.com/interactive/graphic-detail/ukraine-fires","category":"Fire classified as war-related (model estimate)","side":"Not attributed","color":"#FF8C00","radius":3,"orbat":[],"description":"Satellite heat detection at 10:45 UTC, in an area of abnormal fire activity. Urban area."}},{"type":"Feature","geometry":{"type":"Point","coordinates":[33.71625,47.40773]},"properties":{"source":"economist_fires","source_name":"The Economist war-fire model","source_url":"https://github.com/TheEconomist/the-economist-war-fire-model","id":55,"date":"2026-09-19","link":"https://www.economist.com/interactive/graphic-detail/ukraine-fires","category":"Fire classified as war-related (model estimate)","side":"Not attributed","color":"#FF8C00","radius":3,"orbat":[],"description":"Satellite heat detection at 10:45 UTC, in an area of abnormal fire activity. Urban area."}},{"type":"Feature","geometry":{"type":"Point","coordinates":[33.72768,47.40099]},"properties":{"source":"economist_fires","source_name":"The Economist war-fire model","source_url":"https://github.com/TheEconomist/the-economist-war-fire-model","id":56,"date":"2026-09-19","link":"https://www.economist.com/interactive/graphic-detail/ukraine-fires","category":"Fire classified as war-related (model estimate)","side":"Not attributed","color":"#FF8C00","radius":3,"orbat":[],"description":"Satellite heat detection at 11:04 UTC, in an area of abnormal fire activity. Urban area."}},{"type":"Feature","geometry":{"type":"Point","coordinates":[33.71173,47.4063]},"properties":{"source":"economist_fires","source_name":"The Economist war-fire model","source_url":"https://github.com/TheEconomist/the-economist-war-fire-model","id":57,"date":"2026-09-19","link":"https://www.economist.com/interactive/graphic-detail/ukraine-fires","category":"Fire classified as war-related (model estimate)","side":"Not attributed","color":"#FF8C00","radius":3,"orbat":[],"description":"Satellite heat detection at 11:04 UTC, in an area of abnormal fire activity. Urban area."}},{"type":"Feature","geometry":{"type":"Point","coordinates":[33.89131,46.5569]},"properties":{"source":"economist_fires","source_name":"The Economist war-fire model","source_url":"https://github.com/TheEconomist/the-economist-war-fire-model","id":58,"date":"2026-09-19","link":"https://www.economist.com/interactive/graphic-detail/ukraine-fires","category":"Fire classified as war-related (model estimate)","side":"Not attributed","color":"#FF8C00","radius":3,"orbat":[],"description":"Satellite heat detection at 10:09 UTC, in an area days after abnormal fire activity. Urban area."}},{"type":"Feature","geometry":{"type":"Point","coordinates":[33.88933,46.55147]},"properties":{"source":"economist_fires","source_name":"The Economist war-fire model","source_url":"https://github.com/TheEconomist/the-economist-war-fire-model","id":59,"date":"2026-09-19","link":"https://www.economist.com/interactive/graphic-detail/ukraine-fires","category":"Fire classified as war-related (model estimate)","side":"Not attributed","color":"#FF8C00","radius":3,"orbat":[],"description":"Satellite heat detection at 10:45 UTC, in an area days after abnormal fire activity. Urban area."}},{"type":"Feature","geometry":{"type":"Point","coordinates":[33.88828,46.55474]},"properties":{"source":"economist_fires","source_name":"The Economist war-fire model","source_url":"https://github.com/TheEconomist/the-economist-war-fire-model","id":60,"date":"2026-09-19","link":"https://www.economist.com/interactive/graphic-detail/ukraine-fires","category":"Fire classified as war-related (model estimate)","side":"Not attributed","color":"#FF8C00","radius":3,"orbat":[],"description":"Satellite heat detection at 10:45 UTC, in an area days after abnormal fire activity. Urban area."}},{"type":"Feature","geometry":{"type":"Point","coordinates":[33.89248,46.55537]},"properties":{"source":"economist_fires","source_name":"The Economist war-fire model","source_url":"https://github.com/TheEconomist/the-economist-war-fire-model","id":61,"date":"2026-09-19","link":"https://www.economist.com/interactive/graphic-detail/ukraine-fires","category":"Fire classified as war-related (model estimate)","side":"Not attributed","color":"#FF8C00","radius":3,"orbat":[],"description":"Satellite heat detection at 11:04 UTC, in an area of abnormal fire activity. Urban area."}},{"type":"Feature","geometry":{"type":"Point","coordinates":[33.92916,46.7009]},"properties":{"source":"economist_fires","source_name":"The Economist war-fire model","source_url":"https://github.com/TheEconomist/the-economist-war-fire-model","id":62,"date":"2026-09-19","link":"https://www.economist.com/interactive/graphic-detail/ukraine-fires","category":"Fire classified as war-related (model estimate)","side":"Not attributed","color":"#FF8C00","radius":3,"orbat":[],"description":"Satellite heat detection at 11:04 UTC, in an area days after abnormal fire activity. Urban area."}},{"type":"Feature","geometry":{"type":"Point","coordinates":[33.93652,46.70159]},"properties":{"source":"economist_fires","source_name":"The Economist war-fire model","source_url":"https://github.com/TheEconomist/the-economist-war-fire-model","id":63,"date":"2026-09-19","link":"https://www.economist.com/interactive/graphic-detail/ukraine-fires","category":"Fire classified as war-related (model estimate)","side":"Not attributed","color":"#FF8C00","radius":3,"orbat":[],"description":"Satellite heat detection at 11:04 UTC, in an area days after abnormal fire activity. Urban area."}},{"type":"Feature","geometry":{"type":"Point","coordinates":[33.91658,46.91379]},"properties":{"source":"economist_fires","source_name":"The Economist war-fire model","source_url":"https://github.com/TheEconomist/the-economist-war-fire-model","id":64,"date":"2026-09-19","link":"https://www.economist.com/interactive/graphic-detail/ukraine-fires","category":"Fire classified as war-related (model estimate)","side":"Not attributed","color":"#FF8C00","radius":3,"orbat":[],"description":"Satellite heat detection at 10:45 UTC, in an area of abnormal fire activity. Urban area."}},{"type":"Feature","geometry":{"type":"Point","coordinates":[33.92157,46.91455]},"properties":{"source":"economist_fires","source_name":"The Economist war-fire model","source_url":"https://github.com/TheEconomist/the-economist-war-fire-model","id":65,"date":"2026-09-19","link":"https://www.economist.com/interactive/graphic-detail/ukraine-fires","category":"Fire classified as war-related (model estimate)","side":"Not attributed","color":"#FF8C00","radius":3,"orbat":[],"description":"Satellite heat detection at 10:45 UTC, in an area days after abnormal fire activity. Urban area."}},{"type":"Feature","geometry":{"type":"Point","coordinates":[33.92052,46.91783]},"properties":{"source":"economist_fires","source_name":"The Economist war-fire model","source_url":"https://github.com/TheEconomist/the-economist-war-fire-model","id":66,"date":"2026-09-19","link":"https://www.economist.com/interactive/graphic-detail/ukraine-fires","category":"Fire classified as war-related (model estimate)","side":"Not attributed","color":"#FF8C00","radius":3,"orbat":[],"description":"Satellite heat detection at 10:45 UTC, in an area days after abnormal fire activity. Urban area."}},{"type":"Feature","geometry":{"type":"Point","coordinates":[33.92551,46.91858]},"properties":{"source":"economist_fires","source_name":"The Economist war-fire model","source_url":"https://github.com/TheEconomist/the-economist-war-fire-model","id":67,"date":"2026-09-19","link":"https://www.economist.com/interactive/graphic-detail/ukraine-fires","category":"Fire classified as war-related (model estimate)","side":"Not attributed","color":"#FF8C00","radius":3,"orbat":[],"description":"Satellite heat detection at 10:45 UTC, in an area days after abnormal fire activity. Urban area."}},{"type":"Feature","geometry":{"type":"Point","coordinates":[33.91762,46.90995]},"properties":{"source":"economist_fires","source_name":"The Economist war-fire model","source_url":"https://github.com/TheEconomist/the-economist-war-fire-model","id":68,"date":"2026-09-19","link":"https://www.economist.com/interactive/graphic-detail/ukraine-fires","category":"Fire classified as war-related (model estimate)","side":"Not attributed","color":"#FF8C00","radius":3,"orbat":[],"description":"Satellite heat detection at 11:04 UTC, in an area days after abnormal fire activity. Urban area."}},{"type":"Feature","geometry":{"type":"Point","coordinates":[33.92727,46.92187]},"properties":{"source":"economist_fires","source_name":"The Economist war-fire model","source_url":"https://github.com/TheEconomist/the-economist-war-fire-model","id":69,"date":"2026-09-19","link":"https://www.economist.com/interactive/graphic-detail/ukraine-fires","category":"Fire classified as war-related (model estimate)","side":"Not attributed","color":"#FF8C00","radius":3,"orbat":[],"description":"Satellite heat detection at 23:20 UTC, in an area of abnormal fire activity. Urban area."}},{"type":"Feature","geometry":{"type":"Point","coordinates":[33.92263,46.92553]},"properties":{"source":"economist_fires","source_name":"The Economist war-fire model","source_url":"https://github.com/TheEconomist/the-economist-war-fire-model","id":70,"date":"2026-09-19","link":"https://www.economist.com/interactive/graphic-detail/ukraine-fires","category":"Fire classified as war-related (model estimate)","side":"Not attributed","color":"#FF8C00","radius":3,"orbat":[],"description":"Satellite heat detection at 23:20 UTC, in an area of abnormal fire activity. Urban area."}},{"type":"Feature","geometry":{"type":"Point","coordinates":[33.92229,46.9266]},"properties":{"source":"economist_fires","source_name":"The Economist war-fire model","source_url":"https://github.com/TheEconomist/the-economist-war-fire-model","id":71,"date":"2026-09-19","link":"https://www.economist.com/interactive/graphic-detail/ukraine-fires","category":"Fire classified as war-related (model estimate)","side":"Not attributed","color":"#FF8C00","radius":3,"orbat":[],"description":"Satellite heat detection at 23:20 UTC, in an area days after abnormal fire activity. Urban area."}},{"type":"Feature","geometry":{"type":"Point","coordinates":[33.97869,46.76781]},"properties":{"source":"economist_fires","source_name":"The Economist war-fire model","source_url":"https://github.com/TheEconomist/the-economist-war-fire-model","id":72,"date":"2026-09-19","link":"https://www.economist.com/interactive/graphic-detail/ukraine-fires","category":"Fire classified as war-related (model estimate)","side":"Not attributed","color":"#FF8C00","radius":3,"orbat":[],"description":"Satellite heat detection at 23:20 UTC, in an area days after abnormal fire activity. Urban area."}},{"type":"Feature","geometry":{"type":"Point","coordinates":[34.09338,46.71317]},"properties":{"source":"economist_fires","source_name":"The Economist war-fire model","source_url":"https://github.com/TheEconomist/the-economist-war-fire-model","id":73,"date":"2026-09-19","link":"https://www.economist.com/interactive/graphic-detail/ukraine-fires","category":"Fire classified as war-related (model estimate)","side":"Not attributed","color":"#FF8C00","radius":3,"orbat":[],"description":"Satellite heat detection at 22:59 UTC, in an area days after abnormal fire activity. Urban area."}},{"type":"Feature","geometry":{"type":"Point","coordinates":[34.10866,47.33263]},"properties":{"source":"economist_fires","source_name":"The Economist war-fire model","source_url":"https://github.com/TheEconomist/the-economist-war-fire-model","id":74,"date":"2026-09-19","link":"https://www.economist.com/interactive/graphic-detail/ukraine-fires","category":"Fire classified as war-related (model estimate)","side":"Not attributed","color":"#FF8C00","radius":3,"orbat":[],"description":"Satellite heat detection at 09:24 UTC, in an area days after abnormal fire activity. Urban area."}},{"type":"Feature","geometry":{"type":"Point","coordinates":[34.49267,46.94363]},"properties":{"source":"economist_fires","source_name":"The Economist war-fire model","source_url":"https://github.com/TheEconomist/the-economist-war-fire-model","id":75,"date":"2026-09-19","link":"https://www.economist.com/interactive/graphic-detail/ukraine-fires","category":"Fire classified as war-related (model estimate)","side":"Not attributed","color":"#FF8C00","radius":3,"orbat":[],"description":"Satellite heat detection at 22:59 UTC, in an area days after abnormal fire activity. Urban area."}},{"type":"Feature","geometry":{"type":"Point","coordinates":[34.49382,46.94517]},"properties":{"source":"economist_fires","source_name":"The Economist war-fire model","source_url":"https://github.com/TheEconomist/the-economist-war-fire-model","id":76,"date":"2026-09-19","link":"https://www.economist.com/interactive/graphic-detail/ukraine-fires","category":"Fire classified as war-related (model estimate)","side":"Not attributed","color":"#FF8C00","radius":3,"orbat":[],"description":"Satellite heat detection at 23:20 UTC, in an area days after abnormal fire activity. Urban area."}},{"type":"Feature","geometry":{"type":"Point","coordinates":[34.48838,46.94565]},"properties":{"source":"economist_fires","source_name":"The Economist war-fire model","source_url":"https://github.com/TheEconomist/the-economist-war-fire-model","id":77,"date":"2026-09-19","link":"https://www.economist.com/interactive/graphic-detail/ukraine-fires","category":"Fire classified as war-related (model estimate)","side":"Not attributed","color":"#FF8C00","radius":3,"orbat":[],"description":"Satellite heat detection at 23:20 UTC, in an area days after abnormal fire activity. Urban area."}},{"type":"Feature","geometry":{"type":"Point","coordinates":[34.53122,46.98103]},"properties":{"source":"economist_fires","source_name":"The Economist war-fire model","source_url":"https://github.com/TheEconomist/the-economist-war-fire-model","id":78,"date":"2026-09-19","link":"https://www.economist.com/interactive/graphic-detail/ukraine-fires","category":"Fire classified as war-related (model estimate)","side":"Not attributed","color":"#FF8C00","radius":3,"orbat":[],"description":"Satellite heat detection at 10:45 UTC, in an area days after abnormal fire activity. Urban area."}},{"type":"Feature","geometry":{"type":"Point","coordinates":[34.5164,47.02491]},"properties":{"source":"economist_fires","source_name":"The Economist war-fire model","source_url":"https://github.com/TheEconomist/the-economist-war-fire-model","id":79,"date":"2026-09-19","link":"https://www.economist.com/interactive/graphic-detail/ukraine-fires","category":"Fire classified as war-related (model estimate)","side":"Not attributed","color":"#FF8C00","radius":3,"orbat":[],"description":"Satellite heat detection at 23:20 UTC, in an area days after abnormal fire activity. Urban area."}},{"type":"Feature","geometry":{"type":"Point","coordinates":[34.51398,47.0573]},"properties":{"source":"economist_fires","source_name":"The Economist war-fire model","source_url":"https://github.com/TheEconomist/the-economist-war-fire-model","id":80,"date":"2026-09-19","link":"https://www.economist.com/interactive/graphic-detail/ukraine-fires","category":"Fire classified as war-related (model estimate)","side":"Not attributed","color":"#FF8C00","radius":3,"orbat":[],"description":"Satellite heat detection at 00:22 UTC, in an area of abnormal fire activity. Urban area."}},{"type":"Feature","geometry":{"type":"Point","coordinates":[34.51379,47.05747]},"properties":{"source":"economist_fires","source_name":"The Economist war-fire model","source_url":"https://github.com/TheEconomist/the-economist-war-fire-model","id":81,"date":"2026-09-19","link":"https://www.economist.com/interactive/graphic-detail/ukraine-fires","category":"Fire classified as war-related (model estimate)","side":"Not attributed","color":"#FF8C00","radius":3,"orbat":[],"description":"Satellite heat detection at 00:22 UTC, in an area of abnormal fire activity. Urban area."}},{"type":"Feature","geometry":{"type":"Point","coordinates":[34.53552,47.08525]},"properties":{"source":"economist_fires","source_name":"The Economist war-fire model","source_url":"https://github.com/TheEconomist/the-economist-war-fire-model","id":82,"date":"2026-09-19","link":"https://www.economist.com/interactive/graphic-detail/ukraine-fires","category":"Fire classified as war-related (model estimate)","side":"Not attributed","color":"#FF8C00","radius":3,"orbat":[],"description":"Satellite heat detection at 00:22 UTC, in an area of abnormal fire activity. Urban area."}},{"type":"Feature","geometry":{"type":"Point","coordinates":[34.53671,47.08756]},"properties":{"source":"economist_fires","source_name":"The Economist war-fire model","source_url":"https://github.com/TheEconomist/the-economist-war-fire-model","id":83,"date":"2026-09-19","link":"https://www.economist.com/interactive/graphic-detail/ukraine-fires","category":"Fire classified as war-related (model estimate)","side":"Not attributed","color":"#FF8C00","radius":3,"orbat":[],"description":"Satellite heat detection at 00:58 UTC, in an area of abnormal fire activity. Urban area."}},{"type":"Feature","geometry":{"type":"Point","coordinates":[34.51694,47.05392]},"properties":{"source":"economist_fires","source_name":"The Economist war-fire model","source_url":"https://github.com/TheEconomist/the-economist-war-fire-model","id":84,"date":"2026-09-19","link":"https://www.economist.com/interactive/graphic-detail/ukraine-fires","category":"Fire classified as war-related (model estimate)","side":"Not attributed","color":"#FF8C00","radius":3,"orbat":[],"description":"Satellite heat detection at 09:24 UTC, in an area of abnormal fire activity. Urban area."}},{"type":"Feature","geometry":{"type":"Point","coordinates":[34.53328,47.08737]},"properties":{"source":"economist_fires","source_name":"The Economist war-fire model","source_url":"https://github.com/TheEconomist/the-economist-war-fire-model","id":85,"date":"2026-09-19","link":"https://www.economist.com/interactive/graphic-detail/ukraine-fires","category":"Fire classified as war-related (model estimate)","side":"Not attributed","color":"#FF8C00","radius":3,"orbat":[],"description":"Satellite heat detection at 09:24 UTC, in an area of abnormal fire activity. Urban area."}},{"type":"Feature","geometry":{"type":"Point","coordinates":[34.52903,47.08607]},"properties":{"source":"economist_fires","source_name":"The Economist war-fire model","source_url":"https://github.com/TheEconomist/the-economist-war-fire-model","id":86,"date":"2026-09-19","link":"https://www.economist.com/interactive/graphic-detail/ukraine-fires","category":"Fire classified as war-related (model estimate)","side":"Not attributed","color":"#FF8C00","radius":3,"orbat":[],"description":"Satellite heat detection at 10:09 UTC, in an area of abnormal fire activity. Urban area."}},{"type":"Feature","geometry":{"type":"Point","coordinates":[34.52751,47.08963]},"properties":{"source":"economist_fires","source_name":"The Economist war-fire model","source_url":"https://github.com/TheEconomist/the-economist-war-fire-model","id":87,"date":"2026-09-19","link":"https://www.economist.com/interactive/graphic-detail/ukraine-fires","category":"Fire classified as war-related (model estimate)","side":"Not attributed","color":"#FF8C00","radius":3,"orbat":[],"description":"Satellite heat detection at 10:09 UTC, in an area of abnormal fire activity. Urban area."}},{"type":"Feature","geometry":{"type":"Point","coordinates":[34.51646,47.05299]},"properties":{"source":"economist_fires","source_name":"The Economist war-fire model","source_url":"https://github.com/TheEconomist/the-economist-war-fire-model","id":88,"date":"2026-09-19","link":"https://www.economist.com/interactive/graphic-detail/ukraine-fires","category":"Fire classified as war-related (model estimate)","side":"Not attributed","color":"#FF8C00","radius":3,"orbat":[],"description":"Satellite heat detection at 10:45 UTC, in an area of abnormal fire activity. Urban area."}},{"type":"Feature","geometry":{"type":"Point","coordinates":[34.53358,47.08301]},"properties":{"source":"economist_fires","source_name":"The Economist war-fire model","source_url":"https://github.com/TheEconomist/the-economist-war-fire-model","id":89,"date":"2026-09-19","link":"https://www.economist.com/interactive/graphic-detail/ukraine-fires","category":"Fire classified as war-related (model estimate)","side":"Not attributed","color":"#FF8C00","radius":3,"orbat":[],"description":"Satellite heat detection at 10:45 UTC, in an area of abnormal fire activity. Urban area."}},{"type":"Feature","geometry":{"type":"Point","coordinates":[34.52748,47.08557]},"properties":{"source":"economist_fires","source_name":"The Economist war-fire model","source_url":"https://github.com/TheEconomist/the-economist-war-fire-model","id":90,"date":"2026-09-19","link":"https://www.economist.com/interactive/graphic-detail/ukraine-fires","category":"Fire classified as war-related (model estimate)","side":"Not attributed","color":"#FF8C00","radius":3,"orbat":[],"description":"Satellite heat detection at 10:45 UTC, in an area of abnormal fire activity. Urban area."}},{"type":"Feature","geometry":{"type":"Point","coordinates":[34.53255,47.08631]},"properties":{"source":"economist_fires","source_name":"The Economist war-fire model","source_url":"https://github.com/TheEconomist/the-economist-war-fire-model","id":91,"date":"2026-09-19","link":"https://www.economist.com/interactive/graphic-detail/ukraine-fires","category":"Fire classified as war-related (model estimate)","side":"Not attributed","color":"#FF8C00","radius":3,"orbat":[],"description":"Satellite heat detection at 10:45 UTC, in an area of abnormal fire activity. Urban area."}},{"type":"Feature","geometry":{"type":"Point","coordinates":[34.52139,47.08813]},"properties":{"source":"economist_fires","source_name":"The Economist war-fire model","source_url":"https://github.com/TheEconomist/the-economist-war-fire-model","id":92,"date":"2026-09-19","link":"https://www.economist.com/interactive/graphic-detail/ukraine-fires","category":"Fire classified as war-related (model estimate)","side":"Not attributed","color":"#FF8C00","radius":3,"orbat":[],"description":"Satellite heat detection at 10:45 UTC, in an area of abnormal fire activity. Urban area."}},{"type":"Feature","geometry":{"type":"Point","coordinates":[34.52645,47.08886]},"properties":{"source":"economist_fires","source_name":"The Economist war-fire model","source_url":"https://github.com/TheEconomist/the-economist-war-fire-model","id":93,"date":"2026-09-19","link":"https://www.economist.com/interactive/graphic-detail/ukraine-fires","category":"Fire classified as war-related (model estimate)","side":"Not attributed","color":"#FF8C00","radius":3,"orbat":[],"description":"Satellite heat detection at 10:45 UTC, in an area of abnormal fire activity. Urban area."}},{"type":"Feature","geometry":{"type":"Point","coordinates":[34.53152,47.0896]},"properties":{"source":"economist_fires","source_name":"The Economist war-fire model","source_url":"https://github.com/TheEconomist/the-economist-war-fire-model","id":94,"date":"2026-09-19","link":"https://www.economist.com/interactive/graphic-detail/ukraine-fires","category":"Fire classified as war-related (model estimate)","side":"Not attributed","color":"#FF8C00","radius":3,"orbat":[],"description":"Satellite heat detection at 10:45 UTC, in an area of abnormal fire activity. Urban area."}},{"type":"Feature","geometry":{"type":"Point","coordinates":[34.51806,47.05039]},"properties":{"source":"economist_fires","source_name":"The Economist war-fire model","source_url":"https://github.com/TheEconomist/the-economist-war-fire-model","id":95,"date":"2026-09-19","link":"https://www.economist.com/interactive/graphic-detail/ukraine-fires","category":"Fire classified as war-related (model estimate)","side":"Not attributed","color":"#FF8C00","radius":3,"orbat":[],"description":"Satellite heat detection at 11:04 UTC, in an area of abnormal fire activity. Urban area."}},{"type":"Feature","geometry":{"type":"Point","coordinates":[34.51557,47.05371]},"properties":{"source":"economist_fires","source_name":"The Economist war-fire model","source_url":"https://github.com/TheEconomist/the-economist-war-fire-model","id":96,"date":"2026-09-19","link":"https://www.economist.com/interactive/graphic-detail/ukraine-fires","category":"Fire classified as war-related (model estimate)","side":"Not attributed","color":"#FF8C00","radius":3,"orbat":[],"description":"Satellite heat detection at 11:04 UTC, in an area of abnormal fire activity. Urban area."}},{"type":"Feature","geometry":{"type":"Point","coordinates":[34.53751,47.08043]},"properties":{"source":"economist_fires","source_name":"The Economist war-fire model","source_url":"https://github.com/TheEconomist/the-economist-war-fire-model","id":97,"date":"2026-09-19","link":"https://www.economist.com/interactive/graphic-detail/ukraine-fires","category":"Fire classified as war-related (model estimate)","side":"Not attributed","color":"#FF8C00","radius":3,"orbat":[],"description":"Satellite heat detection at 11:04 UTC, in an area of abnormal fire activity. Urban area."}},{"type":"Feature","geometry":{"type":"Point","coordinates":[34.52615,47.08359]},"properties":{"source":"economist_fires","source_name":"The Economist war-fire model","source_url":"https://github.com/TheEconomist/the-economist-war-fire-model","id":98,"date":"2026-09-19","link":"https://www.economist.com/interactive/graphic-detail/ukraine-fires","category":"Fire classified as war-related (model estimate)","side":"Not attributed","color":"#FF8C00","radius":3,"orbat":[],"description":"Satellite heat detection at 11:04 UTC, in an area of abnormal fire activity. Urban area."}},{"type":"Feature","geometry":{"type":"Point","coordinates":[34.53145,47.08405]},"properties":{"source":"economist_fires","source_name":"The Economist war-fire model","source_url":"https://github.com/TheEconomist/the-economist-war-fire-model","id":99,"date":"2026-09-19","link":"https://www.economist.com/interactive/graphic-detail/ukraine-fires","category":"Fire classified as war-related (model estimate)","side":"Not attributed","color":"#FF8C00","radius":3,"orbat":[],"description":"Satellite heat detection at 11:04 UTC, in an area of abnormal fire activity. Urban area."}},{"type":"Feature","geometry":{"type":"Point","coordinates":[34.52539,47.08766]},"properties":{"source":"economist_fires","source_name":"The Economist war-fire model","source_url":"https://github.com/TheEconomist/the-economist-war-fire-model","id":100,"date":"2026-09-19","link":"https://www.economist.com/interactive/graphic-detail/ukraine-fires","category":"Fire classified as war-related (model estimate)","side":"Not attributed","color":"#FF8C00","radius":3,"orbat":[],"description":"Satellite heat detection at 11:04 UTC, in an area of abnormal fire activity. Urban area."}},{"type":"Feature","geometry":{"type":"Point","coordinates":[34.53069,47.08812]},"properties":{"source":"economist_fires","source_name":"The Economist war-fire model","source_url":"https://github.com/TheEconomist/the-economist-war-fire-model","id":101,"date":"2026-09-19","link":"https://www.economist.com/interactive/graphic-detail/ukraine-fires","category":"Fire classified as war-related (model estimate)","side":"Not attributed","color":"#FF8C00","radius":3,"orbat":[],"description":"Satellite heat detection at 11:04 UTC, in an area of abnormal fire activity. Urban area."}},{"type":"Feature","geometry":{"type":"Point","coordinates":[34.51817,47.06252]},"properties":{"source":"economist_fires","source_name":"The Economist war-fire model","source_url":"https://github.com/TheEconomist/the-economist-war-fire-model","id":102,"date":"2026-09-19","link":"https://www.economist.com/interactive/graphic-detail/ukraine-fires","category":"Fire classified as war-related (model estimate)","side":"Not attributed","color":"#FF8C00","radius":3,"orbat":[],"description":"Satellite heat detection at 23:20 UTC, in an area of abnormal fire activity. Urban area."}},{"type":"Feature","geometry":{"type":"Point","coordinates":[34.59275,46.89558]},"properties":{"source":"economist_fires","source_name":"The Economist war-fire model","source_url":"https://github.com/TheEconomist/the-economist-war-fire-model","id":103,"date":"2026-09-19","link":"https://www.economist.com/interactive/graphic-detail/ukraine-fires","category":"Fire classified as war-related (model estimate)","side":"Not attributed","color":"#FF8C00","radius":3,"orbat":[],"description":"Satellite heat detection at 06:14 UTC, in an area days after abnormal fire activity. Urban area."}},{"type":"Feature","geometry":{"type":"Point","coordinates":[34.58701,46.89932]},"properties":{"source":"economist_fires","source_name":"The Economist war-fire model","source_url":"https://github.com/TheEconomist/the-economist-war-fire-model","id":104,"date":"2026-09-19","link":"https://www.economist.com/interactive/graphic-detail/ukraine-fires","category":"Fire classified as war-related (model estimate)","side":"Not attributed","color":"#FF8C00","radius":3,"orbat":[],"description":"Satellite heat detection at 06:14 UTC, in an area days after abnormal fire activity. Urban area."}},{"type":"Feature","geometry":{"type":"Point","coordinates":[34.61709,47.00459]},"properties":{"source":"economist_fires","source_name":"The Economist war-fire model","source_url":"https://github.com/TheEconomist/the-economist-war-fire-model","id":105,"date":"2026-09-19","link":"https://www.economist.com/interactive/graphic-detail/ukraine-fires","category":"Fire classified as war-related (model estimate)","side":"Not attributed","color":"#FF8C00","radius":3,"orbat":[],"description":"Satellite heat detection at 09:24 UTC, in an area of abnormal fire activity. Urban area."}},{"type":"Feature","geometry":{"type":"Point","coordinates":[34.62356,47.00674]},"properties":{"source":"economist_fires","source_name":"The Economist war-fire model","source_url":"https://github.com/TheEconomist/the-economist-war-fire-model","id":106,"date":"2026-09-19","link":"https://www.economist.com/interactive/graphic-detail/ukraine-fires","category":"Fire classified as war-related (model estimate)","side":"Not attributed","color":"#FF8C00","radius":3,"orbat":[],"description":"Satellite heat detection at 09:24 UTC, in an area of abnormal fire activity. Urban area."}},{"type":"Feature","geometry":{"type":"Point","coordinates":[34.60658,47.00807]},"properties":{"source":"economist_fires","source_name":"The Economist war-fire model","source_url":"https://github.com/TheEconomist/the-economist-war-fire-model","id":107,"date":"2026-09-19","link":"https://www.economist.com/interactive/graphic-detail/ukraine-fires","category":"Fire classified as war-related (model estimate)","side":"Not attributed","color":"#FF8C00","radius":3,"orbat":[],"description":"Satellite heat detection at 09:24 UTC, in an area of abnormal fire activity. Urban area."}},{"type":"Feature","geometry":{"type":"Point","coordinates":[34.61306,47.01022]},"properties":{"source":"economist_fires","source_name":"The Economist war-fire model","source_url":"https://github.com/TheEconomist/the-economist-war-fire-model","id":108,"date":"2026-09-19","link":"https://www.economist.com/interactive/graphic-detail/ukraine-fires","category":"Fire classified as war-related (model estimate)","side":"Not attributed","color":"#FF8C00","radius":3,"orbat":[],"description":"Satellite heat detection at 09:24 UTC, in an area of abnormal fire activity. Urban area."}},{"type":"Feature","geometry":{"type":"Point","coordinates":[34.61953,47.01237]},"properties":{"source":"economist_fires","source_name":"The Economist war-fire model","source_url":"https://github.com/TheEconomist/the-economist-war-fire-model","id":109,"date":"2026-09-19","link":"https://www.economist.com/interactive/graphic-detail/ukraine-fires","category":"Fire classified as war-related (model estimate)","side":"Not attributed","color":"#FF8C00","radius":3,"orbat":[],"description":"Satellite heat detection at 09:24 UTC, in an area of abnormal fire activity. Urban area."}},{"type":"Feature","geometry":{"type":"Point","coordinates":[34.61681,47.00748]},"properties":{"source":"economist_fires","source_name":"The Economist war-fire model","source_url":"https://github.com/TheEconomist/the-economist-war-fire-model","id":110,"date":"2026-09-19","link":"https://www.economist.com/interactive/graphic-detail/ukraine-fires","category":"Fire classified as war-related (model estimate)","side":"Not attributed","color":"#FF8C00","radius":3,"orbat":[],"description":"Satellite heat detection at 10:09 UTC, in an area of abnormal fire activity. Urban area."}},{"type":"Feature","geometry":{"type":"Point","coordinates":[34.6192,47.00412]},"properties":{"source":"economist_fires","source_name":"The Economist war-fire model","source_url":"https://github.com/TheEconomist/the-economist-war-fire-model","id":111,"date":"2026-09-19","link":"https://www.economist.com/interactive/graphic-detail/ukraine-fires","category":"Fire classified as war-related (model estimate)","side":"Not attributed","color":"#FF8C00","radius":3,"orbat":[],"description":"Satellite heat detection at 10:45 UTC, in an area of abnormal fire activity. Urban area."}},{"type":"Feature","geometry":{"type":"Point","coordinates":[34.62933,47.00558]},"properties":{"source":"economist_fires","source_name":"The Economist war-fire model","source_url":"https://github.com/TheEconomist/the-economist-war-fire-model","id":112,"date":"2026-09-19","link":"https://www.economist.com/interactive/graphic-detail/ukraine-fires","category":"Fire classified as war-related (model estimate)","side":"Not attributed","color":"#FF8C00","radius":3,"orbat":[],"description":"Satellite heat detection at 10:45 UTC, in an area of abnormal fire activity. Urban area."}},{"type":"Feature","geometry":{"type":"Point","coordinates":[34.62324,47.00814]},"properties":{"source":"economist_fires","source_name":"The Economist war-fire model","source_url":"https://github.com/TheEconomist/the-economist-war-fire-model","id":113,"date":"2026-09-19","link":"https://www.economist.com/interactive/graphic-detail/ukraine-fires","category":"Fire classified as war-related (model estimate)","side":"Not attributed","color":"#FF8C00","radius":3,"orbat":[],"description":"Satellite heat detection at 10:45 UTC, in an area of abnormal fire activity. Urban area."}},{"type":"Feature","geometry":{"type":"Point","coordinates":[34.62831,47.00888]},"properties":{"source":"economist_fires","source_name":"The Economist war-fire model","source_url":"https://github.com/TheEconomist/the-economist-war-fire-model","id":114,"date":"2026-09-19","link":"https://www.economist.com/interactive/graphic-detail/ukraine-fires","category":"Fire classified as war-related (model estimate)","side":"Not attributed","color":"#FF8C00","radius":3,"orbat":[],"description":"Satellite heat detection at 10:45 UTC, in an area of abnormal fire activity. Urban area."}},{"type":"Feature","geometry":{"type":"Point","coordinates":[34.5701,47.00118]},"properties":{"source":"economist_fires","source_name":"The Economist war-fire model","source_url":"https://github.com/TheEconomist/the-economist-war-fire-model","id":115,"date":"2026-09-19","link":"https://www.economist.com/interactive/graphic-detail/ukraine-fires","category":"Fire classified as war-related (model estimate)","side":"Not attributed","color":"#FF8C00","radius":3,"orbat":[],"description":"Satellite heat detection at 11:04 UTC, in an area of abnormal fire activity. Urban area."}},{"type":"Feature","geometry":{"type":"Point","coordinates":[34.62392,47.00172]},"properties":{"source":"economist_fires","source_name":"The Economist war-fire model","source_url":"https://github.com/TheEconomist/the-economist-war-fire-model","id":116,"date":"2026-09-19","link":"https://www.economist.com/interactive/graphic-detail/ukraine-fires","category":"Fire classified as war-related (model estimate)","side":"Not attributed","color":"#FF8C00","radius":3,"orbat":[],"description":"Satellite heat detection at 11:04 UTC, in an area of abnormal fire activity. Urban area."}},{"type":"Feature","geometry":{"type":"Point","coordinates":[34.62924,47.00219]},"properties":{"source":"economist_fires","source_name":"The Economist war-fire model","source_url":"https://github.com/TheEconomist/the-economist-war-fire-model","id":117,"date":"2026-09-19","link":"https://www.economist.com/interactive/graphic-detail/ukraine-fires","category":"Fire classified as war-related (model estimate)","side":"Not attributed","color":"#FF8C00","radius":3,"orbat":[],"description":"Satellite heat detection at 11:04 UTC, in an area of abnormal fire activity. Urban area."}},{"type":"Feature","geometry":{"type":"Point","coordinates":[34.62318,47.00581]},"properties":{"source":"economist_fires","source_name":"The Economist war-fire model","source_url":"https://github.com/TheEconomist/the-economist-war-fire-model","id":118,"date":"2026-09-19","link":"https://www.economist.com/interactive/graphic-detail/ukraine-fires","category":"Fire classified as war-related (model estimate)","side":"Not attributed","color":"#FF8C00","radius":3,"orbat":[],"description":"Satellite heat detection at 11:04 UTC, in an area of abnormal fire activity. Urban area."}},{"type":"Feature","geometry":{"type":"Point","coordinates":[34.62522,46.99344]},"properties":{"source":"economist_fires","source_name":"The Economist war-fire model","source_url":"https://github.com/TheEconomist/the-economist-war-fire-model","id":119,"date":"2026-09-19","link":"https://www.economist.com/interactive/graphic-detail/ukraine-fires","category":"Fire classified as war-related (model estimate)","side":"Not attributed","color":"#FF8C00","radius":3,"orbat":[],"description":"Satellite heat detection at 13:18 UTC, in an area of abnormal fire activity. Urban area."}},{"type":"Feature","geometry":{"type":"Point","coordinates":[34.61343,46.99809]},"properties":{"source":"economist_fires","source_name":"The Economist war-fire model","source_url":"https://github.com/TheEconomist/the-economist-war-fire-model","id":120,"date":"2026-09-19","link":"https://www.economist.com/interactive/graphic-detail/ukraine-fires","category":"Fire classified as war-related (model estimate)","side":"Not attributed","color":"#FF8C00","radius":3,"orbat":[],"description":"Satellite heat detection at 22:59 UTC, in an area of abnormal fire activity. Urban area."}},{"type":"Feature","geometry":{"type":"Point","coordinates":[34.64157,47.00288]},"properties":{"source":"economist_fires","source_name":"The Economist war-fire model","source_url":"https://github.com/TheEconomist/the-economist-war-fire-model","id":121,"date":"2026-09-19","link":"https://www.economist.com/interactive/graphic-detail/ukraine-fires","category":"Fire classified as war-related (model estimate)","side":"Not attributed","color":"#FF8C00","radius":3,"orbat":[],"description":"Satellite heat detection at 22:59 UTC, in an area of abnormal fire activity. Urban area."}},{"type":"Feature","geometry":{"type":"Point","coordinates":[34.62666,46.99852]},"properties":{"source":"economist_fires","source_name":"The Economist war-fire model","source_url":"https://github.com/TheEconomist/the-economist-war-fire-model","id":122,"date":"2026-09-19","link":"https://www.economist.com/interactive/graphic-detail/ukraine-fires","category":"Fire classified as war-related (model estimate)","side":"Not attributed","color":"#FF8C00","radius":3,"orbat":[],"description":"Satellite heat detection at 23:20 UTC, in an area of abnormal fire activity. Urban area."}},{"type":"Feature","geometry":{"type":"Point","coordinates":[34.61592,46.99945]},"properties":{"source":"economist_fires","source_name":"The Economist war-fire model","source_url":"https://github.com/TheEconomist/the-economist-war-fire-model","id":123,"date":"2026-09-19","link":"https://www.economist.com/interactive/graphic-detail/ukraine-fires","category":"Fire classified as war-related (model estimate)","side":"Not attributed","color":"#FF8C00","radius":3,"orbat":[],"description":"Satellite heat detection at 23:20 UTC, in an area of abnormal fire activity. Urban area."}},{"type":"Feature","geometry":{"type":"Point","coordinates":[34.6382,47.00167]},"properties":{"source":"economist_fires","source_name":"The Economist war-fire model","source_url":"https://github.com/TheEconomist/the-economist-war-fire-model","id":124,"date":"2026-09-19","link":"https://www.economist.com/interactive/graphic-detail/ukraine-fires","category":"Fire classified as war-related (model estimate)","side":"Not attributed","color":"#FF8C00","radius":3,"orbat":[],"description":"Satellite heat detection at 23:20 UTC, in an area of abnormal fire activity. Urban area."}},{"type":"Feature","geometry":{"type":"Point","coordinates":[34.63283,47.00214]},"properties":{"source":"economist_fires","source_name":"The Economist war-fire model","source_url":"https://github.com/TheEconomist/the-economist-war-fire-model","id":125,"date":"2026-09-19","link":"https://www.economist.com/interactive/graphic-detail/ukraine-fires","category":"Fire classified as war-related (model estimate)","side":"Not attributed","color":"#FF8C00","radius":3,"orbat":[],"description":"Satellite heat detection at 23:20 UTC, in an area of abnormal fire activity. Urban area."}},{"type":"Feature","geometry":{"type":"Point","coordinates":[34.63364,47.00624]},"properties":{"source":"economist_fires","source_name":"The Economist war-fire model","source_url":"https://github.com/TheEconomist/the-economist-war-fire-model","id":126,"date":"2026-09-19","link":"https://www.economist.com/interactive/graphic-detail/ukraine-fires","category":"Fire classified as war-related (model estimate)","side":"Not attributed","color":"#FF8C00","radius":3,"orbat":[],"description":"Satellite heat detection at 23:20 UTC, in an area of abnormal fire activity. Urban area."}},{"type":"Feature","geometry":{"type":"Point","coordinates":[34.62764,47.51342]},"properties":{"source":"economist_fires","source_name":"The Economist war-fire model","source_url":"https://github.com/TheEconomist/the-economist-war-fire-model","id":127,"date":"2026-09-19","link":"https://www.economist.com/interactive/graphic-detail/ukraine-fires","category":"Fire classified as war-related (model estimate)","side":"Not attributed","color":"#FF8C00","radius":3,"orbat":[],"description":"Satellite heat detection at 00:22 UTC, in an area days after abnormal fire activity. Urban area."}},{"type":"Feature","geometry":{"type":"Point","coordinates":[34.70644,46.82135]},"properties":{"source":"economist_fires","source_name":"The Economist war-fire model","source_url":"https://github.com/TheEconomist/the-economist-war-fire-model","id":128,"date":"2026-09-19","link":"https://www.economist.com/interactive/graphic-detail/ukraine-fires","category":"Fire classified as war-related (model estimate)","side":"Not attributed","color":"#FF8C00","radius":3,"orbat":[],"description":"Satellite heat detection at 10:09 UTC, in an area days after abnormal fire activity. Urban area."}},{"type":"Feature","geometry":{"type":"Point","coordinates":[34.76043,46.85149]},"properties":{"source":"economist_fires","source_name":"The Economist war-fire model","source_url":"https://github.com/TheEconomist/the-economist-war-fire-model","id":129,"date":"2026-09-19","link":"https://www.economist.com/interactive/graphic-detail/ukraine-fires","category":"Fire classified as war-related (model estimate)","side":"Not attributed","color":"#FF8C00","radius":3,"orbat":[],"description":"Satellite heat detection at 09:24 UTC, in an area of abnormal fire activity. Urban area."}},{"type":"Feature","geometry":{"type":"Point","coordinates":[34.76672,46.85272]},"properties":{"source":"economist_fires","source_name":"The Economist war-fire model","source_url":"https://github.com/TheEconomist/the-economist-war-fire-model","id":130,"date":"2026-09-19","link":"https://www.economist.com/interactive/graphic-detail/ukraine-fires","category":"Fire classified as war-related (model estimate)","side":"Not attributed","color":"#FF8C00","radius":3,"orbat":[],"description":"Satellite heat detection at 09:24 UTC, in an area of abnormal fire activity. Urban area."}},{"type":"Feature","geometry":{"type":"Point","coordinates":[34.76688,46.85362]},"properties":{"source":"economist_fires","source_name":"The Economist war-fire model","source_url":"https://github.com/TheEconomist/the-economist-war-fire-model","id":131,"date":"2026-09-19","link":"https://www.economist.com/interactive/graphic-detail/ukraine-fires","category":"Fire classified as war-related (model estimate)","side":"Not attributed","color":"#FF8C00","radius":3,"orbat":[],"description":"Satellite heat detection at 09:24 UTC, in an area of abnormal fire activity. Urban area."}},{"type":"Feature","geometry":{"type":"Point","coordinates":[34.75635,46.85621]},"properties":{"source":"economist_fires","source_name":"The Economist war-fire model","source_url":"https://github.com/TheEconomist/the-economist-war-fire-model","id":132,"date":"2026-09-19","link":"https://www.economist.com/interactive/graphic-detail/ukraine-fires","category":"Fire classified as war-related (model estimate)","side":"Not attributed","color":"#FF8C00","radius":3,"orbat":[],"description":"Satellite heat detection at 09:24 UTC, in an area of abnormal fire activity. Urban area."}},{"type":"Feature","geometry":{"type":"Point","coordinates":[34.75645,46.85714]},"properties":{"source":"economist_fires","source_name":"The Economist war-fire model","source_url":"https://github.com/TheEconomist/the-economist-war-fire-model","id":133,"date":"2026-09-19","link":"https://www.economist.com/interactive/graphic-detail/ukraine-fires","category":"Fire classified as war-related (model estimate)","side":"Not attributed","color":"#FF8C00","radius":3,"orbat":[],"description":"Satellite heat detection at 09:24 UTC, in an area of abnormal fire activity. Urban area."}},{"type":"Feature","geometry":{"type":"Point","coordinates":[34.75945,46.85519]},"properties":{"source":"economist_fires","source_name":"The Economist war-fire model","source_url":"https://github.com/TheEconomist/the-economist-war-fire-model","id":134,"date":"2026-09-19","link":"https://www.economist.com/interactive/graphic-detail/ukraine-fires","category":"Fire classified as war-related (model estimate)","side":"Not attributed","color":"#FF8C00","radius":3,"orbat":[],"description":"Satellite heat detection at 10:45 UTC, in an area of abnormal fire activity. Urban area."}},{"type":"Feature","geometry":{"type":"Point","coordinates":[34.75264,46.8576]},"properties":{"source":"economist_fires","source_name":"The Economist war-fire model","source_url":"https://github.com/TheEconomist/the-economist-war-fire-model","id":135,"date":"2026-09-19","link":"https://www.economist.com/interactive/graphic-detail/ukraine-fires","category":"Fire classified as war-related (model estimate)","side":"Not attributed","color":"#FF8C00","radius":3,"orbat":[],"description":"Satellite heat detection at 11:04 UTC, in an area of abnormal fire activity. Urban area."}},{"type":"Feature","geometry":{"type":"Point","coordinates":[34.77789,47.60266]},"properties":{"source":"economist_fires","source_name":"The Economist war-fire model","source_url":"https://github.com/TheEconomist/the-economist-war-fire-model","id":136,"date":"2026-09-19","link":"https://www.economist.com/interactive/graphic-detail/ukraine-fires","category":"Fire classified as war-related (model estimate)","side":"Not attributed","color":"#FF8C00","radius":3,"orbat":[],"description":"Satellite heat detection at 10:09 UTC, in an area of abnormal fire activity. Urban area."}},{"type":"Feature","geometry":{"type":"Point","coordinates":[34.77589,47.59738]},"properties":{"source":"economist_fires","source_name":"The Economist war-fire model","source_url":"https://github.com/TheEconomist/the-economist-war-fire-model","id":137,"date":"2026-09-19","link":"https://www.economist.com/interactive/graphic-detail/ukraine-fires","category":"Fire classified as war-related (model estimate)","side":"Not attributed","color":"#FF8C00","radius":3,"orbat":[],"description":"Satellite heat detection at 10:45 UTC, in an area of abnormal fire activity. Urban area."}},{"type":"Feature","geometry":{"type":"Point","coordinates":[34.78106,47.59811]},"properties":{"source":"economist_fires","source_name":"The Economist war-fire model","source_url":"https://github.com/TheEconomist/the-economist-war-fire-model","id":138,"date":"2026-09-19","link":"https://www.economist.com/interactive/graphic-detail/ukraine-fires","category":"Fire classified as war-related (model estimate)","side":"Not attributed","color":"#FF8C00","radius":3,"orbat":[],"description":"Satellite heat detection at 10:45 UTC, in an area of abnormal fire activity. Urban area."}},{"type":"Feature","geometry":{"type":"Point","coordinates":[34.78622,47.59884]},"properties":{"source":"economist_fires","source_name":"The Economist war-fire model","source_url":"https://github.com/TheEconomist/the-economist-war-fire-model","id":139,"date":"2026-09-19","link":"https://www.economist.com/interactive/graphic-detail/ukraine-fires","category":"Fire classified as war-related (model estimate)","side":"Not attributed","color":"#FF8C00","radius":3,"orbat":[],"description":"Satellite heat detection at 10:45 UTC, in an area of abnormal fire activity. Urban area."}},{"type":"Feature","geometry":{"type":"Point","coordinates":[34.77488,47.6007]},"properties":{"source":"economist_fires","source_name":"The Economist war-fire model","source_url":"https://github.com/TheEconomist/the-economist-war-fire-model","id":140,"date":"2026-09-19","link":"https://www.economist.com/interactive/graphic-detail/ukraine-fires","category":"Fire classified as war-related (model estimate)","side":"Not attributed","color":"#FF8C00","radius":3,"orbat":[],"description":"Satellite heat detection at 10:45 UTC, in an area of abnormal fire activity. Urban area."}},{"type":"Feature","geometry":{"type":"Point","coordinates":[34.77516,47.59491]},"properties":{"source":"economist_fires","source_name":"The Economist war-fire model","source_url":"https://github.com/TheEconomist/the-economist-war-fire-model","id":141,"date":"2026-09-19","link":"https://www.economist.com/interactive/graphic-detail/ukraine-fires","category":"Fire classified as war-related (model estimate)","side":"Not attributed","color":"#FF8C00","radius":3,"orbat":[],"description":"Satellite heat detection at 11:04 UTC, in an area of abnormal fire activity. Urban area."}},{"type":"Feature","geometry":{"type":"Point","coordinates":[34.78068,47.59538]},"properties":{"source":"economist_fires","source_name":"The Economist war-fire model","source_url":"https://github.com/TheEconomist/the-economist-war-fire-model","id":142,"date":"2026-09-19","link":"https://www.economist.com/interactive/graphic-detail/ukraine-fires","category":"Fire classified as war-related (model estimate)","side":"Not attributed","color":"#FF8C00","radius":3,"orbat":[],"description":"Satellite heat detection at 11:04 UTC, in an area of abnormal fire activity. Urban area."}},{"type":"Feature","geometry":{"type":"Point","coordinates":[34.77452,47.59906]},"properties":{"source":"economist_fires","source_name":"The Economist war-fire model","source_url":"https://github.com/TheEconomist/the-economist-war-fire-model","id":143,"date":"2026-09-19","link":"https://www.economist.com/interactive/graphic-detail/ukraine-fires","category":"Fire classified as war-related (model estimate)","side":"Not attributed","color":"#FF8C00","radius":3,"orbat":[],"description":"Satellite heat detection at 11:04 UTC, in an area of abnormal fire activity. Urban area."}},{"type":"Feature","geometry":{"type":"Point","coordinates":[34.88159,45.88953]},"properties":{"source":"economist_fires","source_name":"The Economist war-fire model","source_url":"https://github.com/TheEconomist/the-economist-war-fire-model","id":144,"date":"2026-09-19","link":"https://www.economist.com/interactive/graphic-detail/ukraine-fires","category":"Fire classified as war-related (model estimate)","side":"Not attributed","color":"#FF8C00","radius":3,"orbat":[],"description":"Satellite heat detection at 01:00 UTC, in an area of abnormal fire activity. Urban area."}},{"type":"Feature","geometry":{"type":"Point","coordinates":[34.86678,45.92126]},"properties":{"source":"economist_fires","source_name":"The Economist war-fire model","source_url":"https://github.com/TheEconomist/the-economist-war-fire-model","id":145,"date":"2026-09-19","link":"https://www.economist.com/interactive/graphic-detail/ukraine-fires","category":"Fire classified as war-related (model estimate)","side":"Not attributed","color":"#FF8C00","radius":3,"orbat":[],"description":"Satellite heat detection at 01:00 UTC, in an area of abnormal fire activity. Urban area."}},{"type":"Feature","geometry":{"type":"Point","coordinates":[34.93509,47.23648]},"properties":{"source":"economist_fires","source_name":"The Economist war-fire model","source_url":"https://github.com/TheEconomist/the-economist-war-fire-model","id":146,"date":"2026-09-19","link":"https://www.economist.com/interactive/graphic-detail/ukraine-fires","category":"Fire classified as war-related (model estimate)","side":"Not attributed","color":"#FF8C00","radius":3,"orbat":[],"description":"Satellite heat detection at 10:09 UTC, in an area days after abnormal fire activity. Urban area."}},{"type":"Feature","geometry":{"type":"Point","coordinates":[34.93596,47.23903]},"properties":{"source":"economist_fires","source_name":"The Economist war-fire model","source_url":"https://github.com/TheEconomist/the-economist-war-fire-model","id":147,"date":"2026-09-19","link":"https://www.economist.com/interactive/graphic-detail/ukraine-fires","category":"Fire classified as war-related (model estimate)","side":"Not attributed","color":"#FF8C00","radius":3,"orbat":[],"description":"Satellite heat detection at 10:45 UTC, in an area days after abnormal fire activity. Urban area."}},{"type":"Feature","geometry":{"type":"Point","coordinates":[34.88302,47.74271]},"properties":{"source":"economist_fires","source_name":"The Economist war-fire model","source_url":"https://github.com/TheEconomist/the-economist-war-fire-model","id":148,"date":"2026-09-19","link":"https://www.economist.com/interactive/graphic-detail/ukraine-fires","category":"Fire classified as war-related (model estimate)","side":"Not attributed","color":"#FF8C00","radius":3,"orbat":[],"description":"Satellite heat detection at 10:09 UTC, in an area of abnormal fire activity. Urban area."}},{"type":"Feature","geometry":{"type":"Point","coordinates":[34.88892,47.74388]},"properties":{"source":"economist_fires","source_name":"The Economist war-fire model","source_url":"https://github.com/TheEconomist/the-economist-war-fire-model","id":149,"date":"2026-09-19","link":"https://www.economist.com/interactive/graphic-detail/ukraine-fires","category":"Fire classified as war-related (model estimate)","side":"Not attributed","color":"#FF8C00","radius":3,"orbat":[],"description":"Satellite heat detection at 10:09 UTC, in an area of abnormal fire activity. Urban area."}},{"type":"Feature","geometry":{"type":"Point","coordinates":[34.88696,47.74157]},"properties":{"source":"economist_fires","source_name":"The Economist war-fire model","source_url":"https://github.com/TheEconomist/the-economist-war-fire-model","id":150,"date":"2026-09-19","link":"https://www.economist.com/interactive/graphic-detail/ukraine-fires","category":"Fire classified as war-related (model estimate)","side":"Not attributed","color":"#FF8C00","radius":3,"orbat":[],"description":"Satellite heat detection at 11:04 UTC, in an area of abnormal fire activity. Urban area."}},{"type":"Feature","geometry":{"type":"Point","coordinates":[34.88054,47.74529]},"properties":{"source":"economist_fires","source_name":"The Economist war-fire model","source_url":"https://github.com/TheEconomist/the-economist-war-fire-model","id":151,"date":"2026-09-19","link":"https://www.economist.com/interactive/graphic-detail/ukraine-fires","category":"Fire classified as war-related (model estimate)","side":"Not attributed","color":"#FF8C00","radius":3,"orbat":[],"description":"Satellite heat detection at 11:04 UTC, in an area of abnormal fire activity. Urban area."}},{"type":"Feature","geometry":{"type":"Point","coordinates":[34.96947,45.53996]},"properties":{"source":"economist_fires","source_name":"The Economist war-fire model","source_url":"https://github.com/TheEconomist/the-economist-war-fire-model","id":152,"date":"2026-09-19","link":"https://www.economist.com/interactive/graphic-detail/ukraine-fires","category":"Fire classified as war-related (model estimate)","side":"Not attributed","color":"#FF8C00","radius":3,"orbat":[],"description":"Satellite heat detection at 10:43 UTC, in an area of abnormal fire activity. Urban area."}},{"type":"Feature","geometry":{"type":"Point","coordinates":[34.96849,45.54325]},"properties":{"source":"economist_fires","source_name":"The Economist war-fire model","source_url":"https://github.com/TheEconomist/the-economist-war-fire-model","id":153,"date":"2026-09-19","link":"https://www.economist.com/interactive/graphic-detail/ukraine-fires","category":"Fire classified as war-related (model estimate)","side":"Not attributed","color":"#FF8C00","radius":3,"orbat":[],"description":"Satellite heat detection at 10:43 UTC, in an area of abnormal fire activity. Urban area."}},{"type":"Feature","geometry":{"type":"Point","coordinates":[34.96751,45.54654]},"properties":{"source":"economist_fires","source_name":"The Economist war-fire model","source_url":"https://github.com/TheEconomist/the-economist-war-fire-model","id":154,"date":"2026-09-19","link":"https://www.economist.com/interactive/graphic-detail/ukraine-fires","category":"Fire classified as war-related (model estimate)","side":"Not attributed","color":"#FF8C00","radius":3,"orbat":[],"description":"Satellite heat detection at 10:43 UTC, in an area of abnormal fire activity. Urban area."}},{"type":"Feature","geometry":{"type":"Point","coordinates":[34.96653,45.54983]},"properties":{"source":"economist_fires","source_name":"The Economist war-fire model","source_url":"https://github.com/TheEconomist/the-economist-war-fire-model","id":155,"date":"2026-09-19","link":"https://www.economist.com/interactive/graphic-detail/ukraine-fires","category":"Fire classified as war-related (model estimate)","side":"Not attributed","color":"#FF8C00","radius":3,"orbat":[],"description":"Satellite heat detection at 10:43 UTC, in an area of abnormal fire activity. Urban area."}},{"type":"Feature","geometry":{"type":"Point","coordinates":[34.96191,45.53964]},"properties":{"source":"economist_fires","source_name":"The Economist war-fire model","source_url":"https://github.com/TheEconomist/the-economist-war-fire-model","id":156,"date":"2026-09-19","link":"https://www.economist.com/interactive/graphic-detail/ukraine-fires","category":"Fire classified as war-related (model estimate)","side":"Not attributed","color":"#FF8C00","radius":3,"orbat":[],"description":"Satellite heat detection at 11:04 UTC, in an area of abnormal fire activity. Urban area."}},{"type":"Feature","geometry":{"type":"Point","coordinates":[34.97152,45.54464]},"properties":{"source":"economist_fires","source_name":"The Economist war-fire model","source_url":"https://github.com/TheEconomist/the-economist-war-fire-model","id":157,"date":"2026-09-19","link":"https://www.economist.com/interactive/graphic-detail/ukraine-fires","category":"Fire classified as war-related (model estimate)","side":"Not attributed","color":"#FF8C00","radius":3,"orbat":[],"description":"Satellite heat detection at 11:04 UTC, in an area of abnormal fire activity. Urban area."}},{"type":"Feature","geometry":{"type":"Point","coordinates":[34.96667,47.35543]},"properties":{"source":"economist_fires","source_name":"The Economist war-fire model","source_url":"https://github.com/TheEconomist/the-economist-war-fire-model","id":158,"date":"2026-09-19","link":"https://www.economist.com/interactive/graphic-detail/ukraine-fires","category":"Fire classified as war-related (model estimate)","side":"Not attributed","color":"#FF8C00","radius":3,"orbat":[],"description":"Satellite heat detection at 09:24 UTC, in an area of abnormal fire activity. Urban area."}},{"type":"Feature","geometry":{"type":"Point","coordinates":[34.97282,47.35744]},"properties":{"source":"economist_fires","source_name":"The Economist war-fire model","source_url":"https://github.com/TheEconomist/the-economist-war-fire-model","id":159,"date":"2026-09-19","link":"https://www.economist.com/interactive/graphic-detail/ukraine-fires","category":"Fire classified as war-related (model estimate)","side":"Not attributed","color":"#FF8C00","radius":3,"orbat":[],"description":"Satellite heat detection at 09:24 UTC, in an area of abnormal fire activity. Urban area."}},{"type":"Feature","geometry":{"type":"Point","coordinates":[34.96891,47.36296]},"properties":{"source":"economist_fires","source_name":"The Economist war-fire model","source_url":"https://github.com/TheEconomist/the-economist-war-fire-model","id":160,"date":"2026-09-19","link":"https://www.economist.com/interactive/graphic-detail/ukraine-fires","category":"Fire classified as war-related (model estimate)","side":"Not attributed","color":"#FF8C00","radius":3,"orbat":[],"description":"Satellite heat detection at 09:24 UTC, in an area of abnormal fire activity. Urban area."}},{"type":"Feature","geometry":{"type":"Point","coordinates":[34.96937,47.36229]},"properties":{"source":"economist_fires","source_name":"The Economist war-fire model","source_url":"https://github.com/TheEconomist/the-economist-war-fire-model","id":161,"date":"2026-09-19","link":"https://www.economist.com/interactive/graphic-detail/ukraine-fires","category":"Fire classified as war-related (model estimate)","side":"Not attributed","color":"#FF8C00","radius":3,"orbat":[],"description":"Satellite heat detection at 10:09 UTC, in an area of abnormal fire activity. Urban area."}},{"type":"Feature","geometry":{"type":"Point","coordinates":[35.00032,47.36459]},"properties":{"source":"economist_fires","source_name":"The Economist war-fire model","source_url":"https://github.com/TheEconomist/the-economist-war-fire-model","id":162,"date":"2026-09-19","link":"https://www.economist.com/interactive/graphic-detail/ukraine-fires","category":"Fire classified as war-related (model estimate)","side":"Not attributed","color":"#FF8C00","radius":3,"orbat":[],"description":"Satellite heat detection at 10:09 UTC, in an area of abnormal fire activity. Urban area."}},{"type":"Feature","geometry":{"type":"Point","coordinates":[34.9709,47.36267]},"properties":{"source":"economist_fires","source_name":"The Economist war-fire model","source_url":"https://github.com/TheEconomist/the-economist-war-fire-model","id":163,"date":"2026-09-19","link":"https://www.economist.com/interactive/graphic-detail/ukraine-fires","category":"Fire classified as war-related (model estimate)","side":"Not attributed","color":"#FF8C00","radius":3,"orbat":[],"description":"Satellite heat detection at 10:45 UTC, in an area of abnormal fire activity. Urban area."}},{"type":"Feature","geometry":{"type":"Point","coordinates":[35.00293,47.36369]},"properties":{"source":"economist_fires","source_name":"The Economist war-fire model","source_url":"https://github.com/TheEconomist/the-economist-war-fire-model","id":164,"date":"2026-09-19","link":"https://www.economist.com/interactive/graphic-detail/ukraine-fires","category":"Fire classified as war-related (model estimate)","side":"Not attributed","color":"#FF8C00","radius":3,"orbat":[],"description":"Satellite heat detection at 10:45 UTC, in an area of abnormal fire activity. Urban area."}},{"type":"Feature","geometry":{"type":"Point","coordinates":[34.96472,47.36526]},"properties":{"source":"economist_fires","source_name":"The Economist war-fire model","source_url":"https://github.com/TheEconomist/the-economist-war-fire-model","id":165,"date":"2026-09-19","link":"https://www.economist.com/interactive/graphic-detail/ukraine-fires","category":"Fire classified as war-related (model estimate)","side":"Not attributed","color":"#FF8C00","radius":3,"orbat":[],"description":"Satellite heat detection at 10:45 UTC, in an area of abnormal fire activity. Urban area."}},{"type":"Feature","geometry":{"type":"Point","coordinates":[35.00193,47.36701]},"properties":{"source":"economist_fires","source_name":"The Economist war-fire model","source_url":"https://github.com/TheEconomist/the-economist-war-fire-model","id":166,"date":"2026-09-19","link":"https://www.economist.com/interactive/graphic-detail/ukraine-fires","category":"Fire classified as war-related (model estimate)","side":"Not attributed","color":"#FF8C00","radius":3,"orbat":[],"description":"Satellite heat detection at 10:45 UTC, in an area of abnormal fire activity. Urban area."}},{"type":"Feature","geometry":{"type":"Point","coordinates":[34.97397,47.36023]},"properties":{"source":"economist_fires","source_name":"The Economist war-fire model","source_url":"https://github.com/TheEconomist/the-economist-war-fire-model","id":167,"date":"2026-09-19","link":"https://www.economist.com/interactive/graphic-detail/ukraine-fires","category":"Fire classified as war-related (model estimate)","side":"Not attributed","color":"#FF8C00","radius":3,"orbat":[],"description":"Satellite heat detection at 11:04 UTC, in an area of abnormal fire activity. Urban area."}},{"type":"Feature","geometry":{"type":"Point","coordinates":[34.96764,47.36394]},"properties":{"source":"economist_fires","source_name":"The Economist war-fire model","source_url":"https://github.com/TheEconomist/the-economist-war-fire-model","id":168,"date":"2026-09-19","link":"https://www.economist.com/interactive/graphic-detail/ukraine-fires","category":"Fire classified as war-related (model estimate)","side":"Not attributed","color":"#FF8C00","radius":3,"orbat":[],"description":"Satellite heat detection at 11:04 UTC, in an area of abnormal fire activity. Urban area."}},{"type":"Feature","geometry":{"type":"Point","coordinates":[35.00131,47.36674]},"properties":{"source":"economist_fires","source_name":"The Economist war-fire model","source_url":"https://github.com/TheEconomist/the-economist-war-fire-model","id":169,"date":"2026-09-19","link":"https://www.economist.com/interactive/graphic-detail/ukraine-fires","category":"Fire classified as war-related (model estimate)","side":"Not attributed","color":"#FF8C00","radius":3,"orbat":[],"description":"Satellite heat detection at 11:04 UTC, in an area of abnormal fire activity. Urban area."}},{"type":"Feature","geometry":{"type":"Point","coordinates":[34.96375,47.3608]},"properties":{"source":"economist_fires","source_name":"The Economist war-fire model","source_url":"https://github.com/TheEconomist/the-economist-war-fire-model","id":170,"date":"2026-09-19","link":"https://www.economist.com/interactive/graphic-detail/ukraine-fires","category":"Fire classified as war-related (model estimate)","side":"Not attributed","color":"#FF8C00","radius":3,"orbat":[],"description":"Satellite heat detection at 11:42 UTC, in an area of abnormal fire activity. Urban area."}},{"type":"Feature","geometry":{"type":"Point","coordinates":[34.97035,47.36315]},"properties":{"source":"economist_fires","source_name":"The Economist war-fire model","source_url":"https://github.com/TheEconomist/the-economist-war-fire-model","id":171,"date":"2026-09-19","link":"https://www.economist.com/interactive/graphic-detail/ukraine-fires","category":"Fire classified as war-related (model estimate)","side":"Not attributed","color":"#FF8C00","radius":3,"orbat":[],"description":"Satellite heat detection at 22:22 UTC, in an area of abnormal fire activity. Urban area."}},{"type":"Feature","geometry":{"type":"Point","coordinates":[34.97527,47.3654]},"properties":{"source":"economist_fires","source_name":"The Economist war-fire model","source_url":"https://github.com/TheEconomist/the-economist-war-fire-model","id":172,"date":"2026-09-19","link":"https://www.economist.com/interactive/graphic-detail/ukraine-fires","category":"Fire classified as war-related (model estimate)","side":"Not attributed","color":"#FF8C00","radius":3,"orbat":[],"description":"Satellite heat detection at 22:22 UTC, in an area of abnormal fire activity. Urban area."}},{"type":"Feature","geometry":{"type":"Point","coordinates":[34.97359,47.36421]},"properties":{"source":"economist_fires","source_name":"The Economist war-fire model","source_url":"https://github.com/TheEconomist/the-economist-war-fire-model","id":173,"date":"2026-09-19","link":"https://www.economist.com/interactive/graphic-detail/ukraine-fires","category":"Fire classified as war-related (model estimate)","side":"Not attributed","color":"#FF8C00","radius":3,"orbat":[],"description":"Satellite heat detection at 22:59 UTC, in an area of abnormal fire activity. Urban area."}},{"type":"Feature","geometry":{"type":"Point","coordinates":[34.97416,47.36649]},"properties":{"source":"economist_fires","source_name":"The Economist war-fire model","source_url":"https://github.com/TheEconomist/the-economist-war-fire-model","id":174,"date":"2026-09-19","link":"https://www.economist.com/interactive/graphic-detail/ukraine-fires","category":"Fire classified as war-related (model estimate)","side":"Not attributed","color":"#FF8C00","radius":3,"orbat":[],"description":"Satellite heat detection at 22:59 UTC, in an area of abnormal fire activity. Urban area."}},{"type":"Feature","geometry":{"type":"Point","coordinates":[34.96877,47.36668]},"properties":{"source":"economist_fires","source_name":"The Economist war-fire model","source_url":"https://github.com/TheEconomist/the-economist-war-fire-model","id":175,"date":"2026-09-19","link":"https://www.economist.com/interactive/graphic-detail/ukraine-fires","category":"Fire classified as war-related (model estimate)","side":"Not attributed","color":"#FF8C00","radius":3,"orbat":[],"description":"Satellite heat detection at 22:59 UTC, in an area of abnormal fire activity. Urban area."}},{"type":"Feature","geometry":{"type":"Point","coordinates":[34.96329,47.37013]},"properties":{"source":"economist_fires","source_name":"The Economist war-fire model","source_url":"https://github.com/TheEconomist/the-economist-war-fire-model","id":176,"date":"2026-09-19","link":"https://www.economist.com/interactive/graphic-detail/ukraine-fires","category":"Fire classified as war-related (model estimate)","side":"Not attributed","color":"#FF8C00","radius":3,"orbat":[],"description":"Satellite heat detection at 22:59 UTC, in an area of abnormal fire activity. Urban area."}},{"type":"Feature","geometry":{"type":"Point","coordinates":[34.97273,47.36668]},"properties":{"source":"economist_fires","source_name":"The Economist war-fire model","source_url":"https://github.com/TheEconomist/the-economist-war-fire-model","id":177,"date":"2026-09-19","link":"https://www.economist.com/interactive/graphic-detail/ukraine-fires","category":"Fire classified as war-related (model estimate)","side":"Not attributed","color":"#FF8C00","radius":3,"orbat":[],"description":"Satellite heat detection at 23:20 UTC, in an area of abnormal fire activity. Urban area."}},{"type":"Feature","geometry":{"type":"Point","coordinates":[34.96747,47.36717]},"properties":{"source":"economist_fires","source_name":"The Economist war-fire model","source_url":"https://github.com/TheEconomist/the-economist-war-fire-model","id":178,"date":"2026-09-19","link":"https://www.economist.com/interactive/graphic-detail/ukraine-fires","category":"Fire classified as war-related (model estimate)","side":"Not attributed","color":"#FF8C00","radius":3,"orbat":[],"description":"Satellite heat detection at 23:20 UTC, in an area of abnormal fire activity. Urban area."}},{"type":"Feature","geometry":{"type":"Point","coordinates":[34.96474,47.3712]},"properties":{"source":"economist_fires","source_name":"The Economist war-fire model","source_url":"https://github.com/TheEconomist/the-economist-war-fire-model","id":179,"date":"2026-09-19","link":"https://www.economist.com/interactive/graphic-detail/ukraine-fires","category":"Fire classified as war-related (model estimate)","side":"Not attributed","color":"#FF8C00","radius":3,"orbat":[],"description":"Satellite heat detection at 23:20 UTC, in an area of abnormal fire activity. Urban area."}},{"type":"Feature","geometry":{"type":"Point","coordinates":[34.96301,47.37172]},"properties":{"source":"economist_fires","source_name":"The Economist war-fire model","source_url":"https://github.com/TheEconomist/the-economist-war-fire-model","id":180,"date":"2026-09-19","link":"https://www.economist.com/interactive/graphic-detail/ukraine-fires","category":"Fire classified as war-related (model estimate)","side":"Not attributed","color":"#FF8C00","radius":3,"orbat":[],"description":"Satellite heat detection at 23:20 UTC, in an area of abnormal fire activity. Urban area."}},{"type":"Feature","geometry":{"type":"Point","coordinates":[35.14236,46.89459]},"properties":{"source":"economist_fires","source_name":"The Economist war-fire model","source_url":"https://github.com/TheEconomist/the-economist-war-fire-model","id":181,"date":"2026-09-19","link":"https://www.economist.com/interactive/graphic-detail/ukraine-fires","category":"Fire classified as war-related (model estimate)","side":"Not attributed","color":"#FF8C00","radius":3,"orbat":[],"description":"Satellite heat detection at 09:24 UTC, in an area of abnormal fire activity. Urban area."}},{"type":"Feature","geometry":{"type":"Point","coordinates":[35.13241,46.89816]},"properties":{"source":"economist_fires","source_name":"The Economist war-fire model","source_url":"https://github.com/TheEconomist/the-economist-war-fire-model","id":182,"date":"2026-09-19","link":"https://www.economist.com/interactive/graphic-detail/ukraine-fires","category":"Fire classified as war-related (model estimate)","side":"Not attributed","color":"#FF8C00","radius":3,"orbat":[],"description":"Satellite heat detection at 09:24 UTC, in an area of abnormal fire activity. Urban area."}},{"type":"Feature","geometry":{"type":"Point","coordinates":[35.13861,46.9002]},"properties":{"source":"economist_fires","source_name":"The Economist war-fire model","source_url":"https://github.com/TheEconomist/the-economist-war-fire-model","id":183,"date":"2026-09-19","link":"https://www.economist.com/interactive/graphic-detail/ukraine-fires","category":"Fire classified as war-related (model estimate)","side":"Not attributed","color":"#FF8C00","radius":3,"orbat":[],"description":"Satellite heat detection at 09:24 UTC, in an area of abnormal fire activity. Urban area."}},{"type":"Feature","geometry":{"type":"Point","coordinates":[35.13465,46.89569]},"properties":{"source":"economist_fires","source_name":"The Economist war-fire model","source_url":"https://github.com/TheEconomist/the-economist-war-fire-model","id":184,"date":"2026-09-19","link":"https://www.economist.com/interactive/graphic-detail/ukraine-fires","category":"Fire classified as war-related (model estimate)","side":"Not attributed","color":"#FF8C00","radius":3,"orbat":[],"description":"Satellite heat detection at 10:09 UTC, in an area of abnormal fire activity. Urban area."}},{"type":"Feature","geometry":{"type":"Point","coordinates":[35.14053,46.89686]},"properties":{"source":"economist_fires","source_name":"The Economist war-fire model","source_url":"https://github.com/TheEconomist/the-economist-war-fire-model","id":185,"date":"2026-09-19","link":"https://www.economist.com/interactive/graphic-detail/ukraine-fires","category":"Fire classified as war-related (model estimate)","side":"Not attributed","color":"#FF8C00","radius":3,"orbat":[],"description":"Satellite heat detection at 10:09 UTC, in an area of abnormal fire activity. Urban area."}},{"type":"Feature","geometry":{"type":"Point","coordinates":[35.12735,46.89803]},"properties":{"source":"economist_fires","source_name":"The Economist war-fire model","source_url":"https://github.com/TheEconomist/the-economist-war-fire-model","id":186,"date":"2026-09-19","link":"https://www.economist.com/interactive/graphic-detail/ukraine-fires","category":"Fire classified as war-related (model estimate)","side":"Not attributed","color":"#FF8C00","radius":3,"orbat":[],"description":"Satellite heat detection at 10:09 UTC, in an area of abnormal fire activity. Urban area."}},{"type":"Feature","geometry":{"type":"Point","coordinates":[35.13322,46.8992]},"properties":{"source":"economist_fires","source_name":"The Economist war-fire model","source_url":"https://github.com/TheEconomist/the-economist-war-fire-model","id":187,"date":"2026-09-19","link":"https://www.economist.com/interactive/graphic-detail/ukraine-fires","category":"Fire classified as war-related (model estimate)","side":"Not attributed","color":"#FF8C00","radius":3,"orbat":[],"description":"Satellite heat detection at 10:09 UTC, in an area of abnormal fire activity. Urban area."}},{"type":"Feature","geometry":{"type":"Point","coordinates":[35.1391,46.90036]},"properties":{"source":"economist_fires","source_name":"The Economist war-fire model","source_url":"https://github.com/TheEconomist/the-economist-war-fire-model","id":188,"date":"2026-09-19","link":"https://www.economist.com/interactive/graphic-detail/ukraine-fires","category":"Fire classified as war-related (model estimate)","side":"Not attributed","color":"#FF8C00","radius":3,"orbat":[],"description":"Satellite heat detection at 10:09 UTC, in an area of abnormal fire activity. Urban area."}},{"type":"Feature","geometry":{"type":"Point","coordinates":[35.12894,46.89761]},"properties":{"source":"economist_fires","source_name":"The Economist war-fire model","source_url":"https://github.com/TheEconomist/the-economist-war-fire-model","id":189,"date":"2026-09-19","link":"https://www.economist.com/interactive/graphic-detail/ukraine-fires","category":"Fire classified as war-related (model estimate)","side":"Not attributed","color":"#FF8C00","radius":3,"orbat":[],"description":"Satellite heat detection at 10:45 UTC, in an area of abnormal fire activity. Urban area."}},{"type":"Feature","geometry":{"type":"Point","coordinates":[35.13406,46.89833]},"properties":{"source":"economist_fires","source_name":"The Economist war-fire model","source_url":"https://github.com/TheEconomist/the-economist-war-fire-model","id":190,"date":"2026-09-19","link":"https://www.economist.com/interactive/graphic-detail/ukraine-fires","category":"Fire classified as war-related (model estimate)","side":"Not attributed","color":"#FF8C00","radius":3,"orbat":[],"description":"Satellite heat detection at 10:45 UTC, in an area of abnormal fire activity. Urban area."}},{"type":"Feature","geometry":{"type":"Point","coordinates":[35.13466,46.89523]},"properties":{"source":"economist_fires","source_name":"The Economist war-fire model","source_url":"https://github.com/TheEconomist/the-economist-war-fire-model","id":191,"date":"2026-09-19","link":"https://www.economist.com/interactive/graphic-detail/ukraine-fires","category":"Fire classified as war-related (model estimate)","side":"Not attributed","color":"#FF8C00","radius":3,"orbat":[],"description":"Satellite heat detection at 11:04 UTC, in an area of abnormal fire activity. Urban area."}},{"type":"Feature","geometry":{"type":"Point","coordinates":[35.13293,46.89576]},"properties":{"source":"economist_fires","source_name":"The Economist war-fire model","source_url":"https://github.com/TheEconomist/the-economist-war-fire-model","id":192,"date":"2026-09-19","link":"https://www.economist.com/interactive/graphic-detail/ukraine-fires","category":"Fire classified as war-related (model estimate)","side":"Not attributed","color":"#FF8C00","radius":3,"orbat":[],"description":"Satellite heat detection at 11:04 UTC, in an area of abnormal fire activity. Urban area."}},{"type":"Feature","geometry":{"type":"Point","coordinates":[35.12829,46.89893]},"properties":{"source":"economist_fires","source_name":"The Economist war-fire model","source_url":"https://github.com/TheEconomist/the-economist-war-fire-model","id":193,"date":"2026-09-19","link":"https://www.economist.com/interactive/graphic-detail/ukraine-fires","category":"Fire classified as war-related (model estimate)","side":"Not attributed","color":"#FF8C00","radius":3,"orbat":[],"description":"Satellite heat detection at 11:04 UTC, in an area of abnormal fire activity. Urban area."}},{"type":"Feature","geometry":{"type":"Point","coordinates":[35.13388,46.89941]},"properties":{"source":"economist_fires","source_name":"The Economist war-fire model","source_url":"https://github.com/TheEconomist/the-economist-war-fire-model","id":194,"date":"2026-09-19","link":"https://www.economist.com/interactive/graphic-detail/ukraine-fires","category":"Fire classified as war-related (model estimate)","side":"Not attributed","color":"#FF8C00","radius":3,"orbat":[],"description":"Satellite heat detection at 11:04 UTC, in an area of abnormal fire activity. Urban area."}},{"type":"Feature","geometry":{"type":"Point","coordinates":[35.13215,46.89994]},"properties":{"source":"economist_fires","source_name":"The Economist war-fire model","source_url":"https://github.com/TheEconomist/the-economist-war-fire-model","id":195,"date":"2026-09-19","link":"https://www.economist.com/interactive/graphic-detail/ukraine-fires","category":"Fire classified as war-related (model estimate)","side":"Not attributed","color":"#FF8C00","radius":3,"orbat":[],"description":"Satellite heat detection at 11:04 UTC, in an area of abnormal fire activity. Urban area."}},{"type":"Feature","geometry":{"type":"Point","coordinates":[35.08187,47.24965]},"properties":{"source":"economist_fires","source_name":"The Economist war-fire model","source_url":"https://github.com/TheEconomist/the-economist-war-fire-model","id":196,"date":"2026-09-19","link":"https://www.economist.com/interactive/graphic-detail/ukraine-fires","category":"Fire classified as war-related (model estimate)","side":"Not attributed","color":"#FF8C00","radius":3,"orbat":[],"description":"Satellite heat detection at 11:04 UTC, in an area days after abnormal fire activity. Urban area."}},{"type":"Feature","geometry":{"type":"Point","coordinates":[35.14922,47.69027]},"properties":{"source":"economist_fires","source_name":"The Economist war-fire model","source_url":"https://github.com/TheEconomist/the-economist-war-fire-model","id":197,"date":"2026-09-19","link":"https://www.economist.com/interactive/graphic-detail/ukraine-fires","category":"Fire classified as war-related (model estimate)","side":"Not attributed","color":"#FF8C00","radius":3,"orbat":[],"description":"Satellite heat detection at 09:24 UTC, in an area days after abnormal fire activity. Urban area."}},{"type":"Feature","geometry":{"type":"Point","coordinates":[35.14745,47.69049]},"properties":{"source":"economist_fires","source_name":"The Economist war-fire model","source_url":"https://github.com/TheEconomist/the-economist-war-fire-model","id":198,"date":"2026-09-19","link":"https://www.economist.com/interactive/graphic-detail/ukraine-fires","category":"Fire classified as war-related (model estimate)","side":"Not attributed","color":"#FF8C00","radius":3,"orbat":[],"description":"Satellite heat detection at 10:09 UTC, in an area days after abnormal fire activity. Urban area."}},{"type":"Feature","geometry":{"type":"Point","coordinates":[35.17453,47.22709]},"properties":{"source":"economist_fires","source_name":"The Economist war-fire model","source_url":"https://github.com/TheEconomist/the-economist-war-fire-model","id":199,"date":"2026-09-19","link":"https://www.economist.com/interactive/graphic-detail/ukraine-fires","category":"Fire classified as war-related (model estimate)","side":"Not attributed","color":"#FF8C00","radius":3,"orbat":[],"description":"Satellite heat detection at 10:09 UTC, in an area days after abnormal fire activity. Urban area."}},{"type":"Feature","geometry":{"type":"Point","coordinates":[35.18036,47.22823]},"properties":{"source":"economist_fires","source_name":"The Economist war-fire model","source_url":"https://github.com/TheEconomist/the-economist-war-fire-model","id":200,"date":"2026-09-19","link":"https://www.economist.com/interactive/graphic-detail/ukraine-fires","category":"Fire classified as war-related (model estimate)","side":"Not attributed","color":"#FF8C00","radius":3,"orbat":[],"description":"Satellite heat detection at 10:09 UTC, in an area days after abnormal fire activity. Urban area."}},{"type":"Feature","geometry":{"type":"Point","coordinates":[35.17891,47.2317]},"properties":{"source":"economist_fires","source_name":"The Economist war-fire model","source_url":"https://github.com/TheEconomist/the-economist-war-fire-model","id":201,"date":"2026-09-19","link":"https://www.economist.com/interactive/graphic-detail/ukraine-fires","category":"Fire classified as war-related (model estimate)","side":"Not attributed","color":"#FF8C00","radius":3,"orbat":[],"description":"Satellite heat detection at 10:09 UTC, in an area days after abnormal fire activity. Urban area."}},{"type":"Feature","geometry":{"type":"Point","coordinates":[35.18473,47.23285]},"properties":{"source":"economist_fires","source_name":"The Economist war-fire model","source_url":"https://github.com/TheEconomist/the-economist-war-fire-model","id":202,"date":"2026-09-19","link":"https://www.economist.com/interactive/graphic-detail/ukraine-fires","category":"Fire classified as war-related (model estimate)","side":"Not attributed","color":"#FF8C00","radius":3,"orbat":[],"description":"Satellite heat detection at 10:09 UTC, in an area days after abnormal fire activity. Urban area."}},{"type":"Feature","geometry":{"type":"Point","coordinates":[35.179,47.2266]},"properties":{"source":"economist_fires","source_name":"The Economist war-fire model","source_url":"https://github.com/TheEconomist/the-economist-war-fire-model","id":203,"date":"2026-09-19","link":"https://www.economist.com/interactive/graphic-detail/ukraine-fires","category":"Fire classified as war-related (model estimate)","side":"Not attributed","color":"#FF8C00","radius":3,"orbat":[],"description":"Satellite heat detection at 10:45 UTC, in an area days after abnormal fire activity. Urban area."}},{"type":"Feature","geometry":{"type":"Point","coordinates":[35.18419,47.22733]},"properties":{"source":"economist_fires","source_name":"The Economist war-fire model","source_url":"https://github.com/TheEconomist/the-economist-war-fire-model","id":204,"date":"2026-09-19","link":"https://www.economist.com/interactive/graphic-detail/ukraine-fires","category":"Fire classified as war-related (model estimate)","side":"Not attributed","color":"#FF8C00","radius":3,"orbat":[],"description":"Satellite heat detection at 10:45 UTC, in an area of abnormal fire activity. Urban area."}},{"type":"Feature","geometry":{"type":"Point","coordinates":[35.1832,47.23066]},"properties":{"source":"economist_fires","source_name":"The Economist war-fire model","source_url":"https://github.com/TheEconomist/the-economist-war-fire-model","id":205,"date":"2026-09-19","link":"https://www.economist.com/interactive/graphic-detail/ukraine-fires","category":"Fire classified as war-related (model estimate)","side":"Not attributed","color":"#FF8C00","radius":3,"orbat":[],"description":"Satellite heat detection at 10:45 UTC, in an area days after abnormal fire activity. Urban area."}},{"type":"Feature","geometry":{"type":"Point","coordinates":[35.17841,47.22336]},"properties":{"source":"economist_fires","source_name":"The Economist war-fire model","source_url":"https://github.com/TheEconomist/the-economist-war-fire-model","id":206,"date":"2026-09-19","link":"https://www.economist.com/interactive/graphic-detail/ukraine-fires","category":"Fire classified as war-related (model estimate)","side":"Not attributed","color":"#FF8C00","radius":3,"orbat":[],"description":"Satellite heat detection at 11:04 UTC, in an area days after abnormal fire activity. Urban area."}},{"type":"Feature","geometry":{"type":"Point","coordinates":[35.1807,47.22372]},"properties":{"source":"economist_fires","source_name":"The Economist war-fire model","source_url":"https://github.com/TheEconomist/the-economist-war-fire-model","id":207,"date":"2026-09-19","link":"https://www.economist.com/interactive/graphic-detail/ukraine-fires","category":"Fire classified as war-related (model estimate)","side":"Not attributed","color":"#FF8C00","radius":3,"orbat":[],"description":"Satellite heat detection at 11:04 UTC, in an area days after abnormal fire activity. Urban area."}},{"type":"Feature","geometry":{"type":"Point","coordinates":[35.18338,47.22802]},"properties":{"source":"economist_fires","source_name":"The Economist war-fire model","source_url":"https://github.com/TheEconomist/the-economist-war-fire-model","id":208,"date":"2026-09-19","link":"https://www.economist.com/interactive/graphic-detail/ukraine-fires","category":"Fire classified as war-related (model estimate)","side":"Not attributed","color":"#FF8C00","radius":3,"orbat":[],"description":"Satellite heat detection at 11:04 UTC, in an area days after abnormal fire activity. Urban area."}},{"type":"Feature","geometry":{"type":"Point","coordinates":[35.18909,47.22848]},"properties":{"source":"economist_fires","source_name":"The Economist war-fire model","source_url":"https://github.com/TheEconomist/the-economist-war-fire-model","id":209,"date":"2026-09-19","link":"https://www.economist.com/interactive/graphic-detail/ukraine-fires","category":"Fire classified as war-related (model estimate)","side":"Not attributed","color":"#FF8C00","radius":3,"orbat":[],"description":"Satellite heat detection at 11:04 UTC, in an area days after abnormal fire activity. Urban area."}},{"type":"Feature","geometry":{"type":"Point","coordinates":[35.18097,47.22715]},"properties":{"source":"economist_fires","source_name":"The Economist war-fire model","source_url":"https://github.com/TheEconomist/the-economist-war-fire-model","id":210,"date":"2026-09-19","link":"https://www.economist.com/interactive/graphic-detail/ukraine-fires","category":"Fire classified as war-related (model estimate)","side":"Not attributed","color":"#FF8C00","radius":3,"orbat":[],"description":"Satellite heat detection at 13:18 UTC, in an area of abnormal fire activity. Urban area."}},{"type":"Feature","geometry":{"type":"Point","coordinates":[35.18557,47.22768]},"properties":{"source":"economist_fires","source_name":"The Economist war-fire model","source_url":"https://github.com/TheEconomist/the-economist-war-fire-model","id":211,"date":"2026-09-19","link":"https://www.economist.com/interactive/graphic-detail/ukraine-fires","category":"Fire classified as war-related (model estimate)","side":"Not attributed","color":"#FF8C00","radius":3,"orbat":[],"description":"Satellite heat detection at 13:18 UTC, in an area days after abnormal fire activity. Urban area."}},{"type":"Feature","geometry":{"type":"Point","coordinates":[35.17974,47.22092]},"properties":{"source":"economist_fires","source_name":"The Economist war-fire model","source_url":"https://github.com/TheEconomist/the-economist-war-fire-model","id":212,"date":"2026-09-19","link":"https://www.economist.com/interactive/graphic-detail/ukraine-fires","category":"Fire classified as war-related (model estimate)","side":"Not attributed","color":"#FF8C00","radius":3,"orbat":[],"description":"Satellite heat detection at 22:59 UTC, in an area days after abnormal fire activity. Urban area."}},{"type":"Feature","geometry":{"type":"Point","coordinates":[35.15257,47.68871]},"properties":{"source":"economist_fires","source_name":"The Economist war-fire model","source_url":"https://github.com/TheEconomist/the-economist-war-fire-model","id":213,"date":"2026-09-19","link":"https://www.economist.com/interactive/graphic-detail/ukraine-fires","category":"Fire classified as war-related (model estimate)","side":"Not attributed","color":"#FF8C00","radius":3,"orbat":[],"description":"Satellite heat detection at 09:24 UTC, in an area days after abnormal fire activity. Urban area."}},{"type":"Feature","geometry":{"type":"Point","coordinates":[35.27454,47.27732]},"properties":{"source":"economist_fires","source_name":"The Economist war-fire model","source_url":"https://github.com/TheEconomist/the-economist-war-fire-model","id":214,"date":"2026-09-19","link":"https://www.economist.com/interactive/graphic-detail/ukraine-fires","category":"Fire classified as war-related (model estimate)","side":"Not attributed","color":"#FF8C00","radius":3,"orbat":[],"description":"Satellite heat detection at 09:24 UTC, in an area days after abnormal fire activity. Urban area."}},{"type":"Feature","geometry":{"type":"Point","coordinates":[35.26606,47.27877]},"properties":{"source":"economist_fires","source_name":"The Economist war-fire model","source_url":"https://github.com/TheEconomist/the-economist-war-fire-model","id":215,"date":"2026-09-19","link":"https://www.economist.com/interactive/graphic-detail/ukraine-fires","category":"Fire classified as war-related (model estimate)","side":"Not attributed","color":"#FF8C00","radius":3,"orbat":[],"description":"Satellite heat detection at 10:09 UTC, in an area days after abnormal fire activity. Urban area."}},{"type":"Feature","geometry":{"type":"Point","coordinates":[35.27184,47.2799]},"properties":{"source":"economist_fires","source_name":"The Economist war-fire model","source_url":"https://github.com/TheEconomist/the-economist-war-fire-model","id":216,"date":"2026-09-19","link":"https://www.economist.com/interactive/graphic-detail/ukraine-fires","category":"Fire classified as war-related (model estimate)","side":"Not attributed","color":"#FF8C00","radius":3,"orbat":[],"description":"Satellite heat detection at 10:09 UTC, in an area days after abnormal fire activity. Urban area."}},{"type":"Feature","geometry":{"type":"Point","coordinates":[35.2641,47.27771]},"properties":{"source":"economist_fires","source_name":"The Economist war-fire model","source_url":"https://github.com/TheEconomist/the-economist-war-fire-model","id":217,"date":"2026-09-19","link":"https://www.economist.com/interactive/graphic-detail/ukraine-fires","category":"Fire classified as war-related (model estimate)","side":"Not attributed","color":"#FF8C00","radius":3,"orbat":[],"description":"Satellite heat detection at 10:45 UTC, in an area days after abnormal fire activity. Urban area."}},{"type":"Feature","geometry":{"type":"Point","coordinates":[35.26931,47.27843]},"properties":{"source":"economist_fires","source_name":"The Economist war-fire model","source_url":"https://github.com/TheEconomist/the-economist-war-fire-model","id":218,"date":"2026-09-19","link":"https://www.economist.com/interactive/graphic-detail/ukraine-fires","category":"Fire classified as war-related (model estimate)","side":"Not attributed","color":"#FF8C00","radius":3,"orbat":[],"description":"Satellite heat detection at 10:45 UTC, in an area days after abnormal fire activity. Urban area."}},{"type":"Feature","geometry":{"type":"Point","coordinates":[35.26207,47.27711]},"properties":{"source":"economist_fires","source_name":"The Economist war-fire model","source_url":"https://github.com/TheEconomist/the-economist-war-fire-model","id":219,"date":"2026-09-19","link":"https://www.economist.com/interactive/graphic-detail/ukraine-fires","category":"Fire classified as war-related (model estimate)","side":"Not attributed","color":"#FF8C00","radius":3,"orbat":[],"description":"Satellite heat detection at 11:04 UTC, in an area days after abnormal fire activity. Urban area."}},{"type":"Feature","geometry":{"type":"Point","coordinates":[35.26783,47.27758]},"properties":{"source":"economist_fires","source_name":"The Economist war-fire model","source_url":"https://github.com/TheEconomist/the-economist-war-fire-model","id":220,"date":"2026-09-19","link":"https://www.economist.com/interactive/graphic-detail/ukraine-fires","category":"Fire classified as war-related (model estimate)","side":"Not attributed","color":"#FF8C00","radius":3,"orbat":[],"description":"Satellite heat detection at 11:04 UTC, in an area days after abnormal fire activity. Urban area."}},{"type":"Feature","geometry":{"type":"Point","coordinates":[35.36931,47.30297]},"properties":{"source":"economist_fires","source_name":"The Economist war-fire model","source_url":"https://github.com/TheEconomist/the-economist-war-fire-model","id":221,"date":"2026-09-19","link":"https://www.economist.com/interactive/graphic-detail/ukraine-fires","category":"Fire classified as war-related (model estimate)","side":"Not attributed","color":"#FF8C00","radius":3,"orbat":[],"description":"Satellite heat detection at 11:04 UTC, in an area days after abnormal fire activity. Urban area."}},{"type":"Feature","geometry":{"type":"Point","coordinates":[35.51414,46.72464]},"properties":{"source":"economist_fires","source_name":"The Economist war-fire model","source_url":"https://github.com/TheEconomist/the-economist-war-fire-model","id":222,"date":"2026-09-19","link":"https://www.economist.com/interactive/graphic-detail/ukraine-fires","category":"Fire classified as war-related (model estimate)","side":"Not attributed","color":"#FF8C00","radius":3,"orbat":[],"description":"Satellite heat detection at 09:24 UTC, in an area days after abnormal fire activity. Urban area."}},{"type":"Feature","geometry":{"type":"Point","coordinates":[35.52023,46.72659]},"properties":{"source":"economist_fires","source_name":"The Economist war-fire model","source_url":"https://github.com/TheEconomist/the-economist-war-fire-model","id":223,"date":"2026-09-19","link":"https://www.economist.com/interactive/graphic-detail/ukraine-fires","category":"Fire classified as war-related (model estimate)","side":"Not attributed","color":"#FF8C00","radius":3,"orbat":[],"description":"Satellite heat detection at 09:24 UTC, in an area of abnormal fire activity. Urban area."}},{"type":"Feature","geometry":{"type":"Point","coordinates":[35.47826,46.73333]},"properties":{"source":"economist_fires","source_name":"The Economist war-fire model","source_url":"https://github.com/TheEconomist/the-economist-war-fire-model","id":224,"date":"2026-09-19","link":"https://www.economist.com/interactive/graphic-detail/ukraine-fires","category":"Fire classified as war-related (model estimate)","side":"Not attributed","color":"#FF8C00","radius":3,"orbat":[],"description":"Satellite heat detection at 09:24 UTC, in an area days after abnormal fire activity. Urban area."}},{"type":"Feature","geometry":{"type":"Point","coordinates":[35.47735,46.73548]},"properties":{"source":"economist_fires","source_name":"The Economist war-fire model","source_url":"https://github.com/TheEconomist/the-economist-war-fire-model","id":225,"date":"2026-09-19","link":"https://www.economist.com/interactive/graphic-detail/ukraine-fires","category":"Fire classified as war-related (model estimate)","side":"Not attributed","color":"#FF8C00","radius":3,"orbat":[],"description":"Satellite heat detection at 09:24 UTC, in an area of abnormal fire activity. Urban area."}},{"type":"Feature","geometry":{"type":"Point","coordinates":[35.53024,46.72058]},"properties":{"source":"economist_fires","source_name":"The Economist war-fire model","source_url":"https://github.com/TheEconomist/the-economist-war-fire-model","id":226,"date":"2026-09-19","link":"https://www.economist.com/interactive/graphic-detail/ukraine-fires","category":"Fire classified as war-related (model estimate)","side":"Not attributed","color":"#FF8C00","radius":3,"orbat":[],"description":"Satellite heat detection at 10:09 UTC, in an area of abnormal fire activity. Urban area."}},{"type":"Feature","geometry":{"type":"Point","coordinates":[35.52613,46.72066]},"properties":{"source":"economist_fires","source_name":"The Economist war-fire model","source_url":"https://github.com/TheEconomist/the-economist-war-fire-model","id":227,"date":"2026-09-19","link":"https://www.economist.com/interactive/graphic-detail/ukraine-fires","category":"Fire classified as war-related (model estimate)","side":"Not attributed","color":"#FF8C00","radius":3,"orbat":[],"description":"Satellite heat detection at 10:09 UTC, in an area of abnormal fire activity. Urban area."}},{"type":"Feature","geometry":{"type":"Point","coordinates":[35.52309,46.72292]},"properties":{"source":"economist_fires","source_name":"The Economist war-fire model","source_url":"https://github.com/TheEconomist/the-economist-war-fire-model","id":228,"date":"2026-09-19","link":"https://www.economist.com/interactive/graphic-detail/ukraine-fires","category":"Fire classified as war-related (model estimate)","side":"Not attributed","color":"#FF8C00","radius":3,"orbat":[],"description":"Satellite heat detection at 10:09 UTC, in an area days after abnormal fire activity. Urban area."}},{"type":"Feature","geometry":{"type":"Point","coordinates":[35.51593,46.72527]},"properties":{"source":"economist_fires","source_name":"The Economist war-fire model","source_url":"https://github.com/TheEconomist/the-economist-war-fire-model","id":229,"date":"2026-09-19","link":"https://www.economist.com/interactive/graphic-detail/ukraine-fires","category":"Fire classified as war-related (model estimate)","side":"Not attributed","color":"#FF8C00","radius":3,"orbat":[],"description":"Satellite heat detection at 10:09 UTC, in an area days after abnormal fire activity. Urban area."}},{"type":"Feature","geometry":{"type":"Point","coordinates":[35.47715,46.7289]},"properties":{"source":"economist_fires","source_name":"The Economist war-fire model","source_url":"https://github.com/TheEconomist/the-economist-war-fire-model","id":230,"date":"2026-09-19","link":"https://www.economist.com/interactive/graphic-detail/ukraine-fires","category":"Fire classified as war-related (model estimate)","side":"Not attributed","color":"#FF8C00","radius":3,"orbat":[],"description":"Satellite heat detection at 10:09 UTC, in an area of abnormal fire activity. Urban area."}},{"type":"Feature","geometry":{"type":"Point","coordinates":[35.52454,46.7185]},"properties":{"source":"economist_fires","source_name":"The Economist war-fire model","source_url":"https://github.com/TheEconomist/the-economist-war-fire-model","id":231,"date":"2026-09-19","link":"https://www.economist.com/interactive/graphic-detail/ukraine-fires","category":"Fire classified as war-related (model estimate)","side":"Not attributed","color":"#FF8C00","radius":3,"orbat":[],"description":"Satellite heat detection at 10:45 UTC, in an area days after abnormal fire activity. Urban area."}},{"type":"Feature","geometry":{"type":"Point","coordinates":[35.47326,46.72876]},"properties":{"source":"economist_fires","source_name":"The Economist war-fire model","source_url":"https://github.com/TheEconomist/the-economist-war-fire-model","id":232,"date":"2026-09-19","link":"https://www.economist.com/interactive/graphic-detail/ukraine-fires","category":"Fire classified as war-related (model estimate)","side":"Not attributed","color":"#FF8C00","radius":3,"orbat":[],"description":"Satellite heat detection at 10:45 UTC, in an area days after abnormal fire activity. Urban area."}},{"type":"Feature","geometry":{"type":"Point","coordinates":[35.47841,46.72948]},"properties":{"source":"economist_fires","source_name":"The Economist war-fire model","source_url":"https://github.com/TheEconomist/the-economist-war-fire-model","id":233,"date":"2026-09-19","link":"https://www.economist.com/interactive/graphic-detail/ukraine-fires","category":"Fire classified as war-related (model estimate)","side":"Not attributed","color":"#FF8C00","radius":3,"orbat":[],"description":"Satellite heat detection at 10:45 UTC, in an area days after abnormal fire activity. Urban area."}},{"type":"Feature","geometry":{"type":"Point","coordinates":[35.51883,46.69711]},"properties":{"source":"economist_fires","source_name":"The Economist war-fire model","source_url":"https://github.com/TheEconomist/the-economist-war-fire-model","id":234,"date":"2026-09-19","link":"https://www.economist.com/interactive/graphic-detail/ukraine-fires","category":"Fire classified as war-related (model estimate)","side":"Not attributed","color":"#FF8C00","radius":3,"orbat":[],"description":"Satellite heat detection at 11:04 UTC, in an area days after abnormal fire activity. Urban area."}},{"type":"Feature","geometry":{"type":"Point","coordinates":[35.51981,46.71764]},"properties":{"source":"economist_fires","source_name":"The Economist war-fire model","source_url":"https://github.com/TheEconomist/the-economist-war-fire-model","id":235,"date":"2026-09-19","link":"https://www.economist.com/interactive/graphic-detail/ukraine-fires","category":"Fire classified as war-related (model estimate)","side":"Not attributed","color":"#FF8C00","radius":3,"orbat":[],"description":"Satellite heat detection at 11:04 UTC, in an area days after abnormal fire activity. Urban area."}},{"type":"Feature","geometry":{"type":"Point","coordinates":[35.52558,46.71809]},"properties":{"source":"economist_fires","source_name":"The Economist war-fire model","source_url":"https://github.com/TheEconomist/the-economist-war-fire-model","id":236,"date":"2026-09-19","link":"https://www.economist.com/interactive/graphic-detail/ukraine-fires","category":"Fire classified as war-related (model estimate)","side":"Not attributed","color":"#FF8C00","radius":3,"orbat":[],"description":"Satellite heat detection at 11:04 UTC, in an area days after abnormal fire activity. Urban area."}},{"type":"Feature","geometry":{"type":"Point","coordinates":[35.52106,46.71885]},"properties":{"source":"economist_fires","source_name":"The Economist war-fire model","source_url":"https://github.com/TheEconomist/the-economist-war-fire-model","id":237,"date":"2026-09-19","link":"https://www.economist.com/interactive/graphic-detail/ukraine-fires","category":"Fire classified as war-related (model estimate)","side":"Not attributed","color":"#FF8C00","radius":3,"orbat":[],"description":"Satellite heat detection at 11:04 UTC, in an area of abnormal fire activity. Urban area."}},{"type":"Feature","geometry":{"type":"Point","coordinates":[35.53352,46.6834]},"properties":{"source":"economist_fires","source_name":"The Economist war-fire model","source_url":"https://github.com/TheEconomist/the-economist-war-fire-model","id":238,"date":"2026-09-19","link":"https://www.economist.com/interactive/graphic-detail/ukraine-fires","category":"Fire classified as war-related (model estimate)","side":"Not attributed","color":"#FF8C00","radius":3,"orbat":[],"description":"Satellite heat detection at 13:18 UTC, in an area days after abnormal fire activity. Urban area."}},{"type":"Feature","geometry":{"type":"Point","coordinates":[35.47639,47.6838]},"properties":{"source":"economist_fires","source_name":"The Economist war-fire model","source_url":"https://github.com/TheEconomist/the-economist-war-fire-model","id":239,"date":"2026-09-19","link":"https://www.economist.com/interactive/graphic-detail/ukraine-fires","category":"Fire classified as war-related (model estimate)","side":"Not attributed","color":"#FF8C00","radius":3,"orbat":[],"description":"Satellite heat detection at 09:24 UTC, in an area days after abnormal fire activity. Urban area."}},{"type":"Feature","geometry":{"type":"Point","coordinates":[35.46723,47.6867]},"properties":{"source":"economist_fires","source_name":"The Economist war-fire model","source_url":"https://github.com/TheEconomist/the-economist-war-fire-model","id":240,"date":"2026-09-19","link":"https://www.economist.com/interactive/graphic-detail/ukraine-fires","category":"Fire classified as war-related (model estimate)","side":"Not attributed","color":"#FF8C00","radius":3,"orbat":[],"description":"Satellite heat detection at 09:24 UTC, in an area of abnormal fire activity. Urban area."}},{"type":"Feature","geometry":{"type":"Point","coordinates":[35.47286,47.68852]},"properties":{"source":"economist_fires","source_name":"The Economist war-fire model","source_url":"https://github.com/TheEconomist/the-economist-war-fire-model","id":241,"date":"2026-09-19","link":"https://www.economist.com/interactive/graphic-detail/ukraine-fires","category":"Fire classified as war-related (model estimate)","side":"Not attributed","color":"#FF8C00","radius":3,"orbat":[],"description":"Satellite heat detection at 09:24 UTC, in an area of abnormal fire activity. Urban area."}},{"type":"Feature","geometry":{"type":"Point","coordinates":[35.47234,47.68908]},"properties":{"source":"economist_fires","source_name":"The Economist war-fire model","source_url":"https://github.com/TheEconomist/the-economist-war-fire-model","id":242,"date":"2026-09-19","link":"https://www.economist.com/interactive/graphic-detail/ukraine-fires","category":"Fire classified as war-related (model estimate)","side":"Not attributed","color":"#FF8C00","radius":3,"orbat":[],"description":"Satellite heat detection at 09:24 UTC, in an area of abnormal fire activity. Urban area."}},{"type":"Feature","geometry":{"type":"Point","coordinates":[35.46728,47.68882]},"properties":{"source":"economist_fires","source_name":"The Economist war-fire model","source_url":"https://github.com/TheEconomist/the-economist-war-fire-model","id":243,"date":"2026-09-19","link":"https://www.economist.com/interactive/graphic-detail/ukraine-fires","category":"Fire classified as war-related (model estimate)","side":"Not attributed","color":"#FF8C00","radius":3,"orbat":[],"description":"Satellite heat detection at 10:09 UTC, in an area days after abnormal fire activity. Urban area."}},{"type":"Feature","geometry":{"type":"Point","coordinates":[35.52122,47.70642]},"properties":{"source":"economist_fires","source_name":"The Economist war-fire model","source_url":"https://github.com/TheEconomist/the-economist-war-fire-model","id":244,"date":"2026-09-19","link":"https://www.economist.com/interactive/graphic-detail/ukraine-fires","category":"Fire classified as war-related (model estimate)","side":"Not attributed","color":"#FF8C00","radius":3,"orbat":[],"description":"Satellite heat detection at 10:09 UTC, in an area of abnormal fire activity. Urban area."}},{"type":"Feature","geometry":{"type":"Point","coordinates":[35.46393,47.68915]},"properties":{"source":"economist_fires","source_name":"The Economist war-fire model","source_url":"https://github.com/TheEconomist/the-economist-war-fire-model","id":245,"date":"2026-09-19","link":"https://www.economist.com/interactive/graphic-detail/ukraine-fires","category":"Fire classified as war-related (model estimate)","side":"Not attributed","color":"#FF8C00","radius":3,"orbat":[],"description":"Satellite heat detection at 10:45 UTC, in an area days after abnormal fire activity. Urban area."}},{"type":"Feature","geometry":{"type":"Point","coordinates":[35.51961,47.70715]},"properties":{"source":"economist_fires","source_name":"The Economist war-fire model","source_url":"https://github.com/TheEconomist/the-economist-war-fire-model","id":246,"date":"2026-09-19","link":"https://www.economist.com/interactive/graphic-detail/ukraine-fires","category":"Fire classified as war-related (model estimate)","side":"Not attributed","color":"#FF8C00","radius":3,"orbat":[],"description":"Satellite heat detection at 10:45 UTC, in an area days after abnormal fire activity. Urban area."}},{"type":"Feature","geometry":{"type":"Point","coordinates":[35.46474,47.6889]},"properties":{"source":"economist_fires","source_name":"The Economist war-fire model","source_url":"https://github.com/TheEconomist/the-economist-war-fire-model","id":247,"date":"2026-09-19","link":"https://www.economist.com/interactive/graphic-detail/ukraine-fires","category":"Fire classified as war-related (model estimate)","side":"Not attributed","color":"#FF8C00","radius":3,"orbat":[],"description":"Satellite heat detection at 11:04 UTC, in an area days after abnormal fire activity. Urban area."}},{"type":"Feature","geometry":{"type":"Point","coordinates":[35.7313,47.66909]},"properties":{"source":"economist_fires","source_name":"The Economist war-fire model","source_url":"https://github.com/TheEconomist/the-economist-war-fire-model","id":248,"date":"2026-09-19","link":"https://www.economist.com/interactive/graphic-detail/ukraine-fires","category":"Fire classified as war-related (model estimate)","side":"Not attributed","color":"#FF8C00","radius":3,"orbat":[],"description":"Satellite heat detection at 10:09 UTC, in an area days after abnormal fire activity. Urban area."}},{"type":"Feature","geometry":{"type":"Point","coordinates":[35.73124,47.66887]},"properties":{"source":"economist_fires","source_name":"The Economist war-fire model","source_url":"https://github.com/TheEconomist/the-economist-war-fire-model","id":249,"date":"2026-09-19","link":"https://www.economist.com/interactive/graphic-detail/ukraine-fires","category":"Fire classified as war-related (model estimate)","side":"Not attributed","color":"#FF8C00","radius":3,"orbat":[],"description":"Satellite heat detection at 10:45 UTC, in an area days after abnormal fire activity. Urban area."}},{"type":"Feature","geometry":{"type":"Point","coordinates":[35.7665,46.90971]},"properties":{"source":"economist_fires","source_name":"The Economist war-fire model","source_url":"https://github.com/TheEconomist/the-economist-war-fire-model","id":250,"date":"2026-09-19","link":"https://www.economist.com/interactive/graphic-detail/ukraine-fires","category":"Fire classified as war-related (model estimate)","side":"Not attributed","color":"#FF8C00","radius":3,"orbat":[],"description":"Satellite heat detection at 09:24 UTC, in an area of abnormal fire activity. Urban area."}},{"type":"Feature","geometry":{"type":"Point","coordinates":[35.77237,46.91158]},"properties":{"source":"economist_fires","source_name":"The Economist war-fire model","source_url":"https://github.com/TheEconomist/the-economist-war-fire-model","id":251,"date":"2026-09-19","link":"https://www.economist.com/interactive/graphic-detail/ukraine-fires","category":"Fire classified as war-related (model estimate)","side":"Not attributed","color":"#FF8C00","radius":3,"orbat":[],"description":"Satellite heat detection at 09:24 UTC, in an area of abnormal fire activity. Urban area."}},{"type":"Feature","geometry":{"type":"Point","coordinates":[35.76497,46.92249]},"properties":{"source":"economist_fires","source_name":"The Economist war-fire model","source_url":"https://github.com/TheEconomist/the-economist-war-fire-model","id":252,"date":"2026-09-19","link":"https://www.economist.com/interactive/graphic-detail/ukraine-fires","category":"Fire classified as war-related (model estimate)","side":"Not attributed","color":"#FF8C00","radius":3,"orbat":[],"description":"Satellite heat detection at 09:24 UTC, in an area of abnormal fire activity. Urban area."}},{"type":"Feature","geometry":{"type":"Point","coordinates":[35.77082,46.92437]},"properties":{"source":"economist_fires","source_name":"The Economist war-fire model","source_url":"https://github.com/TheEconomist/the-economist-war-fire-model","id":253,"date":"2026-09-19","link":"https://www.economist.com/interactive/graphic-detail/ukraine-fires","category":"Fire classified as war-related (model estimate)","side":"Not attributed","color":"#FF8C00","radius":3,"orbat":[],"description":"Satellite heat detection at 09:24 UTC, in an area of abnormal fire activity. Urban area."}},{"type":"Feature","geometry":{"type":"Point","coordinates":[35.76611,46.88911]},"properties":{"source":"economist_fires","source_name":"The Economist war-fire model","source_url":"https://github.com/TheEconomist/the-economist-war-fire-model","id":254,"date":"2026-09-19","link":"https://www.economist.com/interactive/graphic-detail/ukraine-fires","category":"Fire classified as war-related (model estimate)","side":"Not attributed","color":"#FF8C00","radius":3,"orbat":[],"description":"Satellite heat detection at 10:09 UTC, in an area of abnormal fire activity. Urban area."}},{"type":"Feature","geometry":{"type":"Point","coordinates":[35.8414,46.93641]},"properties":{"source":"economist_fires","source_name":"The Economist war-fire model","source_url":"https://github.com/TheEconomist/the-economist-war-fire-model","id":255,"date":"2026-09-19","link":"https://www.economist.com/interactive/graphic-detail/ukraine-fires","category":"Fire classified as war-related (model estimate)","side":"Not attributed","color":"#FF8C00","radius":3,"orbat":[],"description":"Satellite heat detection at 10:45 UTC, in an area of abnormal fire activity. Urban area."}},{"type":"Feature","geometry":{"type":"Point","coordinates":[35.83862,46.93603]},"properties":{"source":"economist_fires","source_name":"The Economist war-fire model","source_url":"https://github.com/TheEconomist/the-economist-war-fire-model","id":256,"date":"2026-09-19","link":"https://www.economist.com/interactive/graphic-detail/ukraine-fires","category":"Fire classified as war-related (model estimate)","side":"Not attributed","color":"#FF8C00","radius":3,"orbat":[],"description":"Satellite heat detection at 11:04 UTC, in an area days after abnormal fire activity. Urban area."}},{"type":"Feature","geometry":{"type":"Point","coordinates":[35.76879,46.87376]},"properties":{"source":"economist_fires","source_name":"The Economist war-fire model","source_url":"https://github.com/TheEconomist/the-economist-war-fire-model","id":257,"date":"2026-09-19","link":"https://www.economist.com/interactive/graphic-detail/ukraine-fires","category":"Fire classified as war-related (model estimate)","side":"Not attributed","color":"#FF8C00","radius":3,"orbat":[],"description":"Satellite heat detection at 17:22 UTC, in an area days after abnormal fire activity. Urban area."}},{"type":"Feature","geometry":{"type":"Point","coordinates":[35.78533,46.87684]},"properties":{"source":"economist_fires","source_name":"The Economist war-fire model","source_url":"https://github.com/TheEconomist/the-economist-war-fire-model","id":258,"date":"2026-09-19","link":"https://www.economist.com/interactive/graphic-detail/ukraine-fires","category":"Fire classified as war-related (model estimate)","side":"Not attributed","color":"#FF8C00","radius":3,"orbat":[],"description":"Satellite heat detection at 17:22 UTC, in an area days after abnormal fire activity. Urban area."}},{"type":"Feature","geometry":{"type":"Point","coordinates":[35.85809,46.71745]},"properties":{"source":"economist_fires","source_name":"The Economist war-fire model","source_url":"https://github.com/TheEconomist/the-economist-war-fire-model","id":259,"date":"2026-09-19","link":"https://www.economist.com/interactive/graphic-detail/ukraine-fires","category":"Fire classified as war-related (model estimate)","side":"Not attributed","color":"#FF8C00","radius":3,"orbat":[],"description":"Satellite heat detection at 10:09 UTC, in an area days after abnormal fire activity. Urban area."}},{"type":"Feature","geometry":{"type":"Point","coordinates":[35.85112,46.71981]},"properties":{"source":"economist_fires","source_name":"The Economist war-fire model","source_url":"https://github.com/TheEconomist/the-economist-war-fire-model","id":260,"date":"2026-09-19","link":"https://www.economist.com/interactive/graphic-detail/ukraine-fires","category":"Fire classified as war-related (model estimate)","side":"Not attributed","color":"#FF8C00","radius":3,"orbat":[],"description":"Satellite heat detection at 10:09 UTC, in an area days after abnormal fire activity. Urban area."}},{"type":"Feature","geometry":{"type":"Point","coordinates":[35.86092,46.71606]},"properties":{"source":"economist_fires","source_name":"The Economist war-fire model","source_url":"https://github.com/TheEconomist/the-economist-war-fire-model","id":261,"date":"2026-09-19","link":"https://www.economist.com/interactive/graphic-detail/ukraine-fires","category":"Fire classified as war-related (model estimate)","side":"Not attributed","color":"#FF8C00","radius":3,"orbat":[],"description":"Satellite heat detection at 11:04 UTC, in an area days after abnormal fire activity. Urban area."}},{"type":"Feature","geometry":{"type":"Point","coordinates":[35.90985,48.10496]},"properties":{"source":"economist_fires","source_name":"The Economist war-fire model","source_url":"https://github.com/TheEconomist/the-economist-war-fire-model","id":262,"date":"2026-09-19","link":"https://www.economist.com/interactive/graphic-detail/ukraine-fires","category":"Fire classified as war-related (model estimate)","side":"Not attributed","color":"#FF8C00","radius":3,"orbat":[],"description":"Satellite heat detection at 09:07 UTC, in an area of abnormal fire activity. Urban area."}},{"type":"Feature","geometry":{"type":"Point","coordinates":[35.90463,48.10612]},"properties":{"source":"economist_fires","source_name":"The Economist war-fire model","source_url":"https://github.com/TheEconomist/the-economist-war-fire-model","id":263,"date":"2026-09-19","link":"https://www.economist.com/interactive/graphic-detail/ukraine-fires","category":"Fire classified as war-related (model estimate)","side":"Not attributed","color":"#FF8C00","radius":3,"orbat":[],"description":"Satellite heat detection at 09:07 UTC, in an area of abnormal fire activity. Urban area."}},{"type":"Feature","geometry":{"type":"Point","coordinates":[35.91931,48.10864]},"properties":{"source":"economist_fires","source_name":"The Economist war-fire model","source_url":"https://github.com/TheEconomist/the-economist-war-fire-model","id":264,"date":"2026-09-19","link":"https://www.economist.com/interactive/graphic-detail/ukraine-fires","category":"Fire classified as war-related (model estimate)","side":"Not attributed","color":"#FF8C00","radius":3,"orbat":[],"description":"Satellite heat detection at 09:07 UTC, in an area of abnormal fire activity. Urban area."}},{"type":"Feature","geometry":{"type":"Point","coordinates":[35.91282,48.10281]},"properties":{"source":"economist_fires","source_name":"The Economist war-fire model","source_url":"https://github.com/TheEconomist/the-economist-war-fire-model","id":265,"date":"2026-09-19","link":"https://www.economist.com/interactive/graphic-detail/ukraine-fires","category":"Fire classified as war-related (model estimate)","side":"Not attributed","color":"#FF8C00","radius":3,"orbat":[],"description":"Satellite heat detection at 09:24 UTC, in an area of abnormal fire activity. Urban area."}},{"type":"Feature","geometry":{"type":"Point","coordinates":[35.92348,48.10616]},"properties":{"source":"economist_fires","source_name":"The Economist war-fire model","source_url":"https://github.com/TheEconomist/the-economist-war-fire-model","id":266,"date":"2026-09-19","link":"https://www.economist.com/interactive/graphic-detail/ukraine-fires","category":"Fire classified as war-related (model estimate)","side":"Not attributed","color":"#FF8C00","radius":3,"orbat":[],"description":"Satellite heat detection at 09:24 UTC, in an area of abnormal fire activity. Urban area."}},{"type":"Feature","geometry":{"type":"Point","coordinates":[35.90395,48.10639]},"properties":{"source":"economist_fires","source_name":"The Economist war-fire model","source_url":"https://github.com/TheEconomist/the-economist-war-fire-model","id":267,"date":"2026-09-19","link":"https://www.economist.com/interactive/graphic-detail/ukraine-fires","category":"Fire classified as war-related (model estimate)","side":"Not attributed","color":"#FF8C00","radius":3,"orbat":[],"description":"Satellite heat detection at 09:24 UTC, in an area of abnormal fire activity. Urban area."}},{"type":"Feature","geometry":{"type":"Point","coordinates":[35.92002,48.11143]},"properties":{"source":"economist_fires","source_name":"The Economist war-fire model","source_url":"https://github.com/TheEconomist/the-economist-war-fire-model","id":268,"date":"2026-09-19","link":"https://www.economist.com/interactive/graphic-detail/ukraine-fires","category":"Fire classified as war-related (model estimate)","side":"Not attributed","color":"#FF8C00","radius":3,"orbat":[],"description":"Satellite heat detection at 09:24 UTC, in an area of abnormal fire activity. Urban area."}},{"type":"Feature","geometry":{"type":"Point","coordinates":[35.88613,48.13265]},"properties":{"source":"economist_fires","source_name":"The Economist war-fire model","source_url":"https://github.com/TheEconomist/the-economist-war-fire-model","id":269,"date":"2026-09-19","link":"https://www.economist.com/interactive/graphic-detail/ukraine-fires","category":"Fire classified as war-related (model estimate)","side":"Not attributed","color":"#FF8C00","radius":3,"orbat":[],"description":"Satellite heat detection at 09:24 UTC, in an area of abnormal fire activity. Urban area."}},{"type":"Feature","geometry":{"type":"Point","coordinates":[35.89151,48.13433]},"properties":{"source":"economist_fires","source_name":"The Economist war-fire model","source_url":"https://github.com/TheEconomist/the-economist-war-fire-model","id":270,"date":"2026-09-19","link":"https://www.economist.com/interactive/graphic-detail/ukraine-fires","category":"Fire classified as war-related (model estimate)","side":"Not attributed","color":"#FF8C00","radius":3,"orbat":[],"description":"Satellite heat detection at 09:24 UTC, in an area of abnormal fire activity. Urban area."}},{"type":"Feature","geometry":{"type":"Point","coordinates":[35.88768,48.1395]},"properties":{"source":"economist_fires","source_name":"The Economist war-fire model","source_url":"https://github.com/TheEconomist/the-economist-war-fire-model","id":271,"date":"2026-09-19","link":"https://www.economist.com/interactive/graphic-detail/ukraine-fires","category":"Fire classified as war-related (model estimate)","side":"Not attributed","color":"#FF8C00","radius":3,"orbat":[],"description":"Satellite heat detection at 09:24 UTC, in an area of abnormal fire activity. Urban area."}},{"type":"Feature","geometry":{"type":"Point","coordinates":[35.88437,48.14104]},"properties":{"source":"economist_fires","source_name":"The Economist war-fire model","source_url":"https://github.com/TheEconomist/the-economist-war-fire-model","id":272,"date":"2026-09-19","link":"https://www.economist.com/interactive/graphic-detail/ukraine-fires","category":"Fire classified as war-related (model estimate)","side":"Not attributed","color":"#FF8C00","radius":3,"orbat":[],"description":"Satellite heat detection at 09:24 UTC, in an area of abnormal fire activity. Urban area."}},{"type":"Feature","geometry":{"type":"Point","coordinates":[35.92132,48.1076]},"properties":{"source":"economist_fires","source_name":"The Economist war-fire model","source_url":"https://github.com/TheEconomist/the-economist-war-fire-model","id":273,"date":"2026-09-19","link":"https://www.economist.com/interactive/graphic-detail/ukraine-fires","category":"Fire classified as war-related (model estimate)","side":"Not attributed","color":"#FF8C00","radius":3,"orbat":[],"description":"Satellite heat detection at 10:09 UTC, in an area of abnormal fire activity. Urban area."}},{"type":"Feature","geometry":{"type":"Point","coordinates":[35.91995,48.11097]},"properties":{"source":"economist_fires","source_name":"The Economist war-fire model","source_url":"https://github.com/TheEconomist/the-economist-war-fire-model","id":274,"date":"2026-09-19","link":"https://www.economist.com/interactive/graphic-detail/ukraine-fires","category":"Fire classified as war-related (model estimate)","side":"Not attributed","color":"#FF8C00","radius":3,"orbat":[],"description":"Satellite heat detection at 10:09 UTC, in an area of abnormal fire activity. Urban area."}},{"type":"Feature","geometry":{"type":"Point","coordinates":[35.8847,48.13584]},"properties":{"source":"economist_fires","source_name":"The Economist war-fire model","source_url":"https://github.com/TheEconomist/the-economist-war-fire-model","id":275,"date":"2026-09-19","link":"https://www.economist.com/interactive/graphic-detail/ukraine-fires","category":"Fire classified as war-related (model estimate)","side":"Not attributed","color":"#FF8C00","radius":3,"orbat":[],"description":"Satellite heat detection at 10:09 UTC, in an area of abnormal fire activity. Urban area."}},{"type":"Feature","geometry":{"type":"Point","coordinates":[35.89024,48.13687]},"properties":{"source":"economist_fires","source_name":"The Economist war-fire model","source_url":"https://github.com/TheEconomist/the-economist-war-fire-model","id":276,"date":"2026-09-19","link":"https://www.economist.com/interactive/graphic-detail/ukraine-fires","category":"Fire classified as war-related (model estimate)","side":"Not attributed","color":"#FF8C00","radius":3,"orbat":[],"description":"Satellite heat detection at 10:09 UTC, in an area of abnormal fire activity. Urban area."}},{"type":"Feature","geometry":{"type":"Point","coordinates":[35.8819,48.14256]},"properties":{"source":"economist_fires","source_name":"The Economist war-fire model","source_url":"https://github.com/TheEconomist/the-economist-war-fire-model","id":277,"date":"2026-09-19","link":"https://www.economist.com/interactive/graphic-detail/ukraine-fires","category":"Fire classified as war-related (model estimate)","side":"Not attributed","color":"#FF8C00","radius":3,"orbat":[],"description":"Satellite heat detection at 10:09 UTC, in an area of abnormal fire activity. Urban area."}},{"type":"Feature","geometry":{"type":"Point","coordinates":[35.92099,48.10674]},"properties":{"source":"economist_fires","source_name":"The Economist war-fire model","source_url":"https://github.com/TheEconomist/the-economist-war-fire-model","id":278,"date":"2026-09-19","link":"https://www.economist.com/interactive/graphic-detail/ukraine-fires","category":"Fire classified as war-related (model estimate)","side":"Not attributed","color":"#FF8C00","radius":3,"orbat":[],"description":"Satellite heat detection at 10:45 UTC, in an area of abnormal fire activity. Urban area."}},{"type":"Feature","geometry":{"type":"Point","coordinates":[35.91999,48.11013]},"properties":{"source":"economist_fires","source_name":"The Economist war-fire model","source_url":"https://github.com/TheEconomist/the-economist-war-fire-model","id":279,"date":"2026-09-19","link":"https://www.economist.com/interactive/graphic-detail/ukraine-fires","category":"Fire classified as war-related (model estimate)","side":"Not attributed","color":"#FF8C00","radius":3,"orbat":[],"description":"Satellite heat detection at 10:45 UTC, in an area of abnormal fire activity. Urban area."}},{"type":"Feature","geometry":{"type":"Point","coordinates":[35.92257,48.11248]},"properties":{"source":"economist_fires","source_name":"The Economist war-fire model","source_url":"https://github.com/TheEconomist/the-economist-war-fire-model","id":280,"date":"2026-09-19","link":"https://www.economist.com/interactive/graphic-detail/ukraine-fires","category":"Fire classified as war-related (model estimate)","side":"Not attributed","color":"#FF8C00","radius":3,"orbat":[],"description":"Satellite heat detection at 10:45 UTC, in an area of abnormal fire activity. Urban area."}},{"type":"Feature","geometry":{"type":"Point","coordinates":[35.91899,48.11354]},"properties":{"source":"economist_fires","source_name":"The Economist war-fire model","source_url":"https://github.com/TheEconomist/the-economist-war-fire-model","id":281,"date":"2026-09-19","link":"https://www.economist.com/interactive/graphic-detail/ukraine-fires","category":"Fire classified as war-related (model estimate)","side":"Not attributed","color":"#FF8C00","radius":3,"orbat":[],"description":"Satellite heat detection at 10:45 UTC, in an area of abnormal fire activity. Urban area."}},{"type":"Feature","geometry":{"type":"Point","coordinates":[35.8815,48.13544]},"properties":{"source":"economist_fires","source_name":"The Economist war-fire model","source_url":"https://github.com/TheEconomist/the-economist-war-fire-model","id":282,"date":"2026-09-19","link":"https://www.economist.com/interactive/graphic-detail/ukraine-fires","category":"Fire classified as war-related (model estimate)","side":"Not attributed","color":"#FF8C00","radius":3,"orbat":[],"description":"Satellite heat detection at 10:45 UTC, in an area of abnormal fire activity. Urban area."}},{"type":"Feature","geometry":{"type":"Point","coordinates":[35.88703,48.13615]},"properties":{"source":"economist_fires","source_name":"The Economist war-fire model","source_url":"https://github.com/TheEconomist/the-economist-war-fire-model","id":283,"date":"2026-09-19","link":"https://www.economist.com/interactive/graphic-detail/ukraine-fires","category":"Fire classified as war-related (model estimate)","side":"Not attributed","color":"#FF8C00","radius":3,"orbat":[],"description":"Satellite heat detection at 10:45 UTC, in an area of abnormal fire activity. Urban area."}},{"type":"Feature","geometry":{"type":"Point","coordinates":[35.89254,48.13686]},"properties":{"source":"economist_fires","source_name":"The Economist war-fire model","source_url":"https://github.com/TheEconomist/the-economist-war-fire-model","id":284,"date":"2026-09-19","link":"https://www.economist.com/interactive/graphic-detail/ukraine-fires","category":"Fire classified as war-related (model estimate)","side":"Not attributed","color":"#FF8C00","radius":3,"orbat":[],"description":"Satellite heat detection at 10:45 UTC, in an area of abnormal fire activity. Urban area."}},{"type":"Feature","geometry":{"type":"Point","coordinates":[35.92364,48.10866]},"properties":{"source":"economist_fires","source_name":"The Economist war-fire model","source_url":"https://github.com/TheEconomist/the-economist-war-fire-model","id":285,"date":"2026-09-19","link":"https://www.economist.com/interactive/graphic-detail/ukraine-fires","category":"Fire classified as war-related (model estimate)","side":"Not attributed","color":"#FF8C00","radius":3,"orbat":[],"description":"Satellite heat detection at 11:04 UTC, in an area of abnormal fire activity. Urban area."}},{"type":"Feature","geometry":{"type":"Point","coordinates":[35.89188,48.13237]},"properties":{"source":"economist_fires","source_name":"The Economist war-fire model","source_url":"https://github.com/TheEconomist/the-economist-war-fire-model","id":286,"date":"2026-09-19","link":"https://www.economist.com/interactive/graphic-detail/ukraine-fires","category":"Fire classified as war-related (model estimate)","side":"Not attributed","color":"#FF8C00","radius":3,"orbat":[],"description":"Satellite heat detection at 11:04 UTC, in an area of abnormal fire activity. Urban area."}},{"type":"Feature","geometry":{"type":"Point","coordinates":[35.89352,48.13313]},"properties":{"source":"economist_fires","source_name":"The Economist war-fire model","source_url":"https://github.com/TheEconomist/the-economist-war-fire-model","id":287,"date":"2026-09-19","link":"https://www.economist.com/interactive/graphic-detail/ukraine-fires","category":"Fire classified as war-related (model estimate)","side":"Not attributed","color":"#FF8C00","radius":3,"orbat":[],"description":"Satellite heat detection at 11:04 UTC, in an area of abnormal fire activity. Urban area."}},{"type":"Feature","geometry":{"type":"Point","coordinates":[35.89124,48.13678]},"properties":{"source":"economist_fires","source_name":"The Economist war-fire model","source_url":"https://github.com/TheEconomist/the-economist-war-fire-model","id":288,"date":"2026-09-19","link":"https://www.economist.com/interactive/graphic-detail/ukraine-fires","category":"Fire classified as war-related (model estimate)","side":"Not attributed","color":"#FF8C00","radius":3,"orbat":[],"description":"Satellite heat detection at 11:04 UTC, in an area of abnormal fire activity. Urban area."}},{"type":"Feature","geometry":{"type":"Point","coordinates":[35.88425,48.14073]},"properties":{"source":"economist_fires","source_name":"The Economist war-fire model","source_url":"https://github.com/TheEconomist/the-economist-war-fire-model","id":289,"date":"2026-09-19","link":"https://www.economist.com/interactive/graphic-detail/ukraine-fires","category":"Fire classified as war-related (model estimate)","side":"Not attributed","color":"#FF8C00","radius":3,"orbat":[],"description":"Satellite heat detection at 11:04 UTC, in an area of abnormal fire activity. Urban area."}},{"type":"Feature","geometry":{"type":"Point","coordinates":[35.93412,48.1018]},"properties":{"source":"economist_fires","source_name":"The Economist war-fire model","source_url":"https://github.com/TheEconomist/the-economist-war-fire-model","id":290,"date":"2026-09-19","link":"https://www.economist.com/interactive/graphic-detail/ukraine-fires","category":"Fire classified as war-related (model estimate)","side":"Not attributed","color":"#FF8C00","radius":3,"orbat":[],"description":"Satellite heat detection at 13:18 UTC, in an area of abnormal fire activity. Urban area."}},{"type":"Feature","geometry":{"type":"Point","coordinates":[35.85593,48.13445]},"properties":{"source":"economist_fires","source_name":"The Economist war-fire model","source_url":"https://github.com/TheEconomist/the-economist-war-fire-model","id":291,"date":"2026-09-19","link":"https://www.economist.com/interactive/graphic-detail/ukraine-fires","category":"Fire classified as war-related (model estimate)","side":"Not attributed","color":"#FF8C00","radius":3,"orbat":[],"description":"Satellite heat detection at 13:18 UTC, in an area of abnormal fire activity. Urban area."}},{"type":"Feature","geometry":{"type":"Point","coordinates":[35.88854,48.13637]},"properties":{"source":"economist_fires","source_name":"The Economist war-fire model","source_url":"https://github.com/TheEconomist/the-economist-war-fire-model","id":292,"date":"2026-09-19","link":"https://www.economist.com/interactive/graphic-detail/ukraine-fires","category":"Fire classified as war-related (model estimate)","side":"Not attributed","color":"#FF8C00","radius":3,"orbat":[],"description":"Satellite heat detection at 13:18 UTC, in an area of abnormal fire activity. Urban area."}},{"type":"Feature","geometry":{"type":"Point","coordinates":[35.99726,47.31468]},"properties":{"source":"economist_fires","source_name":"The Economist war-fire model","source_url":"https://github.com/TheEconomist/the-economist-war-fire-model","id":293,"date":"2026-09-19","link":"https://www.economist.com/interactive/graphic-detail/ukraine-fires","category":"Fire classified as war-related (model estimate)","side":"Not attributed","color":"#FF8C00","radius":3,"orbat":[],"description":"Satellite heat detection at 09:24 UTC, in an area of abnormal fire activity. Urban area."}},{"type":"Feature","geometry":{"type":"Point","coordinates":[36.00297,47.31649]},"properties":{"source":"economist_fires","source_name":"The Economist war-fire model","source_url":"https://github.com/TheEconomist/the-economist-war-fire-model","id":294,"date":"2026-09-19","link":"https://www.economist.com/interactive/graphic-detail/ukraine-fires","category":"Fire classified as war-related (model estimate)","side":"Not attributed","color":"#FF8C00","radius":3,"orbat":[],"description":"Satellite heat detection at 09:24 UTC, in an area of abnormal fire activity. Urban area."}},{"type":"Feature","geometry":{"type":"Point","coordinates":[35.99952,47.32189]},"properties":{"source":"economist_fires","source_name":"The Economist war-fire model","source_url":"https://github.com/TheEconomist/the-economist-war-fire-model","id":295,"date":"2026-09-19","link":"https://www.economist.com/interactive/graphic-detail/ukraine-fires","category":"Fire classified as war-related (model estimate)","side":"Not attributed","color":"#FF8C00","radius":3,"orbat":[],"description":"Satellite heat detection at 09:24 UTC, in an area of abnormal fire activity. Urban area."}},{"type":"Feature","geometry":{"type":"Point","coordinates":[36.00525,47.3237]},"properties":{"source":"economist_fires","source_name":"The Economist war-fire model","source_url":"https://github.com/TheEconomist/the-economist-war-fire-model","id":296,"date":"2026-09-19","link":"https://www.economist.com/interactive/graphic-detail/ukraine-fires","category":"Fire classified as war-related (model estimate)","side":"Not attributed","color":"#FF8C00","radius":3,"orbat":[],"description":"Satellite heat detection at 09:24 UTC, in an area of abnormal fire activity. Urban area."}},{"type":"Feature","geometry":{"type":"Point","coordinates":[35.99779,47.31462]},"properties":{"source":"economist_fires","source_name":"The Economist war-fire model","source_url":"https://github.com/TheEconomist/the-economist-war-fire-model","id":297,"date":"2026-09-19","link":"https://www.economist.com/interactive/graphic-detail/ukraine-fires","category":"Fire classified as war-related (model estimate)","side":"Not attributed","color":"#FF8C00","radius":3,"orbat":[],"description":"Satellite heat detection at 10:09 UTC, in an area of abnormal fire activity. Urban area."}},{"type":"Feature","geometry":{"type":"Point","coordinates":[35.99645,47.31803]},"properties":{"source":"economist_fires","source_name":"The Economist war-fire model","source_url":"https://github.com/TheEconomist/the-economist-war-fire-model","id":298,"date":"2026-09-19","link":"https://www.economist.com/interactive/graphic-detail/ukraine-fires","category":"Fire classified as war-related (model estimate)","side":"Not attributed","color":"#FF8C00","radius":3,"orbat":[],"description":"Satellite heat detection at 10:09 UTC, in an area of abnormal fire activity. Urban area."}},{"type":"Feature","geometry":{"type":"Point","coordinates":[36.00201,47.31907]},"properties":{"source":"economist_fires","source_name":"The Economist war-fire model","source_url":"https://github.com/TheEconomist/the-economist-war-fire-model","id":299,"date":"2026-09-19","link":"https://www.economist.com/interactive/graphic-detail/ukraine-fires","category":"Fire classified as war-related (model estimate)","side":"Not attributed","color":"#FF8C00","radius":3,"orbat":[],"description":"Satellite heat detection at 10:09 UTC, in an area of abnormal fire activity. Urban area."}},{"type":"Feature","geometry":{"type":"Point","coordinates":[36.00067,47.32246]},"properties":{"source":"economist_fires","source_name":"The Economist war-fire model","source_url":"https://github.com/TheEconomist/the-economist-war-fire-model","id":300,"date":"2026-09-19","link":"https://www.economist.com/interactive/graphic-detail/ukraine-fires","category":"Fire classified as war-related (model estimate)","side":"Not attributed","color":"#FF8C00","radius":3,"orbat":[],"description":"Satellite heat detection at 10:09 UTC, in an area of abnormal fire activity. Urban area."}},{"type":"Feature","geometry":{"type":"Point","coordinates":[35.99376,47.32482]},"properties":{"source":"economist_fires","source_name":"The Economist war-fire model","source_url":"https://github.com/TheEconomist/the-economist-war-fire-model","id":301,"date":"2026-09-19","link":"https://www.economist.com/interactive/graphic-detail/ukraine-fires","category":"Fire classified as war-related (model estimate)","side":"Not attributed","color":"#FF8C00","radius":3,"orbat":[],"description":"Satellite heat detection at 10:09 UTC, in an area of abnormal fire activity. Urban area."}},{"type":"Feature","geometry":{"type":"Point","coordinates":[35.99931,47.32586]},"properties":{"source":"economist_fires","source_name":"The Economist war-fire model","source_url":"https://github.com/TheEconomist/the-economist-war-fire-model","id":302,"date":"2026-09-19","link":"https://www.economist.com/interactive/graphic-detail/ukraine-fires","category":"Fire classified as war-related (model estimate)","side":"Not attributed","color":"#FF8C00","radius":3,"orbat":[],"description":"Satellite heat detection at 10:09 UTC, in an area of abnormal fire activity. Urban area."}},{"type":"Feature","geometry":{"type":"Point","coordinates":[35.99287,47.31251]},"properties":{"source":"economist_fires","source_name":"The Economist war-fire model","source_url":"https://github.com/TheEconomist/the-economist-war-fire-model","id":303,"date":"2026-09-19","link":"https://www.economist.com/interactive/graphic-detail/ukraine-fires","category":"Fire classified as war-related (model estimate)","side":"Not attributed","color":"#FF8C00","radius":3,"orbat":[],"description":"Satellite heat detection at 10:45 UTC, in an area of abnormal fire activity. Urban area."}},{"type":"Feature","geometry":{"type":"Point","coordinates":[35.99825,47.31322]},"properties":{"source":"economist_fires","source_name":"The Economist war-fire model","source_url":"https://github.com/TheEconomist/the-economist-war-fire-model","id":304,"date":"2026-09-19","link":"https://www.economist.com/interactive/graphic-detail/ukraine-fires","category":"Fire classified as war-related (model estimate)","side":"Not attributed","color":"#FF8C00","radius":3,"orbat":[],"description":"Satellite heat detection at 10:45 UTC, in an area of abnormal fire activity. Urban area."}},{"type":"Feature","geometry":{"type":"Point","coordinates":[35.99727,47.3166]},"properties":{"source":"economist_fires","source_name":"The Economist war-fire model","source_url":"https://github.com/TheEconomist/the-economist-war-fire-model","id":305,"date":"2026-09-19","link":"https://www.economist.com/interactive/graphic-detail/ukraine-fires","category":"Fire classified as war-related (model estimate)","side":"Not attributed","color":"#FF8C00","radius":3,"orbat":[],"description":"Satellite heat detection at 10:45 UTC, in an area of abnormal fire activity. Urban area."}},{"type":"Feature","geometry":{"type":"Point","coordinates":[36.00264,47.31731]},"properties":{"source":"economist_fires","source_name":"The Economist war-fire model","source_url":"https://github.com/TheEconomist/the-economist-war-fire-model","id":306,"date":"2026-09-19","link":"https://www.economist.com/interactive/graphic-detail/ukraine-fires","category":"Fire classified as war-related (model estimate)","side":"Not attributed","color":"#FF8C00","radius":3,"orbat":[],"description":"Satellite heat detection at 10:45 UTC, in an area of abnormal fire activity. Urban area."}},{"type":"Feature","geometry":{"type":"Point","coordinates":[35.99629,47.31999]},"properties":{"source":"economist_fires","source_name":"The Economist war-fire model","source_url":"https://github.com/TheEconomist/the-economist-war-fire-model","id":307,"date":"2026-09-19","link":"https://www.economist.com/interactive/graphic-detail/ukraine-fires","category":"Fire classified as war-related (model estimate)","side":"Not attributed","color":"#FF8C00","radius":3,"orbat":[],"description":"Satellite heat detection at 10:45 UTC, in an area of abnormal fire activity. Urban area."}},{"type":"Feature","geometry":{"type":"Point","coordinates":[36.00166,47.32069]},"properties":{"source":"economist_fires","source_name":"The Economist war-fire model","source_url":"https://github.com/TheEconomist/the-economist-war-fire-model","id":308,"date":"2026-09-19","link":"https://www.economist.com/interactive/graphic-detail/ukraine-fires","category":"Fire classified as war-related (model estimate)","side":"Not attributed","color":"#FF8C00","radius":3,"orbat":[],"description":"Satellite heat detection at 10:45 UTC, in an area of abnormal fire activity. Urban area."}},{"type":"Feature","geometry":{"type":"Point","coordinates":[36.00703,47.3214]},"properties":{"source":"economist_fires","source_name":"The Economist war-fire model","source_url":"https://github.com/TheEconomist/the-economist-war-fire-model","id":309,"date":"2026-09-19","link":"https://www.economist.com/interactive/graphic-detail/ukraine-fires","category":"Fire classified as war-related (model estimate)","side":"Not attributed","color":"#FF8C00","radius":3,"orbat":[],"description":"Satellite heat detection at 10:45 UTC, in an area of abnormal fire activity. Urban area."}},{"type":"Feature","geometry":{"type":"Point","coordinates":[35.99531,47.32337]},"properties":{"source":"economist_fires","source_name":"The Economist war-fire model","source_url":"https://github.com/TheEconomist/the-economist-war-fire-model","id":310,"date":"2026-09-19","link":"https://www.economist.com/interactive/graphic-detail/ukraine-fires","category":"Fire classified as war-related (model estimate)","side":"Not attributed","color":"#FF8C00","radius":3,"orbat":[],"description":"Satellite heat detection at 10:45 UTC, in an area of abnormal fire activity. Urban area."}},{"type":"Feature","geometry":{"type":"Point","coordinates":[36.00068,47.32408]},"properties":{"source":"economist_fires","source_name":"The Economist war-fire model","source_url":"https://github.com/TheEconomist/the-economist-war-fire-model","id":311,"date":"2026-09-19","link":"https://www.economist.com/interactive/graphic-detail/ukraine-fires","category":"Fire classified as war-related (model estimate)","side":"Not attributed","color":"#FF8C00","radius":3,"orbat":[],"description":"Satellite heat detection at 10:45 UTC, in an area of abnormal fire activity. Urban area."}},{"type":"Feature","geometry":{"type":"Point","coordinates":[35.9957,47.31188]},"properties":{"source":"economist_fires","source_name":"The Economist war-fire model","source_url":"https://github.com/TheEconomist/the-economist-war-fire-model","id":312,"date":"2026-09-19","link":"https://www.economist.com/interactive/graphic-detail/ukraine-fires","category":"Fire classified as war-related (model estimate)","side":"Not attributed","color":"#FF8C00","radius":3,"orbat":[],"description":"Satellite heat detection at 11:04 UTC, in an area of abnormal fire activity. Urban area."}},{"type":"Feature","geometry":{"type":"Point","coordinates":[36.0019,47.31234]},"properties":{"source":"economist_fires","source_name":"The Economist war-fire model","source_url":"https://github.com/TheEconomist/the-economist-war-fire-model","id":313,"date":"2026-09-19","link":"https://www.economist.com/interactive/graphic-detail/ukraine-fires","category":"Fire classified as war-related (model estimate)","side":"Not attributed","color":"#FF8C00","radius":3,"orbat":[],"description":"Satellite heat detection at 11:04 UTC, in an area of abnormal fire activity. Urban area."}},{"type":"Feature","geometry":{"type":"Point","coordinates":[36.00113,47.31672]},"properties":{"source":"economist_fires","source_name":"The Economist war-fire model","source_url":"https://github.com/TheEconomist/the-economist-war-fire-model","id":314,"date":"2026-09-19","link":"https://www.economist.com/interactive/graphic-detail/ukraine-fires","category":"Fire classified as war-related (model estimate)","side":"Not attributed","color":"#FF8C00","radius":3,"orbat":[],"description":"Satellite heat detection at 11:04 UTC, in an area of abnormal fire activity. Urban area."}},{"type":"Feature","geometry":{"type":"Point","coordinates":[36.00732,47.31717]},"properties":{"source":"economist_fires","source_name":"The Economist war-fire model","source_url":"https://github.com/TheEconomist/the-economist-war-fire-model","id":315,"date":"2026-09-19","link":"https://www.economist.com/interactive/graphic-detail/ukraine-fires","category":"Fire classified as war-related (model estimate)","side":"Not attributed","color":"#FF8C00","radius":3,"orbat":[],"description":"Satellite heat detection at 11:04 UTC, in an area of abnormal fire activity. Urban area."}},{"type":"Feature","geometry":{"type":"Point","coordinates":[36.00652,47.32154]},"properties":{"source":"economist_fires","source_name":"The Economist war-fire model","source_url":"https://github.com/TheEconomist/the-economist-war-fire-model","id":316,"date":"2026-09-19","link":"https://www.economist.com/interactive/graphic-detail/ukraine-fires","category":"Fire classified as war-related (model estimate)","side":"Not attributed","color":"#FF8C00","radius":3,"orbat":[],"description":"Satellite heat detection at 11:04 UTC, in an area of abnormal fire activity. Urban area."}},{"type":"Feature","geometry":{"type":"Point","coordinates":[36.02879,47.94076]},"properties":{"source":"economist_fires","source_name":"The Economist war-fire model","source_url":"https://github.com/TheEconomist/the-economist-war-fire-model","id":317,"date":"2026-09-19","link":"https://www.economist.com/interactive/graphic-detail/ukraine-fires","category":"Fire classified as war-related (model estimate)","side":"Not attributed","color":"#FF8C00","radius":3,"orbat":[],"description":"Satellite heat detection at 07:52 UTC, in an area days after abnormal fire activity. Urban area."}},{"type":"Feature","geometry":{"type":"Point","coordinates":[35.97272,47.94247]},"properties":{"source":"economist_fires","source_name":"The Economist war-fire model","source_url":"https://github.com/TheEconomist/the-economist-war-fire-model","id":318,"date":"2026-09-19","link":"https://www.economist.com/interactive/graphic-detail/ukraine-fires","category":"Fire classified as war-related (model estimate)","side":"Not attributed","color":"#FF8C00","radius":3,"orbat":[],"description":"Satellite heat detection at 07:52 UTC, in an area of abnormal fire activity. Urban area."}},{"type":"Feature","geometry":{"type":"Point","coordinates":[35.99254,47.94861]},"properties":{"source":"economist_fires","source_name":"The Economist war-fire model","source_url":"https://github.com/TheEconomist/the-economist-war-fire-model","id":319,"date":"2026-09-19","link":"https://www.economist.com/interactive/graphic-detail/ukraine-fires","category":"Fire classified as war-related (model estimate)","side":"Not attributed","color":"#FF8C00","radius":3,"orbat":[],"description":"Satellite heat detection at 09:07 UTC, in an area of abnormal fire activity. Urban area."}},{"type":"Feature","geometry":{"type":"Point","coordinates":[35.99063,47.94356]},"properties":{"source":"economist_fires","source_name":"The Economist war-fire model","source_url":"https://github.com/TheEconomist/the-economist-war-fire-model","id":320,"date":"2026-09-19","link":"https://www.economist.com/interactive/graphic-detail/ukraine-fires","category":"Fire classified as war-related (model estimate)","side":"Not attributed","color":"#FF8C00","radius":3,"orbat":[],"description":"Satellite heat detection at 09:24 UTC, in an area of abnormal fire activity. Urban area."}},{"type":"Feature","geometry":{"type":"Point","coordinates":[35.99031,47.9458]},"properties":{"source":"economist_fires","source_name":"The Economist war-fire model","source_url":"https://github.com/TheEconomist/the-economist-war-fire-model","id":321,"date":"2026-09-19","link":"https://www.economist.com/interactive/graphic-detail/ukraine-fires","category":"Fire classified as war-related (model estimate)","side":"Not attributed","color":"#FF8C00","radius":3,"orbat":[],"description":"Satellite heat detection at 09:24 UTC, in an area of abnormal fire activity. Urban area."}},{"type":"Feature","geometry":{"type":"Point","coordinates":[35.9957,47.94751]},"properties":{"source":"economist_fires","source_name":"The Economist war-fire model","source_url":"https://github.com/TheEconomist/the-economist-war-fire-model","id":322,"date":"2026-09-19","link":"https://www.economist.com/interactive/graphic-detail/ukraine-fires","category":"Fire classified as war-related (model estimate)","side":"Not attributed","color":"#FF8C00","radius":3,"orbat":[],"description":"Satellite heat detection at 09:24 UTC, in an area of abnormal fire activity. Urban area."}},{"type":"Feature","geometry":{"type":"Point","coordinates":[35.9855,47.94307]},"properties":{"source":"economist_fires","source_name":"The Economist war-fire model","source_url":"https://github.com/TheEconomist/the-economist-war-fire-model","id":323,"date":"2026-09-19","link":"https://www.economist.com/interactive/graphic-detail/ukraine-fires","category":"Fire classified as war-related (model estimate)","side":"Not attributed","color":"#FF8C00","radius":3,"orbat":[],"description":"Satellite heat detection at 10:09 UTC, in an area of abnormal fire activity. Urban area."}},{"type":"Feature","geometry":{"type":"Point","coordinates":[35.99102,47.9441]},"properties":{"source":"economist_fires","source_name":"The Economist war-fire model","source_url":"https://github.com/TheEconomist/the-economist-war-fire-model","id":324,"date":"2026-09-19","link":"https://www.economist.com/interactive/graphic-detail/ukraine-fires","category":"Fire classified as war-related (model estimate)","side":"Not attributed","color":"#FF8C00","radius":3,"orbat":[],"description":"Satellite heat detection at 10:09 UTC, in an area days after abnormal fire activity. Urban area."}},{"type":"Feature","geometry":{"type":"Point","coordinates":[35.98051,47.85212]},"properties":{"source":"economist_fires","source_name":"The Economist war-fire model","source_url":"https://github.com/TheEconomist/the-economist-war-fire-model","id":325,"date":"2026-09-19","link":"https://www.economist.com/interactive/graphic-detail/ukraine-fires","category":"Fire classified as war-related (model estimate)","side":"Not attributed","color":"#FF8C00","radius":3,"orbat":[],"description":"Satellite heat detection at 10:45 UTC, in an area days after abnormal fire activity. Urban area."}},{"type":"Feature","geometry":{"type":"Point","coordinates":[35.97287,47.90972]},"properties":{"source":"economist_fires","source_name":"The Economist war-fire model","source_url":"https://github.com/TheEconomist/the-economist-war-fire-model","id":326,"date":"2026-09-19","link":"https://www.economist.com/interactive/graphic-detail/ukraine-fires","category":"Fire classified as war-related (model estimate)","side":"Not attributed","color":"#FF8C00","radius":3,"orbat":[],"description":"Satellite heat detection at 10:45 UTC, in an area of abnormal fire activity. Urban area."}},{"type":"Feature","geometry":{"type":"Point","coordinates":[35.95964,48.10006]},"properties":{"source":"economist_fires","source_name":"The Economist war-fire model","source_url":"https://github.com/TheEconomist/the-economist-war-fire-model","id":327,"date":"2026-09-19","link":"https://www.economist.com/interactive/graphic-detail/ukraine-fires","category":"Fire classified as war-related (model estimate)","side":"Not attributed","color":"#FF8C00","radius":3,"orbat":[],"description":"Satellite heat detection at 13:18 UTC, in an area days after abnormal fire activity. Urban area."}},{"type":"Feature","geometry":{"type":"Point","coordinates":[35.9673,48.10384]},"properties":{"source":"economist_fires","source_name":"The Economist war-fire model","source_url":"https://github.com/TheEconomist/the-economist-war-fire-model","id":328,"date":"2026-09-19","link":"https://www.economist.com/interactive/graphic-detail/ukraine-fires","category":"Fire classified as war-related (model estimate)","side":"Not attributed","color":"#FF8C00","radius":3,"orbat":[],"description":"Satellite heat detection at 13:18 UTC, in an area days after abnormal fire activity. Urban area."}},{"type":"Feature","geometry":{"type":"Point","coordinates":[36.12161,47.1847]},"properties":{"source":"economist_fires","source_name":"The Economist war-fire model","source_url":"https://github.com/TheEconomist/the-economist-war-fire-model","id":329,"date":"2026-09-19","link":"https://www.economist.com/interactive/graphic-detail/ukraine-fires","category":"Fire classified as war-related (model estimate)","side":"Not attributed","color":"#FF8C00","radius":3,"orbat":[],"description":"Satellite heat detection at 09:24 UTC, in an area days after abnormal fire activity. Urban area."}},{"type":"Feature","geometry":{"type":"Point","coordinates":[36.12121,47.18507]},"properties":{"source":"economist_fires","source_name":"The Economist war-fire model","source_url":"https://github.com/TheEconomist/the-economist-war-fire-model","id":330,"date":"2026-09-19","link":"https://www.economist.com/interactive/graphic-detail/ukraine-fires","category":"Fire classified as war-related (model estimate)","side":"Not attributed","color":"#FF8C00","radius":3,"orbat":[],"description":"Satellite heat detection at 09:24 UTC, in an area days after abnormal fire activity. Urban area."}},{"type":"Feature","geometry":{"type":"Point","coordinates":[36.12721,47.18645]},"properties":{"source":"economist_fires","source_name":"The Economist war-fire model","source_url":"https://github.com/TheEconomist/the-economist-war-fire-model","id":331,"date":"2026-09-19","link":"https://www.economist.com/interactive/graphic-detail/ukraine-fires","category":"Fire classified as war-related (model estimate)","side":"Not attributed","color":"#FF8C00","radius":3,"orbat":[],"description":"Satellite heat detection at 09:24 UTC, in an area days after abnormal fire activity. Urban area."}},{"type":"Feature","geometry":{"type":"Point","coordinates":[36.11853,47.18244]},"properties":{"source":"economist_fires","source_name":"The Economist war-fire model","source_url":"https://github.com/TheEconomist/the-economist-war-fire-model","id":332,"date":"2026-09-19","link":"https://www.economist.com/interactive/graphic-detail/ukraine-fires","category":"Fire classified as war-related (model estimate)","side":"Not attributed","color":"#FF8C00","radius":3,"orbat":[],"description":"Satellite heat detection at 10:09 UTC, in an area days after abnormal fire activity. Urban area."}},{"type":"Feature","geometry":{"type":"Point","coordinates":[36.12267,47.18686]},"properties":{"source":"economist_fires","source_name":"The Economist war-fire model","source_url":"https://github.com/TheEconomist/the-economist-war-fire-model","id":333,"date":"2026-09-19","link":"https://www.economist.com/interactive/graphic-detail/ukraine-fires","category":"Fire classified as war-related (model estimate)","side":"Not attributed","color":"#FF8C00","radius":3,"orbat":[],"description":"Satellite heat detection at 10:09 UTC, in an area days after abnormal fire activity. Urban area."}},{"type":"Feature","geometry":{"type":"Point","coordinates":[36.10894,47.19157]},"properties":{"source":"economist_fires","source_name":"The Economist war-fire model","source_url":"https://github.com/TheEconomist/the-economist-war-fire-model","id":334,"date":"2026-09-19","link":"https://www.economist.com/interactive/graphic-detail/ukraine-fires","category":"Fire classified as war-related (model estimate)","side":"Not attributed","color":"#FF8C00","radius":3,"orbat":[],"description":"Satellite heat detection at 10:09 UTC, in an area days after abnormal fire activity. Urban area."}},{"type":"Feature","geometry":{"type":"Point","coordinates":[36.11444,47.1926]},"properties":{"source":"economist_fires","source_name":"The Economist war-fire model","source_url":"https://github.com/TheEconomist/the-economist-war-fire-model","id":335,"date":"2026-09-19","link":"https://www.economist.com/interactive/graphic-detail/ukraine-fires","category":"Fire classified as war-related (model estimate)","side":"Not attributed","color":"#FF8C00","radius":3,"orbat":[],"description":"Satellite heat detection at 10:09 UTC, in an area days after abnormal fire activity. Urban area."}},{"type":"Feature","geometry":{"type":"Point","coordinates":[36.12051,47.18608]},"properties":{"source":"economist_fires","source_name":"The Economist war-fire model","source_url":"https://github.com/TheEconomist/the-economist-war-fire-model","id":336,"date":"2026-09-19","link":"https://www.economist.com/interactive/graphic-detail/ukraine-fires","category":"Fire classified as war-related (model estimate)","side":"Not attributed","color":"#FF8C00","radius":3,"orbat":[],"description":"Satellite heat detection at 10:45 UTC, in an area days after abnormal fire activity. Urban area."}},{"type":"Feature","geometry":{"type":"Point","coordinates":[36.11322,47.19217]},"properties":{"source":"economist_fires","source_name":"The Economist war-fire model","source_url":"https://github.com/TheEconomist/the-economist-war-fire-model","id":337,"date":"2026-09-19","link":"https://www.economist.com/interactive/graphic-detail/ukraine-fires","category":"Fire classified as war-related (model estimate)","side":"Not attributed","color":"#FF8C00","radius":3,"orbat":[],"description":"Satellite heat detection at 10:45 UTC, in an area days after abnormal fire activity. Urban area."}},{"type":"Feature","geometry":{"type":"Point","coordinates":[36.11852,47.18348]},"properties":{"source":"economist_fires","source_name":"The Economist war-fire model","source_url":"https://github.com/TheEconomist/the-economist-war-fire-model","id":338,"date":"2026-09-19","link":"https://www.economist.com/interactive/graphic-detail/ukraine-fires","category":"Fire classified as war-related (model estimate)","side":"Not attributed","color":"#FF8C00","radius":3,"orbat":[],"description":"Satellite heat detection at 11:04 UTC, in an area days after abnormal fire activity. Urban area."}},{"type":"Feature","geometry":{"type":"Point","coordinates":[36.11928,47.18398]},"properties":{"source":"economist_fires","source_name":"The Economist war-fire model","source_url":"https://github.com/TheEconomist/the-economist-war-fire-model","id":339,"date":"2026-09-19","link":"https://www.economist.com/interactive/graphic-detail/ukraine-fires","category":"Fire classified as war-related (model estimate)","side":"Not attributed","color":"#FF8C00","radius":3,"orbat":[],"description":"Satellite heat detection at 11:04 UTC, in an area days after abnormal fire activity. Urban area."}},{"type":"Feature","geometry":{"type":"Point","coordinates":[36.05089,47.95451]},"properties":{"source":"economist_fires","source_name":"The Economist war-fire model","source_url":"https://github.com/TheEconomist/the-economist-war-fire-model","id":340,"date":"2026-09-19","link":"https://www.economist.com/interactive/graphic-detail/ukraine-fires","category":"Fire classified as war-related (model estimate)","side":"Not attributed","color":"#FF8C00","radius":3,"orbat":[],"description":"Satellite heat detection at 09:07 UTC, in an area of abnormal fire activity. Urban area."}},{"type":"Feature","geometry":{"type":"Point","coordinates":[36.06027,47.95486]},"properties":{"source":"economist_fires","source_name":"The Economist war-fire model","source_url":"https://github.com/TheEconomist/the-economist-war-fire-model","id":341,"date":"2026-09-19","link":"https://www.economist.com/interactive/graphic-detail/ukraine-fires","category":"Fire classified as war-related (model estimate)","side":"Not attributed","color":"#FF8C00","radius":3,"orbat":[],"description":"Satellite heat detection at 09:07 UTC, in an area of abnormal fire activity. Urban area."}},{"type":"Feature","geometry":{"type":"Point","coordinates":[36.06059,47.95831]},"properties":{"source":"economist_fires","source_name":"The Economist war-fire model","source_url":"https://github.com/TheEconomist/the-economist-war-fire-model","id":342,"date":"2026-09-19","link":"https://www.economist.com/interactive/graphic-detail/ukraine-fires","category":"Fire classified as war-related (model estimate)","side":"Not attributed","color":"#FF8C00","radius":3,"orbat":[],"description":"Satellite heat detection at 09:07 UTC, in an area of abnormal fire activity. Urban area."}},{"type":"Feature","geometry":{"type":"Point","coordinates":[36.07333,48.04193]},"properties":{"source":"economist_fires","source_name":"The Economist war-fire model","source_url":"https://github.com/TheEconomist/the-economist-war-fire-model","id":343,"date":"2026-09-19","link":"https://www.economist.com/interactive/graphic-detail/ukraine-fires","category":"Fire classified as war-related (model estimate)","side":"Not attributed","color":"#FF8C00","radius":3,"orbat":[],"description":"Satellite heat detection at 09:24 UTC, in an area of abnormal fire activity. Urban area."}},{"type":"Feature","geometry":{"type":"Point","coordinates":[36.07138,48.04498]},"properties":{"source":"economist_fires","source_name":"The Economist war-fire model","source_url":"https://github.com/TheEconomist/the-economist-war-fire-model","id":344,"date":"2026-09-19","link":"https://www.economist.com/interactive/graphic-detail/ukraine-fires","category":"Fire classified as war-related (model estimate)","side":"Not attributed","color":"#FF8C00","radius":3,"orbat":[],"description":"Satellite heat detection at 10:09 UTC, in an area of abnormal fire activity. Urban area."}},{"type":"Feature","geometry":{"type":"Point","coordinates":[36.07354,48.04606]},"properties":{"source":"economist_fires","source_name":"The Economist war-fire model","source_url":"https://github.com/TheEconomist/the-economist-war-fire-model","id":345,"date":"2026-09-19","link":"https://www.economist.com/interactive/graphic-detail/ukraine-fires","category":"Fire classified as war-related (model estimate)","side":"Not attributed","color":"#FF8C00","radius":3,"orbat":[],"description":"Satellite heat detection at 10:09 UTC, in an area of abnormal fire activity. Urban area."}},{"type":"Feature","geometry":{"type":"Point","coordinates":[36.05957,48.04331]},"properties":{"source":"economist_fires","source_name":"The Economist war-fire model","source_url":"https://github.com/TheEconomist/the-economist-war-fire-model","id":346,"date":"2026-09-19","link":"https://www.economist.com/interactive/graphic-detail/ukraine-fires","category":"Fire classified as war-related (model estimate)","side":"Not attributed","color":"#FF8C00","radius":3,"orbat":[],"description":"Satellite heat detection at 10:45 UTC, in an area of abnormal fire activity. Urban area."}},{"type":"Feature","geometry":{"type":"Point","coordinates":[36.07072,48.04473]},"properties":{"source":"economist_fires","source_name":"The Economist war-fire model","source_url":"https://github.com/TheEconomist/the-economist-war-fire-model","id":347,"date":"2026-09-19","link":"https://www.economist.com/interactive/graphic-detail/ukraine-fires","category":"Fire classified as war-related (model estimate)","side":"Not attributed","color":"#FF8C00","radius":3,"orbat":[],"description":"Satellite heat detection at 10:45 UTC, in an area of abnormal fire activity. Urban area."}},{"type":"Feature","geometry":{"type":"Point","coordinates":[36.05738,48.0423]},"properties":{"source":"economist_fires","source_name":"The Economist war-fire model","source_url":"https://github.com/TheEconomist/the-economist-war-fire-model","id":348,"date":"2026-09-19","link":"https://www.economist.com/interactive/graphic-detail/ukraine-fires","category":"Fire classified as war-related (model estimate)","side":"Not attributed","color":"#FF8C00","radius":3,"orbat":[],"description":"Satellite heat detection at 11:04 UTC, in an area of abnormal fire activity. Urban area."}},{"type":"Feature","geometry":{"type":"Point","coordinates":[36.0639,48.04276]},"properties":{"source":"economist_fires","source_name":"The Economist war-fire model","source_url":"https://github.com/TheEconomist/the-economist-war-fire-model","id":349,"date":"2026-09-19","link":"https://www.economist.com/interactive/graphic-detail/ukraine-fires","category":"Fire classified as war-related (model estimate)","side":"Not attributed","color":"#FF8C00","radius":3,"orbat":[],"description":"Satellite heat detection at 11:04 UTC, in an area of abnormal fire activity. Urban area."}},{"type":"Feature","geometry":{"type":"Point","coordinates":[36.07049,48.04322]},"properties":{"source":"economist_fires","source_name":"The Economist war-fire model","source_url":"https://github.com/TheEconomist/the-economist-war-fire-model","id":350,"date":"2026-09-19","link":"https://www.economist.com/interactive/graphic-detail/ukraine-fires","category":"Fire classified as war-related (model estimate)","side":"Not attributed","color":"#FF8C00","radius":3,"orbat":[],"description":"Satellite heat detection at 11:04 UTC, in an area of abnormal fire activity. Urban area."}},{"type":"Feature","geometry":{"type":"Point","coordinates":[36.07717,48.04368]},"properties":{"source":"economist_fires","source_name":"The Economist war-fire model","source_url":"https://github.com/TheEconomist/the-economist-war-fire-model","id":351,"date":"2026-09-19","link":"https://www.economist.com/interactive/graphic-detail/ukraine-fires","category":"Fire classified as war-related (model estimate)","side":"Not attributed","color":"#FF8C00","radius":3,"orbat":[],"description":"Satellite heat detection at 11:04 UTC, in an area of abnormal fire activity. Urban area."}},{"type":"Feature","geometry":{"type":"Point","coordinates":[36.18633,47.7508]},"properties":{"source":"economist_fires","source_name":"The Economist war-fire model","source_url":"https://github.com/TheEconomist/the-economist-war-fire-model","id":352,"date":"2026-09-19","link":"https://www.economist.com/interactive/graphic-detail/ukraine-fires","category":"Fire classified as war-related (model estimate)","side":"Not attributed","color":"#FF8C00","radius":3,"orbat":[],"description":"Satellite heat detection at 10:09 UTC, in an area days after abnormal fire activity. Urban area."}},{"type":"Feature","geometry":{"type":"Point","coordinates":[36.18362,47.75752]},"properties":{"source":"economist_fires","source_name":"The Economist war-fire model","source_url":"https://github.com/TheEconomist/the-economist-war-fire-model","id":353,"date":"2026-09-19","link":"https://www.economist.com/interactive/graphic-detail/ukraine-fires","category":"Fire classified as war-related (model estimate)","side":"Not attributed","color":"#FF8C00","radius":3,"orbat":[],"description":"Satellite heat detection at 10:09 UTC, in an area of abnormal fire activity. Urban area."}},{"type":"Feature","geometry":{"type":"Point","coordinates":[36.1823,47.75206]},"properties":{"source":"economist_fires","source_name":"The Economist war-fire model","source_url":"https://github.com/TheEconomist/the-economist-war-fire-model","id":354,"date":"2026-09-19","link":"https://www.economist.com/interactive/graphic-detail/ukraine-fires","category":"Fire classified as war-related (model estimate)","side":"Not attributed","color":"#FF8C00","radius":3,"orbat":[],"description":"Satellite heat detection at 10:45 UTC, in an area of abnormal fire activity. Urban area."}},{"type":"Feature","geometry":{"type":"Point","coordinates":[36.18783,47.75277]},"properties":{"source":"economist_fires","source_name":"The Economist war-fire model","source_url":"https://github.com/TheEconomist/the-economist-war-fire-model","id":355,"date":"2026-09-19","link":"https://www.economist.com/interactive/graphic-detail/ukraine-fires","category":"Fire classified as war-related (model estimate)","side":"Not attributed","color":"#FF8C00","radius":3,"orbat":[],"description":"Satellite heat detection at 10:45 UTC, in an area of abnormal fire activity. Urban area."}},{"type":"Feature","geometry":{"type":"Point","coordinates":[36.18134,47.75548]},"properties":{"source":"economist_fires","source_name":"The Economist war-fire model","source_url":"https://github.com/TheEconomist/the-economist-war-fire-model","id":356,"date":"2026-09-19","link":"https://www.economist.com/interactive/graphic-detail/ukraine-fires","category":"Fire classified as war-related (model estimate)","side":"Not attributed","color":"#FF8C00","radius":3,"orbat":[],"description":"Satellite heat detection at 10:45 UTC, in an area days after abnormal fire activity. Urban area."}},{"type":"Feature","geometry":{"type":"Point","coordinates":[36.18039,47.7589]},"properties":{"source":"economist_fires","source_name":"The Economist war-fire model","source_url":"https://github.com/TheEconomist/the-economist-war-fire-model","id":357,"date":"2026-09-19","link":"https://www.economist.com/interactive/graphic-detail/ukraine-fires","category":"Fire classified as war-related (model estimate)","side":"Not attributed","color":"#FF8C00","radius":3,"orbat":[],"description":"Satellite heat detection at 10:45 UTC, in an area of abnormal fire activity. Urban area."}},{"type":"Feature","geometry":{"type":"Point","coordinates":[36.1856,47.75055]},"properties":{"source":"economist_fires","source_name":"The Economist war-fire model","source_url":"https://github.com/TheEconomist/the-economist-war-fire-model","id":358,"date":"2026-09-19","link":"https://www.economist.com/interactive/graphic-detail/ukraine-fires","category":"Fire classified as war-related (model estimate)","side":"Not attributed","color":"#FF8C00","radius":3,"orbat":[],"description":"Satellite heat detection at 11:04 UTC, in an area days after abnormal fire activity. Urban area."}},{"type":"Feature","geometry":{"type":"Point","coordinates":[36.18493,47.75499]},"properties":{"source":"economist_fires","source_name":"The Economist war-fire model","source_url":"https://github.com/TheEconomist/the-economist-war-fire-model","id":359,"date":"2026-09-19","link":"https://www.economist.com/interactive/graphic-detail/ukraine-fires","category":"Fire classified as war-related (model estimate)","side":"Not attributed","color":"#FF8C00","radius":3,"orbat":[],"description":"Satellite heat detection at 11:04 UTC, in an area days after abnormal fire activity. Urban area."}},{"type":"Feature","geometry":{"type":"Point","coordinates":[36.188,47.80709]},"properties":{"source":"economist_fires","source_name":"The Economist war-fire model","source_url":"https://github.com/TheEconomist/the-economist-war-fire-model","id":360,"date":"2026-09-19","link":"https://www.economist.com/interactive/graphic-detail/ukraine-fires","category":"Fire classified as war-related (model estimate)","side":"Not attributed","color":"#FF8C00","radius":3,"orbat":[],"description":"Satellite heat detection at 13:18 UTC, in an area days after abnormal fire activity. Urban area."}},{"type":"Feature","geometry":{"type":"Point","coordinates":[36.19462,48.13992]},"properties":{"source":"economist_fires","source_name":"The Economist war-fire model","source_url":"https://github.com/TheEconomist/the-economist-war-fire-model","id":361,"date":"2026-09-19","link":"https://www.economist.com/interactive/graphic-detail/ukraine-fires","category":"Fire classified as war-related (model estimate)","side":"Not attributed","color":"#FF8C00","radius":3,"orbat":[],"description":"Satellite heat detection at 09:07 UTC, in an area of abnormal fire activity. Urban area."}},{"type":"Feature","geometry":{"type":"Point","coordinates":[36.19736,48.14017]},"properties":{"source":"economist_fires","source_name":"The Economist war-fire model","source_url":"https://github.com/TheEconomist/the-economist-war-fire-model","id":362,"date":"2026-09-19","link":"https://www.economist.com/interactive/graphic-detail/ukraine-fires","category":"Fire classified as war-related (model estimate)","side":"Not attributed","color":"#FF8C00","radius":3,"orbat":[],"description":"Satellite heat detection at 10:09 UTC, in an area days after abnormal fire activity. Urban area."}},{"type":"Feature","geometry":{"type":"Point","coordinates":[36.19994,48.13926]},"properties":{"source":"economist_fires","source_name":"The Economist war-fire model","source_url":"https://github.com/TheEconomist/the-economist-war-fire-model","id":363,"date":"2026-09-19","link":"https://www.economist.com/interactive/graphic-detail/ukraine-fires","category":"Fire classified as war-related (model estimate)","side":"Not attributed","color":"#FF8C00","radius":3,"orbat":[],"description":"Satellite heat detection at 10:45 UTC, in an area days after abnormal fire activity. Urban area."}},{"type":"Feature","geometry":{"type":"Point","coordinates":[36.20121,48.13795]},"properties":{"source":"economist_fires","source_name":"The Economist war-fire model","source_url":"https://github.com/TheEconomist/the-economist-war-fire-model","id":364,"date":"2026-09-19","link":"https://www.economist.com/interactive/graphic-detail/ukraine-fires","category":"Fire classified as war-related (model estimate)","side":"Not attributed","color":"#FF8C00","radius":3,"orbat":[],"description":"Satellite heat detection at 11:04 UTC, in an area days after abnormal fire activity. Urban area."}},{"type":"Feature","geometry":{"type":"Point","coordinates":[36.19936,48.14008]},"properties":{"source":"economist_fires","source_name":"The Economist war-fire model","source_url":"https://github.com/TheEconomist/the-economist-war-fire-model","id":365,"date":"2026-09-19","link":"https://www.economist.com/interactive/graphic-detail/ukraine-fires","category":"Fire classified as war-related (model estimate)","side":"Not attributed","color":"#FF8C00","radius":3,"orbat":[],"description":"Satellite heat detection at 11:04 UTC, in an area of abnormal fire activity. Urban area."}},{"type":"Feature","geometry":{"type":"Point","coordinates":[36.30788,46.71091]},"properties":{"source":"economist_fires","source_name":"The Economist war-fire model","source_url":"https://github.com/TheEconomist/the-economist-war-fire-model","id":366,"date":"2026-09-19","link":"https://www.economist.com/interactive/graphic-detail/ukraine-fires","category":"Fire classified as war-related (model estimate)","side":"Not attributed","color":"#FF8C00","radius":3,"orbat":[],"description":"Satellite heat detection at 09:24 UTC, in an area days after abnormal fire activity. Urban area."}},{"type":"Feature","geometry":{"type":"Point","coordinates":[36.30169,46.71577]},"properties":{"source":"economist_fires","source_name":"The Economist war-fire model","source_url":"https://github.com/TheEconomist/the-economist-war-fire-model","id":367,"date":"2026-09-19","link":"https://www.economist.com/interactive/graphic-detail/ukraine-fires","category":"Fire classified as war-related (model estimate)","side":"Not attributed","color":"#FF8C00","radius":3,"orbat":[],"description":"Satellite heat detection at 10:09 UTC, in an area days after abnormal fire activity. Urban area."}},{"type":"Feature","geometry":{"type":"Point","coordinates":[36.30716,46.71679]},"properties":{"source":"economist_fires","source_name":"The Economist war-fire model","source_url":"https://github.com/TheEconomist/the-economist-war-fire-model","id":368,"date":"2026-09-19","link":"https://www.economist.com/interactive/graphic-detail/ukraine-fires","category":"Fire classified as war-related (model estimate)","side":"Not attributed","color":"#FF8C00","radius":3,"orbat":[],"description":"Satellite heat detection at 10:09 UTC, in an area days after abnormal fire activity. Urban area."}},{"type":"Feature","geometry":{"type":"Point","coordinates":[36.31133,46.72121]},"properties":{"source":"economist_fires","source_name":"The Economist war-fire model","source_url":"https://github.com/TheEconomist/the-economist-war-fire-model","id":369,"date":"2026-09-19","link":"https://www.economist.com/interactive/graphic-detail/ukraine-fires","category":"Fire classified as war-related (model estimate)","side":"Not attributed","color":"#FF8C00","radius":3,"orbat":[],"description":"Satellite heat detection at 10:09 UTC, in an area days after abnormal fire activity. Urban area."}},{"type":"Feature","geometry":{"type":"Point","coordinates":[36.30132,46.71801]},"properties":{"source":"economist_fires","source_name":"The Economist war-fire model","source_url":"https://github.com/TheEconomist/the-economist-war-fire-model","id":370,"date":"2026-09-19","link":"https://www.economist.com/interactive/graphic-detail/ukraine-fires","category":"Fire classified as war-related (model estimate)","side":"Not attributed","color":"#FF8C00","radius":3,"orbat":[],"description":"Satellite heat detection at 10:45 UTC, in an area days after abnormal fire activity. Urban area."}},{"type":"Feature","geometry":{"type":"Point","coordinates":[36.30667,46.7187]},"properties":{"source":"economist_fires","source_name":"The Economist war-fire model","source_url":"https://github.com/TheEconomist/the-economist-war-fire-model","id":371,"date":"2026-09-19","link":"https://www.economist.com/interactive/graphic-detail/ukraine-fires","category":"Fire classified as war-related (model estimate)","side":"Not attributed","color":"#FF8C00","radius":3,"orbat":[],"description":"Satellite heat detection at 10:45 UTC, in an area days after abnormal fire activity. Urban area."}},{"type":"Feature","geometry":{"type":"Point","coordinates":[36.31202,46.71941]},"properties":{"source":"economist_fires","source_name":"The Economist war-fire model","source_url":"https://github.com/TheEconomist/the-economist-war-fire-model","id":372,"date":"2026-09-19","link":"https://www.economist.com/interactive/graphic-detail/ukraine-fires","category":"Fire classified as war-related (model estimate)","side":"Not attributed","color":"#FF8C00","radius":3,"orbat":[],"description":"Satellite heat detection at 10:45 UTC, in an area days after abnormal fire activity. Urban area."}},{"type":"Feature","geometry":{"type":"Point","coordinates":[36.30572,46.7221]},"properties":{"source":"economist_fires","source_name":"The Economist war-fire model","source_url":"https://github.com/TheEconomist/the-economist-war-fire-model","id":373,"date":"2026-09-19","link":"https://www.economist.com/interactive/graphic-detail/ukraine-fires","category":"Fire classified as war-related (model estimate)","side":"Not attributed","color":"#FF8C00","radius":3,"orbat":[],"description":"Satellite heat detection at 10:45 UTC, in an area days after abnormal fire activity. Urban area."}},{"type":"Feature","geometry":{"type":"Point","coordinates":[36.31107,46.72281]},"properties":{"source":"economist_fires","source_name":"The Economist war-fire model","source_url":"https://github.com/TheEconomist/the-economist-war-fire-model","id":374,"date":"2026-09-19","link":"https://www.economist.com/interactive/graphic-detail/ukraine-fires","category":"Fire classified as war-related (model estimate)","side":"Not attributed","color":"#FF8C00","radius":3,"orbat":[],"description":"Satellite heat detection at 10:45 UTC, in an area days after abnormal fire activity. Urban area."}},{"type":"Feature","geometry":{"type":"Point","coordinates":[36.25197,46.73613]},"properties":{"source":"economist_fires","source_name":"The Economist war-fire model","source_url":"https://github.com/TheEconomist/the-economist-war-fire-model","id":375,"date":"2026-09-19","link":"https://www.economist.com/interactive/graphic-detail/ukraine-fires","category":"Fire classified as war-related (model estimate)","side":"Not attributed","color":"#FF8C00","radius":3,"orbat":[],"description":"Satellite heat detection at 10:45 UTC, in an area days after abnormal fire activity. Urban area."}},{"type":"Feature","geometry":{"type":"Point","coordinates":[36.3068,46.71917]},"properties":{"source":"economist_fires","source_name":"The Economist war-fire model","source_url":"https://github.com/TheEconomist/the-economist-war-fire-model","id":376,"date":"2026-09-19","link":"https://www.economist.com/interactive/graphic-detail/ukraine-fires","category":"Fire classified as war-related (model estimate)","side":"Not attributed","color":"#FF8C00","radius":3,"orbat":[],"description":"Satellite heat detection at 11:04 UTC, in an area days after abnormal fire activity. Urban area."}},{"type":"Feature","geometry":{"type":"Point","coordinates":[36.31311,46.71964]},"properties":{"source":"economist_fires","source_name":"The Economist war-fire model","source_url":"https://github.com/TheEconomist/the-economist-war-fire-model","id":377,"date":"2026-09-19","link":"https://www.economist.com/interactive/graphic-detail/ukraine-fires","category":"Fire classified as war-related (model estimate)","side":"Not attributed","color":"#FF8C00","radius":3,"orbat":[],"description":"Satellite heat detection at 11:04 UTC, in an area days after abnormal fire activity. Urban area."}},{"type":"Feature","geometry":{"type":"Point","coordinates":[36.31156,47.99279]},"properties":{"source":"economist_fires","source_name":"The Economist war-fire model","source_url":"https://github.com/TheEconomist/the-economist-war-fire-model","id":378,"date":"2026-09-19","link":"https://www.economist.com/interactive/graphic-detail/ukraine-fires","category":"Fire classified as war-related (model estimate)","side":"Not attributed","color":"#FF8C00","radius":3,"orbat":[],"description":"Satellite heat detection at 09:24 UTC, in an area of abnormal fire activity. Urban area."}},{"type":"Feature","geometry":{"type":"Point","coordinates":[36.31209,47.99257]},"properties":{"source":"economist_fires","source_name":"The Economist war-fire model","source_url":"https://github.com/TheEconomist/the-economist-war-fire-model","id":379,"date":"2026-09-19","link":"https://www.economist.com/interactive/graphic-detail/ukraine-fires","category":"Fire classified as war-related (model estimate)","side":"Not attributed","color":"#FF8C00","radius":3,"orbat":[],"description":"Satellite heat detection at 10:09 UTC, in an area days after abnormal fire activity. Urban area."}},{"type":"Feature","geometry":{"type":"Point","coordinates":[36.31731,47.95338]},"properties":{"source":"economist_fires","source_name":"The Economist war-fire model","source_url":"https://github.com/TheEconomist/the-economist-war-fire-model","id":380,"date":"2026-09-19","link":"https://www.economist.com/interactive/graphic-detail/ukraine-fires","category":"Fire classified as war-related (model estimate)","side":"Not attributed","color":"#FF8C00","radius":3,"orbat":[],"description":"Satellite heat detection at 10:45 UTC, in an area days after abnormal fire activity. Urban area."}},{"type":"Feature","geometry":{"type":"Point","coordinates":[36.31635,47.95682]},"properties":{"source":"economist_fires","source_name":"The Economist war-fire model","source_url":"https://github.com/TheEconomist/the-economist-war-fire-model","id":381,"date":"2026-09-19","link":"https://www.economist.com/interactive/graphic-detail/ukraine-fires","category":"Fire classified as war-related (model estimate)","side":"Not attributed","color":"#FF8C00","radius":3,"orbat":[],"description":"Satellite heat detection at 10:45 UTC, in an area days after abnormal fire activity. Urban area."}},{"type":"Feature","geometry":{"type":"Point","coordinates":[36.3122,47.99187]},"properties":{"source":"economist_fires","source_name":"The Economist war-fire model","source_url":"https://github.com/TheEconomist/the-economist-war-fire-model","id":382,"date":"2026-09-19","link":"https://www.economist.com/interactive/graphic-detail/ukraine-fires","category":"Fire classified as war-related (model estimate)","side":"Not attributed","color":"#FF8C00","radius":3,"orbat":[],"description":"Satellite heat detection at 10:45 UTC, in an area days after abnormal fire activity. Urban area."}},{"type":"Feature","geometry":{"type":"Point","coordinates":[36.31728,47.95388]},"properties":{"source":"economist_fires","source_name":"The Economist war-fire model","source_url":"https://github.com/TheEconomist/the-economist-war-fire-model","id":383,"date":"2026-09-19","link":"https://www.economist.com/interactive/graphic-detail/ukraine-fires","category":"Fire classified as war-related (model estimate)","side":"Not attributed","color":"#FF8C00","radius":3,"orbat":[],"description":"Satellite heat detection at 11:04 UTC, in an area of abnormal fire activity. Urban area."}},{"type":"Feature","geometry":{"type":"Point","coordinates":[36.31148,47.98972]},"properties":{"source":"economist_fires","source_name":"The Economist war-fire model","source_url":"https://github.com/TheEconomist/the-economist-war-fire-model","id":384,"date":"2026-09-19","link":"https://www.economist.com/interactive/graphic-detail/ukraine-fires","category":"Fire classified as war-related (model estimate)","side":"Not attributed","color":"#FF8C00","radius":3,"orbat":[],"description":"Satellite heat detection at 11:04 UTC, in an area of abnormal fire activity. Urban area."}},{"type":"Feature","geometry":{"type":"Point","coordinates":[36.31072,47.9942]},"properties":{"source":"economist_fires","source_name":"The Economist war-fire model","source_url":"https://github.com/TheEconomist/the-economist-war-fire-model","id":385,"date":"2026-09-19","link":"https://www.economist.com/interactive/graphic-detail/ukraine-fires","category":"Fire classified as war-related (model estimate)","side":"Not attributed","color":"#FF8C00","radius":3,"orbat":[],"description":"Satellite heat detection at 11:04 UTC, in an area days after abnormal fire activity. Urban area."}},{"type":"Feature","geometry":{"type":"Point","coordinates":[36.30201,48.12695]},"properties":{"source":"economist_fires","source_name":"The Economist war-fire model","source_url":"https://github.com/TheEconomist/the-economist-war-fire-model","id":386,"date":"2026-09-19","link":"https://www.economist.com/interactive/graphic-detail/ukraine-fires","category":"Fire classified as war-related (model estimate)","side":"Not attributed","color":"#FF8C00","radius":3,"orbat":[],"description":"Satellite heat detection at 10:09 UTC, in an area days after abnormal fire activity. Urban area."}},{"type":"Feature","geometry":{"type":"Point","coordinates":[36.34562,48.11193]},"properties":{"source":"economist_fires","source_name":"The Economist war-fire model","source_url":"https://github.com/TheEconomist/the-economist-war-fire-model","id":387,"date":"2026-09-19","link":"https://www.economist.com/interactive/graphic-detail/ukraine-fires","category":"Fire classified as war-related (model estimate)","side":"Not attributed","color":"#FF8C00","radius":3,"orbat":[],"description":"Satellite heat detection at 11:04 UTC, in an area days after abnormal fire activity. Urban area."}},{"type":"Feature","geometry":{"type":"Point","coordinates":[36.34495,48.11643]},"properties":{"source":"economist_fires","source_name":"The Economist war-fire model","source_url":"https://github.com/TheEconomist/the-economist-war-fire-model","id":388,"date":"2026-09-19","link":"https://www.economist.com/interactive/graphic-detail/ukraine-fires","category":"Fire classified as war-related (model estimate)","side":"Not attributed","color":"#FF8C00","radius":3,"orbat":[],"description":"Satellite heat detection at 11:04 UTC, in an area days after abnormal fire activity. Urban area."}},{"type":"Feature","geometry":{"type":"Point","coordinates":[36.35533,47.52539]},"properties":{"source":"economist_fires","source_name":"The Economist war-fire model","source_url":"https://github.com/TheEconomist/the-economist-war-fire-model","id":389,"date":"2026-09-19","link":"https://www.economist.com/interactive/graphic-detail/ukraine-fires","category":"Fire classified as war-related (model estimate)","side":"Not attributed","color":"#FF8C00","radius":3,"orbat":[],"description":"Satellite heat detection at 09:24 UTC, in an area of abnormal fire activity. Urban area."}},{"type":"Feature","geometry":{"type":"Point","coordinates":[36.3581,47.52861]},"properties":{"source":"economist_fires","source_name":"The Economist war-fire model","source_url":"https://github.com/TheEconomist/the-economist-war-fire-model","id":390,"date":"2026-09-19","link":"https://www.economist.com/interactive/graphic-detail/ukraine-fires","category":"Fire classified as war-related (model estimate)","side":"Not attributed","color":"#FF8C00","radius":3,"orbat":[],"description":"Satellite heat detection at 10:09 UTC, in an area of abnormal fire activity. Urban area."}},{"type":"Feature","geometry":{"type":"Point","coordinates":[36.39648,48.16783]},"properties":{"source":"economist_fires","source_name":"The Economist war-fire model","source_url":"https://github.com/TheEconomist/the-economist-war-fire-model","id":391,"date":"2026-09-19","link":"https://www.economist.com/interactive/graphic-detail/ukraine-fires","category":"Fire classified as war-related (model estimate)","side":"Not attributed","color":"#FF8C00","radius":3,"orbat":[],"description":"Satellite heat detection at 10:45 UTC, in an area of abnormal fire activity. Urban area."}},{"type":"Feature","geometry":{"type":"Point","coordinates":[36.39555,48.17128]},"properties":{"source":"economist_fires","source_name":"The Economist war-fire model","source_url":"https://github.com/TheEconomist/the-economist-war-fire-model","id":392,"date":"2026-09-19","link":"https://www.economist.com/interactive/graphic-detail/ukraine-fires","category":"Fire classified as war-related (model estimate)","side":"Not attributed","color":"#FF8C00","radius":3,"orbat":[],"description":"Satellite heat detection at 10:45 UTC, in an area of abnormal fire activity. Urban area."}},{"type":"Feature","geometry":{"type":"Point","coordinates":[36.39312,48.17164]},"properties":{"source":"economist_fires","source_name":"The Economist war-fire model","source_url":"https://github.com/TheEconomist/the-economist-war-fire-model","id":393,"date":"2026-09-19","link":"https://www.economist.com/interactive/graphic-detail/ukraine-fires","category":"Fire classified as war-related (model estimate)","side":"Not attributed","color":"#FF8C00","radius":3,"orbat":[],"description":"Satellite heat detection at 10:45 UTC, in an area of abnormal fire activity. Urban area."}},{"type":"Feature","geometry":{"type":"Point","coordinates":[36.39112,48.16644]},"properties":{"source":"economist_fires","source_name":"The Economist war-fire model","source_url":"https://github.com/TheEconomist/the-economist-war-fire-model","id":394,"date":"2026-09-19","link":"https://www.economist.com/interactive/graphic-detail/ukraine-fires","category":"Fire classified as war-related (model estimate)","side":"Not attributed","color":"#FF8C00","radius":3,"orbat":[],"description":"Satellite heat detection at 11:04 UTC, in an area of abnormal fire activity. Urban area."}},{"type":"Feature","geometry":{"type":"Point","coordinates":[36.51046,47.55622]},"properties":{"source":"economist_fires","source_name":"The Economist war-fire model","source_url":"https://github.com/TheEconomist/the-economist-war-fire-model","id":395,"date":"2026-09-19","link":"https://www.economist.com/interactive/graphic-detail/ukraine-fires","category":"Fire classified as war-related (model estimate)","side":"Not attributed","color":"#FF8C00","radius":3,"orbat":[],"description":"Satellite heat detection at 10:45 UTC, in an area days after abnormal fire activity. Urban area."}},{"type":"Feature","geometry":{"type":"Point","coordinates":[36.47625,47.72829]},"properties":{"source":"economist_fires","source_name":"The Economist war-fire model","source_url":"https://github.com/TheEconomist/the-economist-war-fire-model","id":396,"date":"2026-09-19","link":"https://www.economist.com/interactive/graphic-detail/ukraine-fires","category":"Fire classified as war-related (model estimate)","side":"Not attributed","color":"#FF8C00","radius":3,"orbat":[],"description":"Satellite heat detection at 11:04 UTC, in an area of abnormal fire activity. Urban area."}},{"type":"Feature","geometry":{"type":"Point","coordinates":[36.54505,48.00961]},"properties":{"source":"economist_fires","source_name":"The Economist war-fire model","source_url":"https://github.com/TheEconomist/the-economist-war-fire-model","id":397,"date":"2026-09-19","link":"https://www.economist.com/interactive/graphic-detail/ukraine-fires","category":"Fire classified as war-related (model estimate)","side":"Not attributed","color":"#FF8C00","radius":3,"orbat":[],"description":"Satellite heat detection at 10:09 UTC, in an area days after abnormal fire activity. Urban area."}},{"type":"Feature","geometry":{"type":"Point","coordinates":[36.5437,48.01294]},"properties":{"source":"economist_fires","source_name":"The Economist war-fire model","source_url":"https://github.com/TheEconomist/the-economist-war-fire-model","id":398,"date":"2026-09-19","link":"https://www.economist.com/interactive/graphic-detail/ukraine-fires","category":"Fire classified as war-related (model estimate)","side":"Not attributed","color":"#FF8C00","radius":3,"orbat":[],"description":"Satellite heat detection at 10:09 UTC, in an area days after abnormal fire activity. Urban area."}},{"type":"Feature","geometry":{"type":"Point","coordinates":[36.53562,48.00908]},"properties":{"source":"economist_fires","source_name":"The Economist war-fire model","source_url":"https://github.com/TheEconomist/the-economist-war-fire-model","id":399,"date":"2026-09-19","link":"https://www.economist.com/interactive/graphic-detail/ukraine-fires","category":"Fire classified as war-related (model estimate)","side":"Not attributed","color":"#FF8C00","radius":3,"orbat":[],"description":"Satellite heat detection at 10:45 UTC, in an area days after abnormal fire activity. Urban area."}},{"type":"Feature","geometry":{"type":"Point","coordinates":[36.53342,48.00489]},"properties":{"source":"economist_fires","source_name":"The Economist war-fire model","source_url":"https://github.com/TheEconomist/the-economist-war-fire-model","id":400,"date":"2026-09-19","link":"https://www.economist.com/interactive/graphic-detail/ukraine-fires","category":"Fire classified as war-related (model estimate)","side":"Not attributed","color":"#FF8C00","radius":3,"orbat":[],"description":"Satellite heat detection at 11:04 UTC, in an area days after abnormal fire activity. Urban area."}},{"type":"Feature","geometry":{"type":"Point","coordinates":[36.63265,47.3842]},"properties":{"source":"economist_fires","source_name":"The Economist war-fire model","source_url":"https://github.com/TheEconomist/the-economist-war-fire-model","id":401,"date":"2026-09-19","link":"https://www.economist.com/interactive/graphic-detail/ukraine-fires","category":"Fire classified as war-related (model estimate)","side":"Not attributed","color":"#FF8C00","radius":3,"orbat":[],"description":"Satellite heat detection at 09:07 UTC, in an area days after abnormal fire activity. Urban area."}},{"type":"Feature","geometry":{"type":"Point","coordinates":[36.63551,47.38892]},"properties":{"source":"economist_fires","source_name":"The Economist war-fire model","source_url":"https://github.com/TheEconomist/the-economist-war-fire-model","id":402,"date":"2026-09-19","link":"https://www.economist.com/interactive/graphic-detail/ukraine-fires","category":"Fire classified as war-related (model estimate)","side":"Not attributed","color":"#FF8C00","radius":3,"orbat":[],"description":"Satellite heat detection at 09:07 UTC, in an area days after abnormal fire activity. Urban area."}},{"type":"Feature","geometry":{"type":"Point","coordinates":[36.63571,47.38508]},"properties":{"source":"economist_fires","source_name":"The Economist war-fire model","source_url":"https://github.com/TheEconomist/the-economist-war-fire-model","id":403,"date":"2026-09-19","link":"https://www.economist.com/interactive/graphic-detail/ukraine-fires","category":"Fire classified as war-related (model estimate)","side":"Not attributed","color":"#FF8C00","radius":3,"orbat":[],"description":"Satellite heat detection at 09:24 UTC, in an area days after abnormal fire activity. Urban area."}},{"type":"Feature","geometry":{"type":"Point","coordinates":[36.59734,47.37263]},"properties":{"source":"economist_fires","source_name":"The Economist war-fire model","source_url":"https://github.com/TheEconomist/the-economist-war-fire-model","id":404,"date":"2026-09-19","link":"https://www.economist.com/interactive/graphic-detail/ukraine-fires","category":"Fire classified as war-related (model estimate)","side":"Not attributed","color":"#FF8C00","radius":3,"orbat":[],"description":"Satellite heat detection at 11:04 UTC, in an area days after abnormal fire activity. Urban area."}},{"type":"Feature","geometry":{"type":"Point","coordinates":[36.63689,47.38449]},"properties":{"source":"economist_fires","source_name":"The Economist war-fire model","source_url":"https://github.com/TheEconomist/the-economist-war-fire-model","id":405,"date":"2026-09-19","link":"https://www.economist.com/interactive/graphic-detail/ukraine-fires","category":"Fire classified as war-related (model estimate)","side":"Not attributed","color":"#FF8C00","radius":3,"orbat":[],"description":"Satellite heat detection at 11:04 UTC, in an area days after abnormal fire activity. Urban area."}},{"type":"Feature","geometry":{"type":"Point","coordinates":[36.71894,46.92352]},"properties":{"source":"economist_fires","source_name":"The Economist war-fire model","source_url":"https://github.com/TheEconomist/the-economist-war-fire-model","id":406,"date":"2026-09-19","link":"https://www.economist.com/interactive/graphic-detail/ukraine-fires","category":"Fire classified as war-related (model estimate)","side":"Not attributed","color":"#FF8C00","radius":3,"orbat":[],"description":"Satellite heat detection at 22:59 UTC, in an area days after abnormal fire activity. Urban area."}},{"type":"Feature","geometry":{"type":"Point","coordinates":[36.70802,47.08105]},"properties":{"source":"economist_fires","source_name":"The Economist war-fire model","source_url":"https://github.com/TheEconomist/the-economist-war-fire-model","id":407,"date":"2026-09-19","link":"https://www.economist.com/interactive/graphic-detail/ukraine-fires","category":"Fire classified as war-related (model estimate)","side":"Not attributed","color":"#FF8C00","radius":3,"orbat":[],"description":"Satellite heat detection at 13:18 UTC, in an area days after abnormal fire activity. Urban area."}},{"type":"Feature","geometry":{"type":"Point","coordinates":[36.73309,47.09007]},"properties":{"source":"economist_fires","source_name":"The Economist war-fire model","source_url":"https://github.com/TheEconomist/the-economist-war-fire-model","id":408,"date":"2026-09-19","link":"https://www.economist.com/interactive/graphic-detail/ukraine-fires","category":"Fire classified as war-related (model estimate)","side":"Not attributed","color":"#FF8C00","radius":3,"orbat":[],"description":"Satellite heat detection at 13:18 UTC, in an area days after abnormal fire activity. Urban area."}},{"type":"Feature","geometry":{"type":"Point","coordinates":[36.73716,47.57718]},"properties":{"source":"economist_fires","source_name":"The Economist war-fire model","source_url":"https://github.com/TheEconomist/the-economist-war-fire-model","id":409,"date":"2026-09-19","link":"https://www.economist.com/interactive/graphic-detail/ukraine-fires","category":"Fire classified as war-related (model estimate)","side":"Not attributed","color":"#FF8C00","radius":3,"orbat":[],"description":"Satellite heat detection at 10:45 UTC, in an area days after abnormal fire activity. Urban area."}},{"type":"Feature","geometry":{"type":"Point","coordinates":[36.7677,47.19502]},"properties":{"source":"economist_fires","source_name":"The Economist war-fire model","source_url":"https://github.com/TheEconomist/the-economist-war-fire-model","id":410,"date":"2026-09-19","link":"https://www.economist.com/interactive/graphic-detail/ukraine-fires","category":"Fire classified as war-related (model estimate)","side":"Not attributed","color":"#FF8C00","radius":3,"orbat":[],"description":"Satellite heat detection at 11:04 UTC, in an area days after abnormal fire activity. Urban area."}},{"type":"Feature","geometry":{"type":"Point","coordinates":[36.84363,48.60917]},"properties":{"source":"economist_fires","source_name":"The Economist war-fire model","source_url":"https://github.com/TheEconomist/the-economist-war-fire-model","id":411,"date":"2026-09-19","link":"https://www.economist.com/interactive/graphic-detail/ukraine-fires","category":"Fire classified as war-related (model estimate)","side":"Not attributed","color":"#FF8C00","radius":3,"orbat":[],"description":"Satellite heat detection at 10:09 UTC, in an area of abnormal fire activity. Urban area."}},{"type":"Feature","geometry":{"type":"Point","coordinates":[36.82423,48.61263]},"properties":{"source":"economist_fires","source_name":"The Economist war-fire model","source_url":"https://github.com/TheEconomist/the-economist-war-fire-model","id":412,"date":"2026-09-19","link":"https://www.economist.com/interactive/graphic-detail/ukraine-fires","category":"Fire classified as war-related (model estimate)","side":"Not attributed","color":"#FF8C00","radius":3,"orbat":[],"description":"Satellite heat detection at 10:45 UTC, in an area of abnormal fire activity. Urban area."}},{"type":"Feature","geometry":{"type":"Point","coordinates":[36.89001,47.1331]},"properties":{"source":"economist_fires","source_name":"The Economist war-fire model","source_url":"https://github.com/TheEconomist/the-economist-war-fire-model","id":413,"date":"2026-09-19","link":"https://www.economist.com/interactive/graphic-detail/ukraine-fires","category":"Fire classified as war-related (model estimate)","side":"Not attributed","color":"#FF8C00","radius":3,"orbat":[],"description":"Satellite heat detection at 23:20 UTC, in an area days after abnormal fire activity. Urban area."}},{"type":"Feature","geometry":{"type":"Point","coordinates":[36.86205,48.59126]},"properties":{"source":"economist_fires","source_name":"The Economist war-fire model","source_url":"https://github.com/TheEconomist/the-economist-war-fire-model","id":414,"date":"2026-09-19","link":"https://www.economist.com/interactive/graphic-detail/ukraine-fires","category":"Fire classified as war-related (model estimate)","side":"Not attributed","color":"#FF8C00","radius":3,"orbat":[],"description":"Satellite heat detection at 10:09 UTC, in an area days after abnormal fire activity. Urban area."}},{"type":"Feature","geometry":{"type":"Point","coordinates":[37.04274,47.33015]},"properties":{"source":"economist_fires","source_name":"The Economist war-fire model","source_url":"https://github.com/TheEconomist/the-economist-war-fire-model","id":415,"date":"2026-09-19","link":"https://www.economist.com/interactive/graphic-detail/ukraine-fires","category":"Fire classified as war-related (model estimate)","side":"Not attributed","color":"#FF8C00","radius":3,"orbat":[],"description":"Satellite heat detection at 09:07 UTC, in an area of abnormal fire activity. Urban area."}},{"type":"Feature","geometry":{"type":"Point","coordinates":[37.04953,47.32854]},"properties":{"source":"economist_fires","source_name":"The Economist war-fire model","source_url":"https://github.com/TheEconomist/the-economist-war-fire-model","id":416,"date":"2026-09-19","link":"https://www.economist.com/interactive/graphic-detail/ukraine-fires","category":"Fire classified as war-related (model estimate)","side":"Not attributed","color":"#FF8C00","radius":3,"orbat":[],"description":"Satellite heat detection at 09:24 UTC, in an area of abnormal fire activity. Urban area."}},{"type":"Feature","geometry":{"type":"Point","coordinates":[37.04463,47.33213]},"properties":{"source":"economist_fires","source_name":"The Economist war-fire model","source_url":"https://github.com/TheEconomist/the-economist-war-fire-model","id":417,"date":"2026-09-19","link":"https://www.economist.com/interactive/graphic-detail/ukraine-fires","category":"Fire classified as war-related (model estimate)","side":"Not attributed","color":"#FF8C00","radius":3,"orbat":[],"description":"Satellite heat detection at 09:24 UTC, in an area of abnormal fire activity. Urban area."}},{"type":"Feature","geometry":{"type":"Point","coordinates":[37.04343,47.32975]},"properties":{"source":"economist_fires","source_name":"The Economist war-fire model","source_url":"https://github.com/TheEconomist/the-economist-war-fire-model","id":418,"date":"2026-09-19","link":"https://www.economist.com/interactive/graphic-detail/ukraine-fires","category":"Fire classified as war-related (model estimate)","side":"Not attributed","color":"#FF8C00","radius":3,"orbat":[],"description":"Satellite heat detection at 10:09 UTC, in an area of abnormal fire activity. Urban area."}},{"type":"Feature","geometry":{"type":"Point","coordinates":[37.04869,47.33068]},"properties":{"source":"economist_fires","source_name":"The Economist war-fire model","source_url":"https://github.com/TheEconomist/the-economist-war-fire-model","id":419,"date":"2026-09-19","link":"https://www.economist.com/interactive/graphic-detail/ukraine-fires","category":"Fire classified as war-related (model estimate)","side":"Not attributed","color":"#FF8C00","radius":3,"orbat":[],"description":"Satellite heat detection at 10:09 UTC, in an area of abnormal fire activity. Urban area."}},{"type":"Feature","geometry":{"type":"Point","coordinates":[37.04216,47.33307]},"properties":{"source":"economist_fires","source_name":"The Economist war-fire model","source_url":"https://github.com/TheEconomist/the-economist-war-fire-model","id":420,"date":"2026-09-19","link":"https://www.economist.com/interactive/graphic-detail/ukraine-fires","category":"Fire classified as war-related (model estimate)","side":"Not attributed","color":"#FF8C00","radius":3,"orbat":[],"description":"Satellite heat detection at 10:09 UTC, in an area of abnormal fire activity. Urban area."}},{"type":"Feature","geometry":{"type":"Point","coordinates":[37.04519,47.32744]},"properties":{"source":"economist_fires","source_name":"The Economist war-fire model","source_url":"https://github.com/TheEconomist/the-economist-war-fire-model","id":421,"date":"2026-09-19","link":"https://www.economist.com/interactive/graphic-detail/ukraine-fires","category":"Fire classified as war-related (model estimate)","side":"Not attributed","color":"#FF8C00","radius":3,"orbat":[],"description":"Satellite heat detection at 10:45 UTC, in an area of abnormal fire activity. Urban area."}},{"type":"Feature","geometry":{"type":"Point","coordinates":[37.04426,47.33092]},"properties":{"source":"economist_fires","source_name":"The Economist war-fire model","source_url":"https://github.com/TheEconomist/the-economist-war-fire-model","id":422,"date":"2026-09-19","link":"https://www.economist.com/interactive/graphic-detail/ukraine-fires","category":"Fire classified as war-related (model estimate)","side":"Not attributed","color":"#FF8C00","radius":3,"orbat":[],"description":"Satellite heat detection at 10:45 UTC, in an area of abnormal fire activity. Urban area."}},{"type":"Feature","geometry":{"type":"Point","coordinates":[37.04669,47.32473]},"properties":{"source":"economist_fires","source_name":"The Economist war-fire model","source_url":"https://github.com/TheEconomist/the-economist-war-fire-model","id":423,"date":"2026-09-19","link":"https://www.economist.com/interactive/graphic-detail/ukraine-fires","category":"Fire classified as war-related (model estimate)","side":"Not attributed","color":"#FF8C00","radius":3,"orbat":[],"description":"Satellite heat detection at 11:04 UTC, in an area of abnormal fire activity. Urban area."}},{"type":"Feature","geometry":{"type":"Point","coordinates":[37.04598,47.32934]},"properties":{"source":"economist_fires","source_name":"The Economist war-fire model","source_url":"https://github.com/TheEconomist/the-economist-war-fire-model","id":424,"date":"2026-09-19","link":"https://www.economist.com/interactive/graphic-detail/ukraine-fires","category":"Fire classified as war-related (model estimate)","side":"Not attributed","color":"#FF8C00","radius":3,"orbat":[],"description":"Satellite heat detection at 11:04 UTC, in an area of abnormal fire activity. Urban area."}},{"type":"Feature","geometry":{"type":"Point","coordinates":[37.04541,47.33396]},"properties":{"source":"economist_fires","source_name":"The Economist war-fire model","source_url":"https://github.com/TheEconomist/the-economist-war-fire-model","id":425,"date":"2026-09-19","link":"https://www.economist.com/interactive/graphic-detail/ukraine-fires","category":"Fire classified as war-related (model estimate)","side":"Not attributed","color":"#FF8C00","radius":3,"orbat":[],"description":"Satellite heat detection at 11:04 UTC, in an area of abnormal fire activity. Urban area."}},{"type":"Feature","geometry":{"type":"Point","coordinates":[37.04748,47.3246]},"properties":{"source":"economist_fires","source_name":"The Economist war-fire model","source_url":"https://github.com/TheEconomist/the-economist-war-fire-model","id":426,"date":"2026-09-19","link":"https://www.economist.com/interactive/graphic-detail/ukraine-fires","category":"Fire classified as war-related (model estimate)","side":"Not attributed","color":"#FF8C00","radius":3,"orbat":[],"description":"Satellite heat detection at 11:42 UTC, in an area of abnormal fire activity. Urban area."}},{"type":"Feature","geometry":{"type":"Point","coordinates":[37.04097,47.51303]},"properties":{"source":"economist_fires","source_name":"The Economist war-fire model","source_url":"https://github.com/TheEconomist/the-economist-war-fire-model","id":427,"date":"2026-09-19","link":"https://www.economist.com/interactive/graphic-detail/ukraine-fires","category":"Fire classified as war-related (model estimate)","side":"Not attributed","color":"#FF8C00","radius":3,"orbat":[],"description":"Satellite heat detection at 23:20 UTC, in an area of abnormal fire activity. Urban area."}},{"type":"Feature","geometry":{"type":"Point","coordinates":[37.04105,48.00556]},"properties":{"source":"economist_fires","source_name":"The Economist war-fire model","source_url":"https://github.com/TheEconomist/the-economist-war-fire-model","id":428,"date":"2026-09-19","link":"https://www.economist.com/interactive/graphic-detail/ukraine-fires","category":"Fire classified as war-related (model estimate)","side":"Not attributed","color":"#FF8C00","radius":3,"orbat":[],"description":"Satellite heat detection at 09:07 UTC, in an area of abnormal fire activity. Urban area."}},{"type":"Feature","geometry":{"type":"Point","coordinates":[36.98801,47.96642]},"properties":{"source":"economist_fires","source_name":"The Economist war-fire model","source_url":"https://github.com/TheEconomist/the-economist-war-fire-model","id":429,"date":"2026-09-19","link":"https://www.economist.com/interactive/graphic-detail/ukraine-fires","category":"Fire classified as war-related (model estimate)","side":"Not attributed","color":"#FF8C00","radius":3,"orbat":[],"description":"Satellite heat detection at 09:24 UTC, in an area of abnormal fire activity. Urban area."}},{"type":"Feature","geometry":{"type":"Point","coordinates":[37.04273,48.00724]},"properties":{"source":"economist_fires","source_name":"The Economist war-fire model","source_url":"https://github.com/TheEconomist/the-economist-war-fire-model","id":430,"date":"2026-09-19","link":"https://www.economist.com/interactive/graphic-detail/ukraine-fires","category":"Fire classified as war-related (model estimate)","side":"Not attributed","color":"#FF8C00","radius":3,"orbat":[],"description":"Satellite heat detection at 09:24 UTC, in an area of abnormal fire activity. Urban area."}},{"type":"Feature","geometry":{"type":"Point","coordinates":[36.97569,47.96437]},"properties":{"source":"economist_fires","source_name":"The Economist war-fire model","source_url":"https://github.com/TheEconomist/the-economist-war-fire-model","id":431,"date":"2026-09-19","link":"https://www.economist.com/interactive/graphic-detail/ukraine-fires","category":"Fire classified as war-related (model estimate)","side":"Not attributed","color":"#FF8C00","radius":3,"orbat":[],"description":"Satellite heat detection at 10:09 UTC, in an area of abnormal fire activity. Urban area."}},{"type":"Feature","geometry":{"type":"Point","coordinates":[36.98492,47.96952]},"properties":{"source":"economist_fires","source_name":"The Economist war-fire model","source_url":"https://github.com/TheEconomist/the-economist-war-fire-model","id":432,"date":"2026-09-19","link":"https://www.economist.com/interactive/graphic-detail/ukraine-fires","category":"Fire classified as war-related (model estimate)","side":"Not attributed","color":"#FF8C00","radius":3,"orbat":[],"description":"Satellite heat detection at 10:09 UTC, in an area of abnormal fire activity. Urban area."}},{"type":"Feature","geometry":{"type":"Point","coordinates":[36.96569,47.96831]},"properties":{"source":"economist_fires","source_name":"The Economist war-fire model","source_url":"https://github.com/TheEconomist/the-economist-war-fire-model","id":433,"date":"2026-09-19","link":"https://www.economist.com/interactive/graphic-detail/ukraine-fires","category":"Fire classified as war-related (model estimate)","side":"Not attributed","color":"#FF8C00","radius":3,"orbat":[],"description":"Satellite heat detection at 10:45 UTC, in an area of abnormal fire activity. Urban area."}},{"type":"Feature","geometry":{"type":"Point","coordinates":[37.03384,48.00938]},"properties":{"source":"economist_fires","source_name":"The Economist war-fire model","source_url":"https://github.com/TheEconomist/the-economist-war-fire-model","id":434,"date":"2026-09-19","link":"https://www.economist.com/interactive/graphic-detail/ukraine-fires","category":"Fire classified as war-related (model estimate)","side":"Not attributed","color":"#FF8C00","radius":3,"orbat":[],"description":"Satellite heat detection at 11:04 UTC, in an area of abnormal fire activity. Urban area."}},{"type":"Feature","geometry":{"type":"Point","coordinates":[37.0494,48.56064]},"properties":{"source":"economist_fires","source_name":"The Economist war-fire model","source_url":"https://github.com/TheEconomist/the-economist-war-fire-model","id":435,"date":"2026-09-19","link":"https://www.economist.com/interactive/graphic-detail/ukraine-fires","category":"Fire classified as war-related (model estimate)","side":"Not attributed","color":"#FF8C00","radius":3,"orbat":[],"description":"Satellite heat detection at 10:09 UTC, in an area days after abnormal fire activity. Urban area."}},{"type":"Feature","geometry":{"type":"Point","coordinates":[37.0516,47.33356]},"properties":{"source":"economist_fires","source_name":"The Economist war-fire model","source_url":"https://github.com/TheEconomist/the-economist-war-fire-model","id":436,"date":"2026-09-19","link":"https://www.economist.com/interactive/graphic-detail/ukraine-fires","category":"Fire classified as war-related (model estimate)","side":"Not attributed","color":"#FF8C00","radius":3,"orbat":[],"description":"Satellite heat detection at 09:07 UTC, in an area of abnormal fire activity. Urban area."}},{"type":"Feature","geometry":{"type":"Point","coordinates":[37.12741,47.25343]},"properties":{"source":"economist_fires","source_name":"The Economist war-fire model","source_url":"https://github.com/TheEconomist/the-economist-war-fire-model","id":437,"date":"2026-09-19","link":"https://www.economist.com/interactive/graphic-detail/ukraine-fires","category":"Fire classified as war-related (model estimate)","side":"Not attributed","color":"#FF8C00","radius":3,"orbat":[],"description":"Satellite heat detection at 09:24 UTC, in an area of abnormal fire activity. Urban area."}},{"type":"Feature","geometry":{"type":"Point","coordinates":[37.12796,47.25424]},"properties":{"source":"economist_fires","source_name":"The Economist war-fire model","source_url":"https://github.com/TheEconomist/the-economist-war-fire-model","id":438,"date":"2026-09-19","link":"https://www.economist.com/interactive/graphic-detail/ukraine-fires","category":"Fire classified as war-related (model estimate)","side":"Not attributed","color":"#FF8C00","radius":3,"orbat":[],"description":"Satellite heat detection at 09:24 UTC, in an area of abnormal fire activity. Urban area."}},{"type":"Feature","geometry":{"type":"Point","coordinates":[37.13444,47.26177]},"properties":{"source":"economist_fires","source_name":"The Economist war-fire model","source_url":"https://github.com/TheEconomist/the-economist-war-fire-model","id":439,"date":"2026-09-19","link":"https://www.economist.com/interactive/graphic-detail/ukraine-fires","category":"Fire classified as war-related (model estimate)","side":"Not attributed","color":"#FF8C00","radius":3,"orbat":[],"description":"Satellite heat detection at 09:24 UTC, in an area of abnormal fire activity. Urban area."}},{"type":"Feature","geometry":{"type":"Point","coordinates":[37.05278,47.32335]},"properties":{"source":"economist_fires","source_name":"The Economist war-fire model","source_url":"https://github.com/TheEconomist/the-economist-war-fire-model","id":440,"date":"2026-09-19","link":"https://www.economist.com/interactive/graphic-detail/ukraine-fires","category":"Fire classified as war-related (model estimate)","side":"Not attributed","color":"#FF8C00","radius":3,"orbat":[],"description":"Satellite heat detection at 09:24 UTC, in an area of abnormal fire activity. Urban area."}},{"type":"Feature","geometry":{"type":"Point","coordinates":[37.05454,47.33007]},"properties":{"source":"economist_fires","source_name":"The Economist war-fire model","source_url":"https://github.com/TheEconomist/the-economist-war-fire-model","id":441,"date":"2026-09-19","link":"https://www.economist.com/interactive/graphic-detail/ukraine-fires","category":"Fire classified as war-related (model estimate)","side":"Not attributed","color":"#FF8C00","radius":3,"orbat":[],"description":"Satellite heat detection at 09:24 UTC, in an area of abnormal fire activity. Urban area."}},{"type":"Feature","geometry":{"type":"Point","coordinates":[37.12745,47.2561]},"properties":{"source":"economist_fires","source_name":"The Economist war-fire model","source_url":"https://github.com/TheEconomist/the-economist-war-fire-model","id":442,"date":"2026-09-19","link":"https://www.economist.com/interactive/graphic-detail/ukraine-fires","category":"Fire classified as war-related (model estimate)","side":"Not attributed","color":"#FF8C00","radius":3,"orbat":[],"description":"Satellite heat detection at 10:09 UTC, in an area of abnormal fire activity. Urban area."}},{"type":"Feature","geometry":{"type":"Point","coordinates":[37.13272,47.25703]},"properties":{"source":"economist_fires","source_name":"The Economist war-fire model","source_url":"https://github.com/TheEconomist/the-economist-war-fire-model","id":443,"date":"2026-09-19","link":"https://www.economist.com/interactive/graphic-detail/ukraine-fires","category":"Fire classified as war-related (model estimate)","side":"Not attributed","color":"#FF8C00","radius":3,"orbat":[],"description":"Satellite heat detection at 10:09 UTC, in an area of abnormal fire activity. Urban area."}},{"type":"Feature","geometry":{"type":"Point","coordinates":[37.13146,47.26035]},"properties":{"source":"economist_fires","source_name":"The Economist war-fire model","source_url":"https://github.com/TheEconomist/the-economist-war-fire-model","id":444,"date":"2026-09-19","link":"https://www.economist.com/interactive/graphic-detail/ukraine-fires","category":"Fire classified as war-related (model estimate)","side":"Not attributed","color":"#FF8C00","radius":3,"orbat":[],"description":"Satellite heat detection at 10:09 UTC, in an area of abnormal fire activity. Urban area."}},{"type":"Feature","geometry":{"type":"Point","coordinates":[37.12494,47.26273]},"properties":{"source":"economist_fires","source_name":"The Economist war-fire model","source_url":"https://github.com/TheEconomist/the-economist-war-fire-model","id":445,"date":"2026-09-19","link":"https://www.economist.com/interactive/graphic-detail/ukraine-fires","category":"Fire classified as war-related (model estimate)","side":"Not attributed","color":"#FF8C00","radius":3,"orbat":[],"description":"Satellite heat detection at 10:09 UTC, in an area of abnormal fire activity. Urban area."}},{"type":"Feature","geometry":{"type":"Point","coordinates":[37.1302,47.26367]},"properties":{"source":"economist_fires","source_name":"The Economist war-fire model","source_url":"https://github.com/TheEconomist/the-economist-war-fire-model","id":446,"date":"2026-09-19","link":"https://www.economist.com/interactive/graphic-detail/ukraine-fires","category":"Fire classified as war-related (model estimate)","side":"Not attributed","color":"#FF8C00","radius":3,"orbat":[],"description":"Satellite heat detection at 10:09 UTC, in an area of abnormal fire activity. Urban area."}},{"type":"Feature","geometry":{"type":"Point","coordinates":[37.05122,47.32404]},"properties":{"source":"economist_fires","source_name":"The Economist war-fire model","source_url":"https://github.com/TheEconomist/the-economist-war-fire-model","id":447,"date":"2026-09-19","link":"https://www.economist.com/interactive/graphic-detail/ukraine-fires","category":"Fire classified as war-related (model estimate)","side":"Not attributed","color":"#FF8C00","radius":3,"orbat":[],"description":"Satellite heat detection at 10:09 UTC, in an area of abnormal fire activity. Urban area."}},{"type":"Feature","geometry":{"type":"Point","coordinates":[37.06047,47.32922]},"properties":{"source":"economist_fires","source_name":"The Economist war-fire model","source_url":"https://github.com/TheEconomist/the-economist-war-fire-model","id":448,"date":"2026-09-19","link":"https://www.economist.com/interactive/graphic-detail/ukraine-fires","category":"Fire classified as war-related (model estimate)","side":"Not attributed","color":"#FF8C00","radius":3,"orbat":[],"description":"Satellite heat detection at 10:09 UTC, in an area of abnormal fire activity. Urban area."}},{"type":"Feature","geometry":{"type":"Point","coordinates":[37.12479,47.25436]},"properties":{"source":"economist_fires","source_name":"The Economist war-fire model","source_url":"https://github.com/TheEconomist/the-economist-war-fire-model","id":449,"date":"2026-09-19","link":"https://www.economist.com/interactive/graphic-detail/ukraine-fires","category":"Fire classified as war-related (model estimate)","side":"Not attributed","color":"#FF8C00","radius":3,"orbat":[],"description":"Satellite heat detection at 10:45 UTC, in an area of abnormal fire activity. Urban area."}},{"type":"Feature","geometry":{"type":"Point","coordinates":[37.13048,47.25506]},"properties":{"source":"economist_fires","source_name":"The Economist war-fire model","source_url":"https://github.com/TheEconomist/the-economist-war-fire-model","id":450,"date":"2026-09-19","link":"https://www.economist.com/interactive/graphic-detail/ukraine-fires","category":"Fire classified as war-related (model estimate)","side":"Not attributed","color":"#FF8C00","radius":3,"orbat":[],"description":"Satellite heat detection at 10:45 UTC, in an area of abnormal fire activity. Urban area."}},{"type":"Feature","geometry":{"type":"Point","coordinates":[37.12386,47.25786]},"properties":{"source":"economist_fires","source_name":"The Economist war-fire model","source_url":"https://github.com/TheEconomist/the-economist-war-fire-model","id":451,"date":"2026-09-19","link":"https://www.economist.com/interactive/graphic-detail/ukraine-fires","category":"Fire classified as war-related (model estimate)","side":"Not attributed","color":"#FF8C00","radius":3,"orbat":[],"description":"Satellite heat detection at 10:45 UTC, in an area of abnormal fire activity. Urban area."}},{"type":"Feature","geometry":{"type":"Point","coordinates":[37.12956,47.25855]},"properties":{"source":"economist_fires","source_name":"The Economist war-fire model","source_url":"https://github.com/TheEconomist/the-economist-war-fire-model","id":452,"date":"2026-09-19","link":"https://www.economist.com/interactive/graphic-detail/ukraine-fires","category":"Fire classified as war-related (model estimate)","side":"Not attributed","color":"#FF8C00","radius":3,"orbat":[],"description":"Satellite heat detection at 10:45 UTC, in an area of abnormal fire activity. Urban area."}},{"type":"Feature","geometry":{"type":"Point","coordinates":[37.13525,47.25925]},"properties":{"source":"economist_fires","source_name":"The Economist war-fire model","source_url":"https://github.com/TheEconomist/the-economist-war-fire-model","id":453,"date":"2026-09-19","link":"https://www.economist.com/interactive/graphic-detail/ukraine-fires","category":"Fire classified as war-related (model estimate)","side":"Not attributed","color":"#FF8C00","radius":3,"orbat":[],"description":"Satellite heat detection at 10:45 UTC, in an area of abnormal fire activity. Urban area."}},{"type":"Feature","geometry":{"type":"Point","coordinates":[37.13433,47.26274]},"properties":{"source":"economist_fires","source_name":"The Economist war-fire model","source_url":"https://github.com/TheEconomist/the-economist-war-fire-model","id":454,"date":"2026-09-19","link":"https://www.economist.com/interactive/graphic-detail/ukraine-fires","category":"Fire classified as war-related (model estimate)","side":"Not attributed","color":"#FF8C00","radius":3,"orbat":[],"description":"Satellite heat detection at 10:45 UTC, in an area of abnormal fire activity. Urban area."}},{"type":"Feature","geometry":{"type":"Point","coordinates":[37.12772,47.26554]},"properties":{"source":"economist_fires","source_name":"The Economist war-fire model","source_url":"https://github.com/TheEconomist/the-economist-war-fire-model","id":455,"date":"2026-09-19","link":"https://www.economist.com/interactive/graphic-detail/ukraine-fires","category":"Fire classified as war-related (model estimate)","side":"Not attributed","color":"#FF8C00","radius":3,"orbat":[],"description":"Satellite heat detection at 10:45 UTC, in an area of abnormal fire activity. Urban area."}},{"type":"Feature","geometry":{"type":"Point","coordinates":[37.06241,47.32954]},"properties":{"source":"economist_fires","source_name":"The Economist war-fire model","source_url":"https://github.com/TheEconomist/the-economist-war-fire-model","id":456,"date":"2026-09-19","link":"https://www.economist.com/interactive/graphic-detail/ukraine-fires","category":"Fire classified as war-related (model estimate)","side":"Not attributed","color":"#FF8C00","radius":3,"orbat":[],"description":"Satellite heat detection at 10:45 UTC, in an area of abnormal fire activity. Urban area."}},{"type":"Feature","geometry":{"type":"Point","coordinates":[37.12776,47.25538]},"properties":{"source":"economist_fires","source_name":"The Economist war-fire model","source_url":"https://github.com/TheEconomist/the-economist-war-fire-model","id":457,"date":"2026-09-19","link":"https://www.economist.com/interactive/graphic-detail/ukraine-fires","category":"Fire classified as war-related (model estimate)","side":"Not attributed","color":"#FF8C00","radius":3,"orbat":[],"description":"Satellite heat detection at 11:04 UTC, in an area of abnormal fire activity. Urban area."}},{"type":"Feature","geometry":{"type":"Point","coordinates":[37.13469,47.25581]},"properties":{"source":"economist_fires","source_name":"The Economist war-fire model","source_url":"https://github.com/TheEconomist/the-economist-war-fire-model","id":458,"date":"2026-09-19","link":"https://www.economist.com/interactive/graphic-detail/ukraine-fires","category":"Fire classified as war-related (model estimate)","side":"Not attributed","color":"#FF8C00","radius":3,"orbat":[],"description":"Satellite heat detection at 11:04 UTC, in an area of abnormal fire activity. Urban area."}},{"type":"Feature","geometry":{"type":"Point","coordinates":[37.12761,47.25668]},"properties":{"source":"economist_fires","source_name":"The Economist war-fire model","source_url":"https://github.com/TheEconomist/the-economist-war-fire-model","id":459,"date":"2026-09-19","link":"https://www.economist.com/interactive/graphic-detail/ukraine-fires","category":"Fire classified as war-related (model estimate)","side":"Not attributed","color":"#FF8C00","radius":3,"orbat":[],"description":"Satellite heat detection at 11:04 UTC, in an area of abnormal fire activity. Urban area."}},{"type":"Feature","geometry":{"type":"Point","coordinates":[37.13452,47.25715]},"properties":{"source":"economist_fires","source_name":"The Economist war-fire model","source_url":"https://github.com/TheEconomist/the-economist-war-fire-model","id":460,"date":"2026-09-19","link":"https://www.economist.com/interactive/graphic-detail/ukraine-fires","category":"Fire classified as war-related (model estimate)","side":"Not attributed","color":"#FF8C00","radius":3,"orbat":[],"description":"Satellite heat detection at 11:04 UTC, in an area of abnormal fire activity. Urban area."}},{"type":"Feature","geometry":{"type":"Point","coordinates":[37.13399,47.26044]},"properties":{"source":"economist_fires","source_name":"The Economist war-fire model","source_url":"https://github.com/TheEconomist/the-economist-war-fire-model","id":461,"date":"2026-09-19","link":"https://www.economist.com/interactive/graphic-detail/ukraine-fires","category":"Fire classified as war-related (model estimate)","side":"Not attributed","color":"#FF8C00","radius":3,"orbat":[],"description":"Satellite heat detection at 11:04 UTC, in an area of abnormal fire activity. Urban area."}},{"type":"Feature","geometry":{"type":"Point","coordinates":[37.13383,47.26177]},"properties":{"source":"economist_fires","source_name":"The Economist war-fire model","source_url":"https://github.com/TheEconomist/the-economist-war-fire-model","id":462,"date":"2026-09-19","link":"https://www.economist.com/interactive/graphic-detail/ukraine-fires","category":"Fire classified as war-related (model estimate)","side":"Not attributed","color":"#FF8C00","radius":3,"orbat":[],"description":"Satellite heat detection at 11:04 UTC, in an area of abnormal fire activity. Urban area."}},{"type":"Feature","geometry":{"type":"Point","coordinates":[37.0537,47.3252]},"properties":{"source":"economist_fires","source_name":"The Economist war-fire model","source_url":"https://github.com/TheEconomist/the-economist-war-fire-model","id":463,"date":"2026-09-19","link":"https://www.economist.com/interactive/graphic-detail/ukraine-fires","category":"Fire classified as war-related (model estimate)","side":"Not attributed","color":"#FF8C00","radius":3,"orbat":[],"description":"Satellite heat detection at 11:04 UTC, in an area of abnormal fire activity. Urban area."}},{"type":"Feature","geometry":{"type":"Point","coordinates":[37.06013,47.33029]},"properties":{"source":"economist_fires","source_name":"The Economist war-fire model","source_url":"https://github.com/TheEconomist/the-economist-war-fire-model","id":464,"date":"2026-09-19","link":"https://www.economist.com/interactive/graphic-detail/ukraine-fires","category":"Fire classified as war-related (model estimate)","side":"Not attributed","color":"#FF8C00","radius":3,"orbat":[],"description":"Satellite heat detection at 11:04 UTC, in an area of abnormal fire activity. Urban area."}},{"type":"Feature","geometry":{"type":"Point","coordinates":[37.12255,47.2583]},"properties":{"source":"economist_fires","source_name":"The Economist war-fire model","source_url":"https://github.com/TheEconomist/the-economist-war-fire-model","id":465,"date":"2026-09-19","link":"https://www.economist.com/interactive/graphic-detail/ukraine-fires","category":"Fire classified as war-related (model estimate)","side":"Not attributed","color":"#FF8C00","radius":3,"orbat":[],"description":"Satellite heat detection at 22:59 UTC, in an area of abnormal fire activity. Urban area."}},{"type":"Feature","geometry":{"type":"Point","coordinates":[37.12019,47.25885]},"properties":{"source":"economist_fires","source_name":"The Economist war-fire model","source_url":"https://github.com/TheEconomist/the-economist-war-fire-model","id":466,"date":"2026-09-19","link":"https://www.economist.com/interactive/graphic-detail/ukraine-fires","category":"Fire classified as war-related (model estimate)","side":"Not attributed","color":"#FF8C00","radius":3,"orbat":[],"description":"Satellite heat detection at 23:20 UTC, in an area of abnormal fire activity. Urban area."}},{"type":"Feature","geometry":{"type":"Point","coordinates":[37.12064,47.26094]},"properties":{"source":"economist_fires","source_name":"The Economist war-fire model","source_url":"https://github.com/TheEconomist/the-economist-war-fire-model","id":467,"date":"2026-09-19","link":"https://www.economist.com/interactive/graphic-detail/ukraine-fires","category":"Fire classified as war-related (model estimate)","side":"Not attributed","color":"#FF8C00","radius":3,"orbat":[],"description":"Satellite heat detection at 23:20 UTC, in an area of abnormal fire activity. Urban area."}},{"type":"Feature","geometry":{"type":"Point","coordinates":[37.11247,47.42085]},"properties":{"source":"economist_fires","source_name":"The Economist war-fire model","source_url":"https://github.com/TheEconomist/the-economist-war-fire-model","id":468,"date":"2026-09-19","link":"https://www.economist.com/interactive/graphic-detail/ukraine-fires","category":"Fire classified as war-related (model estimate)","side":"Not attributed","color":"#FF8C00","radius":3,"orbat":[],"description":"Satellite heat detection at 10:09 UTC, in an area of abnormal fire activity. Urban area."}},{"type":"Feature","geometry":{"type":"Point","coordinates":[37.11773,47.42178]},"properties":{"source":"economist_fires","source_name":"The Economist war-fire model","source_url":"https://github.com/TheEconomist/the-economist-war-fire-model","id":469,"date":"2026-09-19","link":"https://www.economist.com/interactive/graphic-detail/ukraine-fires","category":"Fire classified as war-related (model estimate)","side":"Not attributed","color":"#FF8C00","radius":3,"orbat":[],"description":"Satellite heat detection at 10:09 UTC, in an area of abnormal fire activity. Urban area."}},{"type":"Feature","geometry":{"type":"Point","coordinates":[37.11336,47.42832]},"properties":{"source":"economist_fires","source_name":"The Economist war-fire model","source_url":"https://github.com/TheEconomist/the-economist-war-fire-model","id":470,"date":"2026-09-19","link":"https://www.economist.com/interactive/graphic-detail/ukraine-fires","category":"Fire classified as war-related (model estimate)","side":"Not attributed","color":"#FF8C00","radius":3,"orbat":[],"description":"Satellite heat detection at 23:01 UTC, in an area of abnormal fire activity. Urban area."}},{"type":"Feature","geometry":{"type":"Point","coordinates":[37.11452,47.42786]},"properties":{"source":"economist_fires","source_name":"The Economist war-fire model","source_url":"https://github.com/TheEconomist/the-economist-war-fire-model","id":471,"date":"2026-09-19","link":"https://www.economist.com/interactive/graphic-detail/ukraine-fires","category":"Fire classified as war-related (model estimate)","side":"Not attributed","color":"#FF8C00","radius":3,"orbat":[],"description":"Satellite heat detection at 23:20 UTC, in an area of abnormal fire activity. Urban area."}},{"type":"Feature","geometry":{"type":"Point","coordinates":[37.10799,47.42858]},"properties":{"source":"economist_fires","source_name":"The Economist war-fire model","source_url":"https://github.com/TheEconomist/the-economist-war-fire-model","id":472,"date":"2026-09-19","link":"https://www.economist.com/interactive/graphic-detail/ukraine-fires","category":"Fire classified as war-related (model estimate)","side":"Not attributed","color":"#FF8C00","radius":3,"orbat":[],"description":"Satellite heat detection at 23:20 UTC, in an area of abnormal fire activity. Urban area."}},{"type":"Feature","geometry":{"type":"Point","coordinates":[37.06497,47.5231]},"properties":{"source":"economist_fires","source_name":"The Economist war-fire model","source_url":"https://github.com/TheEconomist/the-economist-war-fire-model","id":473,"date":"2026-09-19","link":"https://www.economist.com/interactive/graphic-detail/ukraine-fires","category":"Fire classified as war-related (model estimate)","side":"Not attributed","color":"#FF8C00","radius":3,"orbat":[],"description":"Satellite heat detection at 10:09 UTC, in an area days after abnormal fire activity. Urban area."}},{"type":"Feature","geometry":{"type":"Point","coordinates":[37.06737,47.52408]},"properties":{"source":"economist_fires","source_name":"The Economist war-fire model","source_url":"https://github.com/TheEconomist/the-economist-war-fire-model","id":474,"date":"2026-09-19","link":"https://www.economist.com/interactive/graphic-detail/ukraine-fires","category":"Fire classified as war-related (model estimate)","side":"Not attributed","color":"#FF8C00","radius":3,"orbat":[],"description":"Satellite heat detection at 11:04 UTC, in an area days after abnormal fire activity. Urban area."}},{"type":"Feature","geometry":{"type":"Point","coordinates":[37.07575,48.47964]},"properties":{"source":"economist_fires","source_name":"The Economist war-fire model","source_url":"https://github.com/TheEconomist/the-economist-war-fire-model","id":475,"date":"2026-09-19","link":"https://www.economist.com/interactive/graphic-detail/ukraine-fires","category":"Fire classified as war-related (model estimate)","side":"Not attributed","color":"#FF8C00","radius":3,"orbat":[],"description":"Satellite heat detection at 23:01 UTC, in an area days after abnormal fire activity. Urban area."}},{"type":"Feature","geometry":{"type":"Point","coordinates":[37.07291,48.47796]},"properties":{"source":"economist_fires","source_name":"The Economist war-fire model","source_url":"https://github.com/TheEconomist/the-economist-war-fire-model","id":476,"date":"2026-09-19","link":"https://www.economist.com/interactive/graphic-detail/ukraine-fires","category":"Fire classified as war-related (model estimate)","side":"Not attributed","color":"#FF8C00","radius":3,"orbat":[],"description":"Satellite heat detection at 23:20 UTC, in an area days after abnormal fire activity. Urban area."}},{"type":"Feature","geometry":{"type":"Point","coordinates":[37.08242,48.4885]},"properties":{"source":"economist_fires","source_name":"The Economist war-fire model","source_url":"https://github.com/TheEconomist/the-economist-war-fire-model","id":477,"date":"2026-09-19","link":"https://www.economist.com/interactive/graphic-detail/ukraine-fires","category":"Fire classified as war-related (model estimate)","side":"Not attributed","color":"#FF8C00","radius":3,"orbat":[],"description":"Satellite heat detection at 23:20 UTC, in an area days after abnormal fire activity. Urban area."}},{"type":"Feature","geometry":{"type":"Point","coordinates":[37.05952,48.53709]},"properties":{"source":"economist_fires","source_name":"The Economist war-fire model","source_url":"https://github.com/TheEconomist/the-economist-war-fire-model","id":478,"date":"2026-09-19","link":"https://www.economist.com/interactive/graphic-detail/ukraine-fires","category":"Fire classified as war-related (model estimate)","side":"Not attributed","color":"#FF8C00","radius":3,"orbat":[],"description":"Satellite heat detection at 23:20 UTC, in an area days after abnormal fire activity. Urban area."}},{"type":"Feature","geometry":{"type":"Point","coordinates":[37.15832,47.38647]},"properties":{"source":"economist_fires","source_name":"The Economist war-fire model","source_url":"https://github.com/TheEconomist/the-economist-war-fire-model","id":479,"date":"2026-09-19","link":"https://www.economist.com/interactive/graphic-detail/ukraine-fires","category":"Fire classified as war-related (model estimate)","side":"Not attributed","color":"#FF8C00","radius":3,"orbat":[],"description":"Satellite heat detection at 11:04 UTC, in an area of abnormal fire activity. Urban area."}},{"type":"Feature","geometry":{"type":"Point","coordinates":[37.24246,47.4754]},"properties":{"source":"economist_fires","source_name":"The Economist war-fire model","source_url":"https://github.com/TheEconomist/the-economist-war-fire-model","id":480,"date":"2026-09-19","link":"https://www.economist.com/interactive/graphic-detail/ukraine-fires","category":"Fire classified as war-related (model estimate)","side":"Not attributed","color":"#FF8C00","radius":3,"orbat":[],"description":"Satellite heat detection at 10:09 UTC, in an area days after abnormal fire activity. Urban area."}},{"type":"Feature","geometry":{"type":"Point","coordinates":[37.24208,47.47692]},"properties":{"source":"economist_fires","source_name":"The Economist war-fire model","source_url":"https://github.com/TheEconomist/the-economist-war-fire-model","id":481,"date":"2026-09-19","link":"https://www.economist.com/interactive/graphic-detail/ukraine-fires","category":"Fire classified as war-related (model estimate)","side":"Not attributed","color":"#FF8C00","radius":3,"orbat":[],"description":"Satellite heat detection at 10:45 UTC, in an area days after abnormal fire activity. Urban area."}},{"type":"Feature","geometry":{"type":"Point","coordinates":[37.23875,47.47395]},"properties":{"source":"economist_fires","source_name":"The Economist war-fire model","source_url":"https://github.com/TheEconomist/the-economist-war-fire-model","id":482,"date":"2026-09-19","link":"https://www.economist.com/interactive/graphic-detail/ukraine-fires","category":"Fire classified as war-related (model estimate)","side":"Not attributed","color":"#FF8C00","radius":3,"orbat":[],"description":"Satellite heat detection at 11:04 UTC, in an area days after abnormal fire activity. Urban area."}},{"type":"Feature","geometry":{"type":"Point","coordinates":[37.24015,47.4762]},"properties":{"source":"economist_fires","source_name":"The Economist war-fire model","source_url":"https://github.com/TheEconomist/the-economist-war-fire-model","id":483,"date":"2026-09-19","link":"https://www.economist.com/interactive/graphic-detail/ukraine-fires","category":"Fire classified as war-related (model estimate)","side":"Not attributed","color":"#FF8C00","radius":3,"orbat":[],"description":"Satellite heat detection at 11:04 UTC, in an area days after abnormal fire activity. Urban area."}},{"type":"Feature","geometry":{"type":"Point","coordinates":[37.15581,47.55106]},"properties":{"source":"economist_fires","source_name":"The Economist war-fire model","source_url":"https://github.com/TheEconomist/the-economist-war-fire-model","id":484,"date":"2026-09-19","link":"https://www.economist.com/interactive/graphic-detail/ukraine-fires","category":"Fire classified as war-related (model estimate)","side":"Not attributed","color":"#FF8C00","radius":3,"orbat":[],"description":"Satellite heat detection at 09:07 UTC, in an area days after abnormal fire activity. Urban area."}},{"type":"Feature","geometry":{"type":"Point","coordinates":[37.15046,47.55723]},"properties":{"source":"economist_fires","source_name":"The Economist war-fire model","source_url":"https://github.com/TheEconomist/the-economist-war-fire-model","id":485,"date":"2026-09-19","link":"https://www.economist.com/interactive/graphic-detail/ukraine-fires","category":"Fire classified as war-related (model estimate)","side":"Not attributed","color":"#FF8C00","radius":3,"orbat":[],"description":"Satellite heat detection at 09:07 UTC, in an area days after abnormal fire activity. Urban area."}},{"type":"Feature","geometry":{"type":"Point","coordinates":[37.16302,47.57018]},"properties":{"source":"economist_fires","source_name":"The Economist war-fire model","source_url":"https://github.com/TheEconomist/the-economist-war-fire-model","id":486,"date":"2026-09-19","link":"https://www.economist.com/interactive/graphic-detail/ukraine-fires","category":"Fire classified as war-related (model estimate)","side":"Not attributed","color":"#FF8C00","radius":3,"orbat":[],"description":"Satellite heat detection at 09:07 UTC, in an area days after abnormal fire activity. Urban area."}},{"type":"Feature","geometry":{"type":"Point","coordinates":[37.16676,47.57234]},"properties":{"source":"economist_fires","source_name":"The Economist war-fire model","source_url":"https://github.com/TheEconomist/the-economist-war-fire-model","id":487,"date":"2026-09-19","link":"https://www.economist.com/interactive/graphic-detail/ukraine-fires","category":"Fire classified as war-related (model estimate)","side":"Not attributed","color":"#FF8C00","radius":3,"orbat":[],"description":"Satellite heat detection at 09:24 UTC, in an area days after abnormal fire activity. Urban area."}},{"type":"Feature","geometry":{"type":"Point","coordinates":[37.16391,47.57224]},"properties":{"source":"economist_fires","source_name":"The Economist war-fire model","source_url":"https://github.com/TheEconomist/the-economist-war-fire-model","id":488,"date":"2026-09-19","link":"https://www.economist.com/interactive/graphic-detail/ukraine-fires","category":"Fire classified as war-related (model estimate)","side":"Not attributed","color":"#FF8C00","radius":3,"orbat":[],"description":"Satellite heat detection at 10:09 UTC, in an area days after abnormal fire activity. Urban area."}},{"type":"Feature","geometry":{"type":"Point","coordinates":[37.16916,47.57316]},"properties":{"source":"economist_fires","source_name":"The Economist war-fire model","source_url":"https://github.com/TheEconomist/the-economist-war-fire-model","id":489,"date":"2026-09-19","link":"https://www.economist.com/interactive/graphic-detail/ukraine-fires","category":"Fire classified as war-related (model estimate)","side":"Not attributed","color":"#FF8C00","radius":3,"orbat":[],"description":"Satellite heat detection at 10:09 UTC, in an area of abnormal fire activity. Urban area."}},{"type":"Feature","geometry":{"type":"Point","coordinates":[37.16265,47.57555]},"properties":{"source":"economist_fires","source_name":"The Economist war-fire model","source_url":"https://github.com/TheEconomist/the-economist-war-fire-model","id":490,"date":"2026-09-19","link":"https://www.economist.com/interactive/graphic-detail/ukraine-fires","category":"Fire classified as war-related (model estimate)","side":"Not attributed","color":"#FF8C00","radius":3,"orbat":[],"description":"Satellite heat detection at 10:09 UTC, in an area days after abnormal fire activity. Urban area."}},{"type":"Feature","geometry":{"type":"Point","coordinates":[37.1679,47.57647]},"properties":{"source":"economist_fires","source_name":"The Economist war-fire model","source_url":"https://github.com/TheEconomist/the-economist-war-fire-model","id":491,"date":"2026-09-19","link":"https://www.economist.com/interactive/graphic-detail/ukraine-fires","category":"Fire classified as war-related (model estimate)","side":"Not attributed","color":"#FF8C00","radius":3,"orbat":[],"description":"Satellite heat detection at 10:09 UTC, in an area days after abnormal fire activity. Urban area."}},{"type":"Feature","geometry":{"type":"Point","coordinates":[37.16561,47.57749]},"properties":{"source":"economist_fires","source_name":"The Economist war-fire model","source_url":"https://github.com/TheEconomist/the-economist-war-fire-model","id":492,"date":"2026-09-19","link":"https://www.economist.com/interactive/graphic-detail/ukraine-fires","category":"Fire classified as war-related (model estimate)","side":"Not attributed","color":"#FF8C00","radius":3,"orbat":[],"description":"Satellite heat detection at 10:09 UTC, in an area days after abnormal fire activity. Urban area."}},{"type":"Feature","geometry":{"type":"Point","coordinates":[37.16745,47.57229]},"properties":{"source":"economist_fires","source_name":"The Economist war-fire model","source_url":"https://github.com/TheEconomist/the-economist-war-fire-model","id":493,"date":"2026-09-19","link":"https://www.economist.com/interactive/graphic-detail/ukraine-fires","category":"Fire classified as war-related (model estimate)","side":"Not attributed","color":"#FF8C00","radius":3,"orbat":[],"description":"Satellite heat detection at 10:45 UTC, in an area days after abnormal fire activity. Urban area."}},{"type":"Feature","geometry":{"type":"Point","coordinates":[37.16651,47.5758]},"properties":{"source":"economist_fires","source_name":"The Economist war-fire model","source_url":"https://github.com/TheEconomist/the-economist-war-fire-model","id":494,"date":"2026-09-19","link":"https://www.economist.com/interactive/graphic-detail/ukraine-fires","category":"Fire classified as war-related (model estimate)","side":"Not attributed","color":"#FF8C00","radius":3,"orbat":[],"description":"Satellite heat detection at 10:45 UTC, in an area days after abnormal fire activity. Urban area."}},{"type":"Feature","geometry":{"type":"Point","coordinates":[37.16801,47.57281]},"properties":{"source":"economist_fires","source_name":"The Economist war-fire model","source_url":"https://github.com/TheEconomist/the-economist-war-fire-model","id":495,"date":"2026-09-19","link":"https://www.economist.com/interactive/graphic-detail/ukraine-fires","category":"Fire classified as war-related (model estimate)","side":"Not attributed","color":"#FF8C00","radius":3,"orbat":[],"description":"Satellite heat detection at 11:04 UTC, in an area of abnormal fire activity. Urban area."}},{"type":"Feature","geometry":{"type":"Point","coordinates":[37.17068,47.57639]},"properties":{"source":"economist_fires","source_name":"The Economist war-fire model","source_url":"https://github.com/TheEconomist/the-economist-war-fire-model","id":496,"date":"2026-09-19","link":"https://www.economist.com/interactive/graphic-detail/ukraine-fires","category":"Fire classified as war-related (model estimate)","side":"Not attributed","color":"#FF8C00","radius":3,"orbat":[],"description":"Satellite heat detection at 23:20 UTC, in an area days after abnormal fire activity. Urban area."}},{"type":"Feature","geometry":{"type":"Point","coordinates":[37.17062,47.57859]},"properties":{"source":"economist_fires","source_name":"The Economist war-fire model","source_url":"https://github.com/TheEconomist/the-economist-war-fire-model","id":497,"date":"2026-09-19","link":"https://www.economist.com/interactive/graphic-detail/ukraine-fires","category":"Fire classified as war-related (model estimate)","side":"Not attributed","color":"#FF8C00","radius":3,"orbat":[],"description":"Satellite heat detection at 23:20 UTC, in an area days after abnormal fire activity. Urban area."}},{"type":"Feature","geometry":{"type":"Point","coordinates":[37.16578,48.48158]},"properties":{"source":"economist_fires","source_name":"The Economist war-fire model","source_url":"https://github.com/TheEconomist/the-economist-war-fire-model","id":498,"date":"2026-09-19","link":"https://www.economist.com/interactive/graphic-detail/ukraine-fires","category":"Fire classified as war-related (model estimate)","side":"Not attributed","color":"#FF8C00","radius":3,"orbat":[],"description":"Satellite heat detection at 10:45 UTC, in an area days after abnormal fire activity. Urban area."}},{"type":"Feature","geometry":{"type":"Point","coordinates":[37.16346,48.4828]},"properties":{"source":"economist_fires","source_name":"The Economist war-fire model","source_url":"https://github.com/TheEconomist/the-economist-war-fire-model","id":499,"date":"2026-09-19","link":"https://www.economist.com/interactive/graphic-detail/ukraine-fires","category":"Fire classified as war-related (model estimate)","side":"Not attributed","color":"#FF8C00","radius":3,"orbat":[],"description":"Satellite heat detection at 10:45 UTC, in an area days after abnormal fire activity. Urban area."}},{"type":"Feature","geometry":{"type":"Point","coordinates":[37.16948,48.48349]},"properties":{"source":"economist_fires","source_name":"The Economist war-fire model","source_url":"https://github.com/TheEconomist/the-economist-war-fire-model","id":500,"date":"2026-09-19","link":"https://www.economist.com/interactive/graphic-detail/ukraine-fires","category":"Fire classified as war-related (model estimate)","side":"Not attributed","color":"#FF8C00","radius":3,"orbat":[],"description":"Satellite heat detection at 10:45 UTC, in an area days after abnormal fire activity. Urban area."}},{"type":"Feature","geometry":{"type":"Point","coordinates":[37.22,48.54348]},"properties":{"source":"economist_fires","source_name":"The Economist war-fire model","source_url":"https://github.com/TheEconomist/the-economist-war-fire-model","id":501,"date":"2026-09-19","link":"https://www.economist.com/interactive/graphic-detail/ukraine-fires","category":"Fire classified as war-related (model estimate)","side":"Not attributed","color":"#FF8C00","radius":3,"orbat":[],"description":"Satellite heat detection at 11:04 UTC, in an area days after abnormal fire activity. Urban area."}},{"type":"Feature","geometry":{"type":"Point","coordinates":[37.27504,47.43649]},"properties":{"source":"economist_fires","source_name":"The Economist war-fire model","source_url":"https://github.com/TheEconomist/the-economist-war-fire-model","id":502,"date":"2026-09-19","link":"https://www.economist.com/interactive/graphic-detail/ukraine-fires","category":"Fire classified as war-related (model estimate)","side":"Not attributed","color":"#FF8C00","radius":3,"orbat":[],"description":"Satellite heat detection at 23:20 UTC, in an area days after abnormal fire activity. Urban area."}},{"type":"Feature","geometry":{"type":"Point","coordinates":[37.33078,47.83138]},"properties":{"source":"economist_fires","source_name":"The Economist war-fire model","source_url":"https://github.com/TheEconomist/the-economist-war-fire-model","id":503,"date":"2026-09-19","link":"https://www.economist.com/interactive/graphic-detail/ukraine-fires","category":"Fire classified as war-related (model estimate)","side":"Not attributed","color":"#FF8C00","radius":3,"orbat":[],"description":"Satellite heat detection at 10:09 UTC, in an area days after abnormal fire activity. Urban area."}},{"type":"Feature","geometry":{"type":"Point","coordinates":[37.32367,47.94014]},"properties":{"source":"economist_fires","source_name":"The Economist war-fire model","source_url":"https://github.com/TheEconomist/the-economist-war-fire-model","id":504,"date":"2026-09-19","link":"https://www.economist.com/interactive/graphic-detail/ukraine-fires","category":"Fire classified as war-related (model estimate)","side":"Not attributed","color":"#FF8C00","radius":3,"orbat":[],"description":"Satellite heat detection at 11:04 UTC, in an area days after abnormal fire activity. Urban area."}},{"type":"Feature","geometry":{"type":"Point","coordinates":[37.26437,48.43495]},"properties":{"source":"economist_fires","source_name":"The Economist war-fire model","source_url":"https://github.com/TheEconomist/the-economist-war-fire-model","id":505,"date":"2026-09-19","link":"https://www.economist.com/interactive/graphic-detail/ukraine-fires","category":"Fire classified as war-related (model estimate)","side":"Not attributed","color":"#FF8C00","radius":3,"orbat":[],"description":"Satellite heat detection at 09:24 UTC, in an area days after abnormal fire activity. Urban area."}},{"type":"Feature","geometry":{"type":"Point","coordinates":[37.31604,48.40636]},"properties":{"source":"economist_fires","source_name":"The Economist war-fire model","source_url":"https://github.com/TheEconomist/the-economist-war-fire-model","id":506,"date":"2026-09-19","link":"https://www.economist.com/interactive/graphic-detail/ukraine-fires","category":"Fire classified as war-related (model estimate)","side":"Not attributed","color":"#FF8C00","radius":3,"orbat":[],"description":"Satellite heat detection at 10:09 UTC, in an area days after abnormal fire activity. Urban area."}},{"type":"Feature","geometry":{"type":"Point","coordinates":[37.30807,48.60225]},"properties":{"source":"economist_fires","source_name":"The Economist war-fire model","source_url":"https://github.com/TheEconomist/the-economist-war-fire-model","id":507,"date":"2026-09-19","link":"https://www.economist.com/interactive/graphic-detail/ukraine-fires","category":"Fire classified as war-related (model estimate)","side":"Not attributed","color":"#FF8C00","radius":3,"orbat":[],"description":"Satellite heat detection at 10:45 UTC, in an area days after abnormal fire activity. Urban area."}},{"type":"Feature","geometry":{"type":"Point","coordinates":[37.30993,48.6026]},"properties":{"source":"economist_fires","source_name":"The Economist war-fire model","source_url":"https://github.com/TheEconomist/the-economist-war-fire-model","id":508,"date":"2026-09-19","link":"https://www.economist.com/interactive/graphic-detail/ukraine-fires","category":"Fire classified as war-related (model estimate)","side":"Not attributed","color":"#FF8C00","radius":3,"orbat":[],"description":"Satellite heat detection at 11:04 UTC, in an area days after abnormal fire activity. Urban area."}},{"type":"Feature","geometry":{"type":"Point","coordinates":[37.41679,47.48458]},"properties":{"source":"economist_fires","source_name":"The Economist war-fire model","source_url":"https://github.com/TheEconomist/the-economist-war-fire-model","id":509,"date":"2026-09-19","link":"https://www.economist.com/interactive/graphic-detail/ukraine-fires","category":"Fire classified as war-related (model estimate)","side":"Not attributed","color":"#FF8C00","radius":3,"orbat":[],"description":"Satellite heat detection at 10:09 UTC, in an area of abnormal fire activity. Urban area."}},{"type":"Feature","geometry":{"type":"Point","coordinates":[37.41456,47.4866]},"properties":{"source":"economist_fires","source_name":"The Economist war-fire model","source_url":"https://github.com/TheEconomist/the-economist-war-fire-model","id":510,"date":"2026-09-19","link":"https://www.economist.com/interactive/graphic-detail/ukraine-fires","category":"Fire classified as war-related (model estimate)","side":"Not attributed","color":"#FF8C00","radius":3,"orbat":[],"description":"Satellite heat detection at 10:45 UTC, in an area of abnormal fire activity. Urban area."}},{"type":"Feature","geometry":{"type":"Point","coordinates":[37.41401,47.48281]},"properties":{"source":"economist_fires","source_name":"The Economist war-fire model","source_url":"https://github.com/TheEconomist/the-economist-war-fire-model","id":511,"date":"2026-09-19","link":"https://www.economist.com/interactive/graphic-detail/ukraine-fires","category":"Fire classified as war-related (model estimate)","side":"Not attributed","color":"#FF8C00","radius":3,"orbat":[],"description":"Satellite heat detection at 11:04 UTC, in an area of abnormal fire activity. Urban area."}},{"type":"Feature","geometry":{"type":"Point","coordinates":[37.42145,47.48329]},"properties":{"source":"economist_fires","source_name":"The Economist war-fire model","source_url":"https://github.com/TheEconomist/the-economist-war-fire-model","id":512,"date":"2026-09-19","link":"https://www.economist.com/interactive/graphic-detail/ukraine-fires","category":"Fire classified as war-related (model estimate)","side":"Not attributed","color":"#FF8C00","radius":3,"orbat":[],"description":"Satellite heat detection at 11:04 UTC, in an area of abnormal fire activity. Urban area."}},{"type":"Feature","geometry":{"type":"Point","coordinates":[37.4196,47.48477]},"properties":{"source":"economist_fires","source_name":"The Economist war-fire model","source_url":"https://github.com/TheEconomist/the-economist-war-fire-model","id":513,"date":"2026-09-19","link":"https://www.economist.com/interactive/graphic-detail/ukraine-fires","category":"Fire classified as war-related (model estimate)","side":"Not attributed","color":"#FF8C00","radius":3,"orbat":[],"description":"Satellite heat detection at 11:04 UTC, in an area of abnormal fire activity. Urban area."}},{"type":"Feature","geometry":{"type":"Point","coordinates":[37.41427,47.48441]},"properties":{"source":"economist_fires","source_name":"The Economist war-fire model","source_url":"https://github.com/TheEconomist/the-economist-war-fire-model","id":514,"date":"2026-09-19","link":"https://www.economist.com/interactive/graphic-detail/ukraine-fires","category":"Fire classified as war-related (model estimate)","side":"Not attributed","color":"#FF8C00","radius":3,"orbat":[],"description":"Satellite heat detection at 22:22 UTC, in an area of abnormal fire activity. Urban area."}},{"type":"Feature","geometry":{"type":"Point","coordinates":[37.41244,47.49009]},"properties":{"source":"economist_fires","source_name":"The Economist war-fire model","source_url":"https://github.com/TheEconomist/the-economist-war-fire-model","id":515,"date":"2026-09-19","link":"https://www.economist.com/interactive/graphic-detail/ukraine-fires","category":"Fire classified as war-related (model estimate)","side":"Not attributed","color":"#FF8C00","radius":3,"orbat":[],"description":"Satellite heat detection at 22:22 UTC, in an area of abnormal fire activity. Urban area."}},{"type":"Feature","geometry":{"type":"Point","coordinates":[37.41557,47.48717]},"properties":{"source":"economist_fires","source_name":"The Economist war-fire model","source_url":"https://github.com/TheEconomist/the-economist-war-fire-model","id":516,"date":"2026-09-19","link":"https://www.economist.com/interactive/graphic-detail/ukraine-fires","category":"Fire classified as war-related (model estimate)","side":"Not attributed","color":"#FF8C00","radius":3,"orbat":[],"description":"Satellite heat detection at 23:01 UTC, in an area of abnormal fire activity. Urban area."}},{"type":"Feature","geometry":{"type":"Point","coordinates":[37.41607,47.48724]},"properties":{"source":"economist_fires","source_name":"The Economist war-fire model","source_url":"https://github.com/TheEconomist/the-economist-war-fire-model","id":517,"date":"2026-09-19","link":"https://www.economist.com/interactive/graphic-detail/ukraine-fires","category":"Fire classified as war-related (model estimate)","side":"Not attributed","color":"#FF8C00","radius":3,"orbat":[],"description":"Satellite heat detection at 23:01 UTC, in an area of abnormal fire activity. Urban area."}},{"type":"Feature","geometry":{"type":"Point","coordinates":[37.41893,47.48665]},"properties":{"source":"economist_fires","source_name":"The Economist war-fire model","source_url":"https://github.com/TheEconomist/the-economist-war-fire-model","id":518,"date":"2026-09-19","link":"https://www.economist.com/interactive/graphic-detail/ukraine-fires","category":"Fire classified as war-related (model estimate)","side":"Not attributed","color":"#FF8C00","radius":3,"orbat":[],"description":"Satellite heat detection at 23:20 UTC, in an area of abnormal fire activity. Urban area."}},{"type":"Feature","geometry":{"type":"Point","coordinates":[37.41262,47.48736]},"properties":{"source":"economist_fires","source_name":"The Economist war-fire model","source_url":"https://github.com/TheEconomist/the-economist-war-fire-model","id":519,"date":"2026-09-19","link":"https://www.economist.com/interactive/graphic-detail/ukraine-fires","category":"Fire classified as war-related (model estimate)","side":"Not attributed","color":"#FF8C00","radius":3,"orbat":[],"description":"Satellite heat detection at 23:20 UTC, in an area of abnormal fire activity. Urban area."}},{"type":"Feature","geometry":{"type":"Point","coordinates":[37.41352,47.49102]},"properties":{"source":"economist_fires","source_name":"The Economist war-fire model","source_url":"https://github.com/TheEconomist/the-economist-war-fire-model","id":520,"date":"2026-09-19","link":"https://www.economist.com/interactive/graphic-detail/ukraine-fires","category":"Fire classified as war-related (model estimate)","side":"Not attributed","color":"#FF8C00","radius":3,"orbat":[],"description":"Satellite heat detection at 23:20 UTC, in an area of abnormal fire activity. Urban area."}},{"type":"Feature","geometry":{"type":"Point","coordinates":[37.37068,48.03283]},"properties":{"source":"economist_fires","source_name":"The Economist war-fire model","source_url":"https://github.com/TheEconomist/the-economist-war-fire-model","id":521,"date":"2026-09-19","link":"https://www.economist.com/interactive/graphic-detail/ukraine-fires","category":"Fire classified as war-related (model estimate)","side":"Not attributed","color":"#FF8C00","radius":3,"orbat":[],"description":"Satellite heat detection at 00:22 UTC, in an area days after abnormal fire activity. Urban area."}},{"type":"Feature","geometry":{"type":"Point","coordinates":[37.37058,48.03664]},"properties":{"source":"economist_fires","source_name":"The Economist war-fire model","source_url":"https://github.com/TheEconomist/the-economist-war-fire-model","id":522,"date":"2026-09-19","link":"https://www.economist.com/interactive/graphic-detail/ukraine-fires","category":"Fire classified as war-related (model estimate)","side":"Not attributed","color":"#FF8C00","radius":3,"orbat":[],"description":"Satellite heat detection at 00:22 UTC, in an area days after abnormal fire activity. Urban area."}},{"type":"Feature","geometry":{"type":"Point","coordinates":[37.43673,48.11612]},"properties":{"source":"economist_fires","source_name":"The Economist war-fire model","source_url":"https://github.com/TheEconomist/the-economist-war-fire-model","id":523,"date":"2026-09-19","link":"https://www.economist.com/interactive/graphic-detail/ukraine-fires","category":"Fire classified as war-related (model estimate)","side":"Not attributed","color":"#FF8C00","radius":3,"orbat":[],"description":"Satellite heat detection at 23:20 UTC, in an area of abnormal fire activity. Urban area."}},{"type":"Feature","geometry":{"type":"Point","coordinates":[37.36651,48.16857]},"properties":{"source":"economist_fires","source_name":"The Economist war-fire model","source_url":"https://github.com/TheEconomist/the-economist-war-fire-model","id":524,"date":"2026-09-19","link":"https://www.economist.com/interactive/graphic-detail/ukraine-fires","category":"Fire classified as war-related (model estimate)","side":"Not attributed","color":"#FF8C00","radius":3,"orbat":[],"description":"Satellite heat detection at 11:04 UTC, in an area days after abnormal fire activity. Urban area."}},{"type":"Feature","geometry":{"type":"Point","coordinates":[37.48291,47.38891]},"properties":{"source":"economist_fires","source_name":"The Economist war-fire model","source_url":"https://github.com/TheEconomist/the-economist-war-fire-model","id":525,"date":"2026-09-19","link":"https://www.economist.com/interactive/graphic-detail/ukraine-fires","category":"Fire classified as war-related (model estimate)","side":"Not attributed","color":"#FF8C00","radius":3,"orbat":[],"description":"Satellite heat detection at 10:09 UTC, in an area days after abnormal fire activity. Urban area."}},{"type":"Feature","geometry":{"type":"Point","coordinates":[37.48623,47.39835]},"properties":{"source":"economist_fires","source_name":"The Economist war-fire model","source_url":"https://github.com/TheEconomist/the-economist-war-fire-model","id":526,"date":"2026-09-19","link":"https://www.economist.com/interactive/graphic-detail/ukraine-fires","category":"Fire classified as war-related (model estimate)","side":"Not attributed","color":"#FF8C00","radius":3,"orbat":[],"description":"Satellite heat detection at 23:01 UTC, in an area days after abnormal fire activity. Urban area."}},{"type":"Feature","geometry":{"type":"Point","coordinates":[37.48801,47.40112]},"properties":{"source":"economist_fires","source_name":"The Economist war-fire model","source_url":"https://github.com/TheEconomist/the-economist-war-fire-model","id":527,"date":"2026-09-19","link":"https://www.economist.com/interactive/graphic-detail/ukraine-fires","category":"Fire classified as war-related (model estimate)","side":"Not attributed","color":"#FF8C00","radius":3,"orbat":[],"description":"Satellite heat detection at 23:20 UTC, in an area days after abnormal fire activity. Urban area."}},{"type":"Feature","geometry":{"type":"Point","coordinates":[37.4699,47.60496]},"properties":{"source":"economist_fires","source_name":"The Economist war-fire model","source_url":"https://github.com/TheEconomist/the-economist-war-fire-model","id":528,"date":"2026-09-19","link":"https://www.economist.com/interactive/graphic-detail/ukraine-fires","category":"Fire classified as war-related (model estimate)","side":"Not attributed","color":"#FF8C00","radius":3,"orbat":[],"description":"Satellite heat detection at 09:07 UTC, in an area of abnormal fire activity. Urban area."}},{"type":"Feature","geometry":{"type":"Point","coordinates":[37.51058,47.63866]},"properties":{"source":"economist_fires","source_name":"The Economist war-fire model","source_url":"https://github.com/TheEconomist/the-economist-war-fire-model","id":529,"date":"2026-09-19","link":"https://www.economist.com/interactive/graphic-detail/ukraine-fires","category":"Fire classified as war-related (model estimate)","side":"Not attributed","color":"#FF8C00","radius":3,"orbat":[],"description":"Satellite heat detection at 11:04 UTC, in an area of abnormal fire activity. Urban area."}},{"type":"Feature","geometry":{"type":"Point","coordinates":[37.54371,48.59326]},"properties":{"source":"economist_fires","source_name":"The Economist war-fire model","source_url":"https://github.com/TheEconomist/the-economist-war-fire-model","id":530,"date":"2026-09-19","link":"https://www.economist.com/interactive/graphic-detail/ukraine-fires","category":"Fire classified as war-related (model estimate)","side":"Not attributed","color":"#FF8C00","radius":3,"orbat":[],"description":"Satellite heat detection at 00:22 UTC, in an area days after abnormal fire activity. Urban area."}},{"type":"Feature","geometry":{"type":"Point","coordinates":[37.53018,48.61158]},"properties":{"source":"economist_fires","source_name":"The Economist war-fire model","source_url":"https://github.com/TheEconomist/the-economist-war-fire-model","id":531,"date":"2026-09-19","link":"https://www.economist.com/interactive/graphic-detail/ukraine-fires","category":"Fire classified as war-related (model estimate)","side":"Not attributed","color":"#FF8C00","radius":3,"orbat":[],"description":"Satellite heat detection at 23:01 UTC, in an area days after abnormal fire activity. Urban area."}},{"type":"Feature","geometry":{"type":"Point","coordinates":[37.52395,48.61228]},"properties":{"source":"economist_fires","source_name":"The Economist war-fire model","source_url":"https://github.com/TheEconomist/the-economist-war-fire-model","id":532,"date":"2026-09-19","link":"https://www.economist.com/interactive/graphic-detail/ukraine-fires","category":"Fire classified as war-related (model estimate)","side":"Not attributed","color":"#FF8C00","radius":3,"orbat":[],"description":"Satellite heat detection at 23:01 UTC, in an area days after abnormal fire activity. Urban area."}},{"type":"Feature","geometry":{"type":"Point","coordinates":[37.53059,48.61658]},"properties":{"source":"economist_fires","source_name":"The Economist war-fire model","source_url":"https://github.com/TheEconomist/the-economist-war-fire-model","id":533,"date":"2026-09-19","link":"https://www.economist.com/interactive/graphic-detail/ukraine-fires","category":"Fire classified as war-related (model estimate)","side":"Not attributed","color":"#FF8C00","radius":3,"orbat":[],"description":"Satellite heat detection at 23:01 UTC, in an area days after abnormal fire activity. Urban area."}},{"type":"Feature","geometry":{"type":"Point","coordinates":[37.52435,48.61729]},"properties":{"source":"economist_fires","source_name":"The Economist war-fire model","source_url":"https://github.com/TheEconomist/the-economist-war-fire-model","id":534,"date":"2026-09-19","link":"https://www.economist.com/interactive/graphic-detail/ukraine-fires","category":"Fire classified as war-related (model estimate)","side":"Not attributed","color":"#FF8C00","radius":3,"orbat":[],"description":"Satellite heat detection at 23:01 UTC, in an area days after abnormal fire activity. Urban area."}},{"type":"Feature","geometry":{"type":"Point","coordinates":[37.53297,48.61221]},"properties":{"source":"economist_fires","source_name":"The Economist war-fire model","source_url":"https://github.com/TheEconomist/the-economist-war-fire-model","id":535,"date":"2026-09-19","link":"https://www.economist.com/interactive/graphic-detail/ukraine-fires","category":"Fire classified as war-related (model estimate)","side":"Not attributed","color":"#FF8C00","radius":3,"orbat":[],"description":"Satellite heat detection at 23:20 UTC, in an area days after abnormal fire activity. Urban area."}},{"type":"Feature","geometry":{"type":"Point","coordinates":[37.52724,48.61455]},"properties":{"source":"economist_fires","source_name":"The Economist war-fire model","source_url":"https://github.com/TheEconomist/the-economist-war-fire-model","id":536,"date":"2026-09-19","link":"https://www.economist.com/interactive/graphic-detail/ukraine-fires","category":"Fire classified as war-related (model estimate)","side":"Not attributed","color":"#FF8C00","radius":3,"orbat":[],"description":"Satellite heat detection at 23:20 UTC, in an area days after abnormal fire activity. Urban area."}},{"type":"Feature","geometry":{"type":"Point","coordinates":[37.52722,48.61664]},"properties":{"source":"economist_fires","source_name":"The Economist war-fire model","source_url":"https://github.com/TheEconomist/the-economist-war-fire-model","id":537,"date":"2026-09-19","link":"https://www.economist.com/interactive/graphic-detail/ukraine-fires","category":"Fire classified as war-related (model estimate)","side":"Not attributed","color":"#FF8C00","radius":3,"orbat":[],"description":"Satellite heat detection at 23:20 UTC, in an area days after abnormal fire activity. Urban area."}},{"type":"Feature","geometry":{"type":"Point","coordinates":[37.63581,47.56356]},"properties":{"source":"economist_fires","source_name":"The Economist war-fire model","source_url":"https://github.com/TheEconomist/the-economist-war-fire-model","id":538,"date":"2026-09-19","link":"https://www.economist.com/interactive/graphic-detail/ukraine-fires","category":"Fire classified as war-related (model estimate)","side":"Not attributed","color":"#FF8C00","radius":3,"orbat":[],"description":"Satellite heat detection at 09:07 UTC, in an area days after abnormal fire activity. Urban area."}},{"type":"Feature","geometry":{"type":"Point","coordinates":[37.63528,47.56367]},"properties":{"source":"economist_fires","source_name":"The Economist war-fire model","source_url":"https://github.com/TheEconomist/the-economist-war-fire-model","id":539,"date":"2026-09-19","link":"https://www.economist.com/interactive/graphic-detail/ukraine-fires","category":"Fire classified as war-related (model estimate)","side":"Not attributed","color":"#FF8C00","radius":3,"orbat":[],"description":"Satellite heat detection at 09:07 UTC, in an area of abnormal fire activity. Urban area."}},{"type":"Feature","geometry":{"type":"Point","coordinates":[37.63777,47.55502]},"properties":{"source":"economist_fires","source_name":"The Economist war-fire model","source_url":"https://github.com/TheEconomist/the-economist-war-fire-model","id":540,"date":"2026-09-19","link":"https://www.economist.com/interactive/graphic-detail/ukraine-fires","category":"Fire classified as war-related (model estimate)","side":"Not attributed","color":"#FF8C00","radius":3,"orbat":[],"description":"Satellite heat detection at 09:24 UTC, in an area days after abnormal fire activity. Urban area."}},{"type":"Feature","geometry":{"type":"Point","coordinates":[37.63446,47.56001]},"properties":{"source":"economist_fires","source_name":"The Economist war-fire model","source_url":"https://github.com/TheEconomist/the-economist-war-fire-model","id":541,"date":"2026-09-19","link":"https://www.economist.com/interactive/graphic-detail/ukraine-fires","category":"Fire classified as war-related (model estimate)","side":"Not attributed","color":"#FF8C00","radius":3,"orbat":[],"description":"Satellite heat detection at 09:24 UTC, in an area of abnormal fire activity. Urban area."}},{"type":"Feature","geometry":{"type":"Point","coordinates":[37.63915,47.56141]},"properties":{"source":"economist_fires","source_name":"The Economist war-fire model","source_url":"https://github.com/TheEconomist/the-economist-war-fire-model","id":542,"date":"2026-09-19","link":"https://www.economist.com/interactive/graphic-detail/ukraine-fires","category":"Fire classified as war-related (model estimate)","side":"Not attributed","color":"#FF8C00","radius":3,"orbat":[],"description":"Satellite heat detection at 09:24 UTC, in an area of abnormal fire activity. Urban area."}},{"type":"Feature","geometry":{"type":"Point","coordinates":[37.63664,47.55249]},"properties":{"source":"economist_fires","source_name":"The Economist war-fire model","source_url":"https://github.com/TheEconomist/the-economist-war-fire-model","id":543,"date":"2026-09-19","link":"https://www.economist.com/interactive/graphic-detail/ukraine-fires","category":"Fire classified as war-related (model estimate)","side":"Not attributed","color":"#FF8C00","radius":3,"orbat":[],"description":"Satellite heat detection at 10:09 UTC, in an area of abnormal fire activity. Urban area."}},{"type":"Feature","geometry":{"type":"Point","coordinates":[37.63541,47.55577]},"properties":{"source":"economist_fires","source_name":"The Economist war-fire model","source_url":"https://github.com/TheEconomist/the-economist-war-fire-model","id":544,"date":"2026-09-19","link":"https://www.economist.com/interactive/graphic-detail/ukraine-fires","category":"Fire classified as war-related (model estimate)","side":"Not attributed","color":"#FF8C00","radius":3,"orbat":[],"description":"Satellite heat detection at 10:09 UTC, in an area of abnormal fire activity. Urban area."}},{"type":"Feature","geometry":{"type":"Point","coordinates":[37.63932,47.55994]},"properties":{"source":"economist_fires","source_name":"The Economist war-fire model","source_url":"https://github.com/TheEconomist/the-economist-war-fire-model","id":545,"date":"2026-09-19","link":"https://www.economist.com/interactive/graphic-detail/ukraine-fires","category":"Fire classified as war-related (model estimate)","side":"Not attributed","color":"#FF8C00","radius":3,"orbat":[],"description":"Satellite heat detection at 10:09 UTC, in an area days after abnormal fire activity. Urban area."}},{"type":"Feature","geometry":{"type":"Point","coordinates":[37.63679,47.55306]},"properties":{"source":"economist_fires","source_name":"The Economist war-fire model","source_url":"https://github.com/TheEconomist/the-economist-war-fire-model","id":546,"date":"2026-09-19","link":"https://www.economist.com/interactive/graphic-detail/ukraine-fires","category":"Fire classified as war-related (model estimate)","side":"Not attributed","color":"#FF8C00","radius":3,"orbat":[],"description":"Satellite heat detection at 10:45 UTC, in an area of abnormal fire activity. Urban area."}},{"type":"Feature","geometry":{"type":"Point","coordinates":[37.63589,47.55662]},"properties":{"source":"economist_fires","source_name":"The Economist war-fire model","source_url":"https://github.com/TheEconomist/the-economist-war-fire-model","id":547,"date":"2026-09-19","link":"https://www.economist.com/interactive/graphic-detail/ukraine-fires","category":"Fire classified as war-related (model estimate)","side":"Not attributed","color":"#FF8C00","radius":3,"orbat":[],"description":"Satellite heat detection at 10:45 UTC, in an area of abnormal fire activity. Urban area."}},{"type":"Feature","geometry":{"type":"Point","coordinates":[37.63502,47.5602]},"properties":{"source":"economist_fires","source_name":"The Economist war-fire model","source_url":"https://github.com/TheEconomist/the-economist-war-fire-model","id":548,"date":"2026-09-19","link":"https://www.economist.com/interactive/graphic-detail/ukraine-fires","category":"Fire classified as war-related (model estimate)","side":"Not attributed","color":"#FF8C00","radius":3,"orbat":[],"description":"Satellite heat detection at 10:45 UTC, in an area days after abnormal fire activity. Urban area."}},{"type":"Feature","geometry":{"type":"Point","coordinates":[37.63533,47.55481]},"properties":{"source":"economist_fires","source_name":"The Economist war-fire model","source_url":"https://github.com/TheEconomist/the-economist-war-fire-model","id":549,"date":"2026-09-19","link":"https://www.economist.com/interactive/graphic-detail/ukraine-fires","category":"Fire classified as war-related (model estimate)","side":"Not attributed","color":"#FF8C00","radius":3,"orbat":[],"description":"Satellite heat detection at 11:04 UTC, in an area days after abnormal fire activity. Urban area."}},{"type":"Feature","geometry":{"type":"Point","coordinates":[37.63887,48.2403]},"properties":{"source":"economist_fires","source_name":"The Economist war-fire model","source_url":"https://github.com/TheEconomist/the-economist-war-fire-model","id":550,"date":"2026-09-19","link":"https://www.economist.com/interactive/graphic-detail/ukraine-fires","category":"Fire classified as war-related (model estimate)","side":"Not attributed","color":"#FF8C00","radius":3,"orbat":[],"description":"Satellite heat detection at 10:09 UTC, in an area days after abnormal fire activity. Urban area."}},{"type":"Feature","geometry":{"type":"Point","coordinates":[37.64851,48.16323]},"properties":{"source":"economist_fires","source_name":"The Economist war-fire model","source_url":"https://github.com/TheEconomist/the-economist-war-fire-model","id":551,"date":"2026-09-19","link":"https://www.economist.com/interactive/graphic-detail/ukraine-fires","category":"Fire classified as war-related (model estimate)","side":"Not attributed","color":"#FF8C00","radius":3,"orbat":[],"description":"Satellite heat detection at 10:45 UTC, in an area days after abnormal fire activity. Urban area."}},{"type":"Feature","geometry":{"type":"Point","coordinates":[37.64405,48.16074]},"properties":{"source":"economist_fires","source_name":"The Economist war-fire model","source_url":"https://github.com/TheEconomist/the-economist-war-fire-model","id":552,"date":"2026-09-19","link":"https://www.economist.com/interactive/graphic-detail/ukraine-fires","category":"Fire classified as war-related (model estimate)","side":"Not attributed","color":"#FF8C00","radius":3,"orbat":[],"description":"Satellite heat detection at 11:04 UTC, in an area days after abnormal fire activity. Urban area."}},{"type":"Feature","geometry":{"type":"Point","coordinates":[37.57006,49.81194]},"properties":{"source":"economist_fires","source_name":"The Economist war-fire model","source_url":"https://github.com/TheEconomist/the-economist-war-fire-model","id":553,"date":"2026-09-19","link":"https://www.economist.com/interactive/graphic-detail/ukraine-fires","category":"Fire classified as war-related (model estimate)","side":"Not attributed","color":"#FF8C00","radius":3,"orbat":[],"description":"Satellite heat detection at 10:45 UTC, in an area days after abnormal fire activity. Urban area."}},{"type":"Feature","geometry":{"type":"Point","coordinates":[37.57669,49.81267]},"properties":{"source":"economist_fires","source_name":"The Economist war-fire model","source_url":"https://github.com/TheEconomist/the-economist-war-fire-model","id":554,"date":"2026-09-19","link":"https://www.economist.com/interactive/graphic-detail/ukraine-fires","category":"Fire classified as war-related (model estimate)","side":"Not attributed","color":"#FF8C00","radius":3,"orbat":[],"description":"Satellite heat detection at 10:45 UTC, in an area days after abnormal fire activity. Urban area."}},{"type":"Feature","geometry":{"type":"Point","coordinates":[37.57246,49.80895]},"properties":{"source":"economist_fires","source_name":"The Economist war-fire model","source_url":"https://github.com/TheEconomist/the-economist-war-fire-model","id":555,"date":"2026-09-19","link":"https://www.economist.com/interactive/graphic-detail/ukraine-fires","category":"Fire classified as war-related (model estimate)","side":"Not attributed","color":"#FF8C00","radius":3,"orbat":[],"description":"Satellite heat detection at 11:06 UTC, in an area days after abnormal fire activity. Urban area."}},{"type":"Feature","geometry":{"type":"Point","coordinates":[37.57354,49.81218]},"properties":{"source":"economist_fires","source_name":"The Economist war-fire model","source_url":"https://github.com/TheEconomist/the-economist-war-fire-model","id":556,"date":"2026-09-19","link":"https://www.economist.com/interactive/graphic-detail/ukraine-fires","category":"Fire classified as war-related (model estimate)","side":"Not attributed","color":"#FF8C00","radius":3,"orbat":[],"description":"Satellite heat detection at 11:06 UTC, in an area days after abnormal fire activity. Urban area."}},{"type":"Feature","geometry":{"type":"Point","coordinates":[37.73524,47.21101]},"properties":{"source":"economist_fires","source_name":"The Economist war-fire model","source_url":"https://github.com/TheEconomist/the-economist-war-fire-model","id":557,"date":"2026-09-19","link":"https://www.economist.com/interactive/graphic-detail/ukraine-fires","category":"Fire classified as war-related (model estimate)","side":"Not attributed","color":"#FF8C00","radius":3,"orbat":[],"description":"Satellite heat detection at 17:22 UTC, in an area days after abnormal fire activity. Urban area."}},{"type":"Feature","geometry":{"type":"Point","coordinates":[37.74064,47.17157]},"properties":{"source":"economist_fires","source_name":"The Economist war-fire model","source_url":"https://github.com/TheEconomist/the-economist-war-fire-model","id":558,"date":"2026-09-19","link":"https://www.economist.com/interactive/graphic-detail/ukraine-fires","category":"Fire classified as war-related (model estimate)","side":"Not attributed","color":"#FF8C00","radius":3,"orbat":[],"description":"Satellite heat detection at 22:22 UTC, in an area of abnormal fire activity. Urban area."}},{"type":"Feature","geometry":{"type":"Point","coordinates":[37.73821,47.1726]},"properties":{"source":"economist_fires","source_name":"The Economist war-fire model","source_url":"https://github.com/TheEconomist/the-economist-war-fire-model","id":559,"date":"2026-09-19","link":"https://www.economist.com/interactive/graphic-detail/ukraine-fires","category":"Fire classified as war-related (model estimate)","side":"Not attributed","color":"#FF8C00","radius":3,"orbat":[],"description":"Satellite heat detection at 22:22 UTC, in an area days after abnormal fire activity. Urban area."}},{"type":"Feature","geometry":{"type":"Point","coordinates":[37.723,47.21121]},"properties":{"source":"economist_fires","source_name":"The Economist war-fire model","source_url":"https://github.com/TheEconomist/the-economist-war-fire-model","id":560,"date":"2026-09-19","link":"https://www.economist.com/interactive/graphic-detail/ukraine-fires","category":"Fire classified as war-related (model estimate)","side":"Not attributed","color":"#FF8C00","radius":3,"orbat":[],"description":"Satellite heat detection at 22:22 UTC, in an area of abnormal fire activity. Urban area."}},{"type":"Feature","geometry":{"type":"Point","coordinates":[37.74203,47.17357]},"properties":{"source":"economist_fires","source_name":"The Economist war-fire model","source_url":"https://github.com/TheEconomist/the-economist-war-fire-model","id":561,"date":"2026-09-19","link":"https://www.economist.com/interactive/graphic-detail/ukraine-fires","category":"Fire classified as war-related (model estimate)","side":"Not attributed","color":"#FF8C00","radius":3,"orbat":[],"description":"Satellite heat detection at 22:59 UTC, in an area of abnormal fire activity. Urban area."}},{"type":"Feature","geometry":{"type":"Point","coordinates":[37.72354,47.21402]},"properties":{"source":"economist_fires","source_name":"The Economist war-fire model","source_url":"https://github.com/TheEconomist/the-economist-war-fire-model","id":562,"date":"2026-09-19","link":"https://www.economist.com/interactive/graphic-detail/ukraine-fires","category":"Fire classified as war-related (model estimate)","side":"Not attributed","color":"#FF8C00","radius":3,"orbat":[],"description":"Satellite heat detection at 22:59 UTC, in an area of abnormal fire activity. Urban area."}},{"type":"Feature","geometry":{"type":"Point","coordinates":[37.74154,47.17079]},"properties":{"source":"economist_fires","source_name":"The Economist war-fire model","source_url":"https://github.com/TheEconomist/the-economist-war-fire-model","id":563,"date":"2026-09-19","link":"https://www.economist.com/interactive/graphic-detail/ukraine-fires","category":"Fire classified as war-related (model estimate)","side":"Not attributed","color":"#FF8C00","radius":3,"orbat":[],"description":"Satellite heat detection at 23:20 UTC, in an area of abnormal fire activity. Urban area."}},{"type":"Feature","geometry":{"type":"Point","coordinates":[37.74242,47.17439]},"properties":{"source":"economist_fires","source_name":"The Economist war-fire model","source_url":"https://github.com/TheEconomist/the-economist-war-fire-model","id":564,"date":"2026-09-19","link":"https://www.economist.com/interactive/graphic-detail/ukraine-fires","category":"Fire classified as war-related (model estimate)","side":"Not attributed","color":"#FF8C00","radius":3,"orbat":[],"description":"Satellite heat detection at 23:20 UTC, in an area days after abnormal fire activity. Urban area."}},{"type":"Feature","geometry":{"type":"Point","coordinates":[37.74329,47.17799]},"properties":{"source":"economist_fires","source_name":"The Economist war-fire model","source_url":"https://github.com/TheEconomist/the-economist-war-fire-model","id":565,"date":"2026-09-19","link":"https://www.economist.com/interactive/graphic-detail/ukraine-fires","category":"Fire classified as war-related (model estimate)","side":"Not attributed","color":"#FF8C00","radius":3,"orbat":[],"description":"Satellite heat detection at 23:20 UTC, in an area of abnormal fire activity. Urban area."}},{"type":"Feature","geometry":{"type":"Point","coordinates":[37.74573,47.21151]},"properties":{"source":"economist_fires","source_name":"The Economist war-fire model","source_url":"https://github.com/TheEconomist/the-economist-war-fire-model","id":566,"date":"2026-09-19","link":"https://www.economist.com/interactive/graphic-detail/ukraine-fires","category":"Fire classified as war-related (model estimate)","side":"Not attributed","color":"#FF8C00","radius":3,"orbat":[],"description":"Satellite heat detection at 23:20 UTC, in an area of abnormal fire activity. Urban area."}},{"type":"Feature","geometry":{"type":"Point","coordinates":[37.72754,47.2136]},"properties":{"source":"economist_fires","source_name":"The Economist war-fire model","source_url":"https://github.com/TheEconomist/the-economist-war-fire-model","id":567,"date":"2026-09-19","link":"https://www.economist.com/interactive/graphic-detail/ukraine-fires","category":"Fire classified as war-related (model estimate)","side":"Not attributed","color":"#FF8C00","radius":3,"orbat":[],"description":"Satellite heat detection at 23:20 UTC, in an area days after abnormal fire activity. Urban area."}},{"type":"Feature","geometry":{"type":"Point","coordinates":[37.72148,47.2143]},"properties":{"source":"economist_fires","source_name":"The Economist war-fire model","source_url":"https://github.com/TheEconomist/the-economist-war-fire-model","id":568,"date":"2026-09-19","link":"https://www.economist.com/interactive/graphic-detail/ukraine-fires","category":"Fire classified as war-related (model estimate)","side":"Not attributed","color":"#FF8C00","radius":3,"orbat":[],"description":"Satellite heat detection at 23:20 UTC, in an area days after abnormal fire activity. Urban area."}},{"type":"Feature","geometry":{"type":"Point","coordinates":[37.74332,49.33725]},"properties":{"source":"economist_fires","source_name":"The Economist war-fire model","source_url":"https://github.com/TheEconomist/the-economist-war-fire-model","id":569,"date":"2026-09-19","link":"https://www.economist.com/interactive/graphic-detail/ukraine-fires","category":"Fire classified as war-related (model estimate)","side":"Not attributed","color":"#FF8C00","radius":3,"orbat":[],"description":"Satellite heat detection at 11:06 UTC, in an area days after abnormal fire activity. Urban area."}},{"type":"Feature","geometry":{"type":"Point","coordinates":[37.79384,47.49594]},"properties":{"source":"economist_fires","source_name":"The Economist war-fire model","source_url":"https://github.com/TheEconomist/the-economist-war-fire-model","id":570,"date":"2026-09-19","link":"https://www.economist.com/interactive/graphic-detail/ukraine-fires","category":"Fire classified as war-related (model estimate)","side":"Not attributed","color":"#FF8C00","radius":3,"orbat":[],"description":"Satellite heat detection at 06:14 UTC, in an area days after abnormal fire activity. Urban area."}},{"type":"Feature","geometry":{"type":"Point","coordinates":[37.76374,47.49899]},"properties":{"source":"economist_fires","source_name":"The Economist war-fire model","source_url":"https://github.com/TheEconomist/the-economist-war-fire-model","id":571,"date":"2026-09-19","link":"https://www.economist.com/interactive/graphic-detail/ukraine-fires","category":"Fire classified as war-related (model estimate)","side":"Not attributed","color":"#FF8C00","radius":3,"orbat":[],"description":"Satellite heat detection at 09:07 UTC, in an area days after abnormal fire activity. Urban area."}},{"type":"Feature","geometry":{"type":"Point","coordinates":[37.76295,47.49922]},"properties":{"source":"economist_fires","source_name":"The Economist war-fire model","source_url":"https://github.com/TheEconomist/the-economist-war-fire-model","id":572,"date":"2026-09-19","link":"https://www.economist.com/interactive/graphic-detail/ukraine-fires","category":"Fire classified as war-related (model estimate)","side":"Not attributed","color":"#FF8C00","radius":3,"orbat":[],"description":"Satellite heat detection at 09:07 UTC, in an area days after abnormal fire activity. Urban area."}},{"type":"Feature","geometry":{"type":"Point","coordinates":[37.76328,47.4942]},"properties":{"source":"economist_fires","source_name":"The Economist war-fire model","source_url":"https://github.com/TheEconomist/the-economist-war-fire-model","id":573,"date":"2026-09-19","link":"https://www.economist.com/interactive/graphic-detail/ukraine-fires","category":"Fire classified as war-related (model estimate)","side":"Not attributed","color":"#FF8C00","radius":3,"orbat":[],"description":"Satellite heat detection at 09:24 UTC, in an area days after abnormal fire activity. Urban area."}},{"type":"Feature","geometry":{"type":"Point","coordinates":[37.76432,47.49536]},"properties":{"source":"economist_fires","source_name":"The Economist war-fire model","source_url":"https://github.com/TheEconomist/the-economist-war-fire-model","id":574,"date":"2026-09-19","link":"https://www.economist.com/interactive/graphic-detail/ukraine-fires","category":"Fire classified as war-related (model estimate)","side":"Not attributed","color":"#FF8C00","radius":3,"orbat":[],"description":"Satellite heat detection at 10:09 UTC, in an area days after abnormal fire activity. Urban area."}},{"type":"Feature","geometry":{"type":"Point","coordinates":[37.76352,47.4942]},"properties":{"source":"economist_fires","source_name":"The Economist war-fire model","source_url":"https://github.com/TheEconomist/the-economist-war-fire-model","id":575,"date":"2026-09-19","link":"https://www.economist.com/interactive/graphic-detail/ukraine-fires","category":"Fire classified as war-related (model estimate)","side":"Not attributed","color":"#FF8C00","radius":3,"orbat":[],"description":"Satellite heat detection at 10:45 UTC, in an area days after abnormal fire activity. Urban area."}},{"type":"Feature","geometry":{"type":"Point","coordinates":[37.76804,47.64053]},"properties":{"source":"economist_fires","source_name":"The Economist war-fire model","source_url":"https://github.com/TheEconomist/the-economist-war-fire-model","id":576,"date":"2026-09-19","link":"https://www.economist.com/interactive/graphic-detail/ukraine-fires","category":"Fire classified as war-related (model estimate)","side":"Not attributed","color":"#FF8C00","radius":3,"orbat":[],"description":"Satellite heat detection at 23:20 UTC, in an area days after abnormal fire activity. Urban area."}},{"type":"Feature","geometry":{"type":"Point","coordinates":[37.76176,47.64124]},"properties":{"source":"economist_fires","source_name":"The Economist war-fire model","source_url":"https://github.com/TheEconomist/the-economist-war-fire-model","id":577,"date":"2026-09-19","link":"https://www.economist.com/interactive/graphic-detail/ukraine-fires","category":"Fire classified as war-related (model estimate)","side":"Not attributed","color":"#FF8C00","radius":3,"orbat":[],"description":"Satellite heat detection at 23:20 UTC, in an area days after abnormal fire activity. Urban area."}},{"type":"Feature","geometry":{"type":"Point","coordinates":[37.83885,48.29477]},"properties":{"source":"economist_fires","source_name":"The Economist war-fire model","source_url":"https://github.com/TheEconomist/the-economist-war-fire-model","id":578,"date":"2026-09-19","link":"https://www.economist.com/interactive/graphic-detail/ukraine-fires","category":"Fire classified as war-related (model estimate)","side":"Not attributed","color":"#FF8C00","radius":3,"orbat":[],"description":"Satellite heat detection at 09:07 UTC, in an area of abnormal fire activity. Urban area."}},{"type":"Feature","geometry":{"type":"Point","coordinates":[37.8273,48.29832]},"properties":{"source":"economist_fires","source_name":"The Economist war-fire model","source_url":"https://github.com/TheEconomist/the-economist-war-fire-model","id":579,"date":"2026-09-19","link":"https://www.economist.com/interactive/graphic-detail/ukraine-fires","category":"Fire classified as war-related (model estimate)","side":"Not attributed","color":"#FF8C00","radius":3,"orbat":[],"description":"Satellite heat detection at 09:07 UTC, in an area of abnormal fire activity. Urban area."}},{"type":"Feature","geometry":{"type":"Point","coordinates":[37.8306,48.29305]},"properties":{"source":"economist_fires","source_name":"The Economist war-fire model","source_url":"https://github.com/TheEconomist/the-economist-war-fire-model","id":580,"date":"2026-09-19","link":"https://www.economist.com/interactive/graphic-detail/ukraine-fires","category":"Fire classified as war-related (model estimate)","side":"Not attributed","color":"#FF8C00","radius":3,"orbat":[],"description":"Satellite heat detection at 09:24 UTC, in an area of abnormal fire activity. Urban area."}},{"type":"Feature","geometry":{"type":"Point","coordinates":[37.83479,48.29429]},"properties":{"source":"economist_fires","source_name":"The Economist war-fire model","source_url":"https://github.com/TheEconomist/the-economist-war-fire-model","id":581,"date":"2026-09-19","link":"https://www.economist.com/interactive/graphic-detail/ukraine-fires","category":"Fire classified as war-related (model estimate)","side":"Not attributed","color":"#FF8C00","radius":3,"orbat":[],"description":"Satellite heat detection at 09:24 UTC, in an area of abnormal fire activity. Urban area."}},{"type":"Feature","geometry":{"type":"Point","coordinates":[37.82893,48.2896]},"properties":{"source":"economist_fires","source_name":"The Economist war-fire model","source_url":"https://github.com/TheEconomist/the-economist-war-fire-model","id":582,"date":"2026-09-19","link":"https://www.economist.com/interactive/graphic-detail/ukraine-fires","category":"Fire classified as war-related (model estimate)","side":"Not attributed","color":"#FF8C00","radius":3,"orbat":[],"description":"Satellite heat detection at 10:09 UTC, in an area of abnormal fire activity. Urban area."}},{"type":"Feature","geometry":{"type":"Point","coordinates":[37.82773,48.29286]},"properties":{"source":"economist_fires","source_name":"The Economist war-fire model","source_url":"https://github.com/TheEconomist/the-economist-war-fire-model","id":583,"date":"2026-09-19","link":"https://www.economist.com/interactive/graphic-detail/ukraine-fires","category":"Fire classified as war-related (model estimate)","side":"Not attributed","color":"#FF8C00","radius":3,"orbat":[],"description":"Satellite heat detection at 10:09 UTC, in an area of abnormal fire activity. Urban area."}},{"type":"Feature","geometry":{"type":"Point","coordinates":[37.83286,48.29372]},"properties":{"source":"economist_fires","source_name":"The Economist war-fire model","source_url":"https://github.com/TheEconomist/the-economist-war-fire-model","id":584,"date":"2026-09-19","link":"https://www.economist.com/interactive/graphic-detail/ukraine-fires","category":"Fire classified as war-related (model estimate)","side":"Not attributed","color":"#FF8C00","radius":3,"orbat":[],"description":"Satellite heat detection at 10:09 UTC, in an area of abnormal fire activity. Urban area."}},{"type":"Feature","geometry":{"type":"Point","coordinates":[37.79148,48.30579]},"properties":{"source":"economist_fires","source_name":"The Economist war-fire model","source_url":"https://github.com/TheEconomist/the-economist-war-fire-model","id":585,"date":"2026-09-19","link":"https://www.economist.com/interactive/graphic-detail/ukraine-fires","category":"Fire classified as war-related (model estimate)","side":"Not attributed","color":"#FF8C00","radius":3,"orbat":[],"description":"Satellite heat detection at 10:45 UTC, in an area of abnormal fire activity. Urban area."}},{"type":"Feature","geometry":{"type":"Point","coordinates":[37.79773,48.30649]},"properties":{"source":"economist_fires","source_name":"The Economist war-fire model","source_url":"https://github.com/TheEconomist/the-economist-war-fire-model","id":586,"date":"2026-09-19","link":"https://www.economist.com/interactive/graphic-detail/ukraine-fires","category":"Fire classified as war-related (model estimate)","side":"Not attributed","color":"#FF8C00","radius":3,"orbat":[],"description":"Satellite heat detection at 10:45 UTC, in an area of abnormal fire activity. Urban area."}},{"type":"Feature","geometry":{"type":"Point","coordinates":[37.78339,48.30318]},"properties":{"source":"economist_fires","source_name":"The Economist war-fire model","source_url":"https://github.com/TheEconomist/the-economist-war-fire-model","id":587,"date":"2026-09-19","link":"https://www.economist.com/interactive/graphic-detail/ukraine-fires","category":"Fire classified as war-related (model estimate)","side":"Not attributed","color":"#FF8C00","radius":3,"orbat":[],"description":"Satellite heat detection at 11:04 UTC, in an area of abnormal fire activity. Urban area."}},{"type":"Feature","geometry":{"type":"Point","coordinates":[37.79107,48.3036]},"properties":{"source":"economist_fires","source_name":"The Economist war-fire model","source_url":"https://github.com/TheEconomist/the-economist-war-fire-model","id":588,"date":"2026-09-19","link":"https://www.economist.com/interactive/graphic-detail/ukraine-fires","category":"Fire classified as war-related (model estimate)","side":"Not attributed","color":"#FF8C00","radius":3,"orbat":[],"description":"Satellite heat detection at 11:04 UTC, in an area of abnormal fire activity. Urban area."}},{"type":"Feature","geometry":{"type":"Point","coordinates":[37.79721,48.31854]},"properties":{"source":"economist_fires","source_name":"The Economist war-fire model","source_url":"https://github.com/TheEconomist/the-economist-war-fire-model","id":589,"date":"2026-09-19","link":"https://www.economist.com/interactive/graphic-detail/ukraine-fires","category":"Fire classified as war-related (model estimate)","side":"Not attributed","color":"#FF8C00","radius":3,"orbat":[],"description":"Satellite heat detection at 11:04 UTC, in an area of abnormal fire activity. Urban area."}},{"type":"Feature","geometry":{"type":"Point","coordinates":[37.75041,48.29049]},"properties":{"source":"economist_fires","source_name":"The Economist war-fire model","source_url":"https://github.com/TheEconomist/the-economist-war-fire-model","id":590,"date":"2026-09-19","link":"https://www.economist.com/interactive/graphic-detail/ukraine-fires","category":"Fire classified as war-related (model estimate)","side":"Not attributed","color":"#FF8C00","radius":3,"orbat":[],"description":"Satellite heat detection at 13:18 UTC, in an area of abnormal fire activity. Urban area."}},{"type":"Feature","geometry":{"type":"Point","coordinates":[37.7877,48.29116]},"properties":{"source":"economist_fires","source_name":"The Economist war-fire model","source_url":"https://github.com/TheEconomist/the-economist-war-fire-model","id":591,"date":"2026-09-19","link":"https://www.economist.com/interactive/graphic-detail/ukraine-fires","category":"Fire classified as war-related (model estimate)","side":"Not attributed","color":"#FF8C00","radius":3,"orbat":[],"description":"Satellite heat detection at 13:18 UTC, in an area of abnormal fire activity. Urban area."}},{"type":"Feature","geometry":{"type":"Point","coordinates":[37.79211,48.29239]},"properties":{"source":"economist_fires","source_name":"The Economist war-fire model","source_url":"https://github.com/TheEconomist/the-economist-war-fire-model","id":592,"date":"2026-09-19","link":"https://www.economist.com/interactive/graphic-detail/ukraine-fires","category":"Fire classified as war-related (model estimate)","side":"Not attributed","color":"#FF8C00","radius":3,"orbat":[],"description":"Satellite heat detection at 13:18 UTC, in an area of abnormal fire activity. Urban area."}},{"type":"Feature","geometry":{"type":"Point","coordinates":[37.82033,48.34078]},"properties":{"source":"economist_fires","source_name":"The Economist war-fire model","source_url":"https://github.com/TheEconomist/the-economist-war-fire-model","id":593,"date":"2026-09-19","link":"https://www.economist.com/interactive/graphic-detail/ukraine-fires","category":"Fire classified as war-related (model estimate)","side":"Not attributed","color":"#FF8C00","radius":3,"orbat":[],"description":"Satellite heat detection at 23:01 UTC, in an area of abnormal fire activity. Urban area."}},{"type":"Feature","geometry":{"type":"Point","coordinates":[37.81904,48.34172]},"properties":{"source":"economist_fires","source_name":"The Economist war-fire model","source_url":"https://github.com/TheEconomist/the-economist-war-fire-model","id":594,"date":"2026-09-19","link":"https://www.economist.com/interactive/graphic-detail/ukraine-fires","category":"Fire classified as war-related (model estimate)","side":"Not attributed","color":"#FF8C00","radius":3,"orbat":[],"description":"Satellite heat detection at 23:20 UTC, in an area of abnormal fire activity. Urban area."}},{"type":"Feature","geometry":{"type":"Point","coordinates":[37.79833,48.43652]},"properties":{"source":"economist_fires","source_name":"The Economist war-fire model","source_url":"https://github.com/TheEconomist/the-economist-war-fire-model","id":595,"date":"2026-09-19","link":"https://www.economist.com/interactive/graphic-detail/ukraine-fires","category":"Fire classified as war-related (model estimate)","side":"Not attributed","color":"#FF8C00","radius":3,"orbat":[],"description":"Satellite heat detection at 10:09 UTC, in an area days after abnormal fire activity. Urban area."}},{"type":"Feature","geometry":{"type":"Point","coordinates":[37.76265,48.99616]},"properties":{"source":"economist_fires","source_name":"The Economist war-fire model","source_url":"https://github.com/TheEconomist/the-economist-war-fire-model","id":596,"date":"2026-09-19","link":"https://www.economist.com/interactive/graphic-detail/ukraine-fires","category":"Fire classified as war-related (model estimate)","side":"Not attributed","color":"#FF8C00","radius":3,"orbat":[],"description":"Satellite heat detection at 10:11 UTC, in an area of abnormal fire activity. Urban area."}},{"type":"Feature","geometry":{"type":"Point","coordinates":[37.81922,49.02947]},"properties":{"source":"economist_fires","source_name":"The Economist war-fire model","source_url":"https://github.com/TheEconomist/the-economist-war-fire-model","id":597,"date":"2026-09-19","link":"https://www.economist.com/interactive/graphic-detail/ukraine-fires","category":"Fire classified as war-related (model estimate)","side":"Not attributed","color":"#FF8C00","radius":3,"orbat":[],"description":"Satellite heat detection at 10:11 UTC, in an area of abnormal fire activity. Urban area."}},{"type":"Feature","geometry":{"type":"Point","coordinates":[37.81798,49.03272]},"properties":{"source":"economist_fires","source_name":"The Economist war-fire model","source_url":"https://github.com/TheEconomist/the-economist-war-fire-model","id":598,"date":"2026-09-19","link":"https://www.economist.com/interactive/graphic-detail/ukraine-fires","category":"Fire classified as war-related (model estimate)","side":"Not attributed","color":"#FF8C00","radius":3,"orbat":[],"description":"Satellite heat detection at 10:11 UTC, in an area of abnormal fire activity. Urban area."}},{"type":"Feature","geometry":{"type":"Point","coordinates":[37.82324,49.03125]},"properties":{"source":"economist_fires","source_name":"The Economist war-fire model","source_url":"https://github.com/TheEconomist/the-economist-war-fire-model","id":599,"date":"2026-09-19","link":"https://www.economist.com/interactive/graphic-detail/ukraine-fires","category":"Fire classified as war-related (model estimate)","side":"Not attributed","color":"#FF8C00","radius":3,"orbat":[],"description":"Satellite heat detection at 10:45 UTC, in an area of abnormal fire activity. Urban area."}},{"type":"Feature","geometry":{"type":"Point","coordinates":[37.80882,49.17738]},"properties":{"source":"economist_fires","source_name":"The Economist war-fire model","source_url":"https://github.com/TheEconomist/the-economist-war-fire-model","id":600,"date":"2026-09-19","link":"https://www.economist.com/interactive/graphic-detail/ukraine-fires","category":"Fire classified as war-related (model estimate)","side":"Not attributed","color":"#FF8C00","radius":3,"orbat":[],"description":"Satellite heat detection at 09:07 UTC, in an area of abnormal fire activity. Urban area."}},{"type":"Feature","geometry":{"type":"Point","coordinates":[37.81039,49.17973]},"properties":{"source":"economist_fires","source_name":"The Economist war-fire model","source_url":"https://github.com/TheEconomist/the-economist-war-fire-model","id":601,"date":"2026-09-19","link":"https://www.economist.com/interactive/graphic-detail/ukraine-fires","category":"Fire classified as war-related (model estimate)","side":"Not attributed","color":"#FF8C00","radius":3,"orbat":[],"description":"Satellite heat detection at 10:11 UTC, in an area of abnormal fire activity. Urban area."}},{"type":"Feature","geometry":{"type":"Point","coordinates":[37.92553,48.09878]},"properties":{"source":"economist_fires","source_name":"The Economist war-fire model","source_url":"https://github.com/TheEconomist/the-economist-war-fire-model","id":602,"date":"2026-09-19","link":"https://www.economist.com/interactive/graphic-detail/ukraine-fires","category":"Fire classified as war-related (model estimate)","side":"Not attributed","color":"#FF8C00","radius":3,"orbat":[],"description":"Satellite heat detection at 23:20 UTC, in an area days after abnormal fire activity. Urban area."}},{"type":"Feature","geometry":{"type":"Point","coordinates":[37.91929,48.09949]},"properties":{"source":"economist_fires","source_name":"The Economist war-fire model","source_url":"https://github.com/TheEconomist/the-economist-war-fire-model","id":603,"date":"2026-09-19","link":"https://www.economist.com/interactive/graphic-detail/ukraine-fires","category":"Fire classified as war-related (model estimate)","side":"Not attributed","color":"#FF8C00","radius":3,"orbat":[],"description":"Satellite heat detection at 23:20 UTC, in an area days after abnormal fire activity. Urban area."}},{"type":"Feature","geometry":{"type":"Point","coordinates":[37.86814,48.29773]},"properties":{"source":"economist_fires","source_name":"The Economist war-fire model","source_url":"https://github.com/TheEconomist/the-economist-war-fire-model","id":604,"date":"2026-09-19","link":"https://www.economist.com/interactive/graphic-detail/ukraine-fires","category":"Fire classified as war-related (model estimate)","side":"Not attributed","color":"#FF8C00","radius":3,"orbat":[],"description":"Satellite heat detection at 09:07 UTC, in an area days after abnormal fire activity. Urban area."}},{"type":"Feature","geometry":{"type":"Point","coordinates":[37.86614,48.29147]},"properties":{"source":"economist_fires","source_name":"The Economist war-fire model","source_url":"https://github.com/TheEconomist/the-economist-war-fire-model","id":605,"date":"2026-09-19","link":"https://www.economist.com/interactive/graphic-detail/ukraine-fires","category":"Fire classified as war-related (model estimate)","side":"Not attributed","color":"#FF8C00","radius":3,"orbat":[],"description":"Satellite heat detection at 09:24 UTC, in an area days after abnormal fire activity. Urban area."}},{"type":"Feature","geometry":{"type":"Point","coordinates":[37.89486,48.6213]},"properties":{"source":"economist_fires","source_name":"The Economist war-fire model","source_url":"https://github.com/TheEconomist/the-economist-war-fire-model","id":606,"date":"2026-09-19","link":"https://www.economist.com/interactive/graphic-detail/ukraine-fires","category":"Fire classified as war-related (model estimate)","side":"Not attributed","color":"#FF8C00","radius":3,"orbat":[],"description":"Satellite heat detection at 10:09 UTC, in an area days after abnormal fire activity. Urban area."}},{"type":"Feature","geometry":{"type":"Point","coordinates":[37.8708,48.64153]},"properties":{"source":"economist_fires","source_name":"The Economist war-fire model","source_url":"https://github.com/TheEconomist/the-economist-war-fire-model","id":607,"date":"2026-09-19","link":"https://www.economist.com/interactive/graphic-detail/ukraine-fires","category":"Fire classified as war-related (model estimate)","side":"Not attributed","color":"#FF8C00","radius":3,"orbat":[],"description":"Satellite heat detection at 10:09 UTC, in an area days after abnormal fire activity. Urban area."}},{"type":"Feature","geometry":{"type":"Point","coordinates":[37.94017,48.61885]},"properties":{"source":"economist_fires","source_name":"The Economist war-fire model","source_url":"https://github.com/TheEconomist/the-economist-war-fire-model","id":608,"date":"2026-09-19","link":"https://www.economist.com/interactive/graphic-detail/ukraine-fires","category":"Fire classified as war-related (model estimate)","side":"Not attributed","color":"#FF8C00","radius":3,"orbat":[],"description":"Satellite heat detection at 11:04 UTC, in an area days after abnormal fire activity. Urban area."}},{"type":"Feature","geometry":{"type":"Point","coordinates":[38.01298,48.18583]},"properties":{"source":"economist_fires","source_name":"The Economist war-fire model","source_url":"https://github.com/TheEconomist/the-economist-war-fire-model","id":609,"date":"2026-09-19","link":"https://www.economist.com/interactive/graphic-detail/ukraine-fires","category":"Fire classified as war-related (model estimate)","side":"Not attributed","color":"#FF8C00","radius":3,"orbat":[],"description":"Satellite heat detection at 11:04 UTC, in an area of abnormal fire activity. Urban area."}},{"type":"Feature","geometry":{"type":"Point","coordinates":[37.95861,48.38238]},"properties":{"source":"economist_fires","source_name":"The Economist war-fire model","source_url":"https://github.com/TheEconomist/the-economist-war-fire-model","id":610,"date":"2026-09-19","link":"https://www.economist.com/interactive/graphic-detail/ukraine-fires","category":"Fire classified as war-related (model estimate)","side":"Not attributed","color":"#FF8C00","radius":3,"orbat":[],"description":"Satellite heat detection at 09:24 UTC, in an area of abnormal fire activity. Urban area."}},{"type":"Feature","geometry":{"type":"Point","coordinates":[37.96306,48.38367]},"properties":{"source":"economist_fires","source_name":"The Economist war-fire model","source_url":"https://github.com/TheEconomist/the-economist-war-fire-model","id":611,"date":"2026-09-19","link":"https://www.economist.com/interactive/graphic-detail/ukraine-fires","category":"Fire classified as war-related (model estimate)","side":"Not attributed","color":"#FF8C00","radius":3,"orbat":[],"description":"Satellite heat detection at 09:24 UTC, in an area of abnormal fire activity. Urban area."}},{"type":"Feature","geometry":{"type":"Point","coordinates":[37.95554,48.383]},"properties":{"source":"economist_fires","source_name":"The Economist war-fire model","source_url":"https://github.com/TheEconomist/the-economist-war-fire-model","id":612,"date":"2026-09-19","link":"https://www.economist.com/interactive/graphic-detail/ukraine-fires","category":"Fire classified as war-related (model estimate)","side":"Not attributed","color":"#FF8C00","radius":3,"orbat":[],"description":"Satellite heat detection at 10:09 UTC, in an area of abnormal fire activity. Urban area."}},{"type":"Feature","geometry":{"type":"Point","coordinates":[37.96849,48.67742]},"properties":{"source":"economist_fires","source_name":"The Economist war-fire model","source_url":"https://github.com/TheEconomist/the-economist-war-fire-model","id":613,"date":"2026-09-19","link":"https://www.economist.com/interactive/graphic-detail/ukraine-fires","category":"Fire classified as war-related (model estimate)","side":"Not attributed","color":"#FF8C00","radius":3,"orbat":[],"description":"Satellite heat detection at 00:22 UTC, in an area days after abnormal fire activity. Urban area."}},{"type":"Feature","geometry":{"type":"Point","coordinates":[38.03125,49.38168]},"properties":{"source":"economist_fires","source_name":"The Economist war-fire model","source_url":"https://github.com/TheEconomist/the-economist-war-fire-model","id":614,"date":"2026-09-19","link":"https://www.economist.com/interactive/graphic-detail/ukraine-fires","category":"Fire classified as war-related (model estimate)","side":"Not attributed","color":"#FF8C00","radius":3,"orbat":[],"description":"Satellite heat detection at 11:06 UTC, in an area days after abnormal fire activity. Urban area."}},{"type":"Feature","geometry":{"type":"Point","coordinates":[38.01369,49.37648]},"properties":{"source":"economist_fires","source_name":"The Economist war-fire model","source_url":"https://github.com/TheEconomist/the-economist-war-fire-model","id":615,"date":"2026-09-19","link":"https://www.economist.com/interactive/graphic-detail/ukraine-fires","category":"Fire classified as war-related (model estimate)","side":"Not attributed","color":"#FF8C00","radius":3,"orbat":[],"description":"Satellite heat detection at 13:18 UTC, in an area days after abnormal fire activity. Urban area."}},{"type":"Feature","geometry":{"type":"Point","coordinates":[38.06279,47.83924]},"properties":{"source":"economist_fires","source_name":"The Economist war-fire model","source_url":"https://github.com/TheEconomist/the-economist-war-fire-model","id":616,"date":"2026-09-19","link":"https://www.economist.com/interactive/graphic-detail/ukraine-fires","category":"Fire classified as war-related (model estimate)","side":"Not attributed","color":"#FF8C00","radius":3,"orbat":[],"description":"Satellite heat detection at 10:09 UTC, in an area of abnormal fire activity. Urban area."}},{"type":"Feature","geometry":{"type":"Point","coordinates":[38.06791,47.84009]},"properties":{"source":"economist_fires","source_name":"The Economist war-fire model","source_url":"https://github.com/TheEconomist/the-economist-war-fire-model","id":617,"date":"2026-09-19","link":"https://www.economist.com/interactive/graphic-detail/ukraine-fires","category":"Fire classified as war-related (model estimate)","side":"Not attributed","color":"#FF8C00","radius":3,"orbat":[],"description":"Satellite heat detection at 10:09 UTC, in an area of abnormal fire activity. Urban area."}},{"type":"Feature","geometry":{"type":"Point","coordinates":[38.06951,47.83303]},"properties":{"source":"economist_fires","source_name":"The Economist war-fire model","source_url":"https://github.com/TheEconomist/the-economist-war-fire-model","id":618,"date":"2026-09-19","link":"https://www.economist.com/interactive/graphic-detail/ukraine-fires","category":"Fire classified as war-related (model estimate)","side":"Not attributed","color":"#FF8C00","radius":3,"orbat":[],"description":"Satellite heat detection at 10:45 UTC, in an area of abnormal fire activity. Urban area."}},{"type":"Feature","geometry":{"type":"Point","coordinates":[38.05591,47.83459]},"properties":{"source":"economist_fires","source_name":"The Economist war-fire model","source_url":"https://github.com/TheEconomist/the-economist-war-fire-model","id":619,"date":"2026-09-19","link":"https://www.economist.com/interactive/graphic-detail/ukraine-fires","category":"Fire classified as war-related (model estimate)","side":"Not attributed","color":"#FF8C00","radius":3,"orbat":[],"description":"Satellite heat detection at 10:45 UTC, in an area of abnormal fire activity. Urban area."}},{"type":"Feature","geometry":{"type":"Point","coordinates":[38.05613,47.83525]},"properties":{"source":"economist_fires","source_name":"The Economist war-fire model","source_url":"https://github.com/TheEconomist/the-economist-war-fire-model","id":620,"date":"2026-09-19","link":"https://www.economist.com/interactive/graphic-detail/ukraine-fires","category":"Fire classified as war-related (model estimate)","side":"Not attributed","color":"#FF8C00","radius":3,"orbat":[],"description":"Satellite heat detection at 10:45 UTC, in an area of abnormal fire activity. Urban area."}},{"type":"Feature","geometry":{"type":"Point","coordinates":[38.06215,47.83528]},"properties":{"source":"economist_fires","source_name":"The Economist war-fire model","source_url":"https://github.com/TheEconomist/the-economist-war-fire-model","id":621,"date":"2026-09-19","link":"https://www.economist.com/interactive/graphic-detail/ukraine-fires","category":"Fire classified as war-related (model estimate)","side":"Not attributed","color":"#FF8C00","radius":3,"orbat":[],"description":"Satellite heat detection at 10:45 UTC, in an area of abnormal fire activity. Urban area."}},{"type":"Feature","geometry":{"type":"Point","coordinates":[38.06236,47.83595]},"properties":{"source":"economist_fires","source_name":"The Economist war-fire model","source_url":"https://github.com/TheEconomist/the-economist-war-fire-model","id":622,"date":"2026-09-19","link":"https://www.economist.com/interactive/graphic-detail/ukraine-fires","category":"Fire classified as war-related (model estimate)","side":"Not attributed","color":"#FF8C00","radius":3,"orbat":[],"description":"Satellite heat detection at 10:45 UTC, in an area of abnormal fire activity. Urban area."}},{"type":"Feature","geometry":{"type":"Point","coordinates":[38.06841,47.83596]},"properties":{"source":"economist_fires","source_name":"The Economist war-fire model","source_url":"https://github.com/TheEconomist/the-economist-war-fire-model","id":623,"date":"2026-09-19","link":"https://www.economist.com/interactive/graphic-detail/ukraine-fires","category":"Fire classified as war-related (model estimate)","side":"Not attributed","color":"#FF8C00","radius":3,"orbat":[],"description":"Satellite heat detection at 10:45 UTC, in an area of abnormal fire activity. Urban area."}},{"type":"Feature","geometry":{"type":"Point","coordinates":[38.06861,47.83666]},"properties":{"source":"economist_fires","source_name":"The Economist war-fire model","source_url":"https://github.com/TheEconomist/the-economist-war-fire-model","id":624,"date":"2026-09-19","link":"https://www.economist.com/interactive/graphic-detail/ukraine-fires","category":"Fire classified as war-related (model estimate)","side":"Not attributed","color":"#FF8C00","radius":3,"orbat":[],"description":"Satellite heat detection at 10:45 UTC, in an area of abnormal fire activity. Urban area."}},{"type":"Feature","geometry":{"type":"Point","coordinates":[38.06124,47.83891]},"properties":{"source":"economist_fires","source_name":"The Economist war-fire model","source_url":"https://github.com/TheEconomist/the-economist-war-fire-model","id":625,"date":"2026-09-19","link":"https://www.economist.com/interactive/graphic-detail/ukraine-fires","category":"Fire classified as war-related (model estimate)","side":"Not attributed","color":"#FF8C00","radius":3,"orbat":[],"description":"Satellite heat detection at 10:45 UTC, in an area of abnormal fire activity. Urban area."}},{"type":"Feature","geometry":{"type":"Point","coordinates":[38.0675,47.8396]},"properties":{"source":"economist_fires","source_name":"The Economist war-fire model","source_url":"https://github.com/TheEconomist/the-economist-war-fire-model","id":626,"date":"2026-09-19","link":"https://www.economist.com/interactive/graphic-detail/ukraine-fires","category":"Fire classified as war-related (model estimate)","side":"Not attributed","color":"#FF8C00","radius":3,"orbat":[],"description":"Satellite heat detection at 10:45 UTC, in an area of abnormal fire activity. Urban area."}},{"type":"Feature","geometry":{"type":"Point","coordinates":[38.06333,47.83257]},"properties":{"source":"economist_fires","source_name":"The Economist war-fire model","source_url":"https://github.com/TheEconomist/the-economist-war-fire-model","id":627,"date":"2026-09-19","link":"https://www.economist.com/interactive/graphic-detail/ukraine-fires","category":"Fire classified as war-related (model estimate)","side":"Not attributed","color":"#FF8C00","radius":3,"orbat":[],"description":"Satellite heat detection at 11:04 UTC, in an area of abnormal fire activity. Urban area."}},{"type":"Feature","geometry":{"type":"Point","coordinates":[38.07123,47.83298]},"properties":{"source":"economist_fires","source_name":"The Economist war-fire model","source_url":"https://github.com/TheEconomist/the-economist-war-fire-model","id":628,"date":"2026-09-19","link":"https://www.economist.com/interactive/graphic-detail/ukraine-fires","category":"Fire classified as war-related (model estimate)","side":"Not attributed","color":"#FF8C00","radius":3,"orbat":[],"description":"Satellite heat detection at 11:04 UTC, in an area of abnormal fire activity. Urban area."}},{"type":"Feature","geometry":{"type":"Point","coordinates":[38.06318,47.83493]},"properties":{"source":"economist_fires","source_name":"The Economist war-fire model","source_url":"https://github.com/TheEconomist/the-economist-war-fire-model","id":629,"date":"2026-09-19","link":"https://www.economist.com/interactive/graphic-detail/ukraine-fires","category":"Fire classified as war-related (model estimate)","side":"Not attributed","color":"#FF8C00","radius":3,"orbat":[],"description":"Satellite heat detection at 11:04 UTC, in an area of abnormal fire activity. Urban area."}},{"type":"Feature","geometry":{"type":"Point","coordinates":[38.07108,47.83538]},"properties":{"source":"economist_fires","source_name":"The Economist war-fire model","source_url":"https://github.com/TheEconomist/the-economist-war-fire-model","id":630,"date":"2026-09-19","link":"https://www.economist.com/interactive/graphic-detail/ukraine-fires","category":"Fire classified as war-related (model estimate)","side":"Not attributed","color":"#FF8C00","radius":3,"orbat":[],"description":"Satellite heat detection at 11:04 UTC, in an area of abnormal fire activity. Urban area."}},{"type":"Feature","geometry":{"type":"Point","coordinates":[38.06271,47.83744]},"properties":{"source":"economist_fires","source_name":"The Economist war-fire model","source_url":"https://github.com/TheEconomist/the-economist-war-fire-model","id":631,"date":"2026-09-19","link":"https://www.economist.com/interactive/graphic-detail/ukraine-fires","category":"Fire classified as war-related (model estimate)","side":"Not attributed","color":"#FF8C00","radius":3,"orbat":[],"description":"Satellite heat detection at 11:04 UTC, in an area of abnormal fire activity. Urban area."}},{"type":"Feature","geometry":{"type":"Point","coordinates":[38.07062,47.83785]},"properties":{"source":"economist_fires","source_name":"The Economist war-fire model","source_url":"https://github.com/TheEconomist/the-economist-war-fire-model","id":632,"date":"2026-09-19","link":"https://www.economist.com/interactive/graphic-detail/ukraine-fires","category":"Fire classified as war-related (model estimate)","side":"Not attributed","color":"#FF8C00","radius":3,"orbat":[],"description":"Satellite heat detection at 11:04 UTC, in an area of abnormal fire activity. Urban area."}},{"type":"Feature","geometry":{"type":"Point","coordinates":[38.06045,47.83173]},"properties":{"source":"economist_fires","source_name":"The Economist war-fire model","source_url":"https://github.com/TheEconomist/the-economist-war-fire-model","id":633,"date":"2026-09-19","link":"https://www.economist.com/interactive/graphic-detail/ukraine-fires","category":"Fire classified as war-related (model estimate)","side":"Not attributed","color":"#FF8C00","radius":3,"orbat":[],"description":"Satellite heat detection at 11:42 UTC, in an area of abnormal fire activity. Urban area."}},{"type":"Feature","geometry":{"type":"Point","coordinates":[38.29806,48.27706]},"properties":{"source":"economist_fires","source_name":"The Economist war-fire model","source_url":"https://github.com/TheEconomist/the-economist-war-fire-model","id":634,"date":"2026-09-19","link":"https://www.economist.com/interactive/graphic-detail/ukraine-fires","category":"Fire classified as war-related (model estimate)","side":"Not attributed","color":"#FF8C00","radius":3,"orbat":[],"description":"Satellite heat detection at 10:45 UTC, in an area of abnormal fire activity. Urban area."}},{"type":"Feature","geometry":{"type":"Point","coordinates":[38.29039,48.28168]},"properties":{"source":"economist_fires","source_name":"The Economist war-fire model","source_url":"https://github.com/TheEconomist/the-economist-war-fire-model","id":635,"date":"2026-09-19","link":"https://www.economist.com/interactive/graphic-detail/ukraine-fires","category":"Fire classified as war-related (model estimate)","side":"Not attributed","color":"#FF8C00","radius":3,"orbat":[],"description":"Satellite heat detection at 10:45 UTC, in an area of abnormal fire activity. Urban area."}},{"type":"Feature","geometry":{"type":"Point","coordinates":[38.28986,48.28372]},"properties":{"source":"economist_fires","source_name":"The Economist war-fire model","source_url":"https://github.com/TheEconomist/the-economist-war-fire-model","id":636,"date":"2026-09-19","link":"https://www.economist.com/interactive/graphic-detail/ukraine-fires","category":"Fire classified as war-related (model estimate)","side":"Not attributed","color":"#FF8C00","radius":3,"orbat":[],"description":"Satellite heat detection at 10:45 UTC, in an area days after abnormal fire activity. Urban area."}},{"type":"Feature","geometry":{"type":"Point","coordinates":[38.30561,48.278]},"properties":{"source":"economist_fires","source_name":"The Economist war-fire model","source_url":"https://github.com/TheEconomist/the-economist-war-fire-model","id":637,"date":"2026-09-19","link":"https://www.economist.com/interactive/graphic-detail/ukraine-fires","category":"Fire classified as war-related (model estimate)","side":"Not attributed","color":"#FF8C00","radius":3,"orbat":[],"description":"Satellite heat detection at 22:22 UTC, in an area days after abnormal fire activity. Urban area."}},{"type":"Feature","geometry":{"type":"Point","coordinates":[38.30447,48.27568]},"properties":{"source":"economist_fires","source_name":"The Economist war-fire model","source_url":"https://github.com/TheEconomist/the-economist-war-fire-model","id":638,"date":"2026-09-19","link":"https://www.economist.com/interactive/graphic-detail/ukraine-fires","category":"Fire classified as war-related (model estimate)","side":"Not attributed","color":"#FF8C00","radius":3,"orbat":[],"description":"Satellite heat detection at 23:01 UTC, in an area of abnormal fire activity. Urban area."}},{"type":"Feature","geometry":{"type":"Point","coordinates":[38.3027,48.27916]},"properties":{"source":"economist_fires","source_name":"The Economist war-fire model","source_url":"https://github.com/TheEconomist/the-economist-war-fire-model","id":639,"date":"2026-09-19","link":"https://www.economist.com/interactive/graphic-detail/ukraine-fires","category":"Fire classified as war-related (model estimate)","side":"Not attributed","color":"#FF8C00","radius":3,"orbat":[],"description":"Satellite heat detection at 23:01 UTC, in an area of abnormal fire activity. Urban area."}},{"type":"Feature","geometry":{"type":"Point","coordinates":[38.30564,48.27787]},"properties":{"source":"economist_fires","source_name":"The Economist war-fire model","source_url":"https://github.com/TheEconomist/the-economist-war-fire-model","id":640,"date":"2026-09-19","link":"https://www.economist.com/interactive/graphic-detail/ukraine-fires","category":"Fire classified as war-related (model estimate)","side":"Not attributed","color":"#FF8C00","radius":3,"orbat":[],"description":"Satellite heat detection at 23:20 UTC, in an area days after abnormal fire activity. Urban area."}},{"type":"Feature","geometry":{"type":"Point","coordinates":[38.27155,48.6001]},"properties":{"source":"economist_fires","source_name":"The Economist war-fire model","source_url":"https://github.com/TheEconomist/the-economist-war-fire-model","id":641,"date":"2026-09-19","link":"https://www.economist.com/interactive/graphic-detail/ukraine-fires","category":"Fire classified as war-related (model estimate)","side":"Not attributed","color":"#FF8C00","radius":3,"orbat":[],"description":"Satellite heat detection at 10:09 UTC, in an area of abnormal fire activity. Urban area."}},{"type":"Feature","geometry":{"type":"Point","coordinates":[38.27551,48.60419]},"properties":{"source":"economist_fires","source_name":"The Economist war-fire model","source_url":"https://github.com/TheEconomist/the-economist-war-fire-model","id":642,"date":"2026-09-19","link":"https://www.economist.com/interactive/graphic-detail/ukraine-fires","category":"Fire classified as war-related (model estimate)","side":"Not attributed","color":"#FF8C00","radius":3,"orbat":[],"description":"Satellite heat detection at 10:09 UTC, in an area of abnormal fire activity. Urban area."}},{"type":"Feature","geometry":{"type":"Point","coordinates":[38.27311,48.59658]},"properties":{"source":"economist_fires","source_name":"The Economist war-fire model","source_url":"https://github.com/TheEconomist/the-economist-war-fire-model","id":643,"date":"2026-09-19","link":"https://www.economist.com/interactive/graphic-detail/ukraine-fires","category":"Fire classified as war-related (model estimate)","side":"Not attributed","color":"#FF8C00","radius":3,"orbat":[],"description":"Satellite heat detection at 10:45 UTC, in an area of abnormal fire activity. Urban area."}},{"type":"Feature","geometry":{"type":"Point","coordinates":[38.27871,48.60098]},"properties":{"source":"economist_fires","source_name":"The Economist war-fire model","source_url":"https://github.com/TheEconomist/the-economist-war-fire-model","id":644,"date":"2026-09-19","link":"https://www.economist.com/interactive/graphic-detail/ukraine-fires","category":"Fire classified as war-related (model estimate)","side":"Not attributed","color":"#FF8C00","radius":3,"orbat":[],"description":"Satellite heat detection at 10:45 UTC, in an area of abnormal fire activity. Urban area."}},{"type":"Feature","geometry":{"type":"Point","coordinates":[38.27708,48.60167]},"properties":{"source":"economist_fires","source_name":"The Economist war-fire model","source_url":"https://github.com/TheEconomist/the-economist-war-fire-model","id":645,"date":"2026-09-19","link":"https://www.economist.com/interactive/graphic-detail/ukraine-fires","category":"Fire classified as war-related (model estimate)","side":"Not attributed","color":"#FF8C00","radius":3,"orbat":[],"description":"Satellite heat detection at 10:45 UTC, in an area of abnormal fire activity. Urban area."}},{"type":"Feature","geometry":{"type":"Point","coordinates":[38.27123,48.60397]},"properties":{"source":"economist_fires","source_name":"The Economist war-fire model","source_url":"https://github.com/TheEconomist/the-economist-war-fire-model","id":646,"date":"2026-09-19","link":"https://www.economist.com/interactive/graphic-detail/ukraine-fires","category":"Fire classified as war-related (model estimate)","side":"Not attributed","color":"#FF8C00","radius":3,"orbat":[],"description":"Satellite heat detection at 10:45 UTC, in an area of abnormal fire activity. Urban area."}},{"type":"Feature","geometry":{"type":"Point","coordinates":[38.27776,48.60468]},"properties":{"source":"economist_fires","source_name":"The Economist war-fire model","source_url":"https://github.com/TheEconomist/the-economist-war-fire-model","id":647,"date":"2026-09-19","link":"https://www.economist.com/interactive/graphic-detail/ukraine-fires","category":"Fire classified as war-related (model estimate)","side":"Not attributed","color":"#FF8C00","radius":3,"orbat":[],"description":"Satellite heat detection at 10:45 UTC, in an area of abnormal fire activity. Urban area."}},{"type":"Feature","geometry":{"type":"Point","coordinates":[38.27607,48.59639]},"properties":{"source":"economist_fires","source_name":"The Economist war-fire model","source_url":"https://github.com/TheEconomist/the-economist-war-fire-model","id":648,"date":"2026-09-19","link":"https://www.economist.com/interactive/graphic-detail/ukraine-fires","category":"Fire classified as war-related (model estimate)","side":"Not attributed","color":"#FF8C00","radius":3,"orbat":[],"description":"Satellite heat detection at 11:04 UTC, in an area of abnormal fire activity. Urban area."}},{"type":"Feature","geometry":{"type":"Point","coordinates":[38.2761,48.60046]},"properties":{"source":"economist_fires","source_name":"The Economist war-fire model","source_url":"https://github.com/TheEconomist/the-economist-war-fire-model","id":649,"date":"2026-09-19","link":"https://www.economist.com/interactive/graphic-detail/ukraine-fires","category":"Fire classified as war-related (model estimate)","side":"Not attributed","color":"#FF8C00","radius":3,"orbat":[],"description":"Satellite heat detection at 11:04 UTC, in an area of abnormal fire activity. Urban area."}},{"type":"Feature","geometry":{"type":"Point","coordinates":[38.27535,48.60134]},"properties":{"source":"economist_fires","source_name":"The Economist war-fire model","source_url":"https://github.com/TheEconomist/the-economist-war-fire-model","id":650,"date":"2026-09-19","link":"https://www.economist.com/interactive/graphic-detail/ukraine-fires","category":"Fire classified as war-related (model estimate)","side":"Not attributed","color":"#FF8C00","radius":3,"orbat":[],"description":"Satellite heat detection at 11:04 UTC, in an area of abnormal fire activity. Urban area."}},{"type":"Feature","geometry":{"type":"Point","coordinates":[38.26723,48.58479]},"properties":{"source":"economist_fires","source_name":"The Economist war-fire model","source_url":"https://github.com/TheEconomist/the-economist-war-fire-model","id":651,"date":"2026-09-19","link":"https://www.economist.com/interactive/graphic-detail/ukraine-fires","category":"Fire classified as war-related (model estimate)","side":"Not attributed","color":"#FF8C00","radius":3,"orbat":[],"description":"Satellite heat detection at 11:42 UTC, in an area of abnormal fire activity. Urban area."}},{"type":"Feature","geometry":{"type":"Point","coordinates":[38.2571,48.58941]},"properties":{"source":"economist_fires","source_name":"The Economist war-fire model","source_url":"https://github.com/TheEconomist/the-economist-war-fire-model","id":652,"date":"2026-09-19","link":"https://www.economist.com/interactive/graphic-detail/ukraine-fires","category":"Fire classified as war-related (model estimate)","side":"Not attributed","color":"#FF8C00","radius":3,"orbat":[],"description":"Satellite heat detection at 11:42 UTC, in an area of abnormal fire activity. Urban area."}},{"type":"Feature","geometry":{"type":"Point","coordinates":[38.25922,48.59785]},"properties":{"source":"economist_fires","source_name":"The Economist war-fire model","source_url":"https://github.com/TheEconomist/the-economist-war-fire-model","id":653,"date":"2026-09-19","link":"https://www.economist.com/interactive/graphic-detail/ukraine-fires","category":"Fire classified as war-related (model estimate)","side":"Not attributed","color":"#FF8C00","radius":3,"orbat":[],"description":"Satellite heat detection at 11:42 UTC, in an area of abnormal fire activity. Urban area."}},{"type":"Feature","geometry":{"type":"Point","coordinates":[38.29184,48.59869]},"properties":{"source":"economist_fires","source_name":"The Economist war-fire model","source_url":"https://github.com/TheEconomist/the-economist-war-fire-model","id":654,"date":"2026-09-19","link":"https://www.economist.com/interactive/graphic-detail/ukraine-fires","category":"Fire classified as war-related (model estimate)","side":"Not attributed","color":"#FF8C00","radius":3,"orbat":[],"description":"Satellite heat detection at 11:42 UTC, in an area of abnormal fire activity. Urban area."}},{"type":"Feature","geometry":{"type":"Point","coordinates":[38.39587,48.32418]},"properties":{"source":"economist_fires","source_name":"The Economist war-fire model","source_url":"https://github.com/TheEconomist/the-economist-war-fire-model","id":655,"date":"2026-09-19","link":"https://www.economist.com/interactive/graphic-detail/ukraine-fires","category":"Fire classified as war-related (model estimate)","side":"Not attributed","color":"#FF8C00","radius":3,"orbat":[],"description":"Satellite heat detection at 10:09 UTC, in an area days after abnormal fire activity. Urban area."}},{"type":"Feature","geometry":{"type":"Point","coordinates":[38.3753,48.26275]},"properties":{"source":"economist_fires","source_name":"The Economist war-fire model","source_url":"https://github.com/TheEconomist/the-economist-war-fire-model","id":656,"date":"2026-09-19","link":"https://www.economist.com/interactive/graphic-detail/ukraine-fires","category":"Fire classified as war-related (model estimate)","side":"Not attributed","color":"#FF8C00","radius":3,"orbat":[],"description":"Satellite heat detection at 10:45 UTC, in an area days after abnormal fire activity. Urban area."}},{"type":"Feature","geometry":{"type":"Point","coordinates":[38.3767,48.25955]},"properties":{"source":"economist_fires","source_name":"The Economist war-fire model","source_url":"https://github.com/TheEconomist/the-economist-war-fire-model","id":657,"date":"2026-09-19","link":"https://www.economist.com/interactive/graphic-detail/ukraine-fires","category":"Fire classified as war-related (model estimate)","side":"Not attributed","color":"#FF8C00","radius":3,"orbat":[],"description":"Satellite heat detection at 11:04 UTC, in an area days after abnormal fire activity. Urban area."}},{"type":"Feature","geometry":{"type":"Point","coordinates":[38.36795,48.26408]},"properties":{"source":"economist_fires","source_name":"The Economist war-fire model","source_url":"https://github.com/TheEconomist/the-economist-war-fire-model","id":658,"date":"2026-09-19","link":"https://www.economist.com/interactive/graphic-detail/ukraine-fires","category":"Fire classified as war-related (model estimate)","side":"Not attributed","color":"#FF8C00","radius":3,"orbat":[],"description":"Satellite heat detection at 11:04 UTC, in an area days after abnormal fire activity. Urban area."}},{"type":"Feature","geometry":{"type":"Point","coordinates":[38.37606,48.26451]},"properties":{"source":"economist_fires","source_name":"The Economist war-fire model","source_url":"https://github.com/TheEconomist/the-economist-war-fire-model","id":659,"date":"2026-09-19","link":"https://www.economist.com/interactive/graphic-detail/ukraine-fires","category":"Fire classified as war-related (model estimate)","side":"Not attributed","color":"#FF8C00","radius":3,"orbat":[],"description":"Satellite heat detection at 11:04 UTC, in an area days after abnormal fire activity. Urban area."}},{"type":"Feature","geometry":{"type":"Point","coordinates":[38.36802,48.26463]},"properties":{"source":"economist_fires","source_name":"The Economist war-fire model","source_url":"https://github.com/TheEconomist/the-economist-war-fire-model","id":660,"date":"2026-09-19","link":"https://www.economist.com/interactive/graphic-detail/ukraine-fires","category":"Fire classified as war-related (model estimate)","side":"Not attributed","color":"#FF8C00","radius":3,"orbat":[],"description":"Satellite heat detection at 11:04 UTC, in an area days after abnormal fire activity. Urban area."}},{"type":"Feature","geometry":{"type":"Point","coordinates":[38.37275,48.25258]},"properties":{"source":"economist_fires","source_name":"The Economist war-fire model","source_url":"https://github.com/TheEconomist/the-economist-war-fire-model","id":661,"date":"2026-09-19","link":"https://www.economist.com/interactive/graphic-detail/ukraine-fires","category":"Fire classified as war-related (model estimate)","side":"Not attributed","color":"#FF8C00","radius":3,"orbat":[],"description":"Satellite heat detection at 11:42 UTC, in an area days after abnormal fire activity. Urban area."}},{"type":"Feature","geometry":{"type":"Point","coordinates":[38.36296,48.25675]},"properties":{"source":"economist_fires","source_name":"The Economist war-fire model","source_url":"https://github.com/TheEconomist/the-economist-war-fire-model","id":662,"date":"2026-09-19","link":"https://www.economist.com/interactive/graphic-detail/ukraine-fires","category":"Fire classified as war-related (model estimate)","side":"Not attributed","color":"#FF8C00","radius":3,"orbat":[],"description":"Satellite heat detection at 11:42 UTC, in an area days after abnormal fire activity. Urban area."}},{"type":"Feature","geometry":{"type":"Point","coordinates":[38.36516,48.26582]},"properties":{"source":"economist_fires","source_name":"The Economist war-fire model","source_url":"https://github.com/TheEconomist/the-economist-war-fire-model","id":663,"date":"2026-09-19","link":"https://www.economist.com/interactive/graphic-detail/ukraine-fires","category":"Fire classified as war-related (model estimate)","side":"Not attributed","color":"#FF8C00","radius":3,"orbat":[],"description":"Satellite heat detection at 11:42 UTC, in an area days after abnormal fire activity. Urban area."}},{"type":"Feature","geometry":{"type":"Point","coordinates":[38.35782,48.25531]},"properties":{"source":"economist_fires","source_name":"The Economist war-fire model","source_url":"https://github.com/TheEconomist/the-economist-war-fire-model","id":664,"date":"2026-09-19","link":"https://www.economist.com/interactive/graphic-detail/ukraine-fires","category":"Fire classified as war-related (model estimate)","side":"Not attributed","color":"#FF8C00","radius":3,"orbat":[],"description":"Satellite heat detection at 13:18 UTC, in an area days after abnormal fire activity. Urban area."}},{"type":"Feature","geometry":{"type":"Point","coordinates":[38.47627,47.83185]},"properties":{"source":"economist_fires","source_name":"The Economist war-fire model","source_url":"https://github.com/TheEconomist/the-economist-war-fire-model","id":665,"date":"2026-09-19","link":"https://www.economist.com/interactive/graphic-detail/ukraine-fires","category":"Fire classified as war-related (model estimate)","side":"Not attributed","color":"#FF8C00","radius":3,"orbat":[],"description":"Satellite heat detection at 00:22 UTC, in an area days after abnormal fire activity. Urban area."}},{"type":"Feature","geometry":{"type":"Point","coordinates":[38.47794,47.83211]},"properties":{"source":"economist_fires","source_name":"The Economist war-fire model","source_url":"https://github.com/TheEconomist/the-economist-war-fire-model","id":666,"date":"2026-09-19","link":"https://www.economist.com/interactive/graphic-detail/ukraine-fires","category":"Fire classified as war-related (model estimate)","side":"Not attributed","color":"#FF8C00","radius":3,"orbat":[],"description":"Satellite heat detection at 00:58 UTC, in an area days after abnormal fire activity. Urban area."}},{"type":"Feature","geometry":{"type":"Point","coordinates":[38.4767,47.83263]},"properties":{"source":"economist_fires","source_name":"The Economist war-fire model","source_url":"https://github.com/TheEconomist/the-economist-war-fire-model","id":667,"date":"2026-09-19","link":"https://www.economist.com/interactive/graphic-detail/ukraine-fires","category":"Fire classified as war-related (model estimate)","side":"Not attributed","color":"#FF8C00","radius":3,"orbat":[],"description":"Satellite heat detection at 00:58 UTC, in an area days after abnormal fire activity. Urban area."}},{"type":"Feature","geometry":{"type":"Point","coordinates":[38.47463,47.8335]},"properties":{"source":"economist_fires","source_name":"The Economist war-fire model","source_url":"https://github.com/TheEconomist/the-economist-war-fire-model","id":668,"date":"2026-09-19","link":"https://www.economist.com/interactive/graphic-detail/ukraine-fires","category":"Fire classified as war-related (model estimate)","side":"Not attributed","color":"#FF8C00","radius":3,"orbat":[],"description":"Satellite heat detection at 23:01 UTC, in an area days after abnormal fire activity. Urban area."}},{"type":"Feature","geometry":{"type":"Point","coordinates":[38.47469,47.83355]},"properties":{"source":"economist_fires","source_name":"The Economist war-fire model","source_url":"https://github.com/TheEconomist/the-economist-war-fire-model","id":669,"date":"2026-09-19","link":"https://www.economist.com/interactive/graphic-detail/ukraine-fires","category":"Fire classified as war-related (model estimate)","side":"Not attributed","color":"#FF8C00","radius":3,"orbat":[],"description":"Satellite heat detection at 23:01 UTC, in an area days after abnormal fire activity. Urban area."}},{"type":"Feature","geometry":{"type":"Point","coordinates":[38.4757,47.83229]},"properties":{"source":"economist_fires","source_name":"The Economist war-fire model","source_url":"https://github.com/TheEconomist/the-economist-war-fire-model","id":670,"date":"2026-09-19","link":"https://www.economist.com/interactive/graphic-detail/ukraine-fires","category":"Fire classified as war-related (model estimate)","side":"Not attributed","color":"#FF8C00","radius":3,"orbat":[],"description":"Satellite heat detection at 23:20 UTC, in an area days after abnormal fire activity. Urban area."}},{"type":"Feature","geometry":{"type":"Point","coordinates":[38.56698,48.78156]},"properties":{"source":"economist_fires","source_name":"The Economist war-fire model","source_url":"https://github.com/TheEconomist/the-economist-war-fire-model","id":671,"date":"2026-09-19","link":"https://www.economist.com/interactive/graphic-detail/ukraine-fires","category":"Fire classified as war-related (model estimate)","side":"Not attributed","color":"#FF8C00","radius":3,"orbat":[],"description":"Satellite heat detection at 10:09 UTC, in an area days after abnormal fire activity. Urban area."}},{"type":"Feature","geometry":{"type":"Point","coordinates":[38.56441,48.78088]},"properties":{"source":"economist_fires","source_name":"The Economist war-fire model","source_url":"https://github.com/TheEconomist/the-economist-war-fire-model","id":672,"date":"2026-09-19","link":"https://www.economist.com/interactive/graphic-detail/ukraine-fires","category":"Fire classified as war-related (model estimate)","side":"Not attributed","color":"#FF8C00","radius":3,"orbat":[],"description":"Satellite heat detection at 10:45 UTC, in an area days after abnormal fire activity. Urban area."}},{"type":"Feature","geometry":{"type":"Point","coordinates":[38.75688,48.05985]},"properties":{"source":"economist_fires","source_name":"The Economist war-fire model","source_url":"https://github.com/TheEconomist/the-economist-war-fire-model","id":673,"date":"2026-09-19","link":"https://www.economist.com/interactive/graphic-detail/ukraine-fires","category":"Fire classified as war-related (model estimate)","side":"Not attributed","color":"#FF8C00","radius":3,"orbat":[],"description":"Satellite heat detection at 00:58 UTC, in an area days after abnormal fire activity. Urban area."}},{"type":"Feature","geometry":{"type":"Point","coordinates":[38.75329,48.06246]},"properties":{"source":"economist_fires","source_name":"The Economist war-fire model","source_url":"https://github.com/TheEconomist/the-economist-war-fire-model","id":674,"date":"2026-09-19","link":"https://www.economist.com/interactive/graphic-detail/ukraine-fires","category":"Fire classified as war-related (model estimate)","side":"Not attributed","color":"#FF8C00","radius":3,"orbat":[],"description":"Satellite heat detection at 00:58 UTC, in an area days after abnormal fire activity. Urban area."}},{"type":"Feature","geometry":{"type":"Point","coordinates":[38.99648,48.79137]},"properties":{"source":"economist_fires","source_name":"The Economist war-fire model","source_url":"https://github.com/TheEconomist/the-economist-war-fire-model","id":675,"date":"2026-09-19","link":"https://www.economist.com/interactive/graphic-detail/ukraine-fires","category":"Fire classified as war-related (model estimate)","side":"Not attributed","color":"#FF8C00","radius":3,"orbat":[],"description":"Satellite heat detection at 22:22 UTC, in an area days after abnormal fire activity. Urban area."}},{"type":"Feature","geometry":{"type":"Point","coordinates":[38.98931,48.79146]},"properties":{"source":"economist_fires","source_name":"The Economist war-fire model","source_url":"https://github.com/TheEconomist/the-economist-war-fire-model","id":676,"date":"2026-09-19","link":"https://www.economist.com/interactive/graphic-detail/ukraine-fires","category":"Fire classified as war-related (model estimate)","side":"Not attributed","color":"#FF8C00","radius":3,"orbat":[],"description":"Satellite heat detection at 22:22 UTC, in an area days after abnormal fire activity. Urban area."}},{"type":"Feature","geometry":{"type":"Point","coordinates":[38.99542,48.79267]},"properties":{"source":"economist_fires","source_name":"The Economist war-fire model","source_url":"https://github.com/TheEconomist/the-economist-war-fire-model","id":677,"date":"2026-09-19","link":"https://www.economist.com/interactive/graphic-detail/ukraine-fires","category":"Fire classified as war-related (model estimate)","side":"Not attributed","color":"#FF8C00","radius":3,"orbat":[],"description":"Satellite heat detection at 23:01 UTC, in an area days after abnormal fire activity. Urban area."}},{"type":"Feature","geometry":{"type":"Point","coordinates":[38.99618,48.79733]},"properties":{"source":"economist_fires","source_name":"The Economist war-fire model","source_url":"https://github.com/TheEconomist/the-economist-war-fire-model","id":678,"date":"2026-09-19","link":"https://www.economist.com/interactive/graphic-detail/ukraine-fires","category":"Fire classified as war-related (model estimate)","side":"Not attributed","color":"#FF8C00","radius":3,"orbat":[],"description":"Satellite heat detection at 23:01 UTC, in an area days after abnormal fire activity. Urban area."}},{"type":"Feature","geometry":{"type":"Point","coordinates":[38.99198,48.79371]},"properties":{"source":"economist_fires","source_name":"The Economist war-fire model","source_url":"https://github.com/TheEconomist/the-economist-war-fire-model","id":679,"date":"2026-09-19","link":"https://www.economist.com/interactive/graphic-detail/ukraine-fires","category":"Fire classified as war-related (model estimate)","side":"Not attributed","color":"#FF8C00","radius":3,"orbat":[],"description":"Satellite heat detection at 23:20 UTC, in an area days after abnormal fire activity. Urban area."}},{"type":"Feature","geometry":{"type":"Point","coordinates":[38.99898,48.79649]},"properties":{"source":"economist_fires","source_name":"The Economist war-fire model","source_url":"https://github.com/TheEconomist/the-economist-war-fire-model","id":680,"date":"2026-09-19","link":"https://www.economist.com/interactive/graphic-detail/ukraine-fires","category":"Fire classified as war-related (model estimate)","side":"Not attributed","color":"#FF8C00","radius":3,"orbat":[],"description":"Satellite heat detection at 23:20 UTC, in an area days after abnormal fire activity. Urban area."}},{"type":"Feature","geometry":{"type":"Point","coordinates":[39.1209,48.32396]},"properties":{"source":"economist_fires","source_name":"The Economist war-fire model","source_url":"https://github.com/TheEconomist/the-economist-war-fire-model","id":681,"date":"2026-09-19","link":"https://www.economist.com/interactive/graphic-detail/ukraine-fires","category":"Fire classified as war-related (model estimate)","side":"Not attributed","color":"#FF8C00","radius":3,"orbat":[],"description":"Satellite heat detection at 11:04 UTC, in an area of abnormal fire activity. Urban area."}},{"type":"Feature","geometry":{"type":"Point","coordinates":[39.12526,48.3293]},"properties":{"source":"economist_fires","source_name":"The Economist war-fire model","source_url":"https://github.com/TheEconomist/the-economist-war-fire-model","id":682,"date":"2026-09-19","link":"https://www.economist.com/interactive/graphic-detail/ukraine-fires","category":"Fire classified as war-related (model estimate)","side":"Not attributed","color":"#FF8C00","radius":3,"orbat":[],"description":"Satellite heat detection at 11:04 UTC, in an area of abnormal fire activity. Urban area."}},{"type":"Feature","geometry":{"type":"Point","coordinates":[39.0731,48.64953]},"properties":{"source":"economist_fires","source_name":"The Economist war-fire model","source_url":"https://github.com/TheEconomist/the-economist-war-fire-model","id":683,"date":"2026-09-19","link":"https://www.economist.com/interactive/graphic-detail/ukraine-fires","category":"Fire classified as war-related (model estimate)","side":"Not attributed","color":"#FF8C00","radius":3,"orbat":[],"description":"Satellite heat detection at 09:07 UTC, in an area of abnormal fire activity. Urban area."}},{"type":"Feature","geometry":{"type":"Point","coordinates":[39.06972,48.64331]},"properties":{"source":"economist_fires","source_name":"The Economist war-fire model","source_url":"https://github.com/TheEconomist/the-economist-war-fire-model","id":684,"date":"2026-09-19","link":"https://www.economist.com/interactive/graphic-detail/ukraine-fires","category":"Fire classified as war-related (model estimate)","side":"Not attributed","color":"#FF8C00","radius":3,"orbat":[],"description":"Satellite heat detection at 09:24 UTC, in an area of abnormal fire activity. Urban area."}},{"type":"Feature","geometry":{"type":"Point","coordinates":[39.07746,48.64547]},"properties":{"source":"economist_fires","source_name":"The Economist war-fire model","source_url":"https://github.com/TheEconomist/the-economist-war-fire-model","id":685,"date":"2026-09-19","link":"https://www.economist.com/interactive/graphic-detail/ukraine-fires","category":"Fire classified as war-related (model estimate)","side":"Not attributed","color":"#FF8C00","radius":3,"orbat":[],"description":"Satellite heat detection at 09:24 UTC, in an area of abnormal fire activity. Urban area."}},{"type":"Feature","geometry":{"type":"Point","coordinates":[39.06509,48.64288]},"properties":{"source":"economist_fires","source_name":"The Economist war-fire model","source_url":"https://github.com/TheEconomist/the-economist-war-fire-model","id":686,"date":"2026-09-19","link":"https://www.economist.com/interactive/graphic-detail/ukraine-fires","category":"Fire classified as war-related (model estimate)","side":"Not attributed","color":"#FF8C00","radius":3,"orbat":[],"description":"Satellite heat detection at 10:09 UTC, in an area of abnormal fire activity. Urban area."}}]}