{"type":"FeatureCollection","features":[{"type":"Feature","geometry":{"type":"Point","coordinates":[32.49532,46.27305]},"properties":{"source":"economist_fires","source_name":"The Economist war-fire model","source_url":"https://github.com/TheEconomist/the-economist-war-fire-model","id":0,"date":"2026-09-13","link":"https://www.economist.com/interactive/graphic-detail/ukraine-fires","category":"Fire classified as war-related (model estimate)","side":"Not attributed","color":"#FF8C00","radius":3,"orbat":[],"description":"Satellite heat detection at 09:37 UTC, in an area days after abnormal fire activity. Urban area."}},{"type":"Feature","geometry":{"type":"Point","coordinates":[32.49397,46.27392]},"properties":{"source":"economist_fires","source_name":"The Economist war-fire model","source_url":"https://github.com/TheEconomist/the-economist-war-fire-model","id":1,"date":"2026-09-13","link":"https://www.economist.com/interactive/graphic-detail/ukraine-fires","category":"Fire classified as war-related (model estimate)","side":"Not attributed","color":"#FF8C00","radius":3,"orbat":[],"description":"Satellite heat detection at 09:37 UTC, in an area days after abnormal fire activity. Urban area."}},{"type":"Feature","geometry":{"type":"Point","coordinates":[32.50147,46.27503]},"properties":{"source":"economist_fires","source_name":"The Economist war-fire model","source_url":"https://github.com/TheEconomist/the-economist-war-fire-model","id":2,"date":"2026-09-13","link":"https://www.economist.com/interactive/graphic-detail/ukraine-fires","category":"Fire classified as war-related (model estimate)","side":"Not attributed","color":"#FF8C00","radius":3,"orbat":[],"description":"Satellite heat detection at 09:37 UTC, in an area days after abnormal fire activity. Urban area."}},{"type":"Feature","geometry":{"type":"Point","coordinates":[32.5001,46.27592]},"properties":{"source":"economist_fires","source_name":"The Economist war-fire model","source_url":"https://github.com/TheEconomist/the-economist-war-fire-model","id":3,"date":"2026-09-13","link":"https://www.economist.com/interactive/graphic-detail/ukraine-fires","category":"Fire classified as war-related (model estimate)","side":"Not attributed","color":"#FF8C00","radius":3,"orbat":[],"description":"Satellite heat detection at 09:37 UTC, in an area of abnormal fire activity. Urban area."}},{"type":"Feature","geometry":{"type":"Point","coordinates":[32.5178,46.36037]},"properties":{"source":"economist_fires","source_name":"The Economist war-fire model","source_url":"https://github.com/TheEconomist/the-economist-war-fire-model","id":4,"date":"2026-09-13","link":"https://www.economist.com/interactive/graphic-detail/ukraine-fires","category":"Fire classified as war-related (model estimate)","side":"Not attributed","color":"#FF8C00","radius":3,"orbat":[],"description":"Satellite heat detection at 10:21 UTC, in an area days after abnormal fire activity. Urban area."}},{"type":"Feature","geometry":{"type":"Point","coordinates":[32.51326,46.3609]},"properties":{"source":"economist_fires","source_name":"The Economist war-fire model","source_url":"https://github.com/TheEconomist/the-economist-war-fire-model","id":5,"date":"2026-09-13","link":"https://www.economist.com/interactive/graphic-detail/ukraine-fires","category":"Fire classified as war-related (model estimate)","side":"Not attributed","color":"#FF8C00","radius":3,"orbat":[],"description":"Satellite heat detection at 10:58 UTC, in an area days after abnormal fire activity. Urban area."}},{"type":"Feature","geometry":{"type":"Point","coordinates":[32.5184,46.36161]},"properties":{"source":"economist_fires","source_name":"The Economist war-fire model","source_url":"https://github.com/TheEconomist/the-economist-war-fire-model","id":6,"date":"2026-09-13","link":"https://www.economist.com/interactive/graphic-detail/ukraine-fires","category":"Fire classified as war-related (model estimate)","side":"Not attributed","color":"#FF8C00","radius":3,"orbat":[],"description":"Satellite heat detection at 10:58 UTC, in an area days after abnormal fire activity. Urban area."}},{"type":"Feature","geometry":{"type":"Point","coordinates":[32.49497,52.28344]},"properties":{"source":"economist_fires","source_name":"The Economist war-fire model","source_url":"https://github.com/TheEconomist/the-economist-war-fire-model","id":7,"date":"2026-09-13","link":"https://www.economist.com/interactive/graphic-detail/ukraine-fires","category":"Fire classified as war-related (model estimate)","side":"Not attributed","color":"#FF8C00","radius":3,"orbat":[],"description":"Satellite heat detection at 07:14 UTC, in an area days after abnormal fire activity. Urban area."}},{"type":"Feature","geometry":{"type":"Point","coordinates":[32.5725,46.43814]},"properties":{"source":"economist_fires","source_name":"The Economist war-fire model","source_url":"https://github.com/TheEconomist/the-economist-war-fire-model","id":8,"date":"2026-09-13","link":"https://www.economist.com/interactive/graphic-detail/ukraine-fires","category":"Fire classified as war-related (model estimate)","side":"Not attributed","color":"#FF8C00","radius":3,"orbat":[],"description":"Satellite heat detection at 10:21 UTC, in an area of abnormal fire activity. Urban area."}},{"type":"Feature","geometry":{"type":"Point","coordinates":[32.57026,46.4408]},"properties":{"source":"economist_fires","source_name":"The Economist war-fire model","source_url":"https://github.com/TheEconomist/the-economist-war-fire-model","id":9,"date":"2026-09-13","link":"https://www.economist.com/interactive/graphic-detail/ukraine-fires","category":"Fire classified as war-related (model estimate)","side":"Not attributed","color":"#FF8C00","radius":3,"orbat":[],"description":"Satellite heat detection at 10:21 UTC, in an area days after abnormal fire activity. Urban area."}},{"type":"Feature","geometry":{"type":"Point","coordinates":[32.57111,46.4416]},"properties":{"source":"economist_fires","source_name":"The Economist war-fire model","source_url":"https://github.com/TheEconomist/the-economist-war-fire-model","id":10,"date":"2026-09-13","link":"https://www.economist.com/interactive/graphic-detail/ukraine-fires","category":"Fire classified as war-related (model estimate)","side":"Not attributed","color":"#FF8C00","radius":3,"orbat":[],"description":"Satellite heat detection at 10:21 UTC, in an area days after abnormal fire activity. Urban area."}},{"type":"Feature","geometry":{"type":"Point","coordinates":[32.55928,46.43285]},"properties":{"source":"economist_fires","source_name":"The Economist war-fire model","source_url":"https://github.com/TheEconomist/the-economist-war-fire-model","id":11,"date":"2026-09-13","link":"https://www.economist.com/interactive/graphic-detail/ukraine-fires","category":"Fire classified as war-related (model estimate)","side":"Not attributed","color":"#FF8C00","radius":3,"orbat":[],"description":"Satellite heat detection at 12:49 UTC, in an area days after abnormal fire activity. Urban area."}},{"type":"Feature","geometry":{"type":"Point","coordinates":[32.57203,46.4349]},"properties":{"source":"economist_fires","source_name":"The Economist war-fire model","source_url":"https://github.com/TheEconomist/the-economist-war-fire-model","id":12,"date":"2026-09-13","link":"https://www.economist.com/interactive/graphic-detail/ukraine-fires","category":"Fire classified as war-related (model estimate)","side":"Not attributed","color":"#FF8C00","radius":3,"orbat":[],"description":"Satellite heat detection at 12:49 UTC, in an area of abnormal fire activity. Urban area."}},{"type":"Feature","geometry":{"type":"Point","coordinates":[32.55181,46.517]},"properties":{"source":"economist_fires","source_name":"The Economist war-fire model","source_url":"https://github.com/TheEconomist/the-economist-war-fire-model","id":13,"date":"2026-09-13","link":"https://www.economist.com/interactive/graphic-detail/ukraine-fires","category":"Fire classified as war-related (model estimate)","side":"Not attributed","color":"#FF8C00","radius":3,"orbat":[],"description":"Satellite heat detection at 00:37 UTC, in an area days after abnormal fire activity. Urban area."}},{"type":"Feature","geometry":{"type":"Point","coordinates":[32.8808,46.37187]},"properties":{"source":"economist_fires","source_name":"The Economist war-fire model","source_url":"https://github.com/TheEconomist/the-economist-war-fire-model","id":14,"date":"2026-09-13","link":"https://www.economist.com/interactive/graphic-detail/ukraine-fires","category":"Fire classified as war-related (model estimate)","side":"Not attributed","color":"#FF8C00","radius":3,"orbat":[],"description":"Satellite heat detection at 12:49 UTC, in an area days after abnormal fire activity. Urban area."}},{"type":"Feature","geometry":{"type":"Point","coordinates":[32.89343,46.37387]},"properties":{"source":"economist_fires","source_name":"The Economist war-fire model","source_url":"https://github.com/TheEconomist/the-economist-war-fire-model","id":15,"date":"2026-09-13","link":"https://www.economist.com/interactive/graphic-detail/ukraine-fires","category":"Fire classified as war-related (model estimate)","side":"Not attributed","color":"#FF8C00","radius":3,"orbat":[],"description":"Satellite heat detection at 12:49 UTC, in an area days after abnormal fire activity. Urban area."}},{"type":"Feature","geometry":{"type":"Point","coordinates":[33.02901,46.68821]},"properties":{"source":"economist_fires","source_name":"The Economist war-fire model","source_url":"https://github.com/TheEconomist/the-economist-war-fire-model","id":16,"date":"2026-09-13","link":"https://www.economist.com/interactive/graphic-detail/ukraine-fires","category":"Fire classified as war-related (model estimate)","side":"Not attributed","color":"#FF8C00","radius":3,"orbat":[],"description":"Satellite heat detection at 10:21 UTC, in an area days after abnormal fire activity. Urban area."}},{"type":"Feature","geometry":{"type":"Point","coordinates":[33.01928,46.68789]},"properties":{"source":"economist_fires","source_name":"The Economist war-fire model","source_url":"https://github.com/TheEconomist/the-economist-war-fire-model","id":17,"date":"2026-09-13","link":"https://www.economist.com/interactive/graphic-detail/ukraine-fires","category":"Fire classified as war-related (model estimate)","side":"Not attributed","color":"#FF8C00","radius":3,"orbat":[],"description":"Satellite heat detection at 10:58 UTC, in an area days after abnormal fire activity. Urban area."}},{"type":"Feature","geometry":{"type":"Point","coordinates":[33.02459,46.6886]},"properties":{"source":"economist_fires","source_name":"The Economist war-fire model","source_url":"https://github.com/TheEconomist/the-economist-war-fire-model","id":18,"date":"2026-09-13","link":"https://www.economist.com/interactive/graphic-detail/ukraine-fires","category":"Fire classified as war-related (model estimate)","side":"Not attributed","color":"#FF8C00","radius":3,"orbat":[],"description":"Satellite heat detection at 10:58 UTC, in an area days after abnormal fire activity. Urban area."}},{"type":"Feature","geometry":{"type":"Point","coordinates":[33.55439,46.74153]},"properties":{"source":"economist_fires","source_name":"The Economist war-fire model","source_url":"https://github.com/TheEconomist/the-economist-war-fire-model","id":19,"date":"2026-09-13","link":"https://www.economist.com/interactive/graphic-detail/ukraine-fires","category":"Fire classified as war-related (model estimate)","side":"Not attributed","color":"#FF8C00","radius":3,"orbat":[],"description":"Satellite heat detection at 07:16 UTC, in an area days after abnormal fire activity. Urban area."}},{"type":"Feature","geometry":{"type":"Point","coordinates":[33.55699,46.73761]},"properties":{"source":"economist_fires","source_name":"The Economist war-fire model","source_url":"https://github.com/TheEconomist/the-economist-war-fire-model","id":20,"date":"2026-09-13","link":"https://www.economist.com/interactive/graphic-detail/ukraine-fires","category":"Fire classified as war-related (model estimate)","side":"Not attributed","color":"#FF8C00","radius":3,"orbat":[],"description":"Satellite heat detection at 09:37 UTC, in an area days after abnormal fire activity. Urban area."}},{"type":"Feature","geometry":{"type":"Point","coordinates":[33.55653,46.73943]},"properties":{"source":"economist_fires","source_name":"The Economist war-fire model","source_url":"https://github.com/TheEconomist/the-economist-war-fire-model","id":21,"date":"2026-09-13","link":"https://www.economist.com/interactive/graphic-detail/ukraine-fires","category":"Fire classified as war-related (model estimate)","side":"Not attributed","color":"#FF8C00","radius":3,"orbat":[],"description":"Satellite heat detection at 10:21 UTC, in an area days after abnormal fire activity. Urban area."}},{"type":"Feature","geometry":{"type":"Point","coordinates":[33.5529,46.73977]},"properties":{"source":"economist_fires","source_name":"The Economist war-fire model","source_url":"https://github.com/TheEconomist/the-economist-war-fire-model","id":22,"date":"2026-09-13","link":"https://www.economist.com/interactive/graphic-detail/ukraine-fires","category":"Fire classified as war-related (model estimate)","side":"Not attributed","color":"#FF8C00","radius":3,"orbat":[],"description":"Satellite heat detection at 10:58 UTC, in an area days after abnormal fire activity. Urban area."}},{"type":"Feature","geometry":{"type":"Point","coordinates":[33.55198,46.74321]},"properties":{"source":"economist_fires","source_name":"The Economist war-fire model","source_url":"https://github.com/TheEconomist/the-economist-war-fire-model","id":23,"date":"2026-09-13","link":"https://www.economist.com/interactive/graphic-detail/ukraine-fires","category":"Fire classified as war-related (model estimate)","side":"Not attributed","color":"#FF8C00","radius":3,"orbat":[],"description":"Satellite heat detection at 10:58 UTC, in an area days after abnormal fire activity. Urban area."}},{"type":"Feature","geometry":{"type":"Point","coordinates":[33.55225,46.73792]},"properties":{"source":"economist_fires","source_name":"The Economist war-fire model","source_url":"https://github.com/TheEconomist/the-economist-war-fire-model","id":24,"date":"2026-09-13","link":"https://www.economist.com/interactive/graphic-detail/ukraine-fires","category":"Fire classified as war-related (model estimate)","side":"Not attributed","color":"#FF8C00","radius":3,"orbat":[],"description":"Satellite heat detection at 11:15 UTC, in an area days after abnormal fire activity. Urban area."}},{"type":"Feature","geometry":{"type":"Point","coordinates":[33.55332,46.74133]},"properties":{"source":"economist_fires","source_name":"The Economist war-fire model","source_url":"https://github.com/TheEconomist/the-economist-war-fire-model","id":25,"date":"2026-09-13","link":"https://www.economist.com/interactive/graphic-detail/ukraine-fires","category":"Fire classified as war-related (model estimate)","side":"Not attributed","color":"#FF8C00","radius":3,"orbat":[],"description":"Satellite heat detection at 11:15 UTC, in an area days after abnormal fire activity. Urban area."}},{"type":"Feature","geometry":{"type":"Point","coordinates":[33.60626,47.32114]},"properties":{"source":"economist_fires","source_name":"The Economist war-fire model","source_url":"https://github.com/TheEconomist/the-economist-war-fire-model","id":26,"date":"2026-09-13","link":"https://www.economist.com/interactive/graphic-detail/ukraine-fires","category":"Fire classified as war-related (model estimate)","side":"Not attributed","color":"#FF8C00","radius":3,"orbat":[],"description":"Satellite heat detection at 10:21 UTC, in an area days after abnormal fire activity. Urban area."}},{"type":"Feature","geometry":{"type":"Point","coordinates":[33.59317,47.34019]},"properties":{"source":"economist_fires","source_name":"The Economist war-fire model","source_url":"https://github.com/TheEconomist/the-economist-war-fire-model","id":27,"date":"2026-09-13","link":"https://www.economist.com/interactive/graphic-detail/ukraine-fires","category":"Fire classified as war-related (model estimate)","side":"Not attributed","color":"#FF8C00","radius":3,"orbat":[],"description":"Satellite heat detection at 10:21 UTC, in an area days after abnormal fire activity. Urban area."}},{"type":"Feature","geometry":{"type":"Point","coordinates":[33.5985,47.34116]},"properties":{"source":"economist_fires","source_name":"The Economist war-fire model","source_url":"https://github.com/TheEconomist/the-economist-war-fire-model","id":28,"date":"2026-09-13","link":"https://www.economist.com/interactive/graphic-detail/ukraine-fires","category":"Fire classified as war-related (model estimate)","side":"Not attributed","color":"#FF8C00","radius":3,"orbat":[],"description":"Satellite heat detection at 10:21 UTC, in an area days after abnormal fire activity. Urban area."}},{"type":"Feature","geometry":{"type":"Point","coordinates":[33.60529,47.31188]},"properties":{"source":"economist_fires","source_name":"The Economist war-fire model","source_url":"https://github.com/TheEconomist/the-economist-war-fire-model","id":29,"date":"2026-09-13","link":"https://www.economist.com/interactive/graphic-detail/ukraine-fires","category":"Fire classified as war-related (model estimate)","side":"Not attributed","color":"#FF8C00","radius":3,"orbat":[],"description":"Satellite heat detection at 10:58 UTC, in an area days after abnormal fire activity. Urban area."}},{"type":"Feature","geometry":{"type":"Point","coordinates":[33.59785,47.33959]},"properties":{"source":"economist_fires","source_name":"The Economist war-fire model","source_url":"https://github.com/TheEconomist/the-economist-war-fire-model","id":30,"date":"2026-09-13","link":"https://www.economist.com/interactive/graphic-detail/ukraine-fires","category":"Fire classified as war-related (model estimate)","side":"Not attributed","color":"#FF8C00","radius":3,"orbat":[],"description":"Satellite heat detection at 10:58 UTC, in an area days after abnormal fire activity. Urban area."}},{"type":"Feature","geometry":{"type":"Point","coordinates":[33.8956,46.62514]},"properties":{"source":"economist_fires","source_name":"The Economist war-fire model","source_url":"https://github.com/TheEconomist/the-economist-war-fire-model","id":31,"date":"2026-09-13","link":"https://www.economist.com/interactive/graphic-detail/ukraine-fires","category":"Fire classified as war-related (model estimate)","side":"Not attributed","color":"#FF8C00","radius":3,"orbat":[],"description":"Satellite heat detection at 00:37 UTC, in an area days after abnormal fire activity. Urban area."}},{"type":"Feature","geometry":{"type":"Point","coordinates":[33.91193,46.6913]},"properties":{"source":"economist_fires","source_name":"The Economist war-fire model","source_url":"https://github.com/TheEconomist/the-economist-war-fire-model","id":32,"date":"2026-09-13","link":"https://www.economist.com/interactive/graphic-detail/ukraine-fires","category":"Fire classified as war-related (model estimate)","side":"Not attributed","color":"#FF8C00","radius":3,"orbat":[],"description":"Satellite heat detection at 00:37 UTC, in an area days after abnormal fire activity. Urban area."}},{"type":"Feature","geometry":{"type":"Point","coordinates":[33.915,46.68993]},"properties":{"source":"economist_fires","source_name":"The Economist war-fire model","source_url":"https://github.com/TheEconomist/the-economist-war-fire-model","id":33,"date":"2026-09-13","link":"https://www.economist.com/interactive/graphic-detail/ukraine-fires","category":"Fire classified as war-related (model estimate)","side":"Not attributed","color":"#FF8C00","radius":3,"orbat":[],"description":"Satellite heat detection at 01:11 UTC, in an area days after abnormal fire activity. Urban area."}},{"type":"Feature","geometry":{"type":"Point","coordinates":[33.91305,46.69154]},"properties":{"source":"economist_fires","source_name":"The Economist war-fire model","source_url":"https://github.com/TheEconomist/the-economist-war-fire-model","id":34,"date":"2026-09-13","link":"https://www.economist.com/interactive/graphic-detail/ukraine-fires","category":"Fire classified as war-related (model estimate)","side":"Not attributed","color":"#FF8C00","radius":3,"orbat":[],"description":"Satellite heat detection at 01:11 UTC, in an area days after abnormal fire activity. Urban area."}},{"type":"Feature","geometry":{"type":"Point","coordinates":[33.89585,46.92532]},"properties":{"source":"economist_fires","source_name":"The Economist war-fire model","source_url":"https://github.com/TheEconomist/the-economist-war-fire-model","id":35,"date":"2026-09-13","link":"https://www.economist.com/interactive/graphic-detail/ukraine-fires","category":"Fire classified as war-related (model estimate)","side":"Not attributed","color":"#FF8C00","radius":3,"orbat":[],"description":"Satellite heat detection at 00:37 UTC, in an area days after abnormal fire activity. Urban area."}},{"type":"Feature","geometry":{"type":"Point","coordinates":[33.89861,46.92996]},"properties":{"source":"economist_fires","source_name":"The Economist war-fire model","source_url":"https://github.com/TheEconomist/the-economist-war-fire-model","id":36,"date":"2026-09-13","link":"https://www.economist.com/interactive/graphic-detail/ukraine-fires","category":"Fire classified as war-related (model estimate)","side":"Not attributed","color":"#FF8C00","radius":3,"orbat":[],"description":"Satellite heat detection at 00:37 UTC, in an area days after abnormal fire activity. Urban area."}},{"type":"Feature","geometry":{"type":"Point","coordinates":[33.89886,46.9237]},"properties":{"source":"economist_fires","source_name":"The Economist war-fire model","source_url":"https://github.com/TheEconomist/the-economist-war-fire-model","id":37,"date":"2026-09-13","link":"https://www.economist.com/interactive/graphic-detail/ukraine-fires","category":"Fire classified as war-related (model estimate)","side":"Not attributed","color":"#FF8C00","radius":3,"orbat":[],"description":"Satellite heat detection at 01:11 UTC, in an area days after abnormal fire activity. Urban area."}},{"type":"Feature","geometry":{"type":"Point","coordinates":[33.89758,46.92601]},"properties":{"source":"economist_fires","source_name":"The Economist war-fire model","source_url":"https://github.com/TheEconomist/the-economist-war-fire-model","id":38,"date":"2026-09-13","link":"https://www.economist.com/interactive/graphic-detail/ukraine-fires","category":"Fire classified as war-related (model estimate)","side":"Not attributed","color":"#FF8C00","radius":3,"orbat":[],"description":"Satellite heat detection at 01:11 UTC, in an area days after abnormal fire activity. Urban area."}},{"type":"Feature","geometry":{"type":"Point","coordinates":[33.89624,46.93182]},"properties":{"source":"economist_fires","source_name":"The Economist war-fire model","source_url":"https://github.com/TheEconomist/the-economist-war-fire-model","id":39,"date":"2026-09-13","link":"https://www.economist.com/interactive/graphic-detail/ukraine-fires","category":"Fire classified as war-related (model estimate)","side":"Not attributed","color":"#FF8C00","radius":3,"orbat":[],"description":"Satellite heat detection at 01:11 UTC, in an area days after abnormal fire activity. Urban area."}},{"type":"Feature","geometry":{"type":"Point","coordinates":[33.89779,46.92231]},"properties":{"source":"economist_fires","source_name":"The Economist war-fire model","source_url":"https://github.com/TheEconomist/the-economist-war-fire-model","id":40,"date":"2026-09-13","link":"https://www.economist.com/interactive/graphic-detail/ukraine-fires","category":"Fire classified as war-related (model estimate)","side":"Not attributed","color":"#FF8C00","radius":3,"orbat":[],"description":"Satellite heat detection at 09:37 UTC, in an area days after abnormal fire activity. Urban area."}},{"type":"Feature","geometry":{"type":"Point","coordinates":[33.89829,46.92493]},"properties":{"source":"economist_fires","source_name":"The Economist war-fire model","source_url":"https://github.com/TheEconomist/the-economist-war-fire-model","id":41,"date":"2026-09-13","link":"https://www.economist.com/interactive/graphic-detail/ukraine-fires","category":"Fire classified as war-related (model estimate)","side":"Not attributed","color":"#FF8C00","radius":3,"orbat":[],"description":"Satellite heat detection at 09:37 UTC, in an area days after abnormal fire activity. Urban area."}},{"type":"Feature","geometry":{"type":"Point","coordinates":[33.89624,46.9234]},"properties":{"source":"economist_fires","source_name":"The Economist war-fire model","source_url":"https://github.com/TheEconomist/the-economist-war-fire-model","id":42,"date":"2026-09-13","link":"https://www.economist.com/interactive/graphic-detail/ukraine-fires","category":"Fire classified as war-related (model estimate)","side":"Not attributed","color":"#FF8C00","radius":3,"orbat":[],"description":"Satellite heat detection at 10:58 UTC, in an area days after abnormal fire activity. Urban area."}},{"type":"Feature","geometry":{"type":"Point","coordinates":[33.87078,47.11868]},"properties":{"source":"economist_fires","source_name":"The Economist war-fire model","source_url":"https://github.com/TheEconomist/the-economist-war-fire-model","id":43,"date":"2026-09-13","link":"https://www.economist.com/interactive/graphic-detail/ukraine-fires","category":"Fire classified as war-related (model estimate)","side":"Not attributed","color":"#FF8C00","radius":3,"orbat":[],"description":"Satellite heat detection at 01:11 UTC, in an area days after abnormal fire activity. Urban area."}},{"type":"Feature","geometry":{"type":"Point","coordinates":[33.86427,47.1209]},"properties":{"source":"economist_fires","source_name":"The Economist war-fire model","source_url":"https://github.com/TheEconomist/the-economist-war-fire-model","id":44,"date":"2026-09-13","link":"https://www.economist.com/interactive/graphic-detail/ukraine-fires","category":"Fire classified as war-related (model estimate)","side":"Not attributed","color":"#FF8C00","radius":3,"orbat":[],"description":"Satellite heat detection at 01:11 UTC, in an area days after abnormal fire activity. Urban area."}},{"type":"Feature","geometry":{"type":"Point","coordinates":[33.8744,47.12617]},"properties":{"source":"economist_fires","source_name":"The Economist war-fire model","source_url":"https://github.com/TheEconomist/the-economist-war-fire-model","id":45,"date":"2026-09-13","link":"https://www.economist.com/interactive/graphic-detail/ukraine-fires","category":"Fire classified as war-related (model estimate)","side":"Not attributed","color":"#FF8C00","radius":3,"orbat":[],"description":"Satellite heat detection at 01:41 UTC, in an area days after abnormal fire activity. Urban area."}},{"type":"Feature","geometry":{"type":"Point","coordinates":[33.86425,47.10992]},"properties":{"source":"economist_fires","source_name":"The Economist war-fire model","source_url":"https://github.com/TheEconomist/the-economist-war-fire-model","id":46,"date":"2026-09-13","link":"https://www.economist.com/interactive/graphic-detail/ukraine-fires","category":"Fire classified as war-related (model estimate)","side":"Not attributed","color":"#FF8C00","radius":3,"orbat":[],"description":"Satellite heat detection at 09:39 UTC, in an area days after abnormal fire activity. Urban area."}},{"type":"Feature","geometry":{"type":"Point","coordinates":[33.8695,47.11152]},"properties":{"source":"economist_fires","source_name":"The Economist war-fire model","source_url":"https://github.com/TheEconomist/the-economist-war-fire-model","id":47,"date":"2026-09-13","link":"https://www.economist.com/interactive/graphic-detail/ukraine-fires","category":"Fire classified as war-related (model estimate)","side":"Not attributed","color":"#FF8C00","radius":3,"orbat":[],"description":"Satellite heat detection at 09:39 UTC, in an area days after abnormal fire activity. Urban area."}},{"type":"Feature","geometry":{"type":"Point","coordinates":[33.86566,47.10653]},"properties":{"source":"economist_fires","source_name":"The Economist war-fire model","source_url":"https://github.com/TheEconomist/the-economist-war-fire-model","id":48,"date":"2026-09-13","link":"https://www.economist.com/interactive/graphic-detail/ukraine-fires","category":"Fire classified as war-related (model estimate)","side":"Not attributed","color":"#FF8C00","radius":3,"orbat":[],"description":"Satellite heat detection at 10:21 UTC, in an area days after abnormal fire activity. Urban area."}},{"type":"Feature","geometry":{"type":"Point","coordinates":[33.86451,47.10619]},"properties":{"source":"economist_fires","source_name":"The Economist war-fire model","source_url":"https://github.com/TheEconomist/the-economist-war-fire-model","id":49,"date":"2026-09-13","link":"https://www.economist.com/interactive/graphic-detail/ukraine-fires","category":"Fire classified as war-related (model estimate)","side":"Not attributed","color":"#FF8C00","radius":3,"orbat":[],"description":"Satellite heat detection at 10:58 UTC, in an area days after abnormal fire activity. Urban area."}},{"type":"Feature","geometry":{"type":"Point","coordinates":[33.86924,47.11037]},"properties":{"source":"economist_fires","source_name":"The Economist war-fire model","source_url":"https://github.com/TheEconomist/the-economist-war-fire-model","id":50,"date":"2026-09-13","link":"https://www.economist.com/interactive/graphic-detail/ukraine-fires","category":"Fire classified as war-related (model estimate)","side":"Not attributed","color":"#FF8C00","radius":3,"orbat":[],"description":"Satellite heat detection at 10:58 UTC, in an area days after abnormal fire activity. Urban area."}},{"type":"Feature","geometry":{"type":"Point","coordinates":[33.987,46.64362]},"properties":{"source":"economist_fires","source_name":"The Economist war-fire model","source_url":"https://github.com/TheEconomist/the-economist-war-fire-model","id":51,"date":"2026-09-13","link":"https://www.economist.com/interactive/graphic-detail/ukraine-fires","category":"Fire classified as war-related (model estimate)","side":"Not attributed","color":"#FF8C00","radius":3,"orbat":[],"description":"Satellite heat detection at 09:17 UTC, in an area of abnormal fire activity. Urban area."}},{"type":"Feature","geometry":{"type":"Point","coordinates":[33.98895,46.64478]},"properties":{"source":"economist_fires","source_name":"The Economist war-fire model","source_url":"https://github.com/TheEconomist/the-economist-war-fire-model","id":52,"date":"2026-09-13","link":"https://www.economist.com/interactive/graphic-detail/ukraine-fires","category":"Fire classified as war-related (model estimate)","side":"Not attributed","color":"#FF8C00","radius":3,"orbat":[],"description":"Satellite heat detection at 09:37 UTC, in an area days after abnormal fire activity. Urban area."}},{"type":"Feature","geometry":{"type":"Point","coordinates":[33.98202,46.64523]},"properties":{"source":"economist_fires","source_name":"The Economist war-fire model","source_url":"https://github.com/TheEconomist/the-economist-war-fire-model","id":53,"date":"2026-09-13","link":"https://www.economist.com/interactive/graphic-detail/ukraine-fires","category":"Fire classified as war-related (model estimate)","side":"Not attributed","color":"#FF8C00","radius":3,"orbat":[],"description":"Satellite heat detection at 10:21 UTC, in an area days after abnormal fire activity. Urban area."}},{"type":"Feature","geometry":{"type":"Point","coordinates":[33.98726,46.64617]},"properties":{"source":"economist_fires","source_name":"The Economist war-fire model","source_url":"https://github.com/TheEconomist/the-economist-war-fire-model","id":54,"date":"2026-09-13","link":"https://www.economist.com/interactive/graphic-detail/ukraine-fires","category":"Fire classified as war-related (model estimate)","side":"Not attributed","color":"#FF8C00","radius":3,"orbat":[],"description":"Satellite heat detection at 10:21 UTC, in an area days after abnormal fire activity. Urban area."}},{"type":"Feature","geometry":{"type":"Point","coordinates":[33.98837,46.63973]},"properties":{"source":"economist_fires","source_name":"The Economist war-fire model","source_url":"https://github.com/TheEconomist/the-economist-war-fire-model","id":55,"date":"2026-09-13","link":"https://www.economist.com/interactive/graphic-detail/ukraine-fires","category":"Fire classified as war-related (model estimate)","side":"Not attributed","color":"#FF8C00","radius":3,"orbat":[],"description":"Satellite heat detection at 10:58 UTC, in an area of abnormal fire activity. Urban area."}},{"type":"Feature","geometry":{"type":"Point","coordinates":[33.99534,46.64334]},"properties":{"source":"economist_fires","source_name":"The Economist war-fire model","source_url":"https://github.com/TheEconomist/the-economist-war-fire-model","id":56,"date":"2026-09-13","link":"https://www.economist.com/interactive/graphic-detail/ukraine-fires","category":"Fire classified as war-related (model estimate)","side":"Not attributed","color":"#FF8C00","radius":3,"orbat":[],"description":"Satellite heat detection at 11:15 UTC, in an area of abnormal fire activity. Urban area."}},{"type":"Feature","geometry":{"type":"Point","coordinates":[34.00194,46.65031]},"properties":{"source":"economist_fires","source_name":"The Economist war-fire model","source_url":"https://github.com/TheEconomist/the-economist-war-fire-model","id":57,"date":"2026-09-13","link":"https://www.economist.com/interactive/graphic-detail/ukraine-fires","category":"Fire classified as war-related (model estimate)","side":"Not attributed","color":"#FF8C00","radius":3,"orbat":[],"description":"Satellite heat detection at 00:37 UTC, in an area days after abnormal fire activity. Urban area."}},{"type":"Feature","geometry":{"type":"Point","coordinates":[34.01661,46.65174]},"properties":{"source":"economist_fires","source_name":"The Economist war-fire model","source_url":"https://github.com/TheEconomist/the-economist-war-fire-model","id":58,"date":"2026-09-13","link":"https://www.economist.com/interactive/graphic-detail/ukraine-fires","category":"Fire classified as war-related (model estimate)","side":"Not attributed","color":"#FF8C00","radius":3,"orbat":[],"description":"Satellite heat detection at 00:37 UTC, in an area days after abnormal fire activity. Urban area."}},{"type":"Feature","geometry":{"type":"Point","coordinates":[34.01265,46.65282]},"properties":{"source":"economist_fires","source_name":"The Economist war-fire model","source_url":"https://github.com/TheEconomist/the-economist-war-fire-model","id":59,"date":"2026-09-13","link":"https://www.economist.com/interactive/graphic-detail/ukraine-fires","category":"Fire classified as war-related (model estimate)","side":"Not attributed","color":"#FF8C00","radius":3,"orbat":[],"description":"Satellite heat detection at 00:37 UTC, in an area days after abnormal fire activity. Urban area."}},{"type":"Feature","geometry":{"type":"Point","coordinates":[34.01038,46.66437]},"properties":{"source":"economist_fires","source_name":"The Economist war-fire model","source_url":"https://github.com/TheEconomist/the-economist-war-fire-model","id":60,"date":"2026-09-13","link":"https://www.economist.com/interactive/graphic-detail/ukraine-fires","category":"Fire classified as war-related (model estimate)","side":"Not attributed","color":"#FF8C00","radius":3,"orbat":[],"description":"Satellite heat detection at 00:37 UTC, in an area days after abnormal fire activity. Urban area."}},{"type":"Feature","geometry":{"type":"Point","coordinates":[34.00643,46.66545]},"properties":{"source":"economist_fires","source_name":"The Economist war-fire model","source_url":"https://github.com/TheEconomist/the-economist-war-fire-model","id":61,"date":"2026-09-13","link":"https://www.economist.com/interactive/graphic-detail/ukraine-fires","category":"Fire classified as war-related (model estimate)","side":"Not attributed","color":"#FF8C00","radius":3,"orbat":[],"description":"Satellite heat detection at 00:37 UTC, in an area of abnormal fire activity. Urban area."}},{"type":"Feature","geometry":{"type":"Point","coordinates":[34.00247,46.66654]},"properties":{"source":"economist_fires","source_name":"The Economist war-fire model","source_url":"https://github.com/TheEconomist/the-economist-war-fire-model","id":62,"date":"2026-09-13","link":"https://www.economist.com/interactive/graphic-detail/ukraine-fires","category":"Fire classified as war-related (model estimate)","side":"Not attributed","color":"#FF8C00","radius":3,"orbat":[],"description":"Satellite heat detection at 00:37 UTC, in an area of abnormal fire activity. Urban area."}},{"type":"Feature","geometry":{"type":"Point","coordinates":[33.97597,46.66834]},"properties":{"source":"economist_fires","source_name":"The Economist war-fire model","source_url":"https://github.com/TheEconomist/the-economist-war-fire-model","id":63,"date":"2026-09-13","link":"https://www.economist.com/interactive/graphic-detail/ukraine-fires","category":"Fire classified as war-related (model estimate)","side":"Not attributed","color":"#FF8C00","radius":3,"orbat":[],"description":"Satellite heat detection at 00:37 UTC, in an area of abnormal fire activity. Urban area."}},{"type":"Feature","geometry":{"type":"Point","coordinates":[33.98554,46.67662]},"properties":{"source":"economist_fires","source_name":"The Economist war-fire model","source_url":"https://github.com/TheEconomist/the-economist-war-fire-model","id":64,"date":"2026-09-13","link":"https://www.economist.com/interactive/graphic-detail/ukraine-fires","category":"Fire classified as war-related (model estimate)","side":"Not attributed","color":"#FF8C00","radius":3,"orbat":[],"description":"Satellite heat detection at 00:37 UTC, in an area days after abnormal fire activity. Urban area."}},{"type":"Feature","geometry":{"type":"Point","coordinates":[33.98872,46.69754]},"properties":{"source":"economist_fires","source_name":"The Economist war-fire model","source_url":"https://github.com/TheEconomist/the-economist-war-fire-model","id":65,"date":"2026-09-13","link":"https://www.economist.com/interactive/graphic-detail/ukraine-fires","category":"Fire classified as war-related (model estimate)","side":"Not attributed","color":"#FF8C00","radius":3,"orbat":[],"description":"Satellite heat detection at 00:37 UTC, in an area days after abnormal fire activity. Urban area."}},{"type":"Feature","geometry":{"type":"Point","coordinates":[33.98829,46.69823]},"properties":{"source":"economist_fires","source_name":"The Economist war-fire model","source_url":"https://github.com/TheEconomist/the-economist-war-fire-model","id":66,"date":"2026-09-13","link":"https://www.economist.com/interactive/graphic-detail/ukraine-fires","category":"Fire classified as war-related (model estimate)","side":"Not attributed","color":"#FF8C00","radius":3,"orbat":[],"description":"Satellite heat detection at 00:37 UTC, in an area days after abnormal fire activity. Urban area."}},{"type":"Feature","geometry":{"type":"Point","coordinates":[34.00218,46.65278]},"properties":{"source":"economist_fires","source_name":"The Economist war-fire model","source_url":"https://github.com/TheEconomist/the-economist-war-fire-model","id":67,"date":"2026-09-13","link":"https://www.economist.com/interactive/graphic-detail/ukraine-fires","category":"Fire classified as war-related (model estimate)","side":"Not attributed","color":"#FF8C00","radius":3,"orbat":[],"description":"Satellite heat detection at 01:11 UTC, in an area of abnormal fire activity. Urban area."}},{"type":"Feature","geometry":{"type":"Point","coordinates":[33.9982,46.67658]},"properties":{"source":"economist_fires","source_name":"The Economist war-fire model","source_url":"https://github.com/TheEconomist/the-economist-war-fire-model","id":68,"date":"2026-09-13","link":"https://www.economist.com/interactive/graphic-detail/ukraine-fires","category":"Fire classified as war-related (model estimate)","side":"Not attributed","color":"#FF8C00","radius":3,"orbat":[],"description":"Satellite heat detection at 10:21 UTC, in an area days after abnormal fire activity. Urban area."}},{"type":"Feature","geometry":{"type":"Point","coordinates":[33.99642,46.69823]},"properties":{"source":"economist_fires","source_name":"The Economist war-fire model","source_url":"https://github.com/TheEconomist/the-economist-war-fire-model","id":69,"date":"2026-09-13","link":"https://www.economist.com/interactive/graphic-detail/ukraine-fires","category":"Fire classified as war-related (model estimate)","side":"Not attributed","color":"#FF8C00","radius":3,"orbat":[],"description":"Satellite heat detection at 10:58 UTC, in an area of abnormal fire activity. Urban area."}},{"type":"Feature","geometry":{"type":"Point","coordinates":[33.97643,46.67846]},"properties":{"source":"economist_fires","source_name":"The Economist war-fire model","source_url":"https://github.com/TheEconomist/the-economist-war-fire-model","id":70,"date":"2026-09-13","link":"https://www.economist.com/interactive/graphic-detail/ukraine-fires","category":"Fire classified as war-related (model estimate)","side":"Not attributed","color":"#FF8C00","radius":3,"orbat":[],"description":"Satellite heat detection at 11:15 UTC, in an area days after abnormal fire activity. Urban area."}},{"type":"Feature","geometry":{"type":"Point","coordinates":[33.99458,46.69824]},"properties":{"source":"economist_fires","source_name":"The Economist war-fire model","source_url":"https://github.com/TheEconomist/the-economist-war-fire-model","id":71,"date":"2026-09-13","link":"https://www.economist.com/interactive/graphic-detail/ukraine-fires","category":"Fire classified as war-related (model estimate)","side":"Not attributed","color":"#FF8C00","radius":3,"orbat":[],"description":"Satellite heat detection at 11:15 UTC, in an area days after abnormal fire activity. Urban area."}},{"type":"Feature","geometry":{"type":"Point","coordinates":[34.0267,46.72633]},"properties":{"source":"economist_fires","source_name":"The Economist war-fire model","source_url":"https://github.com/TheEconomist/the-economist-war-fire-model","id":72,"date":"2026-09-13","link":"https://www.economist.com/interactive/graphic-detail/ukraine-fires","category":"Fire classified as war-related (model estimate)","side":"Not attributed","color":"#FF8C00","radius":3,"orbat":[],"description":"Satellite heat detection at 18:21 UTC, in an area days after abnormal fire activity. Urban area."}},{"type":"Feature","geometry":{"type":"Point","coordinates":[33.96024,46.90951]},"properties":{"source":"economist_fires","source_name":"The Economist war-fire model","source_url":"https://github.com/TheEconomist/the-economist-war-fire-model","id":73,"date":"2026-09-13","link":"https://www.economist.com/interactive/graphic-detail/ukraine-fires","category":"Fire classified as war-related (model estimate)","side":"Not attributed","color":"#FF8C00","radius":3,"orbat":[],"description":"Satellite heat detection at 10:58 UTC, in an area days after abnormal fire activity. Urban area."}},{"type":"Feature","geometry":{"type":"Point","coordinates":[33.96402,46.90083]},"properties":{"source":"economist_fires","source_name":"The Economist war-fire model","source_url":"https://github.com/TheEconomist/the-economist-war-fire-model","id":74,"date":"2026-09-13","link":"https://www.economist.com/interactive/graphic-detail/ukraine-fires","category":"Fire classified as war-related (model estimate)","side":"Not attributed","color":"#FF8C00","radius":3,"orbat":[],"description":"Satellite heat detection at 12:49 UTC, in an area days after abnormal fire activity. Urban area."}},{"type":"Feature","geometry":{"type":"Point","coordinates":[33.97232,46.89288]},"properties":{"source":"economist_fires","source_name":"The Economist war-fire model","source_url":"https://github.com/TheEconomist/the-economist-war-fire-model","id":75,"date":"2026-09-13","link":"https://www.economist.com/interactive/graphic-detail/ukraine-fires","category":"Fire classified as war-related (model estimate)","side":"Not attributed","color":"#FF8C00","radius":3,"orbat":[],"description":"Satellite heat detection at 23:31 UTC, in an area days after abnormal fire activity. Urban area."}},{"type":"Feature","geometry":{"type":"Point","coordinates":[34.03236,52.18319]},"properties":{"source":"economist_fires","source_name":"The Economist war-fire model","source_url":"https://github.com/TheEconomist/the-economist-war-fire-model","id":76,"date":"2026-09-13","link":"https://www.economist.com/interactive/graphic-detail/ukraine-fires","category":"Fire classified as war-related (model estimate)","side":"Not attributed","color":"#FF8C00","radius":3,"orbat":[],"description":"Satellite heat detection at 12:49 UTC, in an area days after abnormal fire activity. Urban area."}},{"type":"Feature","geometry":{"type":"Point","coordinates":[34.13818,46.61178]},"properties":{"source":"economist_fires","source_name":"The Economist war-fire model","source_url":"https://github.com/TheEconomist/the-economist-war-fire-model","id":77,"date":"2026-09-13","link":"https://www.economist.com/interactive/graphic-detail/ukraine-fires","category":"Fire classified as war-related (model estimate)","side":"Not attributed","color":"#FF8C00","radius":3,"orbat":[],"description":"Satellite heat detection at 12:49 UTC, in an area days after abnormal fire activity. Urban area."}},{"type":"Feature","geometry":{"type":"Point","coordinates":[34.14804,46.62225]},"properties":{"source":"economist_fires","source_name":"The Economist war-fire model","source_url":"https://github.com/TheEconomist/the-economist-war-fire-model","id":78,"date":"2026-09-13","link":"https://www.economist.com/interactive/graphic-detail/ukraine-fires","category":"Fire classified as war-related (model estimate)","side":"Not attributed","color":"#FF8C00","radius":3,"orbat":[],"description":"Satellite heat detection at 12:49 UTC, in an area days after abnormal fire activity. Urban area."}},{"type":"Feature","geometry":{"type":"Point","coordinates":[34.07552,46.6939]},"properties":{"source":"economist_fires","source_name":"The Economist war-fire model","source_url":"https://github.com/TheEconomist/the-economist-war-fire-model","id":79,"date":"2026-09-13","link":"https://www.economist.com/interactive/graphic-detail/ukraine-fires","category":"Fire classified as war-related (model estimate)","side":"Not attributed","color":"#FF8C00","radius":3,"orbat":[],"description":"Satellite heat detection at 10:21 UTC, in an area days after abnormal fire activity. Urban area."}},{"type":"Feature","geometry":{"type":"Point","coordinates":[34.24622,47.20624]},"properties":{"source":"economist_fires","source_name":"The Economist war-fire model","source_url":"https://github.com/TheEconomist/the-economist-war-fire-model","id":80,"date":"2026-09-13","link":"https://www.economist.com/interactive/graphic-detail/ukraine-fires","category":"Fire classified as war-related (model estimate)","side":"Not attributed","color":"#FF8C00","radius":3,"orbat":[],"description":"Satellite heat detection at 10:58 UTC, in an area days after abnormal fire activity. Urban area."}},{"type":"Feature","geometry":{"type":"Point","coordinates":[34.34703,46.68101]},"properties":{"source":"economist_fires","source_name":"The Economist war-fire model","source_url":"https://github.com/TheEconomist/the-economist-war-fire-model","id":81,"date":"2026-09-13","link":"https://www.economist.com/interactive/graphic-detail/ukraine-fires","category":"Fire classified as war-related (model estimate)","side":"Not attributed","color":"#FF8C00","radius":3,"orbat":[],"description":"Satellite heat detection at 00:37 UTC, in an area of abnormal fire activity. Urban area."}},{"type":"Feature","geometry":{"type":"Point","coordinates":[34.34294,46.68215]},"properties":{"source":"economist_fires","source_name":"The Economist war-fire model","source_url":"https://github.com/TheEconomist/the-economist-war-fire-model","id":82,"date":"2026-09-13","link":"https://www.economist.com/interactive/graphic-detail/ukraine-fires","category":"Fire classified as war-related (model estimate)","side":"Not attributed","color":"#FF8C00","radius":3,"orbat":[],"description":"Satellite heat detection at 00:37 UTC, in an area of abnormal fire activity. Urban area."}},{"type":"Feature","geometry":{"type":"Point","coordinates":[34.34578,46.6869]},"properties":{"source":"economist_fires","source_name":"The Economist war-fire model","source_url":"https://github.com/TheEconomist/the-economist-war-fire-model","id":83,"date":"2026-09-13","link":"https://www.economist.com/interactive/graphic-detail/ukraine-fires","category":"Fire classified as war-related (model estimate)","side":"Not attributed","color":"#FF8C00","radius":3,"orbat":[],"description":"Satellite heat detection at 00:37 UTC, in an area of abnormal fire activity. Urban area."}},{"type":"Feature","geometry":{"type":"Point","coordinates":[34.32522,46.71345]},"properties":{"source":"economist_fires","source_name":"The Economist war-fire model","source_url":"https://github.com/TheEconomist/the-economist-war-fire-model","id":84,"date":"2026-09-13","link":"https://www.economist.com/interactive/graphic-detail/ukraine-fires","category":"Fire classified as war-related (model estimate)","side":"Not attributed","color":"#FF8C00","radius":3,"orbat":[],"description":"Satellite heat detection at 00:37 UTC, in an area of abnormal fire activity. Urban area."}},{"type":"Feature","geometry":{"type":"Point","coordinates":[34.32116,46.7146]},"properties":{"source":"economist_fires","source_name":"The Economist war-fire model","source_url":"https://github.com/TheEconomist/the-economist-war-fire-model","id":85,"date":"2026-09-13","link":"https://www.economist.com/interactive/graphic-detail/ukraine-fires","category":"Fire classified as war-related (model estimate)","side":"Not attributed","color":"#FF8C00","radius":3,"orbat":[],"description":"Satellite heat detection at 00:37 UTC, in an area of abnormal fire activity. Urban area."}},{"type":"Feature","geometry":{"type":"Point","coordinates":[34.3246,46.71491]},"properties":{"source":"economist_fires","source_name":"The Economist war-fire model","source_url":"https://github.com/TheEconomist/the-economist-war-fire-model","id":86,"date":"2026-09-13","link":"https://www.economist.com/interactive/graphic-detail/ukraine-fires","category":"Fire classified as war-related (model estimate)","side":"Not attributed","color":"#FF8C00","radius":3,"orbat":[],"description":"Satellite heat detection at 00:37 UTC, in an area of abnormal fire activity. Urban area."}},{"type":"Feature","geometry":{"type":"Point","coordinates":[34.34418,46.68178]},"properties":{"source":"economist_fires","source_name":"The Economist war-fire model","source_url":"https://github.com/TheEconomist/the-economist-war-fire-model","id":87,"date":"2026-09-13","link":"https://www.economist.com/interactive/graphic-detail/ukraine-fires","category":"Fire classified as war-related (model estimate)","side":"Not attributed","color":"#FF8C00","radius":3,"orbat":[],"description":"Satellite heat detection at 01:11 UTC, in an area of abnormal fire activity. Urban area."}},{"type":"Feature","geometry":{"type":"Point","coordinates":[34.34655,46.70996]},"properties":{"source":"economist_fires","source_name":"The Economist war-fire model","source_url":"https://github.com/TheEconomist/the-economist-war-fire-model","id":88,"date":"2026-09-13","link":"https://www.economist.com/interactive/graphic-detail/ukraine-fires","category":"Fire classified as war-related (model estimate)","side":"Not attributed","color":"#FF8C00","radius":3,"orbat":[],"description":"Satellite heat detection at 10:21 UTC, in an area of abnormal fire activity. Urban area."}},{"type":"Feature","geometry":{"type":"Point","coordinates":[34.34652,46.68316]},"properties":{"source":"economist_fires","source_name":"The Economist war-fire model","source_url":"https://github.com/TheEconomist/the-economist-war-fire-model","id":89,"date":"2026-09-13","link":"https://www.economist.com/interactive/graphic-detail/ukraine-fires","category":"Fire classified as war-related (model estimate)","side":"Not attributed","color":"#FF8C00","radius":3,"orbat":[],"description":"Satellite heat detection at 10:58 UTC, in an area of abnormal fire activity. Urban area."}},{"type":"Feature","geometry":{"type":"Point","coordinates":[34.2943,46.70227]},"properties":{"source":"economist_fires","source_name":"The Economist war-fire model","source_url":"https://github.com/TheEconomist/the-economist-war-fire-model","id":90,"date":"2026-09-13","link":"https://www.economist.com/interactive/graphic-detail/ukraine-fires","category":"Fire classified as war-related (model estimate)","side":"Not attributed","color":"#FF8C00","radius":3,"orbat":[],"description":"Satellite heat detection at 10:58 UTC, in an area of abnormal fire activity. Urban area."}},{"type":"Feature","geometry":{"type":"Point","coordinates":[34.34606,46.70851]},"properties":{"source":"economist_fires","source_name":"The Economist war-fire model","source_url":"https://github.com/TheEconomist/the-economist-war-fire-model","id":91,"date":"2026-09-13","link":"https://www.economist.com/interactive/graphic-detail/ukraine-fires","category":"Fire classified as war-related (model estimate)","side":"Not attributed","color":"#FF8C00","radius":3,"orbat":[],"description":"Satellite heat detection at 10:58 UTC, in an area of abnormal fire activity. Urban area."}},{"type":"Feature","geometry":{"type":"Point","coordinates":[34.34824,46.70673]},"properties":{"source":"economist_fires","source_name":"The Economist war-fire model","source_url":"https://github.com/TheEconomist/the-economist-war-fire-model","id":92,"date":"2026-09-13","link":"https://www.economist.com/interactive/graphic-detail/ukraine-fires","category":"Fire classified as war-related (model estimate)","side":"Not attributed","color":"#FF8C00","radius":3,"orbat":[],"description":"Satellite heat detection at 11:15 UTC, in an area of abnormal fire activity. Urban area."}},{"type":"Feature","geometry":{"type":"Point","coordinates":[34.34763,46.71141]},"properties":{"source":"economist_fires","source_name":"The Economist war-fire model","source_url":"https://github.com/TheEconomist/the-economist-war-fire-model","id":93,"date":"2026-09-13","link":"https://www.economist.com/interactive/graphic-detail/ukraine-fires","category":"Fire classified as war-related (model estimate)","side":"Not attributed","color":"#FF8C00","radius":3,"orbat":[],"description":"Satellite heat detection at 11:15 UTC, in an area of abnormal fire activity. Urban area."}},{"type":"Feature","geometry":{"type":"Point","coordinates":[34.2951,47.05674]},"properties":{"source":"economist_fires","source_name":"The Economist war-fire model","source_url":"https://github.com/TheEconomist/the-economist-war-fire-model","id":94,"date":"2026-09-13","link":"https://www.economist.com/interactive/graphic-detail/ukraine-fires","category":"Fire classified as war-related (model estimate)","side":"Not attributed","color":"#FF8C00","radius":3,"orbat":[],"description":"Satellite heat detection at 09:37 UTC, in an area days after abnormal fire activity. Urban area."}},{"type":"Feature","geometry":{"type":"Point","coordinates":[34.29713,47.05735]},"properties":{"source":"economist_fires","source_name":"The Economist war-fire model","source_url":"https://github.com/TheEconomist/the-economist-war-fire-model","id":95,"date":"2026-09-13","link":"https://www.economist.com/interactive/graphic-detail/ukraine-fires","category":"Fire classified as war-related (model estimate)","side":"Not attributed","color":"#FF8C00","radius":3,"orbat":[],"description":"Satellite heat detection at 09:37 UTC, in an area days after abnormal fire activity. Urban area."}},{"type":"Feature","geometry":{"type":"Point","coordinates":[34.34062,47.23928]},"properties":{"source":"economist_fires","source_name":"The Economist war-fire model","source_url":"https://github.com/TheEconomist/the-economist-war-fire-model","id":96,"date":"2026-09-13","link":"https://www.economist.com/interactive/graphic-detail/ukraine-fires","category":"Fire classified as war-related (model estimate)","side":"Not attributed","color":"#FF8C00","radius":3,"orbat":[],"description":"Satellite heat detection at 10:58 UTC, in an area days after abnormal fire activity. Urban area."}},{"type":"Feature","geometry":{"type":"Point","coordinates":[34.25136,47.20457]},"properties":{"source":"economist_fires","source_name":"The Economist war-fire model","source_url":"https://github.com/TheEconomist/the-economist-war-fire-model","id":97,"date":"2026-09-13","link":"https://www.economist.com/interactive/graphic-detail/ukraine-fires","category":"Fire classified as war-related (model estimate)","side":"Not attributed","color":"#FF8C00","radius":3,"orbat":[],"description":"Satellite heat detection at 11:17 UTC, in an area days after abnormal fire activity. Urban area."}},{"type":"Feature","geometry":{"type":"Point","coordinates":[34.2502,47.20617]},"properties":{"source":"economist_fires","source_name":"The Economist war-fire model","source_url":"https://github.com/TheEconomist/the-economist-war-fire-model","id":98,"date":"2026-09-13","link":"https://www.economist.com/interactive/graphic-detail/ukraine-fires","category":"Fire classified as war-related (model estimate)","side":"Not attributed","color":"#FF8C00","radius":3,"orbat":[],"description":"Satellite heat detection at 11:17 UTC, in an area days after abnormal fire activity. Urban area."}},{"type":"Feature","geometry":{"type":"Point","coordinates":[34.37205,47.09231]},"properties":{"source":"economist_fires","source_name":"The Economist war-fire model","source_url":"https://github.com/TheEconomist/the-economist-war-fire-model","id":99,"date":"2026-09-13","link":"https://www.economist.com/interactive/graphic-detail/ukraine-fires","category":"Fire classified as war-related (model estimate)","side":"Not attributed","color":"#FF8C00","radius":3,"orbat":[],"description":"Satellite heat detection at 09:37 UTC, in an area days after abnormal fire activity. Urban area."}},{"type":"Feature","geometry":{"type":"Point","coordinates":[34.3688,47.09742]},"properties":{"source":"economist_fires","source_name":"The Economist war-fire model","source_url":"https://github.com/TheEconomist/the-economist-war-fire-model","id":100,"date":"2026-09-13","link":"https://www.economist.com/interactive/graphic-detail/ukraine-fires","category":"Fire classified as war-related (model estimate)","side":"Not attributed","color":"#FF8C00","radius":3,"orbat":[],"description":"Satellite heat detection at 09:37 UTC, in an area days after abnormal fire activity. Urban area."}},{"type":"Feature","geometry":{"type":"Point","coordinates":[34.37246,47.09539]},"properties":{"source":"economist_fires","source_name":"The Economist war-fire model","source_url":"https://github.com/TheEconomist/the-economist-war-fire-model","id":101,"date":"2026-09-13","link":"https://www.economist.com/interactive/graphic-detail/ukraine-fires","category":"Fire classified as war-related (model estimate)","side":"Not attributed","color":"#FF8C00","radius":3,"orbat":[],"description":"Satellite heat detection at 10:21 UTC, in an area days after abnormal fire activity. Urban area."}},{"type":"Feature","geometry":{"type":"Point","coordinates":[34.4061,47.89396]},"properties":{"source":"economist_fires","source_name":"The Economist war-fire model","source_url":"https://github.com/TheEconomist/the-economist-war-fire-model","id":102,"date":"2026-09-13","link":"https://www.economist.com/interactive/graphic-detail/ukraine-fires","category":"Fire classified as war-related (model estimate)","side":"Not attributed","color":"#FF8C00","radius":3,"orbat":[],"description":"Satellite heat detection at 00:35 UTC, in an area days after abnormal fire activity. Urban area."}},{"type":"Feature","geometry":{"type":"Point","coordinates":[34.40536,47.89579]},"properties":{"source":"economist_fires","source_name":"The Economist war-fire model","source_url":"https://github.com/TheEconomist/the-economist-war-fire-model","id":103,"date":"2026-09-13","link":"https://www.economist.com/interactive/graphic-detail/ukraine-fires","category":"Fire classified as war-related (model estimate)","side":"Not attributed","color":"#FF8C00","radius":3,"orbat":[],"description":"Satellite heat detection at 01:11 UTC, in an area days after abnormal fire activity. Urban area."}},{"type":"Feature","geometry":{"type":"Point","coordinates":[34.40865,47.89117]},"properties":{"source":"economist_fires","source_name":"The Economist war-fire model","source_url":"https://github.com/TheEconomist/the-economist-war-fire-model","id":104,"date":"2026-09-13","link":"https://www.economist.com/interactive/graphic-detail/ukraine-fires","category":"Fire classified as war-related (model estimate)","side":"Not attributed","color":"#FF8C00","radius":3,"orbat":[],"description":"Satellite heat detection at 07:14 UTC, in an area days after abnormal fire activity. Urban area."}},{"type":"Feature","geometry":{"type":"Point","coordinates":[34.41441,47.89153]},"properties":{"source":"economist_fires","source_name":"The Economist war-fire model","source_url":"https://github.com/TheEconomist/the-economist-war-fire-model","id":105,"date":"2026-09-13","link":"https://www.economist.com/interactive/graphic-detail/ukraine-fires","category":"Fire classified as war-related (model estimate)","side":"Not attributed","color":"#FF8C00","radius":3,"orbat":[],"description":"Satellite heat detection at 07:14 UTC, in an area days after abnormal fire activity. Urban area."}},{"type":"Feature","geometry":{"type":"Point","coordinates":[34.39828,47.89454]},"properties":{"source":"economist_fires","source_name":"The Economist war-fire model","source_url":"https://github.com/TheEconomist/the-economist-war-fire-model","id":106,"date":"2026-09-13","link":"https://www.economist.com/interactive/graphic-detail/ukraine-fires","category":"Fire classified as war-related (model estimate)","side":"Not attributed","color":"#FF8C00","radius":3,"orbat":[],"description":"Satellite heat detection at 07:14 UTC, in an area days after abnormal fire activity. Urban area."}},{"type":"Feature","geometry":{"type":"Point","coordinates":[34.40916,47.89508]},"properties":{"source":"economist_fires","source_name":"The Economist war-fire model","source_url":"https://github.com/TheEconomist/the-economist-war-fire-model","id":107,"date":"2026-09-13","link":"https://www.economist.com/interactive/graphic-detail/ukraine-fires","category":"Fire classified as war-related (model estimate)","side":"Not attributed","color":"#FF8C00","radius":3,"orbat":[],"description":"Satellite heat detection at 09:39 UTC, in an area days after abnormal fire activity. Urban area."}},{"type":"Feature","geometry":{"type":"Point","coordinates":[34.51736,46.94935]},"properties":{"source":"economist_fires","source_name":"The Economist war-fire model","source_url":"https://github.com/TheEconomist/the-economist-war-fire-model","id":108,"date":"2026-09-13","link":"https://www.economist.com/interactive/graphic-detail/ukraine-fires","category":"Fire classified as war-related (model estimate)","side":"Not attributed","color":"#FF8C00","radius":3,"orbat":[],"description":"Satellite heat detection at 09:17 UTC, in an area days after abnormal fire activity. Urban area."}},{"type":"Feature","geometry":{"type":"Point","coordinates":[34.51125,46.92604]},"properties":{"source":"economist_fires","source_name":"The Economist war-fire model","source_url":"https://github.com/TheEconomist/the-economist-war-fire-model","id":109,"date":"2026-09-13","link":"https://www.economist.com/interactive/graphic-detail/ukraine-fires","category":"Fire classified as war-related (model estimate)","side":"Not attributed","color":"#FF8C00","radius":3,"orbat":[],"description":"Satellite heat detection at 09:37 UTC, in an area days after abnormal fire activity. Urban area."}},{"type":"Feature","geometry":{"type":"Point","coordinates":[34.50801,46.93113]},"properties":{"source":"economist_fires","source_name":"The Economist war-fire model","source_url":"https://github.com/TheEconomist/the-economist-war-fire-model","id":110,"date":"2026-09-13","link":"https://www.economist.com/interactive/graphic-detail/ukraine-fires","category":"Fire classified as war-related (model estimate)","side":"Not attributed","color":"#FF8C00","radius":3,"orbat":[],"description":"Satellite heat detection at 09:37 UTC, in an area days after abnormal fire activity. Urban area."}},{"type":"Feature","geometry":{"type":"Point","coordinates":[34.50836,46.92778]},"properties":{"source":"economist_fires","source_name":"The Economist war-fire model","source_url":"https://github.com/TheEconomist/the-economist-war-fire-model","id":111,"date":"2026-09-13","link":"https://www.economist.com/interactive/graphic-detail/ukraine-fires","category":"Fire classified as war-related (model estimate)","side":"Not attributed","color":"#FF8C00","radius":3,"orbat":[],"description":"Satellite heat detection at 10:21 UTC, in an area days after abnormal fire activity. Urban area."}},{"type":"Feature","geometry":{"type":"Point","coordinates":[34.50594,46.93438]},"properties":{"source":"economist_fires","source_name":"The Economist war-fire model","source_url":"https://github.com/TheEconomist/the-economist-war-fire-model","id":112,"date":"2026-09-13","link":"https://www.economist.com/interactive/graphic-detail/ukraine-fires","category":"Fire classified as war-related (model estimate)","side":"Not attributed","color":"#FF8C00","radius":3,"orbat":[],"description":"Satellite heat detection at 10:21 UTC, in an area days after abnormal fire activity. Urban area."}},{"type":"Feature","geometry":{"type":"Point","coordinates":[34.50806,46.92807]},"properties":{"source":"economist_fires","source_name":"The Economist war-fire model","source_url":"https://github.com/TheEconomist/the-economist-war-fire-model","id":113,"date":"2026-09-13","link":"https://www.economist.com/interactive/graphic-detail/ukraine-fires","category":"Fire classified as war-related (model estimate)","side":"Not attributed","color":"#FF8C00","radius":3,"orbat":[],"description":"Satellite heat detection at 11:15 UTC, in an area days after abnormal fire activity. Urban area."}},{"type":"Feature","geometry":{"type":"Point","coordinates":[34.51542,46.95068]},"properties":{"source":"economist_fires","source_name":"The Economist war-fire model","source_url":"https://github.com/TheEconomist/the-economist-war-fire-model","id":114,"date":"2026-09-13","link":"https://www.economist.com/interactive/graphic-detail/ukraine-fires","category":"Fire classified as war-related (model estimate)","side":"Not attributed","color":"#FF8C00","radius":3,"orbat":[],"description":"Satellite heat detection at 09:17 UTC, in an area of abnormal fire activity. Urban area."}},{"type":"Feature","geometry":{"type":"Point","coordinates":[34.52427,46.95396]},"properties":{"source":"economist_fires","source_name":"The Economist war-fire model","source_url":"https://github.com/TheEconomist/the-economist-war-fire-model","id":115,"date":"2026-09-13","link":"https://www.economist.com/interactive/graphic-detail/ukraine-fires","category":"Fire classified as war-related (model estimate)","side":"Not attributed","color":"#FF8C00","radius":3,"orbat":[],"description":"Satellite heat detection at 09:17 UTC, in an area of abnormal fire activity. Urban area."}},{"type":"Feature","geometry":{"type":"Point","coordinates":[34.51239,46.95563]},"properties":{"source":"economist_fires","source_name":"The Economist war-fire model","source_url":"https://github.com/TheEconomist/the-economist-war-fire-model","id":116,"date":"2026-09-13","link":"https://www.economist.com/interactive/graphic-detail/ukraine-fires","category":"Fire classified as war-related (model estimate)","side":"Not attributed","color":"#FF8C00","radius":3,"orbat":[],"description":"Satellite heat detection at 09:17 UTC, in an area of abnormal fire activity. Urban area."}},{"type":"Feature","geometry":{"type":"Point","coordinates":[34.45948,47.03042]},"properties":{"source":"economist_fires","source_name":"The Economist war-fire model","source_url":"https://github.com/TheEconomist/the-economist-war-fire-model","id":117,"date":"2026-09-13","link":"https://www.economist.com/interactive/graphic-detail/ukraine-fires","category":"Fire classified as war-related (model estimate)","side":"Not attributed","color":"#FF8C00","radius":3,"orbat":[],"description":"Satellite heat detection at 09:17 UTC, in an area of abnormal fire activity. Urban area."}},{"type":"Feature","geometry":{"type":"Point","coordinates":[34.46161,47.03432]},"properties":{"source":"economist_fires","source_name":"The Economist war-fire model","source_url":"https://github.com/TheEconomist/the-economist-war-fire-model","id":118,"date":"2026-09-13","link":"https://www.economist.com/interactive/graphic-detail/ukraine-fires","category":"Fire classified as war-related (model estimate)","side":"Not attributed","color":"#FF8C00","radius":3,"orbat":[],"description":"Satellite heat detection at 09:17 UTC, in an area of abnormal fire activity. Urban area."}},{"type":"Feature","geometry":{"type":"Point","coordinates":[34.52267,46.95374]},"properties":{"source":"economist_fires","source_name":"The Economist war-fire model","source_url":"https://github.com/TheEconomist/the-economist-war-fire-model","id":119,"date":"2026-09-13","link":"https://www.economist.com/interactive/graphic-detail/ukraine-fires","category":"Fire classified as war-related (model estimate)","side":"Not attributed","color":"#FF8C00","radius":3,"orbat":[],"description":"Satellite heat detection at 09:37 UTC, in an area of abnormal fire activity. Urban area."}},{"type":"Feature","geometry":{"type":"Point","coordinates":[34.46255,47.02779]},"properties":{"source":"economist_fires","source_name":"The Economist war-fire model","source_url":"https://github.com/TheEconomist/the-economist-war-fire-model","id":120,"date":"2026-09-13","link":"https://www.economist.com/interactive/graphic-detail/ukraine-fires","category":"Fire classified as war-related (model estimate)","side":"Not attributed","color":"#FF8C00","radius":3,"orbat":[],"description":"Satellite heat detection at 09:37 UTC, in an area of abnormal fire activity. Urban area."}},{"type":"Feature","geometry":{"type":"Point","coordinates":[34.52042,46.95442]},"properties":{"source":"economist_fires","source_name":"The Economist war-fire model","source_url":"https://github.com/TheEconomist/the-economist-war-fire-model","id":121,"date":"2026-09-13","link":"https://www.economist.com/interactive/graphic-detail/ukraine-fires","category":"Fire classified as war-related (model estimate)","side":"Not attributed","color":"#FF8C00","radius":3,"orbat":[],"description":"Satellite heat detection at 10:21 UTC, in an area of abnormal fire activity. Urban area."}},{"type":"Feature","geometry":{"type":"Point","coordinates":[34.51921,46.95771]},"properties":{"source":"economist_fires","source_name":"The Economist war-fire model","source_url":"https://github.com/TheEconomist/the-economist-war-fire-model","id":122,"date":"2026-09-13","link":"https://www.economist.com/interactive/graphic-detail/ukraine-fires","category":"Fire classified as war-related (model estimate)","side":"Not attributed","color":"#FF8C00","radius":3,"orbat":[],"description":"Satellite heat detection at 10:21 UTC, in an area of abnormal fire activity. Urban area."}},{"type":"Feature","geometry":{"type":"Point","coordinates":[34.54343,46.95838]},"properties":{"source":"economist_fires","source_name":"The Economist war-fire model","source_url":"https://github.com/TheEconomist/the-economist-war-fire-model","id":123,"date":"2026-09-13","link":"https://www.economist.com/interactive/graphic-detail/ukraine-fires","category":"Fire classified as war-related (model estimate)","side":"Not attributed","color":"#FF8C00","radius":3,"orbat":[],"description":"Satellite heat detection at 10:58 UTC, in an area of abnormal fire activity. Urban area."}},{"type":"Feature","geometry":{"type":"Point","coordinates":[34.51808,46.9627]},"properties":{"source":"economist_fires","source_name":"The Economist war-fire model","source_url":"https://github.com/TheEconomist/the-economist-war-fire-model","id":124,"date":"2026-09-13","link":"https://www.economist.com/interactive/graphic-detail/ukraine-fires","category":"Fire classified as war-related (model estimate)","side":"Not attributed","color":"#FF8C00","radius":3,"orbat":[],"description":"Satellite heat detection at 10:58 UTC, in an area of abnormal fire activity. Urban area."}},{"type":"Feature","geometry":{"type":"Point","coordinates":[34.45187,47.02618]},"properties":{"source":"economist_fires","source_name":"The Economist war-fire model","source_url":"https://github.com/TheEconomist/the-economist-war-fire-model","id":125,"date":"2026-09-13","link":"https://www.economist.com/interactive/graphic-detail/ukraine-fires","category":"Fire classified as war-related (model estimate)","side":"Not attributed","color":"#FF8C00","radius":3,"orbat":[],"description":"Satellite heat detection at 10:58 UTC, in an area of abnormal fire activity. Urban area."}},{"type":"Feature","geometry":{"type":"Point","coordinates":[34.51811,46.96691]},"properties":{"source":"economist_fires","source_name":"The Economist war-fire model","source_url":"https://github.com/TheEconomist/the-economist-war-fire-model","id":126,"date":"2026-09-13","link":"https://www.economist.com/interactive/graphic-detail/ukraine-fires","category":"Fire classified as war-related (model estimate)","side":"Not attributed","color":"#FF8C00","radius":3,"orbat":[],"description":"Satellite heat detection at 11:15 UTC, in an area of abnormal fire activity. Urban area."}},{"type":"Feature","geometry":{"type":"Point","coordinates":[34.45686,47.03835]},"properties":{"source":"economist_fires","source_name":"The Economist war-fire model","source_url":"https://github.com/TheEconomist/the-economist-war-fire-model","id":127,"date":"2026-09-13","link":"https://www.economist.com/interactive/graphic-detail/ukraine-fires","category":"Fire classified as war-related (model estimate)","side":"Not attributed","color":"#FF8C00","radius":3,"orbat":[],"description":"Satellite heat detection at 12:49 UTC, in an area of abnormal fire activity. Urban area."}},{"type":"Feature","geometry":{"type":"Point","coordinates":[34.4696,47.04015]},"properties":{"source":"economist_fires","source_name":"The Economist war-fire model","source_url":"https://github.com/TheEconomist/the-economist-war-fire-model","id":128,"date":"2026-09-13","link":"https://www.economist.com/interactive/graphic-detail/ukraine-fires","category":"Fire classified as war-related (model estimate)","side":"Not attributed","color":"#FF8C00","radius":3,"orbat":[],"description":"Satellite heat detection at 12:49 UTC, in an area of abnormal fire activity. Urban area."}},{"type":"Feature","geometry":{"type":"Point","coordinates":[34.48235,47.04196]},"properties":{"source":"economist_fires","source_name":"The Economist war-fire model","source_url":"https://github.com/TheEconomist/the-economist-war-fire-model","id":129,"date":"2026-09-13","link":"https://www.economist.com/interactive/graphic-detail/ukraine-fires","category":"Fire classified as war-related (model estimate)","side":"Not attributed","color":"#FF8C00","radius":3,"orbat":[],"description":"Satellite heat detection at 12:49 UTC, in an area of abnormal fire activity. Urban area."}},{"type":"Feature","geometry":{"type":"Point","coordinates":[34.5723,46.93748]},"properties":{"source":"economist_fires","source_name":"The Economist war-fire model","source_url":"https://github.com/TheEconomist/the-economist-war-fire-model","id":130,"date":"2026-09-13","link":"https://www.economist.com/interactive/graphic-detail/ukraine-fires","category":"Fire classified as war-related (model estimate)","side":"Not attributed","color":"#FF8C00","radius":3,"orbat":[],"description":"Satellite heat detection at 09:17 UTC, in an area of abnormal fire activity. Urban area."}},{"type":"Feature","geometry":{"type":"Point","coordinates":[34.57067,46.93872]},"properties":{"source":"economist_fires","source_name":"The Economist war-fire model","source_url":"https://github.com/TheEconomist/the-economist-war-fire-model","id":131,"date":"2026-09-13","link":"https://www.economist.com/interactive/graphic-detail/ukraine-fires","category":"Fire classified as war-related (model estimate)","side":"Not attributed","color":"#FF8C00","radius":3,"orbat":[],"description":"Satellite heat detection at 09:17 UTC, in an area of abnormal fire activity. Urban area."}},{"type":"Feature","geometry":{"type":"Point","coordinates":[34.57454,46.94504]},"properties":{"source":"economist_fires","source_name":"The Economist war-fire model","source_url":"https://github.com/TheEconomist/the-economist-war-fire-model","id":132,"date":"2026-09-13","link":"https://www.economist.com/interactive/graphic-detail/ukraine-fires","category":"Fire classified as war-related (model estimate)","side":"Not attributed","color":"#FF8C00","radius":3,"orbat":[],"description":"Satellite heat detection at 09:37 UTC, in an area of abnormal fire activity. Urban area."}},{"type":"Feature","geometry":{"type":"Point","coordinates":[34.57389,46.94267]},"properties":{"source":"economist_fires","source_name":"The Economist war-fire model","source_url":"https://github.com/TheEconomist/the-economist-war-fire-model","id":133,"date":"2026-09-13","link":"https://www.economist.com/interactive/graphic-detail/ukraine-fires","category":"Fire classified as war-related (model estimate)","side":"Not attributed","color":"#FF8C00","radius":3,"orbat":[],"description":"Satellite heat detection at 10:21 UTC, in an area of abnormal fire activity. Urban area."}},{"type":"Feature","geometry":{"type":"Point","coordinates":[34.57515,46.96298]},"properties":{"source":"economist_fires","source_name":"The Economist war-fire model","source_url":"https://github.com/TheEconomist/the-economist-war-fire-model","id":134,"date":"2026-09-13","link":"https://www.economist.com/interactive/graphic-detail/ukraine-fires","category":"Fire classified as war-related (model estimate)","side":"Not attributed","color":"#FF8C00","radius":3,"orbat":[],"description":"Satellite heat detection at 09:17 UTC, in an area days after abnormal fire activity. Urban area."}},{"type":"Feature","geometry":{"type":"Point","coordinates":[34.57942,46.96465]},"properties":{"source":"economist_fires","source_name":"The Economist war-fire model","source_url":"https://github.com/TheEconomist/the-economist-war-fire-model","id":135,"date":"2026-09-13","link":"https://www.economist.com/interactive/graphic-detail/ukraine-fires","category":"Fire classified as war-related (model estimate)","side":"Not attributed","color":"#FF8C00","radius":3,"orbat":[],"description":"Satellite heat detection at 09:37 UTC, in an area days after abnormal fire activity. Urban area."}},{"type":"Feature","geometry":{"type":"Point","coordinates":[34.58427,46.9661]},"properties":{"source":"economist_fires","source_name":"The Economist war-fire model","source_url":"https://github.com/TheEconomist/the-economist-war-fire-model","id":136,"date":"2026-09-13","link":"https://www.economist.com/interactive/graphic-detail/ukraine-fires","category":"Fire classified as war-related (model estimate)","side":"Not attributed","color":"#FF8C00","radius":3,"orbat":[],"description":"Satellite heat detection at 09:37 UTC, in an area days after abnormal fire activity. Urban area."}},{"type":"Feature","geometry":{"type":"Point","coordinates":[34.5769,46.9642]},"properties":{"source":"economist_fires","source_name":"The Economist war-fire model","source_url":"https://github.com/TheEconomist/the-economist-war-fire-model","id":137,"date":"2026-09-13","link":"https://www.economist.com/interactive/graphic-detail/ukraine-fires","category":"Fire classified as war-related (model estimate)","side":"Not attributed","color":"#FF8C00","radius":3,"orbat":[],"description":"Satellite heat detection at 10:21 UTC, in an area days after abnormal fire activity. Urban area."}},{"type":"Feature","geometry":{"type":"Point","coordinates":[34.57889,46.96257]},"properties":{"source":"economist_fires","source_name":"The Economist war-fire model","source_url":"https://github.com/TheEconomist/the-economist-war-fire-model","id":138,"date":"2026-09-13","link":"https://www.economist.com/interactive/graphic-detail/ukraine-fires","category":"Fire classified as war-related (model estimate)","side":"Not attributed","color":"#FF8C00","radius":3,"orbat":[],"description":"Satellite heat detection at 10:58 UTC, in an area days after abnormal fire activity. Urban area."}},{"type":"Feature","geometry":{"type":"Point","coordinates":[34.5721,46.96543]},"properties":{"source":"economist_fires","source_name":"The Economist war-fire model","source_url":"https://github.com/TheEconomist/the-economist-war-fire-model","id":139,"date":"2026-09-13","link":"https://www.economist.com/interactive/graphic-detail/ukraine-fires","category":"Fire classified as war-related (model estimate)","side":"Not attributed","color":"#FF8C00","radius":3,"orbat":[],"description":"Satellite heat detection at 10:58 UTC, in an area days after abnormal fire activity. Urban area."}},{"type":"Feature","geometry":{"type":"Point","coordinates":[34.57801,46.96613]},"properties":{"source":"economist_fires","source_name":"The Economist war-fire model","source_url":"https://github.com/TheEconomist/the-economist-war-fire-model","id":140,"date":"2026-09-13","link":"https://www.economist.com/interactive/graphic-detail/ukraine-fires","category":"Fire classified as war-related (model estimate)","side":"Not attributed","color":"#FF8C00","radius":3,"orbat":[],"description":"Satellite heat detection at 10:58 UTC, in an area days after abnormal fire activity. Urban area."}},{"type":"Feature","geometry":{"type":"Point","coordinates":[34.57792,46.96578]},"properties":{"source":"economist_fires","source_name":"The Economist war-fire model","source_url":"https://github.com/TheEconomist/the-economist-war-fire-model","id":141,"date":"2026-09-13","link":"https://www.economist.com/interactive/graphic-detail/ukraine-fires","category":"Fire classified as war-related (model estimate)","side":"Not attributed","color":"#FF8C00","radius":3,"orbat":[],"description":"Satellite heat detection at 11:15 UTC, in an area days after abnormal fire activity. Urban area."}},{"type":"Feature","geometry":{"type":"Point","coordinates":[34.58493,46.95616]},"properties":{"source":"economist_fires","source_name":"The Economist war-fire model","source_url":"https://github.com/TheEconomist/the-economist-war-fire-model","id":142,"date":"2026-09-13","link":"https://www.economist.com/interactive/graphic-detail/ukraine-fires","category":"Fire classified as war-related (model estimate)","side":"Not attributed","color":"#FF8C00","radius":3,"orbat":[],"description":"Satellite heat detection at 23:31 UTC, in an area days after abnormal fire activity. Urban area."}},{"type":"Feature","geometry":{"type":"Point","coordinates":[34.58932,47.50238]},"properties":{"source":"economist_fires","source_name":"The Economist war-fire model","source_url":"https://github.com/TheEconomist/the-economist-war-fire-model","id":143,"date":"2026-09-13","link":"https://www.economist.com/interactive/graphic-detail/ukraine-fires","category":"Fire classified as war-related (model estimate)","side":"Not attributed","color":"#FF8C00","radius":3,"orbat":[],"description":"Satellite heat detection at 00:35 UTC, in an area days after abnormal fire activity. Urban area."}},{"type":"Feature","geometry":{"type":"Point","coordinates":[34.59105,47.50147]},"properties":{"source":"economist_fires","source_name":"The Economist war-fire model","source_url":"https://github.com/TheEconomist/the-economist-war-fire-model","id":144,"date":"2026-09-13","link":"https://www.economist.com/interactive/graphic-detail/ukraine-fires","category":"Fire classified as war-related (model estimate)","side":"Not attributed","color":"#FF8C00","radius":3,"orbat":[],"description":"Satellite heat detection at 09:39 UTC, in an area days after abnormal fire activity. Urban area."}},{"type":"Feature","geometry":{"type":"Point","coordinates":[34.59043,47.5015]},"properties":{"source":"economist_fires","source_name":"The Economist war-fire model","source_url":"https://github.com/TheEconomist/the-economist-war-fire-model","id":145,"date":"2026-09-13","link":"https://www.economist.com/interactive/graphic-detail/ukraine-fires","category":"Fire classified as war-related (model estimate)","side":"Not attributed","color":"#FF8C00","radius":3,"orbat":[],"description":"Satellite heat detection at 10:21 UTC, in an area days after abnormal fire activity. Urban area."}},{"type":"Feature","geometry":{"type":"Point","coordinates":[34.70088,46.77162]},"properties":{"source":"economist_fires","source_name":"The Economist war-fire model","source_url":"https://github.com/TheEconomist/the-economist-war-fire-model","id":146,"date":"2026-09-13","link":"https://www.economist.com/interactive/graphic-detail/ukraine-fires","category":"Fire classified as war-related (model estimate)","side":"Not attributed","color":"#FF8C00","radius":3,"orbat":[],"description":"Satellite heat detection at 10:21 UTC, in an area of abnormal fire activity. Urban area."}},{"type":"Feature","geometry":{"type":"Point","coordinates":[34.66686,47.25318]},"properties":{"source":"economist_fires","source_name":"The Economist war-fire model","source_url":"https://github.com/TheEconomist/the-economist-war-fire-model","id":147,"date":"2026-09-13","link":"https://www.economist.com/interactive/graphic-detail/ukraine-fires","category":"Fire classified as war-related (model estimate)","side":"Not attributed","color":"#FF8C00","radius":3,"orbat":[],"description":"Satellite heat detection at 09:17 UTC, in an area of abnormal fire activity. Urban area."}},{"type":"Feature","geometry":{"type":"Point","coordinates":[34.66105,47.25832]},"properties":{"source":"economist_fires","source_name":"The Economist war-fire model","source_url":"https://github.com/TheEconomist/the-economist-war-fire-model","id":148,"date":"2026-09-13","link":"https://www.economist.com/interactive/graphic-detail/ukraine-fires","category":"Fire classified as war-related (model estimate)","side":"Not attributed","color":"#FF8C00","radius":3,"orbat":[],"description":"Satellite heat detection at 10:58 UTC, in an area of abnormal fire activity. Urban area."}},{"type":"Feature","geometry":{"type":"Point","coordinates":[34.92085,46.42514]},"properties":{"source":"economist_fires","source_name":"The Economist war-fire model","source_url":"https://github.com/TheEconomist/the-economist-war-fire-model","id":149,"date":"2026-09-13","link":"https://www.economist.com/interactive/graphic-detail/ukraine-fires","category":"Fire classified as war-related (model estimate)","side":"Not attributed","color":"#FF8C00","radius":3,"orbat":[],"description":"Satellite heat detection at 09:37 UTC, in an area of abnormal fire activity. Urban area."}},{"type":"Feature","geometry":{"type":"Point","coordinates":[34.93044,46.42797]},"properties":{"source":"economist_fires","source_name":"The Economist war-fire model","source_url":"https://github.com/TheEconomist/the-economist-war-fire-model","id":150,"date":"2026-09-13","link":"https://www.economist.com/interactive/graphic-detail/ukraine-fires","category":"Fire classified as war-related (model estimate)","side":"Not attributed","color":"#FF8C00","radius":3,"orbat":[],"description":"Satellite heat detection at 09:37 UTC, in an area of abnormal fire activity. Urban area."}},{"type":"Feature","geometry":{"type":"Point","coordinates":[34.94629,46.79389]},"properties":{"source":"economist_fires","source_name":"The Economist war-fire model","source_url":"https://github.com/TheEconomist/the-economist-war-fire-model","id":151,"date":"2026-09-13","link":"https://www.economist.com/interactive/graphic-detail/ukraine-fires","category":"Fire classified as war-related (model estimate)","side":"Not attributed","color":"#FF8C00","radius":3,"orbat":[],"description":"Satellite heat detection at 09:37 UTC, in an area days after abnormal fire activity. Urban area."}},{"type":"Feature","geometry":{"type":"Point","coordinates":[34.90523,46.78919]},"properties":{"source":"economist_fires","source_name":"The Economist war-fire model","source_url":"https://github.com/TheEconomist/the-economist-war-fire-model","id":152,"date":"2026-09-13","link":"https://www.economist.com/interactive/graphic-detail/ukraine-fires","category":"Fire classified as war-related (model estimate)","side":"Not attributed","color":"#FF8C00","radius":3,"orbat":[],"description":"Satellite heat detection at 10:21 UTC, in an area days after abnormal fire activity. Urban area."}},{"type":"Feature","geometry":{"type":"Point","coordinates":[34.94451,46.78585]},"properties":{"source":"economist_fires","source_name":"The Economist war-fire model","source_url":"https://github.com/TheEconomist/the-economist-war-fire-model","id":153,"date":"2026-09-13","link":"https://www.economist.com/interactive/graphic-detail/ukraine-fires","category":"Fire classified as war-related (model estimate)","side":"Not attributed","color":"#FF8C00","radius":3,"orbat":[],"description":"Satellite heat detection at 11:15 UTC, in an area days after abnormal fire activity. Urban area."}},{"type":"Feature","geometry":{"type":"Point","coordinates":[34.86323,47.18332]},"properties":{"source":"economist_fires","source_name":"The Economist war-fire model","source_url":"https://github.com/TheEconomist/the-economist-war-fire-model","id":154,"date":"2026-09-13","link":"https://www.economist.com/interactive/graphic-detail/ukraine-fires","category":"Fire classified as war-related (model estimate)","side":"Not attributed","color":"#FF8C00","radius":3,"orbat":[],"description":"Satellite heat detection at 00:37 UTC, in an area days after abnormal fire activity. Urban area."}},{"type":"Feature","geometry":{"type":"Point","coordinates":[34.86204,47.18927]},"properties":{"source":"economist_fires","source_name":"The Economist war-fire model","source_url":"https://github.com/TheEconomist/the-economist-war-fire-model","id":155,"date":"2026-09-13","link":"https://www.economist.com/interactive/graphic-detail/ukraine-fires","category":"Fire classified as war-related (model estimate)","side":"Not attributed","color":"#FF8C00","radius":3,"orbat":[],"description":"Satellite heat detection at 00:37 UTC, in an area of abnormal fire activity. Urban area."}},{"type":"Feature","geometry":{"type":"Point","coordinates":[34.86133,47.18791]},"properties":{"source":"economist_fires","source_name":"The Economist war-fire model","source_url":"https://github.com/TheEconomist/the-economist-war-fire-model","id":156,"date":"2026-09-13","link":"https://www.economist.com/interactive/graphic-detail/ukraine-fires","category":"Fire classified as war-related (model estimate)","side":"Not attributed","color":"#FF8C00","radius":3,"orbat":[],"description":"Satellite heat detection at 01:11 UTC, in an area of abnormal fire activity. Urban area."}},{"type":"Feature","geometry":{"type":"Point","coordinates":[34.89365,47.20366]},"properties":{"source":"economist_fires","source_name":"The Economist war-fire model","source_url":"https://github.com/TheEconomist/the-economist-war-fire-model","id":157,"date":"2026-09-13","link":"https://www.economist.com/interactive/graphic-detail/ukraine-fires","category":"Fire classified as war-related (model estimate)","side":"Not attributed","color":"#FF8C00","radius":3,"orbat":[],"description":"Satellite heat detection at 09:37 UTC, in an area of abnormal fire activity. Urban area."}},{"type":"Feature","geometry":{"type":"Point","coordinates":[34.89829,47.20501]},"properties":{"source":"economist_fires","source_name":"The Economist war-fire model","source_url":"https://github.com/TheEconomist/the-economist-war-fire-model","id":158,"date":"2026-09-13","link":"https://www.economist.com/interactive/graphic-detail/ukraine-fires","category":"Fire classified as war-related (model estimate)","side":"Not attributed","color":"#FF8C00","radius":3,"orbat":[],"description":"Satellite heat detection at 09:37 UTC, in an area of abnormal fire activity. Urban area."}},{"type":"Feature","geometry":{"type":"Point","coordinates":[34.89049,47.20864]},"properties":{"source":"economist_fires","source_name":"The Economist war-fire model","source_url":"https://github.com/TheEconomist/the-economist-war-fire-model","id":159,"date":"2026-09-13","link":"https://www.economist.com/interactive/graphic-detail/ukraine-fires","category":"Fire classified as war-related (model estimate)","side":"Not attributed","color":"#FF8C00","radius":3,"orbat":[],"description":"Satellite heat detection at 09:37 UTC, in an area of abnormal fire activity. Urban area."}},{"type":"Feature","geometry":{"type":"Point","coordinates":[34.89147,47.20408]},"properties":{"source":"economist_fires","source_name":"The Economist war-fire model","source_url":"https://github.com/TheEconomist/the-economist-war-fire-model","id":160,"date":"2026-09-13","link":"https://www.economist.com/interactive/graphic-detail/ukraine-fires","category":"Fire classified as war-related (model estimate)","side":"Not attributed","color":"#FF8C00","radius":3,"orbat":[],"description":"Satellite heat detection at 10:21 UTC, in an area days after abnormal fire activity. Urban area."}},{"type":"Feature","geometry":{"type":"Point","coordinates":[34.89029,47.20736]},"properties":{"source":"economist_fires","source_name":"The Economist war-fire model","source_url":"https://github.com/TheEconomist/the-economist-war-fire-model","id":161,"date":"2026-09-13","link":"https://www.economist.com/interactive/graphic-detail/ukraine-fires","category":"Fire classified as war-related (model estimate)","side":"Not attributed","color":"#FF8C00","radius":3,"orbat":[],"description":"Satellite heat detection at 10:21 UTC, in an area of abnormal fire activity. Urban area."}},{"type":"Feature","geometry":{"type":"Point","coordinates":[34.88401,47.20977]},"properties":{"source":"economist_fires","source_name":"The Economist war-fire model","source_url":"https://github.com/TheEconomist/the-economist-war-fire-model","id":162,"date":"2026-09-13","link":"https://www.economist.com/interactive/graphic-detail/ukraine-fires","category":"Fire classified as war-related (model estimate)","side":"Not attributed","color":"#FF8C00","radius":3,"orbat":[],"description":"Satellite heat detection at 10:21 UTC, in an area of abnormal fire activity. Urban area."}},{"type":"Feature","geometry":{"type":"Point","coordinates":[34.90715,47.20463]},"properties":{"source":"economist_fires","source_name":"The Economist war-fire model","source_url":"https://github.com/TheEconomist/the-economist-war-fire-model","id":163,"date":"2026-09-13","link":"https://www.economist.com/interactive/graphic-detail/ukraine-fires","category":"Fire classified as war-related (model estimate)","side":"Not attributed","color":"#FF8C00","radius":3,"orbat":[],"description":"Satellite heat detection at 10:58 UTC, in an area of abnormal fire activity. Urban area."}},{"type":"Feature","geometry":{"type":"Point","coordinates":[34.90327,47.19154]},"properties":{"source":"economist_fires","source_name":"The Economist war-fire model","source_url":"https://github.com/TheEconomist/the-economist-war-fire-model","id":164,"date":"2026-09-13","link":"https://www.economist.com/interactive/graphic-detail/ukraine-fires","category":"Fire classified as war-related (model estimate)","side":"Not attributed","color":"#FF8C00","radius":3,"orbat":[],"description":"Satellite heat detection at 11:17 UTC, in an area days after abnormal fire activity. Urban area."}},{"type":"Feature","geometry":{"type":"Point","coordinates":[34.96944,46.79244]},"properties":{"source":"economist_fires","source_name":"The Economist war-fire model","source_url":"https://github.com/TheEconomist/the-economist-war-fire-model","id":165,"date":"2026-09-13","link":"https://www.economist.com/interactive/graphic-detail/ukraine-fires","category":"Fire classified as war-related (model estimate)","side":"Not attributed","color":"#FF8C00","radius":3,"orbat":[],"description":"Satellite heat detection at 09:37 UTC, in an area of abnormal fire activity. Urban area."}},{"type":"Feature","geometry":{"type":"Point","coordinates":[34.95221,46.79336]},"properties":{"source":"economist_fires","source_name":"The Economist war-fire model","source_url":"https://github.com/TheEconomist/the-economist-war-fire-model","id":166,"date":"2026-09-13","link":"https://www.economist.com/interactive/graphic-detail/ukraine-fires","category":"Fire classified as war-related (model estimate)","side":"Not attributed","color":"#FF8C00","radius":3,"orbat":[],"description":"Satellite heat detection at 09:37 UTC, in an area of abnormal fire activity. Urban area."}},{"type":"Feature","geometry":{"type":"Point","coordinates":[34.96815,46.79443]},"properties":{"source":"economist_fires","source_name":"The Economist war-fire model","source_url":"https://github.com/TheEconomist/the-economist-war-fire-model","id":167,"date":"2026-09-13","link":"https://www.economist.com/interactive/graphic-detail/ukraine-fires","category":"Fire classified as war-related (model estimate)","side":"Not attributed","color":"#FF8C00","radius":3,"orbat":[],"description":"Satellite heat detection at 09:37 UTC, in an area of abnormal fire activity. Urban area."}},{"type":"Feature","geometry":{"type":"Point","coordinates":[34.95694,46.79474]},"properties":{"source":"economist_fires","source_name":"The Economist war-fire model","source_url":"https://github.com/TheEconomist/the-economist-war-fire-model","id":168,"date":"2026-09-13","link":"https://www.economist.com/interactive/graphic-detail/ukraine-fires","category":"Fire classified as war-related (model estimate)","side":"Not attributed","color":"#FF8C00","radius":3,"orbat":[],"description":"Satellite heat detection at 09:37 UTC, in an area of abnormal fire activity. Urban area."}},{"type":"Feature","geometry":{"type":"Point","coordinates":[34.951,46.7953]},"properties":{"source":"economist_fires","source_name":"The Economist war-fire model","source_url":"https://github.com/TheEconomist/the-economist-war-fire-model","id":169,"date":"2026-09-13","link":"https://www.economist.com/interactive/graphic-detail/ukraine-fires","category":"Fire classified as war-related (model estimate)","side":"Not attributed","color":"#FF8C00","radius":3,"orbat":[],"description":"Satellite heat detection at 09:37 UTC, in an area of abnormal fire activity. Urban area."}},{"type":"Feature","geometry":{"type":"Point","coordinates":[34.96335,46.79213]},"properties":{"source":"economist_fires","source_name":"The Economist war-fire model","source_url":"https://github.com/TheEconomist/the-economist-war-fire-model","id":170,"date":"2026-09-13","link":"https://www.economist.com/interactive/graphic-detail/ukraine-fires","category":"Fire classified as war-related (model estimate)","side":"Not attributed","color":"#FF8C00","radius":3,"orbat":[],"description":"Satellite heat detection at 10:21 UTC, in an area of abnormal fire activity. Urban area."}},{"type":"Feature","geometry":{"type":"Point","coordinates":[34.95712,46.79455]},"properties":{"source":"economist_fires","source_name":"The Economist war-fire model","source_url":"https://github.com/TheEconomist/the-economist-war-fire-model","id":171,"date":"2026-09-13","link":"https://www.economist.com/interactive/graphic-detail/ukraine-fires","category":"Fire classified as war-related (model estimate)","side":"Not attributed","color":"#FF8C00","radius":3,"orbat":[],"description":"Satellite heat detection at 10:21 UTC, in an area of abnormal fire activity. Urban area."}},{"type":"Feature","geometry":{"type":"Point","coordinates":[34.96218,46.79541]},"properties":{"source":"economist_fires","source_name":"The Economist war-fire model","source_url":"https://github.com/TheEconomist/the-economist-war-fire-model","id":172,"date":"2026-09-13","link":"https://www.economist.com/interactive/graphic-detail/ukraine-fires","category":"Fire classified as war-related (model estimate)","side":"Not attributed","color":"#FF8C00","radius":3,"orbat":[],"description":"Satellite heat detection at 10:21 UTC, in an area of abnormal fire activity. Urban area."}},{"type":"Feature","geometry":{"type":"Point","coordinates":[35.0026,47.33659]},"properties":{"source":"economist_fires","source_name":"The Economist war-fire model","source_url":"https://github.com/TheEconomist/the-economist-war-fire-model","id":173,"date":"2026-09-13","link":"https://www.economist.com/interactive/graphic-detail/ukraine-fires","category":"Fire classified as war-related (model estimate)","side":"Not attributed","color":"#FF8C00","radius":3,"orbat":[],"description":"Satellite heat detection at 10:21 UTC, in an area days after abnormal fire activity. Urban area."}},{"type":"Feature","geometry":{"type":"Point","coordinates":[35.00022,47.33778]},"properties":{"source":"economist_fires","source_name":"The Economist war-fire model","source_url":"https://github.com/TheEconomist/the-economist-war-fire-model","id":174,"date":"2026-09-13","link":"https://www.economist.com/interactive/graphic-detail/ukraine-fires","category":"Fire classified as war-related (model estimate)","side":"Not attributed","color":"#FF8C00","radius":3,"orbat":[],"description":"Satellite heat detection at 10:58 UTC, in an area days after abnormal fire activity. Urban area."}},{"type":"Feature","geometry":{"type":"Point","coordinates":[35.01191,47.34244]},"properties":{"source":"economist_fires","source_name":"The Economist war-fire model","source_url":"https://github.com/TheEconomist/the-economist-war-fire-model","id":175,"date":"2026-09-13","link":"https://www.economist.com/interactive/graphic-detail/ukraine-fires","category":"Fire classified as war-related (model estimate)","side":"Not attributed","color":"#FF8C00","radius":3,"orbat":[],"description":"Satellite heat detection at 11:17 UTC, in an area days after abnormal fire activity. Urban area."}},{"type":"Feature","geometry":{"type":"Point","coordinates":[35.12553,46.75085]},"properties":{"source":"economist_fires","source_name":"The Economist war-fire model","source_url":"https://github.com/TheEconomist/the-economist-war-fire-model","id":176,"date":"2026-09-13","link":"https://www.economist.com/interactive/graphic-detail/ukraine-fires","category":"Fire classified as war-related (model estimate)","side":"Not attributed","color":"#FF8C00","radius":3,"orbat":[],"description":"Satellite heat detection at 10:21 UTC, in an area days after abnormal fire activity. Urban area."}},{"type":"Feature","geometry":{"type":"Point","coordinates":[35.13058,46.75169]},"properties":{"source":"economist_fires","source_name":"The Economist war-fire model","source_url":"https://github.com/TheEconomist/the-economist-war-fire-model","id":177,"date":"2026-09-13","link":"https://www.economist.com/interactive/graphic-detail/ukraine-fires","category":"Fire classified as war-related (model estimate)","side":"Not attributed","color":"#FF8C00","radius":3,"orbat":[],"description":"Satellite heat detection at 10:21 UTC, in an area days after abnormal fire activity. Urban area."}},{"type":"Feature","geometry":{"type":"Point","coordinates":[35.12926,46.7516]},"properties":{"source":"economist_fires","source_name":"The Economist war-fire model","source_url":"https://github.com/TheEconomist/the-economist-war-fire-model","id":178,"date":"2026-09-13","link":"https://www.economist.com/interactive/graphic-detail/ukraine-fires","category":"Fire classified as war-related (model estimate)","side":"Not attributed","color":"#FF8C00","radius":3,"orbat":[],"description":"Satellite heat detection at 10:58 UTC, in an area days after abnormal fire activity. Urban area."}},{"type":"Feature","geometry":{"type":"Point","coordinates":[35.14501,46.94306]},"properties":{"source":"economist_fires","source_name":"The Economist war-fire model","source_url":"https://github.com/TheEconomist/the-economist-war-fire-model","id":179,"date":"2026-09-13","link":"https://www.economist.com/interactive/graphic-detail/ukraine-fires","category":"Fire classified as war-related (model estimate)","side":"Not attributed","color":"#FF8C00","radius":3,"orbat":[],"description":"Satellite heat detection at 10:58 UTC, in an area days after abnormal fire activity. Urban area."}},{"type":"Feature","geometry":{"type":"Point","coordinates":[35.07241,47.16198]},"properties":{"source":"economist_fires","source_name":"The Economist war-fire model","source_url":"https://github.com/TheEconomist/the-economist-war-fire-model","id":180,"date":"2026-09-13","link":"https://www.economist.com/interactive/graphic-detail/ukraine-fires","category":"Fire classified as war-related (model estimate)","side":"Not attributed","color":"#FF8C00","radius":3,"orbat":[],"description":"Satellite heat detection at 09:37 UTC, in an area of abnormal fire activity. Urban area."}},{"type":"Feature","geometry":{"type":"Point","coordinates":[35.06865,47.16224]},"properties":{"source":"economist_fires","source_name":"The Economist war-fire model","source_url":"https://github.com/TheEconomist/the-economist-war-fire-model","id":181,"date":"2026-09-13","link":"https://www.economist.com/interactive/graphic-detail/ukraine-fires","category":"Fire classified as war-related (model estimate)","side":"Not attributed","color":"#FF8C00","radius":3,"orbat":[],"description":"Satellite heat detection at 09:37 UTC, in an area days after abnormal fire activity. Urban area."}},{"type":"Feature","geometry":{"type":"Point","coordinates":[35.07323,47.16357]},"properties":{"source":"economist_fires","source_name":"The Economist war-fire model","source_url":"https://github.com/TheEconomist/the-economist-war-fire-model","id":182,"date":"2026-09-13","link":"https://www.economist.com/interactive/graphic-detail/ukraine-fires","category":"Fire classified as war-related (model estimate)","side":"Not attributed","color":"#FF8C00","radius":3,"orbat":[],"description":"Satellite heat detection at 09:37 UTC, in an area days after abnormal fire activity. Urban area."}},{"type":"Feature","geometry":{"type":"Point","coordinates":[35.06932,47.16695]},"properties":{"source":"economist_fires","source_name":"The Economist war-fire model","source_url":"https://github.com/TheEconomist/the-economist-war-fire-model","id":183,"date":"2026-09-13","link":"https://www.economist.com/interactive/graphic-detail/ukraine-fires","category":"Fire classified as war-related (model estimate)","side":"Not attributed","color":"#FF8C00","radius":3,"orbat":[],"description":"Satellite heat detection at 09:37 UTC, in an area days after abnormal fire activity. Urban area."}},{"type":"Feature","geometry":{"type":"Point","coordinates":[35.09812,47.18133]},"properties":{"source":"economist_fires","source_name":"The Economist war-fire model","source_url":"https://github.com/TheEconomist/the-economist-war-fire-model","id":184,"date":"2026-09-13","link":"https://www.economist.com/interactive/graphic-detail/ukraine-fires","category":"Fire classified as war-related (model estimate)","side":"Not attributed","color":"#FF8C00","radius":3,"orbat":[],"description":"Satellite heat detection at 09:37 UTC, in an area of abnormal fire activity. Urban area."}},{"type":"Feature","geometry":{"type":"Point","coordinates":[35.13445,47.19204]},"properties":{"source":"economist_fires","source_name":"The Economist war-fire model","source_url":"https://github.com/TheEconomist/the-economist-war-fire-model","id":185,"date":"2026-09-13","link":"https://www.economist.com/interactive/graphic-detail/ukraine-fires","category":"Fire classified as war-related (model estimate)","side":"Not attributed","color":"#FF8C00","radius":3,"orbat":[],"description":"Satellite heat detection at 09:37 UTC, in an area of abnormal fire activity. Urban area."}},{"type":"Feature","geometry":{"type":"Point","coordinates":[35.13551,47.19328]},"properties":{"source":"economist_fires","source_name":"The Economist war-fire model","source_url":"https://github.com/TheEconomist/the-economist-war-fire-model","id":186,"date":"2026-09-13","link":"https://www.economist.com/interactive/graphic-detail/ukraine-fires","category":"Fire classified as war-related (model estimate)","side":"Not attributed","color":"#FF8C00","radius":3,"orbat":[],"description":"Satellite heat detection at 09:37 UTC, in an area days after abnormal fire activity. Urban area."}},{"type":"Feature","geometry":{"type":"Point","coordinates":[35.12422,47.64275]},"properties":{"source":"economist_fires","source_name":"The Economist war-fire model","source_url":"https://github.com/TheEconomist/the-economist-war-fire-model","id":187,"date":"2026-09-13","link":"https://www.economist.com/interactive/graphic-detail/ukraine-fires","category":"Fire classified as war-related (model estimate)","side":"Not attributed","color":"#FF8C00","radius":3,"orbat":[],"description":"Satellite heat detection at 09:17 UTC, in an area days after abnormal fire activity. Urban area."}},{"type":"Feature","geometry":{"type":"Point","coordinates":[35.12827,47.64293]},"properties":{"source":"economist_fires","source_name":"The Economist war-fire model","source_url":"https://github.com/TheEconomist/the-economist-war-fire-model","id":188,"date":"2026-09-13","link":"https://www.economist.com/interactive/graphic-detail/ukraine-fires","category":"Fire classified as war-related (model estimate)","side":"Not attributed","color":"#FF8C00","radius":3,"orbat":[],"description":"Satellite heat detection at 09:39 UTC, in an area days after abnormal fire activity. Urban area."}},{"type":"Feature","geometry":{"type":"Point","coordinates":[35.1238,47.64306]},"properties":{"source":"economist_fires","source_name":"The Economist war-fire model","source_url":"https://github.com/TheEconomist/the-economist-war-fire-model","id":189,"date":"2026-09-13","link":"https://www.economist.com/interactive/graphic-detail/ukraine-fires","category":"Fire classified as war-related (model estimate)","side":"Not attributed","color":"#FF8C00","radius":3,"orbat":[],"description":"Satellite heat detection at 10:21 UTC, in an area days after abnormal fire activity. Urban area."}},{"type":"Feature","geometry":{"type":"Point","coordinates":[35.12267,47.6434]},"properties":{"source":"economist_fires","source_name":"The Economist war-fire model","source_url":"https://github.com/TheEconomist/the-economist-war-fire-model","id":190,"date":"2026-09-13","link":"https://www.economist.com/interactive/graphic-detail/ukraine-fires","category":"Fire classified as war-related (model estimate)","side":"Not attributed","color":"#FF8C00","radius":3,"orbat":[],"description":"Satellite heat detection at 10:58 UTC, in an area days after abnormal fire activity. Urban area."}},{"type":"Feature","geometry":{"type":"Point","coordinates":[35.12904,47.6441]},"properties":{"source":"economist_fires","source_name":"The Economist war-fire model","source_url":"https://github.com/TheEconomist/the-economist-war-fire-model","id":191,"date":"2026-09-13","link":"https://www.economist.com/interactive/graphic-detail/ukraine-fires","category":"Fire classified as war-related (model estimate)","side":"Not attributed","color":"#FF8C00","radius":3,"orbat":[],"description":"Satellite heat detection at 10:58 UTC, in an area days after abnormal fire activity. Urban area."}},{"type":"Feature","geometry":{"type":"Point","coordinates":[35.12816,47.64776]},"properties":{"source":"economist_fires","source_name":"The Economist war-fire model","source_url":"https://github.com/TheEconomist/the-economist-war-fire-model","id":192,"date":"2026-09-13","link":"https://www.economist.com/interactive/graphic-detail/ukraine-fires","category":"Fire classified as war-related (model estimate)","side":"Not attributed","color":"#FF8C00","radius":3,"orbat":[],"description":"Satellite heat detection at 10:58 UTC, in an area days after abnormal fire activity. Urban area."}},{"type":"Feature","geometry":{"type":"Point","coordinates":[35.12477,47.64098]},"properties":{"source":"economist_fires","source_name":"The Economist war-fire model","source_url":"https://github.com/TheEconomist/the-economist-war-fire-model","id":193,"date":"2026-09-13","link":"https://www.economist.com/interactive/graphic-detail/ukraine-fires","category":"Fire classified as war-related (model estimate)","side":"Not attributed","color":"#FF8C00","radius":3,"orbat":[],"description":"Satellite heat detection at 11:17 UTC, in an area days after abnormal fire activity. Urban area."}},{"type":"Feature","geometry":{"type":"Point","coordinates":[35.12798,47.66017]},"properties":{"source":"economist_fires","source_name":"The Economist war-fire model","source_url":"https://github.com/TheEconomist/the-economist-war-fire-model","id":194,"date":"2026-09-13","link":"https://www.economist.com/interactive/graphic-detail/ukraine-fires","category":"Fire classified as war-related (model estimate)","side":"Not attributed","color":"#FF8C00","radius":3,"orbat":[],"description":"Satellite heat detection at 09:39 UTC, in an area days after abnormal fire activity. Urban area."}},{"type":"Feature","geometry":{"type":"Point","coordinates":[35.12552,47.65875]},"properties":{"source":"economist_fires","source_name":"The Economist war-fire model","source_url":"https://github.com/TheEconomist/the-economist-war-fire-model","id":195,"date":"2026-09-13","link":"https://www.economist.com/interactive/graphic-detail/ukraine-fires","category":"Fire classified as war-related (model estimate)","side":"Not attributed","color":"#FF8C00","radius":3,"orbat":[],"description":"Satellite heat detection at 10:58 UTC, in an area days after abnormal fire activity. Urban area."}},{"type":"Feature","geometry":{"type":"Point","coordinates":[35.14915,47.80191]},"properties":{"source":"economist_fires","source_name":"The Economist war-fire model","source_url":"https://github.com/TheEconomist/the-economist-war-fire-model","id":196,"date":"2026-09-13","link":"https://www.economist.com/interactive/graphic-detail/ukraine-fires","category":"Fire classified as war-related (model estimate)","side":"Not attributed","color":"#FF8C00","radius":3,"orbat":[],"description":"Satellite heat detection at 00:35 UTC, in an area days after abnormal fire activity. Urban area."}},{"type":"Feature","geometry":{"type":"Point","coordinates":[35.14495,47.8031]},"properties":{"source":"economist_fires","source_name":"The Economist war-fire model","source_url":"https://github.com/TheEconomist/the-economist-war-fire-model","id":197,"date":"2026-09-13","link":"https://www.economist.com/interactive/graphic-detail/ukraine-fires","category":"Fire classified as war-related (model estimate)","side":"Not attributed","color":"#FF8C00","radius":3,"orbat":[],"description":"Satellite heat detection at 00:35 UTC, in an area days after abnormal fire activity. Urban area."}},{"type":"Feature","geometry":{"type":"Point","coordinates":[35.15119,46.94376]},"properties":{"source":"economist_fires","source_name":"The Economist war-fire model","source_url":"https://github.com/TheEconomist/the-economist-war-fire-model","id":198,"date":"2026-09-13","link":"https://www.economist.com/interactive/graphic-detail/ukraine-fires","category":"Fire classified as war-related (model estimate)","side":"Not attributed","color":"#FF8C00","radius":3,"orbat":[],"description":"Satellite heat detection at 10:58 UTC, in an area days after abnormal fire activity. Urban area."}},{"type":"Feature","geometry":{"type":"Point","coordinates":[35.22728,46.99847]},"properties":{"source":"economist_fires","source_name":"The Economist war-fire model","source_url":"https://github.com/TheEconomist/the-economist-war-fire-model","id":199,"date":"2026-09-13","link":"https://www.economist.com/interactive/graphic-detail/ukraine-fires","category":"Fire classified as war-related (model estimate)","side":"Not attributed","color":"#FF8C00","radius":3,"orbat":[],"description":"Satellite heat detection at 09:17 UTC, in an area days after abnormal fire activity. Urban area."}},{"type":"Feature","geometry":{"type":"Point","coordinates":[35.23553,47.0015]},"properties":{"source":"economist_fires","source_name":"The Economist war-fire model","source_url":"https://github.com/TheEconomist/the-economist-war-fire-model","id":200,"date":"2026-09-13","link":"https://www.economist.com/interactive/graphic-detail/ukraine-fires","category":"Fire classified as war-related (model estimate)","side":"Not attributed","color":"#FF8C00","radius":3,"orbat":[],"description":"Satellite heat detection at 09:17 UTC, in an area days after abnormal fire activity. Urban area."}},{"type":"Feature","geometry":{"type":"Point","coordinates":[35.23508,46.99556]},"properties":{"source":"economist_fires","source_name":"The Economist war-fire model","source_url":"https://github.com/TheEconomist/the-economist-war-fire-model","id":201,"date":"2026-09-13","link":"https://www.economist.com/interactive/graphic-detail/ukraine-fires","category":"Fire classified as war-related (model estimate)","side":"Not attributed","color":"#FF8C00","radius":3,"orbat":[],"description":"Satellite heat detection at 09:37 UTC, in an area days after abnormal fire activity. Urban area."}},{"type":"Feature","geometry":{"type":"Point","coordinates":[35.23962,46.9969]},"properties":{"source":"economist_fires","source_name":"The Economist war-fire model","source_url":"https://github.com/TheEconomist/the-economist-war-fire-model","id":202,"date":"2026-09-13","link":"https://www.economist.com/interactive/graphic-detail/ukraine-fires","category":"Fire classified as war-related (model estimate)","side":"Not attributed","color":"#FF8C00","radius":3,"orbat":[],"description":"Satellite heat detection at 09:37 UTC, in an area days after abnormal fire activity. Urban area."}},{"type":"Feature","geometry":{"type":"Point","coordinates":[35.23203,47.00053]},"properties":{"source":"economist_fires","source_name":"The Economist war-fire model","source_url":"https://github.com/TheEconomist/the-economist-war-fire-model","id":203,"date":"2026-09-13","link":"https://www.economist.com/interactive/graphic-detail/ukraine-fires","category":"Fire classified as war-related (model estimate)","side":"Not attributed","color":"#FF8C00","radius":3,"orbat":[],"description":"Satellite heat detection at 09:37 UTC, in an area days after abnormal fire activity. Urban area."}},{"type":"Feature","geometry":{"type":"Point","coordinates":[35.23656,47.00186]},"properties":{"source":"economist_fires","source_name":"The Economist war-fire model","source_url":"https://github.com/TheEconomist/the-economist-war-fire-model","id":204,"date":"2026-09-13","link":"https://www.economist.com/interactive/graphic-detail/ukraine-fires","category":"Fire classified as war-related (model estimate)","side":"Not attributed","color":"#FF8C00","radius":3,"orbat":[],"description":"Satellite heat detection at 09:37 UTC, in an area days after abnormal fire activity. Urban area."}},{"type":"Feature","geometry":{"type":"Point","coordinates":[35.23232,46.99647]},"properties":{"source":"economist_fires","source_name":"The Economist war-fire model","source_url":"https://github.com/TheEconomist/the-economist-war-fire-model","id":205,"date":"2026-09-13","link":"https://www.economist.com/interactive/graphic-detail/ukraine-fires","category":"Fire classified as war-related (model estimate)","side":"Not attributed","color":"#FF8C00","radius":3,"orbat":[],"description":"Satellite heat detection at 10:58 UTC, in an area days after abnormal fire activity. Urban area."}},{"type":"Feature","geometry":{"type":"Point","coordinates":[35.23279,46.99657]},"properties":{"source":"economist_fires","source_name":"The Economist war-fire model","source_url":"https://github.com/TheEconomist/the-economist-war-fire-model","id":206,"date":"2026-09-13","link":"https://www.economist.com/interactive/graphic-detail/ukraine-fires","category":"Fire classified as war-related (model estimate)","side":"Not attributed","color":"#FF8C00","radius":3,"orbat":[],"description":"Satellite heat detection at 12:49 UTC, in an area days after abnormal fire activity. Urban area."}},{"type":"Feature","geometry":{"type":"Point","coordinates":[35.24584,46.99833]},"properties":{"source":"economist_fires","source_name":"The Economist war-fire model","source_url":"https://github.com/TheEconomist/the-economist-war-fire-model","id":207,"date":"2026-09-13","link":"https://www.economist.com/interactive/graphic-detail/ukraine-fires","category":"Fire classified as war-related (model estimate)","side":"Not attributed","color":"#FF8C00","radius":3,"orbat":[],"description":"Satellite heat detection at 12:49 UTC, in an area days after abnormal fire activity. Urban area."}},{"type":"Feature","geometry":{"type":"Point","coordinates":[35.1637,47.13485]},"properties":{"source":"economist_fires","source_name":"The Economist war-fire model","source_url":"https://github.com/TheEconomist/the-economist-war-fire-model","id":208,"date":"2026-09-13","link":"https://www.economist.com/interactive/graphic-detail/ukraine-fires","category":"Fire classified as war-related (model estimate)","side":"Not attributed","color":"#FF8C00","radius":3,"orbat":[],"description":"Satellite heat detection at 09:17 UTC, in an area of abnormal fire activity. Urban area."}},{"type":"Feature","geometry":{"type":"Point","coordinates":[35.16628,47.13416]},"properties":{"source":"economist_fires","source_name":"The Economist war-fire model","source_url":"https://github.com/TheEconomist/the-economist-war-fire-model","id":209,"date":"2026-09-13","link":"https://www.economist.com/interactive/graphic-detail/ukraine-fires","category":"Fire classified as war-related (model estimate)","side":"Not attributed","color":"#FF8C00","radius":3,"orbat":[],"description":"Satellite heat detection at 10:58 UTC, in an area of abnormal fire activity. Urban area."}},{"type":"Feature","geometry":{"type":"Point","coordinates":[35.21132,47.7056]},"properties":{"source":"economist_fires","source_name":"The Economist war-fire model","source_url":"https://github.com/TheEconomist/the-economist-war-fire-model","id":210,"date":"2026-09-13","link":"https://www.economist.com/interactive/graphic-detail/ukraine-fires","category":"Fire classified as war-related (model estimate)","side":"Not attributed","color":"#FF8C00","radius":3,"orbat":[],"description":"Satellite heat detection at 10:21 UTC, in an area days after abnormal fire activity. Urban area."}},{"type":"Feature","geometry":{"type":"Point","coordinates":[35.29085,47.10556]},"properties":{"source":"economist_fires","source_name":"The Economist war-fire model","source_url":"https://github.com/TheEconomist/the-economist-war-fire-model","id":211,"date":"2026-09-13","link":"https://www.economist.com/interactive/graphic-detail/ukraine-fires","category":"Fire classified as war-related (model estimate)","side":"Not attributed","color":"#FF8C00","radius":3,"orbat":[],"description":"Satellite heat detection at 12:49 UTC, in an area days after abnormal fire activity. Urban area."}},{"type":"Feature","geometry":{"type":"Point","coordinates":[35.30398,47.10733]},"properties":{"source":"economist_fires","source_name":"The Economist war-fire model","source_url":"https://github.com/TheEconomist/the-economist-war-fire-model","id":212,"date":"2026-09-13","link":"https://www.economist.com/interactive/graphic-detail/ukraine-fires","category":"Fire classified as war-related (model estimate)","side":"Not attributed","color":"#FF8C00","radius":3,"orbat":[],"description":"Satellite heat detection at 12:49 UTC, in an area days after abnormal fire activity. Urban area."}},{"type":"Feature","geometry":{"type":"Point","coordinates":[35.29489,47.2226]},"properties":{"source":"economist_fires","source_name":"The Economist war-fire model","source_url":"https://github.com/TheEconomist/the-economist-war-fire-model","id":213,"date":"2026-09-13","link":"https://www.economist.com/interactive/graphic-detail/ukraine-fires","category":"Fire classified as war-related (model estimate)","side":"Not attributed","color":"#FF8C00","radius":3,"orbat":[],"description":"Satellite heat detection at 09:17 UTC, in an area of abnormal fire activity. Urban area."}},{"type":"Feature","geometry":{"type":"Point","coordinates":[35.30303,47.22559]},"properties":{"source":"economist_fires","source_name":"The Economist war-fire model","source_url":"https://github.com/TheEconomist/the-economist-war-fire-model","id":214,"date":"2026-09-13","link":"https://www.economist.com/interactive/graphic-detail/ukraine-fires","category":"Fire classified as war-related (model estimate)","side":"Not attributed","color":"#FF8C00","radius":3,"orbat":[],"description":"Satellite heat detection at 09:17 UTC, in an area of abnormal fire activity. Urban area."}},{"type":"Feature","geometry":{"type":"Point","coordinates":[35.29156,47.22683]},"properties":{"source":"economist_fires","source_name":"The Economist war-fire model","source_url":"https://github.com/TheEconomist/the-economist-war-fire-model","id":215,"date":"2026-09-13","link":"https://www.economist.com/interactive/graphic-detail/ukraine-fires","category":"Fire classified as war-related (model estimate)","side":"Not attributed","color":"#FF8C00","radius":3,"orbat":[],"description":"Satellite heat detection at 09:17 UTC, in an area of abnormal fire activity. Urban area."}},{"type":"Feature","geometry":{"type":"Point","coordinates":[35.2902,47.22871]},"properties":{"source":"economist_fires","source_name":"The Economist war-fire model","source_url":"https://github.com/TheEconomist/the-economist-war-fire-model","id":216,"date":"2026-09-13","link":"https://www.economist.com/interactive/graphic-detail/ukraine-fires","category":"Fire classified as war-related (model estimate)","side":"Not attributed","color":"#FF8C00","radius":3,"orbat":[],"description":"Satellite heat detection at 09:17 UTC, in an area of abnormal fire activity. Urban area."}},{"type":"Feature","geometry":{"type":"Point","coordinates":[35.29971,47.22977]},"properties":{"source":"economist_fires","source_name":"The Economist war-fire model","source_url":"https://github.com/TheEconomist/the-economist-war-fire-model","id":217,"date":"2026-09-13","link":"https://www.economist.com/interactive/graphic-detail/ukraine-fires","category":"Fire classified as war-related (model estimate)","side":"Not attributed","color":"#FF8C00","radius":3,"orbat":[],"description":"Satellite heat detection at 09:17 UTC, in an area of abnormal fire activity. Urban area."}},{"type":"Feature","geometry":{"type":"Point","coordinates":[35.29832,47.23169]},"properties":{"source":"economist_fires","source_name":"The Economist war-fire model","source_url":"https://github.com/TheEconomist/the-economist-war-fire-model","id":218,"date":"2026-09-13","link":"https://www.economist.com/interactive/graphic-detail/ukraine-fires","category":"Fire classified as war-related (model estimate)","side":"Not attributed","color":"#FF8C00","radius":3,"orbat":[],"description":"Satellite heat detection at 09:17 UTC, in an area of abnormal fire activity. Urban area."}},{"type":"Feature","geometry":{"type":"Point","coordinates":[35.30263,47.22397]},"properties":{"source":"economist_fires","source_name":"The Economist war-fire model","source_url":"https://github.com/TheEconomist/the-economist-war-fire-model","id":219,"date":"2026-09-13","link":"https://www.economist.com/interactive/graphic-detail/ukraine-fires","category":"Fire classified as war-related (model estimate)","side":"Not attributed","color":"#FF8C00","radius":3,"orbat":[],"description":"Satellite heat detection at 09:37 UTC, in an area of abnormal fire activity. Urban area."}},{"type":"Feature","geometry":{"type":"Point","coordinates":[35.2979,47.22842]},"properties":{"source":"economist_fires","source_name":"The Economist war-fire model","source_url":"https://github.com/TheEconomist/the-economist-war-fire-model","id":220,"date":"2026-09-13","link":"https://www.economist.com/interactive/graphic-detail/ukraine-fires","category":"Fire classified as war-related (model estimate)","side":"Not attributed","color":"#FF8C00","radius":3,"orbat":[],"description":"Satellite heat detection at 09:37 UTC, in an area of abnormal fire activity. Urban area."}},{"type":"Feature","geometry":{"type":"Point","coordinates":[35.29956,47.22888]},"properties":{"source":"economist_fires","source_name":"The Economist war-fire model","source_url":"https://github.com/TheEconomist/the-economist-war-fire-model","id":221,"date":"2026-09-13","link":"https://www.economist.com/interactive/graphic-detail/ukraine-fires","category":"Fire classified as war-related (model estimate)","side":"Not attributed","color":"#FF8C00","radius":3,"orbat":[],"description":"Satellite heat detection at 09:37 UTC, in an area of abnormal fire activity. Urban area."}},{"type":"Feature","geometry":{"type":"Point","coordinates":[35.30237,47.22974]},"properties":{"source":"economist_fires","source_name":"The Economist war-fire model","source_url":"https://github.com/TheEconomist/the-economist-war-fire-model","id":222,"date":"2026-09-13","link":"https://www.economist.com/interactive/graphic-detail/ukraine-fires","category":"Fire classified as war-related (model estimate)","side":"Not attributed","color":"#FF8C00","radius":3,"orbat":[],"description":"Satellite heat detection at 09:37 UTC, in an area of abnormal fire activity. Urban area."}},{"type":"Feature","geometry":{"type":"Point","coordinates":[35.29824,47.22748]},"properties":{"source":"economist_fires","source_name":"The Economist war-fire model","source_url":"https://github.com/TheEconomist/the-economist-war-fire-model","id":223,"date":"2026-09-13","link":"https://www.economist.com/interactive/graphic-detail/ukraine-fires","category":"Fire classified as war-related (model estimate)","side":"Not attributed","color":"#FF8C00","radius":3,"orbat":[],"description":"Satellite heat detection at 10:21 UTC, in an area of abnormal fire activity. Urban area."}},{"type":"Feature","geometry":{"type":"Point","coordinates":[35.29708,47.23074]},"properties":{"source":"economist_fires","source_name":"The Economist war-fire model","source_url":"https://github.com/TheEconomist/the-economist-war-fire-model","id":224,"date":"2026-09-13","link":"https://www.economist.com/interactive/graphic-detail/ukraine-fires","category":"Fire classified as war-related (model estimate)","side":"Not attributed","color":"#FF8C00","radius":3,"orbat":[],"description":"Satellite heat detection at 10:21 UTC, in an area of abnormal fire activity. Urban area."}},{"type":"Feature","geometry":{"type":"Point","coordinates":[35.29873,47.22594]},"properties":{"source":"economist_fires","source_name":"The Economist war-fire model","source_url":"https://github.com/TheEconomist/the-economist-war-fire-model","id":225,"date":"2026-09-13","link":"https://www.economist.com/interactive/graphic-detail/ukraine-fires","category":"Fire classified as war-related (model estimate)","side":"Not attributed","color":"#FF8C00","radius":3,"orbat":[],"description":"Satellite heat detection at 10:58 UTC, in an area of abnormal fire activity. Urban area."}},{"type":"Feature","geometry":{"type":"Point","coordinates":[35.29787,47.22961]},"properties":{"source":"economist_fires","source_name":"The Economist war-fire model","source_url":"https://github.com/TheEconomist/the-economist-war-fire-model","id":226,"date":"2026-09-13","link":"https://www.economist.com/interactive/graphic-detail/ukraine-fires","category":"Fire classified as war-related (model estimate)","side":"Not attributed","color":"#FF8C00","radius":3,"orbat":[],"description":"Satellite heat detection at 10:58 UTC, in an area of abnormal fire activity. Urban area."}},{"type":"Feature","geometry":{"type":"Point","coordinates":[35.30016,47.2234]},"properties":{"source":"economist_fires","source_name":"The Economist war-fire model","source_url":"https://github.com/TheEconomist/the-economist-war-fire-model","id":227,"date":"2026-09-13","link":"https://www.economist.com/interactive/graphic-detail/ukraine-fires","category":"Fire classified as war-related (model estimate)","side":"Not attributed","color":"#FF8C00","radius":3,"orbat":[],"description":"Satellite heat detection at 11:17 UTC, in an area of abnormal fire activity. Urban area."}},{"type":"Feature","geometry":{"type":"Point","coordinates":[35.29962,47.22834]},"properties":{"source":"economist_fires","source_name":"The Economist war-fire model","source_url":"https://github.com/TheEconomist/the-economist-war-fire-model","id":228,"date":"2026-09-13","link":"https://www.economist.com/interactive/graphic-detail/ukraine-fires","category":"Fire classified as war-related (model estimate)","side":"Not attributed","color":"#FF8C00","radius":3,"orbat":[],"description":"Satellite heat detection at 11:17 UTC, in an area of abnormal fire activity. Urban area."}},{"type":"Feature","geometry":{"type":"Point","coordinates":[35.2845,47.22591]},"properties":{"source":"economist_fires","source_name":"The Economist war-fire model","source_url":"https://github.com/TheEconomist/the-economist-war-fire-model","id":229,"date":"2026-09-13","link":"https://www.economist.com/interactive/graphic-detail/ukraine-fires","category":"Fire classified as war-related (model estimate)","side":"Not attributed","color":"#FF8C00","radius":3,"orbat":[],"description":"Satellite heat detection at 12:49 UTC, in an area of abnormal fire activity. Urban area."}},{"type":"Feature","geometry":{"type":"Point","coordinates":[35.32135,47.7133]},"properties":{"source":"economist_fires","source_name":"The Economist war-fire model","source_url":"https://github.com/TheEconomist/the-economist-war-fire-model","id":230,"date":"2026-09-13","link":"https://www.economist.com/interactive/graphic-detail/ukraine-fires","category":"Fire classified as war-related (model estimate)","side":"Not attributed","color":"#FF8C00","radius":3,"orbat":[],"description":"Satellite heat detection at 10:21 UTC, in an area days after abnormal fire activity. Urban area."}},{"type":"Feature","geometry":{"type":"Point","coordinates":[35.32359,47.71075]},"properties":{"source":"economist_fires","source_name":"The Economist war-fire model","source_url":"https://github.com/TheEconomist/the-economist-war-fire-model","id":231,"date":"2026-09-13","link":"https://www.economist.com/interactive/graphic-detail/ukraine-fires","category":"Fire classified as war-related (model estimate)","side":"Not attributed","color":"#FF8C00","radius":3,"orbat":[],"description":"Satellite heat detection at 10:58 UTC, in an area days after abnormal fire activity. Urban area."}},{"type":"Feature","geometry":{"type":"Point","coordinates":[35.33008,47.71146]},"properties":{"source":"economist_fires","source_name":"The Economist war-fire model","source_url":"https://github.com/TheEconomist/the-economist-war-fire-model","id":232,"date":"2026-09-13","link":"https://www.economist.com/interactive/graphic-detail/ukraine-fires","category":"Fire classified as war-related (model estimate)","side":"Not attributed","color":"#FF8C00","radius":3,"orbat":[],"description":"Satellite heat detection at 10:58 UTC, in an area days after abnormal fire activity. Urban area."}},{"type":"Feature","geometry":{"type":"Point","coordinates":[35.32254,47.71194]},"properties":{"source":"economist_fires","source_name":"The Economist war-fire model","source_url":"https://github.com/TheEconomist/the-economist-war-fire-model","id":233,"date":"2026-09-13","link":"https://www.economist.com/interactive/graphic-detail/ukraine-fires","category":"Fire classified as war-related (model estimate)","side":"Not attributed","color":"#FF8C00","radius":3,"orbat":[],"description":"Satellite heat detection at 11:17 UTC, in an area days after abnormal fire activity. Urban area."}},{"type":"Feature","geometry":{"type":"Point","coordinates":[35.44933,47.70588]},"properties":{"source":"economist_fires","source_name":"The Economist war-fire model","source_url":"https://github.com/TheEconomist/the-economist-war-fire-model","id":234,"date":"2026-09-13","link":"https://www.economist.com/interactive/graphic-detail/ukraine-fires","category":"Fire classified as war-related (model estimate)","side":"Not attributed","color":"#FF8C00","radius":3,"orbat":[],"description":"Satellite heat detection at 09:17 UTC, in an area days after abnormal fire activity. Urban area."}},{"type":"Feature","geometry":{"type":"Point","coordinates":[35.44964,47.70658]},"properties":{"source":"economist_fires","source_name":"The Economist war-fire model","source_url":"https://github.com/TheEconomist/the-economist-war-fire-model","id":235,"date":"2026-09-13","link":"https://www.economist.com/interactive/graphic-detail/ukraine-fires","category":"Fire classified as war-related (model estimate)","side":"Not attributed","color":"#FF8C00","radius":3,"orbat":[],"description":"Satellite heat detection at 10:21 UTC, in an area days after abnormal fire activity. Urban area."}},{"type":"Feature","geometry":{"type":"Point","coordinates":[35.43102,47.68066]},"properties":{"source":"economist_fires","source_name":"The Economist war-fire model","source_url":"https://github.com/TheEconomist/the-economist-war-fire-model","id":236,"date":"2026-09-13","link":"https://www.economist.com/interactive/graphic-detail/ukraine-fires","category":"Fire classified as war-related (model estimate)","side":"Not attributed","color":"#FF8C00","radius":3,"orbat":[],"description":"Satellite heat detection at 10:58 UTC, in an area days after abnormal fire activity. Urban area."}},{"type":"Feature","geometry":{"type":"Point","coordinates":[35.44562,47.70505]},"properties":{"source":"economist_fires","source_name":"The Economist war-fire model","source_url":"https://github.com/TheEconomist/the-economist-war-fire-model","id":237,"date":"2026-09-13","link":"https://www.economist.com/interactive/graphic-detail/ukraine-fires","category":"Fire classified as war-related (model estimate)","side":"Not attributed","color":"#FF8C00","radius":3,"orbat":[],"description":"Satellite heat detection at 10:58 UTC, in an area days after abnormal fire activity. Urban area."}},{"type":"Feature","geometry":{"type":"Point","coordinates":[35.50372,46.73466]},"properties":{"source":"economist_fires","source_name":"The Economist war-fire model","source_url":"https://github.com/TheEconomist/the-economist-war-fire-model","id":238,"date":"2026-09-13","link":"https://www.economist.com/interactive/graphic-detail/ukraine-fires","category":"Fire classified as war-related (model estimate)","side":"Not attributed","color":"#FF8C00","radius":3,"orbat":[],"description":"Satellite heat detection at 10:58 UTC, in an area of abnormal fire activity. Urban area."}},{"type":"Feature","geometry":{"type":"Point","coordinates":[35.4966,46.73765]},"properties":{"source":"economist_fires","source_name":"The Economist war-fire model","source_url":"https://github.com/TheEconomist/the-economist-war-fire-model","id":239,"date":"2026-09-13","link":"https://www.economist.com/interactive/graphic-detail/ukraine-fires","category":"Fire classified as war-related (model estimate)","side":"Not attributed","color":"#FF8C00","radius":3,"orbat":[],"description":"Satellite heat detection at 10:58 UTC, in an area of abnormal fire activity. Urban area."}},{"type":"Feature","geometry":{"type":"Point","coordinates":[35.50288,46.73834]},"properties":{"source":"economist_fires","source_name":"The Economist war-fire model","source_url":"https://github.com/TheEconomist/the-economist-war-fire-model","id":240,"date":"2026-09-13","link":"https://www.economist.com/interactive/graphic-detail/ukraine-fires","category":"Fire classified as war-related (model estimate)","side":"Not attributed","color":"#FF8C00","radius":3,"orbat":[],"description":"Satellite heat detection at 10:58 UTC, in an area days after abnormal fire activity. Urban area."}},{"type":"Feature","geometry":{"type":"Point","coordinates":[35.49575,46.74133]},"properties":{"source":"economist_fires","source_name":"The Economist war-fire model","source_url":"https://github.com/TheEconomist/the-economist-war-fire-model","id":241,"date":"2026-09-13","link":"https://www.economist.com/interactive/graphic-detail/ukraine-fires","category":"Fire classified as war-related (model estimate)","side":"Not attributed","color":"#FF8C00","radius":3,"orbat":[],"description":"Satellite heat detection at 10:58 UTC, in an area days after abnormal fire activity. Urban area."}},{"type":"Feature","geometry":{"type":"Point","coordinates":[35.50203,46.74202]},"properties":{"source":"economist_fires","source_name":"The Economist war-fire model","source_url":"https://github.com/TheEconomist/the-economist-war-fire-model","id":242,"date":"2026-09-13","link":"https://www.economist.com/interactive/graphic-detail/ukraine-fires","category":"Fire classified as war-related (model estimate)","side":"Not attributed","color":"#FF8C00","radius":3,"orbat":[],"description":"Satellite heat detection at 10:58 UTC, in an area of abnormal fire activity. Urban area."}},{"type":"Feature","geometry":{"type":"Point","coordinates":[35.49489,46.745]},"properties":{"source":"economist_fires","source_name":"The Economist war-fire model","source_url":"https://github.com/TheEconomist/the-economist-war-fire-model","id":243,"date":"2026-09-13","link":"https://www.economist.com/interactive/graphic-detail/ukraine-fires","category":"Fire classified as war-related (model estimate)","side":"Not attributed","color":"#FF8C00","radius":3,"orbat":[],"description":"Satellite heat detection at 10:58 UTC, in an area of abnormal fire activity. Urban area."}},{"type":"Feature","geometry":{"type":"Point","coordinates":[35.50118,46.7457]},"properties":{"source":"economist_fires","source_name":"The Economist war-fire model","source_url":"https://github.com/TheEconomist/the-economist-war-fire-model","id":244,"date":"2026-09-13","link":"https://www.economist.com/interactive/graphic-detail/ukraine-fires","category":"Fire classified as war-related (model estimate)","side":"Not attributed","color":"#FF8C00","radius":3,"orbat":[],"description":"Satellite heat detection at 10:58 UTC, in an area days after abnormal fire activity. Urban area."}},{"type":"Feature","geometry":{"type":"Point","coordinates":[35.51695,47.35625]},"properties":{"source":"economist_fires","source_name":"The Economist war-fire model","source_url":"https://github.com/TheEconomist/the-economist-war-fire-model","id":245,"date":"2026-09-13","link":"https://www.economist.com/interactive/graphic-detail/ukraine-fires","category":"Fire classified as war-related (model estimate)","side":"Not attributed","color":"#FF8C00","radius":3,"orbat":[],"description":"Satellite heat detection at 10:21 UTC, in an area days after abnormal fire activity. Urban area."}},{"type":"Feature","geometry":{"type":"Point","coordinates":[35.5158,47.35951]},"properties":{"source":"economist_fires","source_name":"The Economist war-fire model","source_url":"https://github.com/TheEconomist/the-economist-war-fire-model","id":246,"date":"2026-09-13","link":"https://www.economist.com/interactive/graphic-detail/ukraine-fires","category":"Fire classified as war-related (model estimate)","side":"Not attributed","color":"#FF8C00","radius":3,"orbat":[],"description":"Satellite heat detection at 10:21 UTC, in an area of abnormal fire activity. Urban area."}},{"type":"Feature","geometry":{"type":"Point","coordinates":[35.54758,47.37498]},"properties":{"source":"economist_fires","source_name":"The Economist war-fire model","source_url":"https://github.com/TheEconomist/the-economist-war-fire-model","id":247,"date":"2026-09-13","link":"https://www.economist.com/interactive/graphic-detail/ukraine-fires","category":"Fire classified as war-related (model estimate)","side":"Not attributed","color":"#FF8C00","radius":3,"orbat":[],"description":"Satellite heat detection at 10:21 UTC, in an area days after abnormal fire activity. Urban area."}},{"type":"Feature","geometry":{"type":"Point","coordinates":[35.54564,47.37535]},"properties":{"source":"economist_fires","source_name":"The Economist war-fire model","source_url":"https://github.com/TheEconomist/the-economist-war-fire-model","id":248,"date":"2026-09-13","link":"https://www.economist.com/interactive/graphic-detail/ukraine-fires","category":"Fire classified as war-related (model estimate)","side":"Not attributed","color":"#FF8C00","radius":3,"orbat":[],"description":"Satellite heat detection at 10:58 UTC, in an area of abnormal fire activity. Urban area."}},{"type":"Feature","geometry":{"type":"Point","coordinates":[35.52533,47.37697]},"properties":{"source":"economist_fires","source_name":"The Economist war-fire model","source_url":"https://github.com/TheEconomist/the-economist-war-fire-model","id":249,"date":"2026-09-13","link":"https://www.economist.com/interactive/graphic-detail/ukraine-fires","category":"Fire classified as war-related (model estimate)","side":"Not attributed","color":"#FF8C00","radius":3,"orbat":[],"description":"Satellite heat detection at 10:58 UTC, in an area of abnormal fire activity. Urban area."}},{"type":"Feature","geometry":{"type":"Point","coordinates":[35.54478,47.37906]},"properties":{"source":"economist_fires","source_name":"The Economist war-fire model","source_url":"https://github.com/TheEconomist/the-economist-war-fire-model","id":250,"date":"2026-09-13","link":"https://www.economist.com/interactive/graphic-detail/ukraine-fires","category":"Fire classified as war-related (model estimate)","side":"Not attributed","color":"#FF8C00","radius":3,"orbat":[],"description":"Satellite heat detection at 10:58 UTC, in an area of abnormal fire activity. Urban area."}},{"type":"Feature","geometry":{"type":"Point","coordinates":[35.54346,47.37663]},"properties":{"source":"economist_fires","source_name":"The Economist war-fire model","source_url":"https://github.com/TheEconomist/the-economist-war-fire-model","id":251,"date":"2026-09-13","link":"https://www.economist.com/interactive/graphic-detail/ukraine-fires","category":"Fire classified as war-related (model estimate)","side":"Not attributed","color":"#FF8C00","radius":3,"orbat":[],"description":"Satellite heat detection at 11:17 UTC, in an area of abnormal fire activity. Urban area."}},{"type":"Feature","geometry":{"type":"Point","coordinates":[35.48041,47.41877]},"properties":{"source":"economist_fires","source_name":"The Economist war-fire model","source_url":"https://github.com/TheEconomist/the-economist-war-fire-model","id":252,"date":"2026-09-13","link":"https://www.economist.com/interactive/graphic-detail/ukraine-fires","category":"Fire classified as war-related (model estimate)","side":"Not attributed","color":"#FF8C00","radius":3,"orbat":[],"description":"Satellite heat detection at 11:17 UTC, in an area days after abnormal fire activity. Urban area."}},{"type":"Feature","geometry":{"type":"Point","coordinates":[35.48877,47.41919]},"properties":{"source":"economist_fires","source_name":"The Economist war-fire model","source_url":"https://github.com/TheEconomist/the-economist-war-fire-model","id":253,"date":"2026-09-13","link":"https://www.economist.com/interactive/graphic-detail/ukraine-fires","category":"Fire classified as war-related (model estimate)","side":"Not attributed","color":"#FF8C00","radius":3,"orbat":[],"description":"Satellite heat detection at 11:17 UTC, in an area of abnormal fire activity. Urban area."}},{"type":"Feature","geometry":{"type":"Point","coordinates":[35.47977,47.42376]},"properties":{"source":"economist_fires","source_name":"The Economist war-fire model","source_url":"https://github.com/TheEconomist/the-economist-war-fire-model","id":254,"date":"2026-09-13","link":"https://www.economist.com/interactive/graphic-detail/ukraine-fires","category":"Fire classified as war-related (model estimate)","side":"Not attributed","color":"#FF8C00","radius":3,"orbat":[],"description":"Satellite heat detection at 11:17 UTC, in an area of abnormal fire activity. Urban area."}},{"type":"Feature","geometry":{"type":"Point","coordinates":[35.53689,47.37986]},"properties":{"source":"economist_fires","source_name":"The Economist war-fire model","source_url":"https://github.com/TheEconomist/the-economist-war-fire-model","id":255,"date":"2026-09-13","link":"https://www.economist.com/interactive/graphic-detail/ukraine-fires","category":"Fire classified as war-related (model estimate)","side":"Not attributed","color":"#FF8C00","radius":3,"orbat":[],"description":"Satellite heat detection at 12:49 UTC, in an area days after abnormal fire activity. Urban area."}},{"type":"Feature","geometry":{"type":"Point","coordinates":[35.47062,47.41715]},"properties":{"source":"economist_fires","source_name":"The Economist war-fire model","source_url":"https://github.com/TheEconomist/the-economist-war-fire-model","id":256,"date":"2026-09-13","link":"https://www.economist.com/interactive/graphic-detail/ukraine-fires","category":"Fire classified as war-related (model estimate)","side":"Not attributed","color":"#FF8C00","radius":3,"orbat":[],"description":"Satellite heat detection at 12:49 UTC, in an area days after abnormal fire activity. Urban area."}},{"type":"Feature","geometry":{"type":"Point","coordinates":[35.55867,47.01831]},"properties":{"source":"economist_fires","source_name":"The Economist war-fire model","source_url":"https://github.com/TheEconomist/the-economist-war-fire-model","id":257,"date":"2026-09-13","link":"https://www.economist.com/interactive/graphic-detail/ukraine-fires","category":"Fire classified as war-related (model estimate)","side":"Not attributed","color":"#FF8C00","radius":3,"orbat":[],"description":"Satellite heat detection at 00:37 UTC, in an area days after abnormal fire activity. Urban area."}},{"type":"Feature","geometry":{"type":"Point","coordinates":[35.55681,47.01439]},"properties":{"source":"economist_fires","source_name":"The Economist war-fire model","source_url":"https://github.com/TheEconomist/the-economist-war-fire-model","id":258,"date":"2026-09-13","link":"https://www.economist.com/interactive/graphic-detail/ukraine-fires","category":"Fire classified as war-related (model estimate)","side":"Not attributed","color":"#FF8C00","radius":3,"orbat":[],"description":"Satellite heat detection at 01:11 UTC, in an area days after abnormal fire activity. Urban area."}},{"type":"Feature","geometry":{"type":"Point","coordinates":[35.56799,47.01145]},"properties":{"source":"economist_fires","source_name":"The Economist war-fire model","source_url":"https://github.com/TheEconomist/the-economist-war-fire-model","id":259,"date":"2026-09-13","link":"https://www.economist.com/interactive/graphic-detail/ukraine-fires","category":"Fire classified as war-related (model estimate)","side":"Not attributed","color":"#FF8C00","radius":3,"orbat":[],"description":"Satellite heat detection at 07:16 UTC, in an area days after abnormal fire activity. Urban area."}},{"type":"Feature","geometry":{"type":"Point","coordinates":[35.55748,47.0189]},"properties":{"source":"economist_fires","source_name":"The Economist war-fire model","source_url":"https://github.com/TheEconomist/the-economist-war-fire-model","id":260,"date":"2026-09-13","link":"https://www.economist.com/interactive/graphic-detail/ukraine-fires","category":"Fire classified as war-related (model estimate)","side":"Not attributed","color":"#FF8C00","radius":3,"orbat":[],"description":"Satellite heat detection at 07:16 UTC, in an area days after abnormal fire activity. Urban area."}},{"type":"Feature","geometry":{"type":"Point","coordinates":[35.55691,47.01401]},"properties":{"source":"economist_fires","source_name":"The Economist war-fire model","source_url":"https://github.com/TheEconomist/the-economist-war-fire-model","id":261,"date":"2026-09-13","link":"https://www.economist.com/interactive/graphic-detail/ukraine-fires","category":"Fire classified as war-related (model estimate)","side":"Not attributed","color":"#FF8C00","radius":3,"orbat":[],"description":"Satellite heat detection at 09:37 UTC, in an area days after abnormal fire activity. Urban area."}},{"type":"Feature","geometry":{"type":"Point","coordinates":[35.55409,47.01466]},"properties":{"source":"economist_fires","source_name":"The Economist war-fire model","source_url":"https://github.com/TheEconomist/the-economist-war-fire-model","id":262,"date":"2026-09-13","link":"https://www.economist.com/interactive/graphic-detail/ukraine-fires","category":"Fire classified as war-related (model estimate)","side":"Not attributed","color":"#FF8C00","radius":3,"orbat":[],"description":"Satellite heat detection at 10:21 UTC, in an area days after abnormal fire activity. Urban area."}},{"type":"Feature","geometry":{"type":"Point","coordinates":[35.55221,47.01622]},"properties":{"source":"economist_fires","source_name":"The Economist war-fire model","source_url":"https://github.com/TheEconomist/the-economist-war-fire-model","id":263,"date":"2026-09-13","link":"https://www.economist.com/interactive/graphic-detail/ukraine-fires","category":"Fire classified as war-related (model estimate)","side":"Not attributed","color":"#FF8C00","radius":3,"orbat":[],"description":"Satellite heat detection at 10:58 UTC, in an area days after abnormal fire activity. Urban area."}},{"type":"Feature","geometry":{"type":"Point","coordinates":[35.55608,47.01229]},"properties":{"source":"economist_fires","source_name":"The Economist war-fire model","source_url":"https://github.com/TheEconomist/the-economist-war-fire-model","id":264,"date":"2026-09-13","link":"https://www.economist.com/interactive/graphic-detail/ukraine-fires","category":"Fire classified as war-related (model estimate)","side":"Not attributed","color":"#FF8C00","radius":3,"orbat":[],"description":"Satellite heat detection at 12:49 UTC, in an area days after abnormal fire activity. Urban area."}},{"type":"Feature","geometry":{"type":"Point","coordinates":[35.55354,47.02114]},"properties":{"source":"economist_fires","source_name":"The Economist war-fire model","source_url":"https://github.com/TheEconomist/the-economist-war-fire-model","id":265,"date":"2026-09-13","link":"https://www.economist.com/interactive/graphic-detail/ukraine-fires","category":"Fire classified as war-related (model estimate)","side":"Not attributed","color":"#FF8C00","radius":3,"orbat":[],"description":"Satellite heat detection at 12:49 UTC, in an area days after abnormal fire activity. Urban area."}},{"type":"Feature","geometry":{"type":"Point","coordinates":[35.64243,47.43874]},"properties":{"source":"economist_fires","source_name":"The Economist war-fire model","source_url":"https://github.com/TheEconomist/the-economist-war-fire-model","id":266,"date":"2026-09-13","link":"https://www.economist.com/interactive/graphic-detail/ukraine-fires","category":"Fire classified as war-related (model estimate)","side":"Not attributed","color":"#FF8C00","radius":3,"orbat":[],"description":"Satellite heat detection at 09:37 UTC, in an area days after abnormal fire activity. Urban area."}},{"type":"Feature","geometry":{"type":"Point","coordinates":[35.6386,47.44128]},"properties":{"source":"economist_fires","source_name":"The Economist war-fire model","source_url":"https://github.com/TheEconomist/the-economist-war-fire-model","id":267,"date":"2026-09-13","link":"https://www.economist.com/interactive/graphic-detail/ukraine-fires","category":"Fire classified as war-related (model estimate)","side":"Not attributed","color":"#FF8C00","radius":3,"orbat":[],"description":"Satellite heat detection at 10:21 UTC, in an area days after abnormal fire activity. Urban area."}},{"type":"Feature","geometry":{"type":"Point","coordinates":[35.63599,47.44232]},"properties":{"source":"economist_fires","source_name":"The Economist war-fire model","source_url":"https://github.com/TheEconomist/the-economist-war-fire-model","id":268,"date":"2026-09-13","link":"https://www.economist.com/interactive/graphic-detail/ukraine-fires","category":"Fire classified as war-related (model estimate)","side":"Not attributed","color":"#FF8C00","radius":3,"orbat":[],"description":"Satellite heat detection at 10:58 UTC, in an area days after abnormal fire activity. Urban area."}},{"type":"Feature","geometry":{"type":"Point","coordinates":[35.64259,47.44301]},"properties":{"source":"economist_fires","source_name":"The Economist war-fire model","source_url":"https://github.com/TheEconomist/the-economist-war-fire-model","id":269,"date":"2026-09-13","link":"https://www.economist.com/interactive/graphic-detail/ukraine-fires","category":"Fire classified as war-related (model estimate)","side":"Not attributed","color":"#FF8C00","radius":3,"orbat":[],"description":"Satellite heat detection at 10:58 UTC, in an area days after abnormal fire activity. Urban area."}},{"type":"Feature","geometry":{"type":"Point","coordinates":[35.6209,47.4277]},"properties":{"source":"economist_fires","source_name":"The Economist war-fire model","source_url":"https://github.com/TheEconomist/the-economist-war-fire-model","id":270,"date":"2026-09-13","link":"https://www.economist.com/interactive/graphic-detail/ukraine-fires","category":"Fire classified as war-related (model estimate)","side":"Not attributed","color":"#FF8C00","radius":3,"orbat":[],"description":"Satellite heat detection at 12:49 UTC, in an area days after abnormal fire activity. Urban area."}},{"type":"Feature","geometry":{"type":"Point","coordinates":[35.63439,47.42947]},"properties":{"source":"economist_fires","source_name":"The Economist war-fire model","source_url":"https://github.com/TheEconomist/the-economist-war-fire-model","id":271,"date":"2026-09-13","link":"https://www.economist.com/interactive/graphic-detail/ukraine-fires","category":"Fire classified as war-related (model estimate)","side":"Not attributed","color":"#FF8C00","radius":3,"orbat":[],"description":"Satellite heat detection at 12:49 UTC, in an area of abnormal fire activity. Urban area."}},{"type":"Feature","geometry":{"type":"Point","coordinates":[35.64621,47.67097]},"properties":{"source":"economist_fires","source_name":"The Economist war-fire model","source_url":"https://github.com/TheEconomist/the-economist-war-fire-model","id":272,"date":"2026-09-13","link":"https://www.economist.com/interactive/graphic-detail/ukraine-fires","category":"Fire classified as war-related (model estimate)","side":"Not attributed","color":"#FF8C00","radius":3,"orbat":[],"description":"Satellite heat detection at 00:35 UTC, in an area of abnormal fire activity. Urban area."}},{"type":"Feature","geometry":{"type":"Point","coordinates":[35.63333,47.66082]},"properties":{"source":"economist_fires","source_name":"The Economist war-fire model","source_url":"https://github.com/TheEconomist/the-economist-war-fire-model","id":273,"date":"2026-09-13","link":"https://www.economist.com/interactive/graphic-detail/ukraine-fires","category":"Fire classified as war-related (model estimate)","side":"Not attributed","color":"#FF8C00","radius":3,"orbat":[],"description":"Satellite heat detection at 09:17 UTC, in an area of abnormal fire activity. Urban area."}},{"type":"Feature","geometry":{"type":"Point","coordinates":[35.62985,47.66407]},"properties":{"source":"economist_fires","source_name":"The Economist war-fire model","source_url":"https://github.com/TheEconomist/the-economist-war-fire-model","id":274,"date":"2026-09-13","link":"https://www.economist.com/interactive/graphic-detail/ukraine-fires","category":"Fire classified as war-related (model estimate)","side":"Not attributed","color":"#FF8C00","radius":3,"orbat":[],"description":"Satellite heat detection at 09:17 UTC, in an area of abnormal fire activity. Urban area."}},{"type":"Feature","geometry":{"type":"Point","coordinates":[35.63434,47.6596]},"properties":{"source":"economist_fires","source_name":"The Economist war-fire model","source_url":"https://github.com/TheEconomist/the-economist-war-fire-model","id":275,"date":"2026-09-13","link":"https://www.economist.com/interactive/graphic-detail/ukraine-fires","category":"Fire classified as war-related (model estimate)","side":"Not attributed","color":"#FF8C00","radius":3,"orbat":[],"description":"Satellite heat detection at 09:39 UTC, in an area of abnormal fire activity. Urban area."}},{"type":"Feature","geometry":{"type":"Point","coordinates":[35.63846,47.66076]},"properties":{"source":"economist_fires","source_name":"The Economist war-fire model","source_url":"https://github.com/TheEconomist/the-economist-war-fire-model","id":276,"date":"2026-09-13","link":"https://www.economist.com/interactive/graphic-detail/ukraine-fires","category":"Fire classified as war-related (model estimate)","side":"Not attributed","color":"#FF8C00","radius":3,"orbat":[],"description":"Satellite heat detection at 09:39 UTC, in an area of abnormal fire activity. Urban area."}},{"type":"Feature","geometry":{"type":"Point","coordinates":[35.63536,47.66551]},"properties":{"source":"economist_fires","source_name":"The Economist war-fire model","source_url":"https://github.com/TheEconomist/the-economist-war-fire-model","id":277,"date":"2026-09-13","link":"https://www.economist.com/interactive/graphic-detail/ukraine-fires","category":"Fire classified as war-related (model estimate)","side":"Not attributed","color":"#FF8C00","radius":3,"orbat":[],"description":"Satellite heat detection at 09:39 UTC, in an area of abnormal fire activity. Urban area."}},{"type":"Feature","geometry":{"type":"Point","coordinates":[35.63143,47.66024]},"properties":{"source":"economist_fires","source_name":"The Economist war-fire model","source_url":"https://github.com/TheEconomist/the-economist-war-fire-model","id":278,"date":"2026-09-13","link":"https://www.economist.com/interactive/graphic-detail/ukraine-fires","category":"Fire classified as war-related (model estimate)","side":"Not attributed","color":"#FF8C00","radius":3,"orbat":[],"description":"Satellite heat detection at 10:21 UTC, in an area of abnormal fire activity. Urban area."}},{"type":"Feature","geometry":{"type":"Point","coordinates":[35.63646,47.66105]},"properties":{"source":"economist_fires","source_name":"The Economist war-fire model","source_url":"https://github.com/TheEconomist/the-economist-war-fire-model","id":279,"date":"2026-09-13","link":"https://www.economist.com/interactive/graphic-detail/ukraine-fires","category":"Fire classified as war-related (model estimate)","side":"Not attributed","color":"#FF8C00","radius":3,"orbat":[],"description":"Satellite heat detection at 10:21 UTC, in an area of abnormal fire activity. Urban area."}},{"type":"Feature","geometry":{"type":"Point","coordinates":[35.64149,47.66186]},"properties":{"source":"economist_fires","source_name":"The Economist war-fire model","source_url":"https://github.com/TheEconomist/the-economist-war-fire-model","id":280,"date":"2026-09-13","link":"https://www.economist.com/interactive/graphic-detail/ukraine-fires","category":"Fire classified as war-related (model estimate)","side":"Not attributed","color":"#FF8C00","radius":3,"orbat":[],"description":"Satellite heat detection at 10:21 UTC, in an area of abnormal fire activity. Urban area."}},{"type":"Feature","geometry":{"type":"Point","coordinates":[35.63028,47.66349]},"properties":{"source":"economist_fires","source_name":"The Economist war-fire model","source_url":"https://github.com/TheEconomist/the-economist-war-fire-model","id":281,"date":"2026-09-13","link":"https://www.economist.com/interactive/graphic-detail/ukraine-fires","category":"Fire classified as war-related (model estimate)","side":"Not attributed","color":"#FF8C00","radius":3,"orbat":[],"description":"Satellite heat detection at 10:21 UTC, in an area of abnormal fire activity. Urban area."}},{"type":"Feature","geometry":{"type":"Point","coordinates":[35.63531,47.6643]},"properties":{"source":"economist_fires","source_name":"The Economist war-fire model","source_url":"https://github.com/TheEconomist/the-economist-war-fire-model","id":282,"date":"2026-09-13","link":"https://www.economist.com/interactive/graphic-detail/ukraine-fires","category":"Fire classified as war-related (model estimate)","side":"Not attributed","color":"#FF8C00","radius":3,"orbat":[],"description":"Satellite heat detection at 10:21 UTC, in an area of abnormal fire activity. Urban area."}},{"type":"Feature","geometry":{"type":"Point","coordinates":[35.64035,47.66511]},"properties":{"source":"economist_fires","source_name":"The Economist war-fire model","source_url":"https://github.com/TheEconomist/the-economist-war-fire-model","id":283,"date":"2026-09-13","link":"https://www.economist.com/interactive/graphic-detail/ukraine-fires","category":"Fire classified as war-related (model estimate)","side":"Not attributed","color":"#FF8C00","radius":3,"orbat":[],"description":"Satellite heat detection at 10:21 UTC, in an area of abnormal fire activity. Urban area."}},{"type":"Feature","geometry":{"type":"Point","coordinates":[35.63417,47.66755]},"properties":{"source":"economist_fires","source_name":"The Economist war-fire model","source_url":"https://github.com/TheEconomist/the-economist-war-fire-model","id":284,"date":"2026-09-13","link":"https://www.economist.com/interactive/graphic-detail/ukraine-fires","category":"Fire classified as war-related (model estimate)","side":"Not attributed","color":"#FF8C00","radius":3,"orbat":[],"description":"Satellite heat detection at 10:21 UTC, in an area of abnormal fire activity. Urban area."}},{"type":"Feature","geometry":{"type":"Point","coordinates":[35.63921,47.66835]},"properties":{"source":"economist_fires","source_name":"The Economist war-fire model","source_url":"https://github.com/TheEconomist/the-economist-war-fire-model","id":285,"date":"2026-09-13","link":"https://www.economist.com/interactive/graphic-detail/ukraine-fires","category":"Fire classified as war-related (model estimate)","side":"Not attributed","color":"#FF8C00","radius":3,"orbat":[],"description":"Satellite heat detection at 10:21 UTC, in an area of abnormal fire activity. Urban area."}},{"type":"Feature","geometry":{"type":"Point","coordinates":[35.63578,47.67811]},"properties":{"source":"economist_fires","source_name":"The Economist war-fire model","source_url":"https://github.com/TheEconomist/the-economist-war-fire-model","id":286,"date":"2026-09-13","link":"https://www.economist.com/interactive/graphic-detail/ukraine-fires","category":"Fire classified as war-related (model estimate)","side":"Not attributed","color":"#FF8C00","radius":3,"orbat":[],"description":"Satellite heat detection at 10:21 UTC, in an area of abnormal fire activity. Urban area."}},{"type":"Feature","geometry":{"type":"Point","coordinates":[35.58628,47.69765]},"properties":{"source":"economist_fires","source_name":"The Economist war-fire model","source_url":"https://github.com/TheEconomist/the-economist-war-fire-model","id":287,"date":"2026-09-13","link":"https://www.economist.com/interactive/graphic-detail/ukraine-fires","category":"Fire classified as war-related (model estimate)","side":"Not attributed","color":"#FF8C00","radius":3,"orbat":[],"description":"Satellite heat detection at 10:21 UTC, in an area of abnormal fire activity. Urban area."}},{"type":"Feature","geometry":{"type":"Point","coordinates":[35.63158,47.65988]},"properties":{"source":"economist_fires","source_name":"The Economist war-fire model","source_url":"https://github.com/TheEconomist/the-economist-war-fire-model","id":288,"date":"2026-09-13","link":"https://www.economist.com/interactive/graphic-detail/ukraine-fires","category":"Fire classified as war-related (model estimate)","side":"Not attributed","color":"#FF8C00","radius":3,"orbat":[],"description":"Satellite heat detection at 10:58 UTC, in an area of abnormal fire activity. Urban area."}},{"type":"Feature","geometry":{"type":"Point","coordinates":[35.63829,47.66058]},"properties":{"source":"economist_fires","source_name":"The Economist war-fire model","source_url":"https://github.com/TheEconomist/the-economist-war-fire-model","id":289,"date":"2026-09-13","link":"https://www.economist.com/interactive/graphic-detail/ukraine-fires","category":"Fire classified as war-related (model estimate)","side":"Not attributed","color":"#FF8C00","radius":3,"orbat":[],"description":"Satellite heat detection at 10:58 UTC, in an area of abnormal fire activity. Urban area."}},{"type":"Feature","geometry":{"type":"Point","coordinates":[35.64503,47.66127]},"properties":{"source":"economist_fires","source_name":"The Economist war-fire model","source_url":"https://github.com/TheEconomist/the-economist-war-fire-model","id":290,"date":"2026-09-13","link":"https://www.economist.com/interactive/graphic-detail/ukraine-fires","category":"Fire classified as war-related (model estimate)","side":"Not attributed","color":"#FF8C00","radius":3,"orbat":[],"description":"Satellite heat detection at 10:58 UTC, in an area of abnormal fire activity. Urban area."}},{"type":"Feature","geometry":{"type":"Point","coordinates":[35.6375,47.66433]},"properties":{"source":"economist_fires","source_name":"The Economist war-fire model","source_url":"https://github.com/TheEconomist/the-economist-war-fire-model","id":291,"date":"2026-09-13","link":"https://www.economist.com/interactive/graphic-detail/ukraine-fires","category":"Fire classified as war-related (model estimate)","side":"Not attributed","color":"#FF8C00","radius":3,"orbat":[],"description":"Satellite heat detection at 10:58 UTC, in an area of abnormal fire activity. Urban area."}},{"type":"Feature","geometry":{"type":"Point","coordinates":[35.6442,47.66502]},"properties":{"source":"economist_fires","source_name":"The Economist war-fire model","source_url":"https://github.com/TheEconomist/the-economist-war-fire-model","id":292,"date":"2026-09-13","link":"https://www.economist.com/interactive/graphic-detail/ukraine-fires","category":"Fire classified as war-related (model estimate)","side":"Not attributed","color":"#FF8C00","radius":3,"orbat":[],"description":"Satellite heat detection at 10:58 UTC, in an area of abnormal fire activity. Urban area."}},{"type":"Feature","geometry":{"type":"Point","coordinates":[35.63668,47.66807]},"properties":{"source":"economist_fires","source_name":"The Economist war-fire model","source_url":"https://github.com/TheEconomist/the-economist-war-fire-model","id":293,"date":"2026-09-13","link":"https://www.economist.com/interactive/graphic-detail/ukraine-fires","category":"Fire classified as war-related (model estimate)","side":"Not attributed","color":"#FF8C00","radius":3,"orbat":[],"description":"Satellite heat detection at 10:58 UTC, in an area of abnormal fire activity. Urban area."}},{"type":"Feature","geometry":{"type":"Point","coordinates":[35.63414,47.67929]},"properties":{"source":"economist_fires","source_name":"The Economist war-fire model","source_url":"https://github.com/TheEconomist/the-economist-war-fire-model","id":294,"date":"2026-09-13","link":"https://www.economist.com/interactive/graphic-detail/ukraine-fires","category":"Fire classified as war-related (model estimate)","side":"Not attributed","color":"#FF8C00","radius":3,"orbat":[],"description":"Satellite heat detection at 10:58 UTC, in an area of abnormal fire activity. Urban area."}},{"type":"Feature","geometry":{"type":"Point","coordinates":[35.58247,47.6968]},"properties":{"source":"economist_fires","source_name":"The Economist war-fire model","source_url":"https://github.com/TheEconomist/the-economist-war-fire-model","id":295,"date":"2026-09-13","link":"https://www.economist.com/interactive/graphic-detail/ukraine-fires","category":"Fire classified as war-related (model estimate)","side":"Not attributed","color":"#FF8C00","radius":3,"orbat":[],"description":"Satellite heat detection at 10:58 UTC, in an area of abnormal fire activity. Urban area."}},{"type":"Feature","geometry":{"type":"Point","coordinates":[35.6367,47.6626]},"properties":{"source":"economist_fires","source_name":"The Economist war-fire model","source_url":"https://github.com/TheEconomist/the-economist-war-fire-model","id":296,"date":"2026-09-13","link":"https://www.economist.com/interactive/graphic-detail/ukraine-fires","category":"Fire classified as war-related (model estimate)","side":"Not attributed","color":"#FF8C00","radius":3,"orbat":[],"description":"Satellite heat detection at 11:17 UTC, in an area of abnormal fire activity. Urban area."}},{"type":"Feature","geometry":{"type":"Point","coordinates":[35.64109,47.66282]},"properties":{"source":"economist_fires","source_name":"The Economist war-fire model","source_url":"https://github.com/TheEconomist/the-economist-war-fire-model","id":297,"date":"2026-09-13","link":"https://www.economist.com/interactive/graphic-detail/ukraine-fires","category":"Fire classified as war-related (model estimate)","side":"Not attributed","color":"#FF8C00","radius":3,"orbat":[],"description":"Satellite heat detection at 11:17 UTC, in an area of abnormal fire activity. Urban area."}},{"type":"Feature","geometry":{"type":"Point","coordinates":[35.64545,47.66304]},"properties":{"source":"economist_fires","source_name":"The Economist war-fire model","source_url":"https://github.com/TheEconomist/the-economist-war-fire-model","id":298,"date":"2026-09-13","link":"https://www.economist.com/interactive/graphic-detail/ukraine-fires","category":"Fire classified as war-related (model estimate)","side":"Not attributed","color":"#FF8C00","radius":3,"orbat":[],"description":"Satellite heat detection at 11:17 UTC, in an area of abnormal fire activity. Urban area."}},{"type":"Feature","geometry":{"type":"Point","coordinates":[35.63631,47.66765]},"properties":{"source":"economist_fires","source_name":"The Economist war-fire model","source_url":"https://github.com/TheEconomist/the-economist-war-fire-model","id":299,"date":"2026-09-13","link":"https://www.economist.com/interactive/graphic-detail/ukraine-fires","category":"Fire classified as war-related (model estimate)","side":"Not attributed","color":"#FF8C00","radius":3,"orbat":[],"description":"Satellite heat detection at 11:17 UTC, in an area of abnormal fire activity. Urban area."}},{"type":"Feature","geometry":{"type":"Point","coordinates":[35.64064,47.66787]},"properties":{"source":"economist_fires","source_name":"The Economist war-fire model","source_url":"https://github.com/TheEconomist/the-economist-war-fire-model","id":300,"date":"2026-09-13","link":"https://www.economist.com/interactive/graphic-detail/ukraine-fires","category":"Fire classified as war-related (model estimate)","side":"Not attributed","color":"#FF8C00","radius":3,"orbat":[],"description":"Satellite heat detection at 11:17 UTC, in an area of abnormal fire activity. Urban area."}},{"type":"Feature","geometry":{"type":"Point","coordinates":[35.6354,47.67774]},"properties":{"source":"economist_fires","source_name":"The Economist war-fire model","source_url":"https://github.com/TheEconomist/the-economist-war-fire-model","id":301,"date":"2026-09-13","link":"https://www.economist.com/interactive/graphic-detail/ukraine-fires","category":"Fire classified as war-related (model estimate)","side":"Not attributed","color":"#FF8C00","radius":3,"orbat":[],"description":"Satellite heat detection at 11:17 UTC, in an area of abnormal fire activity. Urban area."}},{"type":"Feature","geometry":{"type":"Point","coordinates":[35.63543,47.6602]},"properties":{"source":"economist_fires","source_name":"The Economist war-fire model","source_url":"https://github.com/TheEconomist/the-economist-war-fire-model","id":302,"date":"2026-09-13","link":"https://www.economist.com/interactive/graphic-detail/ukraine-fires","category":"Fire classified as war-related (model estimate)","side":"Not attributed","color":"#FF8C00","radius":3,"orbat":[],"description":"Satellite heat detection at 12:49 UTC, in an area of abnormal fire activity. Urban area."}},{"type":"Feature","geometry":{"type":"Point","coordinates":[35.63292,47.66912]},"properties":{"source":"economist_fires","source_name":"The Economist war-fire model","source_url":"https://github.com/TheEconomist/the-economist-war-fire-model","id":303,"date":"2026-09-13","link":"https://www.economist.com/interactive/graphic-detail/ukraine-fires","category":"Fire classified as war-related (model estimate)","side":"Not attributed","color":"#FF8C00","radius":3,"orbat":[],"description":"Satellite heat detection at 12:49 UTC, in an area of abnormal fire activity. Urban area."}},{"type":"Feature","geometry":{"type":"Point","coordinates":[35.63039,47.67805]},"properties":{"source":"economist_fires","source_name":"The Economist war-fire model","source_url":"https://github.com/TheEconomist/the-economist-war-fire-model","id":304,"date":"2026-09-13","link":"https://www.economist.com/interactive/graphic-detail/ukraine-fires","category":"Fire classified as war-related (model estimate)","side":"Not attributed","color":"#FF8C00","radius":3,"orbat":[],"description":"Satellite heat detection at 12:49 UTC, in an area of abnormal fire activity. Urban area."}},{"type":"Feature","geometry":{"type":"Point","coordinates":[35.58435,47.69057]},"properties":{"source":"economist_fires","source_name":"The Economist war-fire model","source_url":"https://github.com/TheEconomist/the-economist-war-fire-model","id":305,"date":"2026-09-13","link":"https://www.economist.com/interactive/graphic-detail/ukraine-fires","category":"Fire classified as war-related (model estimate)","side":"Not attributed","color":"#FF8C00","radius":3,"orbat":[],"description":"Satellite heat detection at 12:49 UTC, in an area of abnormal fire activity. Urban area."}},{"type":"Feature","geometry":{"type":"Point","coordinates":[35.5893,47.74738]},"properties":{"source":"economist_fires","source_name":"The Economist war-fire model","source_url":"https://github.com/TheEconomist/the-economist-war-fire-model","id":306,"date":"2026-09-13","link":"https://www.economist.com/interactive/graphic-detail/ukraine-fires","category":"Fire classified as war-related (model estimate)","side":"Not attributed","color":"#FF8C00","radius":3,"orbat":[],"description":"Satellite heat detection at 12:49 UTC, in an area of abnormal fire activity. Urban area."}},{"type":"Feature","geometry":{"type":"Point","coordinates":[35.59324,47.76078]},"properties":{"source":"economist_fires","source_name":"The Economist war-fire model","source_url":"https://github.com/TheEconomist/the-economist-war-fire-model","id":307,"date":"2026-09-13","link":"https://www.economist.com/interactive/graphic-detail/ukraine-fires","category":"Fire classified as war-related (model estimate)","side":"Not attributed","color":"#FF8C00","radius":3,"orbat":[],"description":"Satellite heat detection at 10:21 UTC, in an area of abnormal fire activity. Urban area."}},{"type":"Feature","geometry":{"type":"Point","coordinates":[35.58915,47.7549]},"properties":{"source":"economist_fires","source_name":"The Economist war-fire model","source_url":"https://github.com/TheEconomist/the-economist-war-fire-model","id":308,"date":"2026-09-13","link":"https://www.economist.com/interactive/graphic-detail/ukraine-fires","category":"Fire classified as war-related (model estimate)","side":"Not attributed","color":"#FF8C00","radius":3,"orbat":[],"description":"Satellite heat detection at 10:58 UTC, in an area of abnormal fire activity. Urban area."}},{"type":"Feature","geometry":{"type":"Point","coordinates":[35.58928,47.75513]},"properties":{"source":"economist_fires","source_name":"The Economist war-fire model","source_url":"https://github.com/TheEconomist/the-economist-war-fire-model","id":309,"date":"2026-09-13","link":"https://www.economist.com/interactive/graphic-detail/ukraine-fires","category":"Fire classified as war-related (model estimate)","side":"Not attributed","color":"#FF8C00","radius":3,"orbat":[],"description":"Satellite heat detection at 10:58 UTC, in an area of abnormal fire activity. Urban area."}},{"type":"Feature","geometry":{"type":"Point","coordinates":[35.59574,47.75561]},"properties":{"source":"economist_fires","source_name":"The Economist war-fire model","source_url":"https://github.com/TheEconomist/the-economist-war-fire-model","id":310,"date":"2026-09-13","link":"https://www.economist.com/interactive/graphic-detail/ukraine-fires","category":"Fire classified as war-related (model estimate)","side":"Not attributed","color":"#FF8C00","radius":3,"orbat":[],"description":"Satellite heat detection at 10:58 UTC, in an area of abnormal fire activity. Urban area."}},{"type":"Feature","geometry":{"type":"Point","coordinates":[35.59588,47.75582]},"properties":{"source":"economist_fires","source_name":"The Economist war-fire model","source_url":"https://github.com/TheEconomist/the-economist-war-fire-model","id":311,"date":"2026-09-13","link":"https://www.economist.com/interactive/graphic-detail/ukraine-fires","category":"Fire classified as war-related (model estimate)","side":"Not attributed","color":"#FF8C00","radius":3,"orbat":[],"description":"Satellite heat detection at 10:58 UTC, in an area of abnormal fire activity. Urban area."}},{"type":"Feature","geometry":{"type":"Point","coordinates":[35.58849,47.75888]},"properties":{"source":"economist_fires","source_name":"The Economist war-fire model","source_url":"https://github.com/TheEconomist/the-economist-war-fire-model","id":312,"date":"2026-09-13","link":"https://www.economist.com/interactive/graphic-detail/ukraine-fires","category":"Fire classified as war-related (model estimate)","side":"Not attributed","color":"#FF8C00","radius":3,"orbat":[],"description":"Satellite heat detection at 10:58 UTC, in an area of abnormal fire activity. Urban area."}},{"type":"Feature","geometry":{"type":"Point","coordinates":[35.5965,47.75573]},"properties":{"source":"economist_fires","source_name":"The Economist war-fire model","source_url":"https://github.com/TheEconomist/the-economist-war-fire-model","id":313,"date":"2026-09-13","link":"https://www.economist.com/interactive/graphic-detail/ukraine-fires","category":"Fire classified as war-related (model estimate)","side":"Not attributed","color":"#FF8C00","radius":3,"orbat":[],"description":"Satellite heat detection at 11:17 UTC, in an area of abnormal fire activity. Urban area."}},{"type":"Feature","geometry":{"type":"Point","coordinates":[35.70357,46.88641]},"properties":{"source":"economist_fires","source_name":"The Economist war-fire model","source_url":"https://github.com/TheEconomist/the-economist-war-fire-model","id":314,"date":"2026-09-13","link":"https://www.economist.com/interactive/graphic-detail/ukraine-fires","category":"Fire classified as war-related (model estimate)","side":"Not attributed","color":"#FF8C00","radius":3,"orbat":[],"description":"Satellite heat detection at 10:58 UTC, in an area days after abnormal fire activity. Urban area."}},{"type":"Feature","geometry":{"type":"Point","coordinates":[35.82095,47.60802]},"properties":{"source":"economist_fires","source_name":"The Economist war-fire model","source_url":"https://github.com/TheEconomist/the-economist-war-fire-model","id":315,"date":"2026-09-13","link":"https://www.economist.com/interactive/graphic-detail/ukraine-fires","category":"Fire classified as war-related (model estimate)","side":"Not attributed","color":"#FF8C00","radius":3,"orbat":[],"description":"Satellite heat detection at 09:17 UTC, in an area of abnormal fire activity. Urban area."}},{"type":"Feature","geometry":{"type":"Point","coordinates":[35.81684,47.61279]},"properties":{"source":"economist_fires","source_name":"The Economist war-fire model","source_url":"https://github.com/TheEconomist/the-economist-war-fire-model","id":316,"date":"2026-09-13","link":"https://www.economist.com/interactive/graphic-detail/ukraine-fires","category":"Fire classified as war-related (model estimate)","side":"Not attributed","color":"#FF8C00","radius":3,"orbat":[],"description":"Satellite heat detection at 09:17 UTC, in an area days after abnormal fire activity. Urban area."}},{"type":"Feature","geometry":{"type":"Point","coordinates":[35.81601,47.61383]},"properties":{"source":"economist_fires","source_name":"The Economist war-fire model","source_url":"https://github.com/TheEconomist/the-economist-war-fire-model","id":317,"date":"2026-09-13","link":"https://www.economist.com/interactive/graphic-detail/ukraine-fires","category":"Fire classified as war-related (model estimate)","side":"Not attributed","color":"#FF8C00","radius":3,"orbat":[],"description":"Satellite heat detection at 09:17 UTC, in an area days after abnormal fire activity. Urban area."}},{"type":"Feature","geometry":{"type":"Point","coordinates":[35.82847,47.60981]},"properties":{"source":"economist_fires","source_name":"The Economist war-fire model","source_url":"https://github.com/TheEconomist/the-economist-war-fire-model","id":318,"date":"2026-09-13","link":"https://www.economist.com/interactive/graphic-detail/ukraine-fires","category":"Fire classified as war-related (model estimate)","side":"Not attributed","color":"#FF8C00","radius":3,"orbat":[],"description":"Satellite heat detection at 09:39 UTC, in an area days after abnormal fire activity. Urban area."}},{"type":"Feature","geometry":{"type":"Point","coordinates":[35.82228,47.61201]},"properties":{"source":"economist_fires","source_name":"The Economist war-fire model","source_url":"https://github.com/TheEconomist/the-economist-war-fire-model","id":319,"date":"2026-09-13","link":"https://www.economist.com/interactive/graphic-detail/ukraine-fires","category":"Fire classified as war-related (model estimate)","side":"Not attributed","color":"#FF8C00","radius":3,"orbat":[],"description":"Satellite heat detection at 09:39 UTC, in an area days after abnormal fire activity. Urban area."}},{"type":"Feature","geometry":{"type":"Point","coordinates":[35.82644,47.6132]},"properties":{"source":"economist_fires","source_name":"The Economist war-fire model","source_url":"https://github.com/TheEconomist/the-economist-war-fire-model","id":320,"date":"2026-09-13","link":"https://www.economist.com/interactive/graphic-detail/ukraine-fires","category":"Fire classified as war-related (model estimate)","side":"Not attributed","color":"#FF8C00","radius":3,"orbat":[],"description":"Satellite heat detection at 09:39 UTC, in an area of abnormal fire activity. Urban area."}},{"type":"Feature","geometry":{"type":"Point","coordinates":[35.82539,47.61453]},"properties":{"source":"economist_fires","source_name":"The Economist war-fire model","source_url":"https://github.com/TheEconomist/the-economist-war-fire-model","id":321,"date":"2026-09-13","link":"https://www.economist.com/interactive/graphic-detail/ukraine-fires","category":"Fire classified as war-related (model estimate)","side":"Not attributed","color":"#FF8C00","radius":3,"orbat":[],"description":"Satellite heat detection at 09:39 UTC, in an area of abnormal fire activity. Urban area."}},{"type":"Feature","geometry":{"type":"Point","coordinates":[35.82178,47.61116]},"properties":{"source":"economist_fires","source_name":"The Economist war-fire model","source_url":"https://github.com/TheEconomist/the-economist-war-fire-model","id":322,"date":"2026-09-13","link":"https://www.economist.com/interactive/graphic-detail/ukraine-fires","category":"Fire classified as war-related (model estimate)","side":"Not attributed","color":"#FF8C00","radius":3,"orbat":[],"description":"Satellite heat detection at 10:58 UTC, in an area days after abnormal fire activity. Urban area."}},{"type":"Feature","geometry":{"type":"Point","coordinates":[35.94035,46.71626]},"properties":{"source":"economist_fires","source_name":"The Economist war-fire model","source_url":"https://github.com/TheEconomist/the-economist-war-fire-model","id":323,"date":"2026-09-13","link":"https://www.economist.com/interactive/graphic-detail/ukraine-fires","category":"Fire classified as war-related (model estimate)","side":"Not attributed","color":"#FF8C00","radius":3,"orbat":[],"description":"Satellite heat detection at 09:17 UTC, in an area days after abnormal fire activity. Urban area."}},{"type":"Feature","geometry":{"type":"Point","coordinates":[35.93784,46.71877]},"properties":{"source":"economist_fires","source_name":"The Economist war-fire model","source_url":"https://github.com/TheEconomist/the-economist-war-fire-model","id":324,"date":"2026-09-13","link":"https://www.economist.com/interactive/graphic-detail/ukraine-fires","category":"Fire classified as war-related (model estimate)","side":"Not attributed","color":"#FF8C00","radius":3,"orbat":[],"description":"Satellite heat detection at 09:17 UTC, in an area days after abnormal fire activity. Urban area."}},{"type":"Feature","geometry":{"type":"Point","coordinates":[35.93245,46.87659]},"properties":{"source":"economist_fires","source_name":"The Economist war-fire model","source_url":"https://github.com/TheEconomist/the-economist-war-fire-model","id":325,"date":"2026-09-13","link":"https://www.economist.com/interactive/graphic-detail/ukraine-fires","category":"Fire classified as war-related (model estimate)","side":"Not attributed","color":"#FF8C00","radius":3,"orbat":[],"description":"Satellite heat detection at 10:58 UTC, in an area of abnormal fire activity. Urban area."}},{"type":"Feature","geometry":{"type":"Point","coordinates":[35.89165,47.51886]},"properties":{"source":"economist_fires","source_name":"The Economist war-fire model","source_url":"https://github.com/TheEconomist/the-economist-war-fire-model","id":326,"date":"2026-09-13","link":"https://www.economist.com/interactive/graphic-detail/ukraine-fires","category":"Fire classified as war-related (model estimate)","side":"Not attributed","color":"#FF8C00","radius":3,"orbat":[],"description":"Satellite heat detection at 10:58 UTC, in an area days after abnormal fire activity. Urban area."}},{"type":"Feature","geometry":{"type":"Point","coordinates":[35.89284,47.5184]},"properties":{"source":"economist_fires","source_name":"The Economist war-fire model","source_url":"https://github.com/TheEconomist/the-economist-war-fire-model","id":327,"date":"2026-09-13","link":"https://www.economist.com/interactive/graphic-detail/ukraine-fires","category":"Fire classified as war-related (model estimate)","side":"Not attributed","color":"#FF8C00","radius":3,"orbat":[],"description":"Satellite heat detection at 11:17 UTC, in an area days after abnormal fire activity. Urban area."}},{"type":"Feature","geometry":{"type":"Point","coordinates":[35.90688,47.46474]},"properties":{"source":"economist_fires","source_name":"The Economist war-fire model","source_url":"https://github.com/TheEconomist/the-economist-war-fire-model","id":328,"date":"2026-09-13","link":"https://www.economist.com/interactive/graphic-detail/ukraine-fires","category":"Fire classified as war-related (model estimate)","side":"Not attributed","color":"#FF8C00","radius":3,"orbat":[],"description":"Satellite heat detection at 12:49 UTC, in an area days after abnormal fire activity. Urban area."}},{"type":"Feature","geometry":{"type":"Point","coordinates":[35.92057,47.46649]},"properties":{"source":"economist_fires","source_name":"The Economist war-fire model","source_url":"https://github.com/TheEconomist/the-economist-war-fire-model","id":329,"date":"2026-09-13","link":"https://www.economist.com/interactive/graphic-detail/ukraine-fires","category":"Fire classified as war-related (model estimate)","side":"Not attributed","color":"#FF8C00","radius":3,"orbat":[],"description":"Satellite heat detection at 12:49 UTC, in an area days after abnormal fire activity. Urban area."}},{"type":"Feature","geometry":{"type":"Point","coordinates":[35.91347,47.80347]},"properties":{"source":"economist_fires","source_name":"The Economist war-fire model","source_url":"https://github.com/TheEconomist/the-economist-war-fire-model","id":330,"date":"2026-09-13","link":"https://www.economist.com/interactive/graphic-detail/ukraine-fires","category":"Fire classified as war-related (model estimate)","side":"Not attributed","color":"#FF8C00","radius":3,"orbat":[],"description":"Satellite heat detection at 09:39 UTC, in an area days after abnormal fire activity. Urban area."}},{"type":"Feature","geometry":{"type":"Point","coordinates":[35.92261,47.81157]},"properties":{"source":"economist_fires","source_name":"The Economist war-fire model","source_url":"https://github.com/TheEconomist/the-economist-war-fire-model","id":331,"date":"2026-09-13","link":"https://www.economist.com/interactive/graphic-detail/ukraine-fires","category":"Fire classified as war-related (model estimate)","side":"Not attributed","color":"#FF8C00","radius":3,"orbat":[],"description":"Satellite heat detection at 09:39 UTC, in an area days after abnormal fire activity. Urban area."}},{"type":"Feature","geometry":{"type":"Point","coordinates":[35.90966,47.80334]},"properties":{"source":"economist_fires","source_name":"The Economist war-fire model","source_url":"https://github.com/TheEconomist/the-economist-war-fire-model","id":332,"date":"2026-09-13","link":"https://www.economist.com/interactive/graphic-detail/ukraine-fires","category":"Fire classified as war-related (model estimate)","side":"Not attributed","color":"#FF8C00","radius":3,"orbat":[],"description":"Satellite heat detection at 10:58 UTC, in an area days after abnormal fire activity. Urban area."}},{"type":"Feature","geometry":{"type":"Point","coordinates":[35.92181,47.81232]},"properties":{"source":"economist_fires","source_name":"The Economist war-fire model","source_url":"https://github.com/TheEconomist/the-economist-war-fire-model","id":333,"date":"2026-09-13","link":"https://www.economist.com/interactive/graphic-detail/ukraine-fires","category":"Fire classified as war-related (model estimate)","side":"Not attributed","color":"#FF8C00","radius":3,"orbat":[],"description":"Satellite heat detection at 10:58 UTC, in an area days after abnormal fire activity. Urban area."}},{"type":"Feature","geometry":{"type":"Point","coordinates":[35.87803,48.38255]},"properties":{"source":"economist_fires","source_name":"The Economist war-fire model","source_url":"https://github.com/TheEconomist/the-economist-war-fire-model","id":334,"date":"2026-09-13","link":"https://www.economist.com/interactive/graphic-detail/ukraine-fires","category":"Fire classified as war-related (model estimate)","side":"Not attributed","color":"#FF8C00","radius":3,"orbat":[],"description":"Satellite heat detection at 09:39 UTC, in an area of abnormal fire activity. Urban area."}},{"type":"Feature","geometry":{"type":"Point","coordinates":[35.87273,48.37878]},"properties":{"source":"economist_fires","source_name":"The Economist war-fire model","source_url":"https://github.com/TheEconomist/the-economist-war-fire-model","id":335,"date":"2026-09-13","link":"https://www.economist.com/interactive/graphic-detail/ukraine-fires","category":"Fire classified as war-related (model estimate)","side":"Not attributed","color":"#FF8C00","radius":3,"orbat":[],"description":"Satellite heat detection at 10:21 UTC, in an area of abnormal fire activity. Urban area."}},{"type":"Feature","geometry":{"type":"Point","coordinates":[35.8833,48.37812]},"properties":{"source":"economist_fires","source_name":"The Economist war-fire model","source_url":"https://github.com/TheEconomist/the-economist-war-fire-model","id":336,"date":"2026-09-13","link":"https://www.economist.com/interactive/graphic-detail/ukraine-fires","category":"Fire classified as war-related (model estimate)","side":"Not attributed","color":"#FF8C00","radius":3,"orbat":[],"description":"Satellite heat detection at 10:58 UTC, in an area of abnormal fire activity. Urban area."}},{"type":"Feature","geometry":{"type":"Point","coordinates":[36.00605,47.39545]},"properties":{"source":"economist_fires","source_name":"The Economist war-fire model","source_url":"https://github.com/TheEconomist/the-economist-war-fire-model","id":337,"date":"2026-09-13","link":"https://www.economist.com/interactive/graphic-detail/ukraine-fires","category":"Fire classified as war-related (model estimate)","side":"Not attributed","color":"#FF8C00","radius":3,"orbat":[],"description":"Satellite heat detection at 09:37 UTC, in an area days after abnormal fire activity. Urban area."}},{"type":"Feature","geometry":{"type":"Point","coordinates":[36.00961,47.39551]},"properties":{"source":"economist_fires","source_name":"The Economist war-fire model","source_url":"https://github.com/TheEconomist/the-economist-war-fire-model","id":338,"date":"2026-09-13","link":"https://www.economist.com/interactive/graphic-detail/ukraine-fires","category":"Fire classified as war-related (model estimate)","side":"Not attributed","color":"#FF8C00","radius":3,"orbat":[],"description":"Satellite heat detection at 11:17 UTC, in an area days after abnormal fire activity. Urban area."}},{"type":"Feature","geometry":{"type":"Point","coordinates":[36.02147,47.89456]},"properties":{"source":"economist_fires","source_name":"The Economist war-fire model","source_url":"https://github.com/TheEconomist/the-economist-war-fire-model","id":339,"date":"2026-09-13","link":"https://www.economist.com/interactive/graphic-detail/ukraine-fires","category":"Fire classified as war-related (model estimate)","side":"Not attributed","color":"#FF8C00","radius":3,"orbat":[],"description":"Satellite heat detection at 09:39 UTC, in an area of abnormal fire activity. Urban area."}},{"type":"Feature","geometry":{"type":"Point","coordinates":[36.02378,47.89483]},"properties":{"source":"economist_fires","source_name":"The Economist war-fire model","source_url":"https://github.com/TheEconomist/the-economist-war-fire-model","id":340,"date":"2026-09-13","link":"https://www.economist.com/interactive/graphic-detail/ukraine-fires","category":"Fire classified as war-related (model estimate)","side":"Not attributed","color":"#FF8C00","radius":3,"orbat":[],"description":"Satellite heat detection at 09:39 UTC, in an area of abnormal fire activity. Urban area."}},{"type":"Feature","geometry":{"type":"Point","coordinates":[36.01685,47.89839]},"properties":{"source":"economist_fires","source_name":"The Economist war-fire model","source_url":"https://github.com/TheEconomist/the-economist-war-fire-model","id":341,"date":"2026-09-13","link":"https://www.economist.com/interactive/graphic-detail/ukraine-fires","category":"Fire classified as war-related (model estimate)","side":"Not attributed","color":"#FF8C00","radius":3,"orbat":[],"description":"Satellite heat detection at 09:39 UTC, in an area of abnormal fire activity. Urban area."}},{"type":"Feature","geometry":{"type":"Point","coordinates":[36.01858,47.89924]},"properties":{"source":"economist_fires","source_name":"The Economist war-fire model","source_url":"https://github.com/TheEconomist/the-economist-war-fire-model","id":342,"date":"2026-09-13","link":"https://www.economist.com/interactive/graphic-detail/ukraine-fires","category":"Fire classified as war-related (model estimate)","side":"Not attributed","color":"#FF8C00","radius":3,"orbat":[],"description":"Satellite heat detection at 09:39 UTC, in an area of abnormal fire activity. Urban area."}},{"type":"Feature","geometry":{"type":"Point","coordinates":[36.02089,47.89951]},"properties":{"source":"economist_fires","source_name":"The Economist war-fire model","source_url":"https://github.com/TheEconomist/the-economist-war-fire-model","id":343,"date":"2026-09-13","link":"https://www.economist.com/interactive/graphic-detail/ukraine-fires","category":"Fire classified as war-related (model estimate)","side":"Not attributed","color":"#FF8C00","radius":3,"orbat":[],"description":"Satellite heat detection at 09:39 UTC, in an area of abnormal fire activity. Urban area."}},{"type":"Feature","geometry":{"type":"Point","coordinates":[36.02261,47.90038]},"properties":{"source":"economist_fires","source_name":"The Economist war-fire model","source_url":"https://github.com/TheEconomist/the-economist-war-fire-model","id":344,"date":"2026-09-13","link":"https://www.economist.com/interactive/graphic-detail/ukraine-fires","category":"Fire classified as war-related (model estimate)","side":"Not attributed","color":"#FF8C00","radius":3,"orbat":[],"description":"Satellite heat detection at 09:39 UTC, in an area of abnormal fire activity. Urban area."}},{"type":"Feature","geometry":{"type":"Point","coordinates":[36.02608,47.89438]},"properties":{"source":"economist_fires","source_name":"The Economist war-fire model","source_url":"https://github.com/TheEconomist/the-economist-war-fire-model","id":345,"date":"2026-09-13","link":"https://www.economist.com/interactive/graphic-detail/ukraine-fires","category":"Fire classified as war-related (model estimate)","side":"Not attributed","color":"#FF8C00","radius":3,"orbat":[],"description":"Satellite heat detection at 10:21 UTC, in an area of abnormal fire activity. Urban area."}},{"type":"Feature","geometry":{"type":"Point","coordinates":[36.01991,47.89685]},"properties":{"source":"economist_fires","source_name":"The Economist war-fire model","source_url":"https://github.com/TheEconomist/the-economist-war-fire-model","id":346,"date":"2026-09-13","link":"https://www.economist.com/interactive/graphic-detail/ukraine-fires","category":"Fire classified as war-related (model estimate)","side":"Not attributed","color":"#FF8C00","radius":3,"orbat":[],"description":"Satellite heat detection at 10:21 UTC, in an area of abnormal fire activity. Urban area."}},{"type":"Feature","geometry":{"type":"Point","coordinates":[36.02497,47.89763]},"properties":{"source":"economist_fires","source_name":"The Economist war-fire model","source_url":"https://github.com/TheEconomist/the-economist-war-fire-model","id":347,"date":"2026-09-13","link":"https://www.economist.com/interactive/graphic-detail/ukraine-fires","category":"Fire classified as war-related (model estimate)","side":"Not attributed","color":"#FF8C00","radius":3,"orbat":[],"description":"Satellite heat detection at 10:21 UTC, in an area of abnormal fire activity. Urban area."}},{"type":"Feature","geometry":{"type":"Point","coordinates":[36.01374,47.89931]},"properties":{"source":"economist_fires","source_name":"The Economist war-fire model","source_url":"https://github.com/TheEconomist/the-economist-war-fire-model","id":348,"date":"2026-09-13","link":"https://www.economist.com/interactive/graphic-detail/ukraine-fires","category":"Fire classified as war-related (model estimate)","side":"Not attributed","color":"#FF8C00","radius":3,"orbat":[],"description":"Satellite heat detection at 10:21 UTC, in an area of abnormal fire activity. Urban area."}},{"type":"Feature","geometry":{"type":"Point","coordinates":[36.01879,47.90009]},"properties":{"source":"economist_fires","source_name":"The Economist war-fire model","source_url":"https://github.com/TheEconomist/the-economist-war-fire-model","id":349,"date":"2026-09-13","link":"https://www.economist.com/interactive/graphic-detail/ukraine-fires","category":"Fire classified as war-related (model estimate)","side":"Not attributed","color":"#FF8C00","radius":3,"orbat":[],"description":"Satellite heat detection at 10:21 UTC, in an area of abnormal fire activity. Urban area."}},{"type":"Feature","geometry":{"type":"Point","coordinates":[36.02363,47.89269]},"properties":{"source":"economist_fires","source_name":"The Economist war-fire model","source_url":"https://github.com/TheEconomist/the-economist-war-fire-model","id":350,"date":"2026-09-13","link":"https://www.economist.com/interactive/graphic-detail/ukraine-fires","category":"Fire classified as war-related (model estimate)","side":"Not attributed","color":"#FF8C00","radius":3,"orbat":[],"description":"Satellite heat detection at 10:58 UTC, in an area of abnormal fire activity. Urban area."}},{"type":"Feature","geometry":{"type":"Point","coordinates":[36.02219,47.89412]},"properties":{"source":"economist_fires","source_name":"The Economist war-fire model","source_url":"https://github.com/TheEconomist/the-economist-war-fire-model","id":351,"date":"2026-09-13","link":"https://www.economist.com/interactive/graphic-detail/ukraine-fires","category":"Fire classified as war-related (model estimate)","side":"Not attributed","color":"#FF8C00","radius":3,"orbat":[],"description":"Satellite heat detection at 10:58 UTC, in an area of abnormal fire activity. Urban area."}},{"type":"Feature","geometry":{"type":"Point","coordinates":[36.0228,47.8965]},"properties":{"source":"economist_fires","source_name":"The Economist war-fire model","source_url":"https://github.com/TheEconomist/the-economist-war-fire-model","id":352,"date":"2026-09-13","link":"https://www.economist.com/interactive/graphic-detail/ukraine-fires","category":"Fire classified as war-related (model estimate)","side":"Not attributed","color":"#FF8C00","radius":3,"orbat":[],"description":"Satellite heat detection at 10:58 UTC, in an area of abnormal fire activity. Urban area."}},{"type":"Feature","geometry":{"type":"Point","coordinates":[36.02135,47.89793]},"properties":{"source":"economist_fires","source_name":"The Economist war-fire model","source_url":"https://github.com/TheEconomist/the-economist-war-fire-model","id":353,"date":"2026-09-13","link":"https://www.economist.com/interactive/graphic-detail/ukraine-fires","category":"Fire classified as war-related (model estimate)","side":"Not attributed","color":"#FF8C00","radius":3,"orbat":[],"description":"Satellite heat detection at 10:58 UTC, in an area of abnormal fire activity. Urban area."}},{"type":"Feature","geometry":{"type":"Point","coordinates":[35.98272,48.14301]},"properties":{"source":"economist_fires","source_name":"The Economist war-fire model","source_url":"https://github.com/TheEconomist/the-economist-war-fire-model","id":354,"date":"2026-09-13","link":"https://www.economist.com/interactive/graphic-detail/ukraine-fires","category":"Fire classified as war-related (model estimate)","side":"Not attributed","color":"#FF8C00","radius":3,"orbat":[],"description":"Satellite heat detection at 23:12 UTC, in an area days after abnormal fire activity. Urban area."}},{"type":"Feature","geometry":{"type":"Point","coordinates":[36.09634,46.78586]},"properties":{"source":"economist_fires","source_name":"The Economist war-fire model","source_url":"https://github.com/TheEconomist/the-economist-war-fire-model","id":355,"date":"2026-09-13","link":"https://www.economist.com/interactive/graphic-detail/ukraine-fires","category":"Fire classified as war-related (model estimate)","side":"Not attributed","color":"#FF8C00","radius":3,"orbat":[],"description":"Satellite heat detection at 12:49 UTC, in an area days after abnormal fire activity. Urban area."}},{"type":"Feature","geometry":{"type":"Point","coordinates":[36.12877,47.8898]},"properties":{"source":"economist_fires","source_name":"The Economist war-fire model","source_url":"https://github.com/TheEconomist/the-economist-war-fire-model","id":356,"date":"2026-09-13","link":"https://www.economist.com/interactive/graphic-detail/ukraine-fires","category":"Fire classified as war-related (model estimate)","side":"Not attributed","color":"#FF8C00","radius":3,"orbat":[],"description":"Satellite heat detection at 10:21 UTC, in an area of abnormal fire activity. Urban area."}},{"type":"Feature","geometry":{"type":"Point","coordinates":[36.10954,47.90998]},"properties":{"source":"economist_fires","source_name":"The Economist war-fire model","source_url":"https://github.com/TheEconomist/the-economist-war-fire-model","id":357,"date":"2026-09-13","link":"https://www.economist.com/interactive/graphic-detail/ukraine-fires","category":"Fire classified as war-related (model estimate)","side":"Not attributed","color":"#FF8C00","radius":3,"orbat":[],"description":"Satellite heat detection at 22:35 UTC, in an area of abnormal fire activity. Urban area."}},{"type":"Feature","geometry":{"type":"Point","coordinates":[36.10839,48.00723]},"properties":{"source":"economist_fires","source_name":"The Economist war-fire model","source_url":"https://github.com/TheEconomist/the-economist-war-fire-model","id":358,"date":"2026-09-13","link":"https://www.economist.com/interactive/graphic-detail/ukraine-fires","category":"Fire classified as war-related (model estimate)","side":"Not attributed","color":"#FF8C00","radius":3,"orbat":[],"description":"Satellite heat detection at 00:35 UTC, in an area days after abnormal fire activity. Urban area."}},{"type":"Feature","geometry":{"type":"Point","coordinates":[36.10373,47.98877]},"properties":{"source":"economist_fires","source_name":"The Economist war-fire model","source_url":"https://github.com/TheEconomist/the-economist-war-fire-model","id":359,"date":"2026-09-13","link":"https://www.economist.com/interactive/graphic-detail/ukraine-fires","category":"Fire classified as war-related (model estimate)","side":"Not attributed","color":"#FF8C00","radius":3,"orbat":[],"description":"Satellite heat detection at 09:39 UTC, in an area days after abnormal fire activity. Urban area."}},{"type":"Feature","geometry":{"type":"Point","coordinates":[36.08947,48.02382]},"properties":{"source":"economist_fires","source_name":"The Economist war-fire model","source_url":"https://github.com/TheEconomist/the-economist-war-fire-model","id":360,"date":"2026-09-13","link":"https://www.economist.com/interactive/graphic-detail/ukraine-fires","category":"Fire classified as war-related (model estimate)","side":"Not attributed","color":"#FF8C00","radius":3,"orbat":[],"description":"Satellite heat detection at 09:39 UTC, in an area days after abnormal fire activity. Urban area."}},{"type":"Feature","geometry":{"type":"Point","coordinates":[36.08828,48.02807]},"properties":{"source":"economist_fires","source_name":"The Economist war-fire model","source_url":"https://github.com/TheEconomist/the-economist-war-fire-model","id":361,"date":"2026-09-13","link":"https://www.economist.com/interactive/graphic-detail/ukraine-fires","category":"Fire classified as war-related (model estimate)","side":"Not attributed","color":"#FF8C00","radius":3,"orbat":[],"description":"Satellite heat detection at 09:39 UTC, in an area days after abnormal fire activity. Urban area."}},{"type":"Feature","geometry":{"type":"Point","coordinates":[36.08941,48.0277]},"properties":{"source":"economist_fires","source_name":"The Economist war-fire model","source_url":"https://github.com/TheEconomist/the-economist-war-fire-model","id":362,"date":"2026-09-13","link":"https://www.economist.com/interactive/graphic-detail/ukraine-fires","category":"Fire classified as war-related (model estimate)","side":"Not attributed","color":"#FF8C00","radius":3,"orbat":[],"description":"Satellite heat detection at 10:21 UTC, in an area days after abnormal fire activity. Urban area."}},{"type":"Feature","geometry":{"type":"Point","coordinates":[36.08513,48.0269]},"properties":{"source":"economist_fires","source_name":"The Economist war-fire model","source_url":"https://github.com/TheEconomist/the-economist-war-fire-model","id":363,"date":"2026-09-13","link":"https://www.economist.com/interactive/graphic-detail/ukraine-fires","category":"Fire classified as war-related (model estimate)","side":"Not attributed","color":"#FF8C00","radius":3,"orbat":[],"description":"Satellite heat detection at 10:58 UTC, in an area days after abnormal fire activity. Urban area."}},{"type":"Feature","geometry":{"type":"Point","coordinates":[36.09034,48.02563]},"properties":{"source":"economist_fires","source_name":"The Economist war-fire model","source_url":"https://github.com/TheEconomist/the-economist-war-fire-model","id":364,"date":"2026-09-13","link":"https://www.economist.com/interactive/graphic-detail/ukraine-fires","category":"Fire classified as war-related (model estimate)","side":"Not attributed","color":"#FF8C00","radius":3,"orbat":[],"description":"Satellite heat detection at 11:17 UTC, in an area days after abnormal fire activity. Urban area."}},{"type":"Feature","geometry":{"type":"Point","coordinates":[36.20989,47.37208]},"properties":{"source":"economist_fires","source_name":"The Economist war-fire model","source_url":"https://github.com/TheEconomist/the-economist-war-fire-model","id":365,"date":"2026-09-13","link":"https://www.economist.com/interactive/graphic-detail/ukraine-fires","category":"Fire classified as war-related (model estimate)","side":"Not attributed","color":"#FF8C00","radius":3,"orbat":[],"description":"Satellite heat detection at 00:35 UTC, in an area of abnormal fire activity. Urban area."}},{"type":"Feature","geometry":{"type":"Point","coordinates":[36.20528,47.37345]},"properties":{"source":"economist_fires","source_name":"The Economist war-fire model","source_url":"https://github.com/TheEconomist/the-economist-war-fire-model","id":366,"date":"2026-09-13","link":"https://www.economist.com/interactive/graphic-detail/ukraine-fires","category":"Fire classified as war-related (model estimate)","side":"Not attributed","color":"#FF8C00","radius":3,"orbat":[],"description":"Satellite heat detection at 00:35 UTC, in an area of abnormal fire activity. Urban area."}},{"type":"Feature","geometry":{"type":"Point","coordinates":[36.18992,47.40825]},"properties":{"source":"economist_fires","source_name":"The Economist war-fire model","source_url":"https://github.com/TheEconomist/the-economist-war-fire-model","id":367,"date":"2026-09-13","link":"https://www.economist.com/interactive/graphic-detail/ukraine-fires","category":"Fire classified as war-related (model estimate)","side":"Not attributed","color":"#FF8C00","radius":3,"orbat":[],"description":"Satellite heat detection at 09:37 UTC, in an area of abnormal fire activity. Urban area."}},{"type":"Feature","geometry":{"type":"Point","coordinates":[36.18902,47.40755]},"properties":{"source":"economist_fires","source_name":"The Economist war-fire model","source_url":"https://github.com/TheEconomist/the-economist-war-fire-model","id":368,"date":"2026-09-13","link":"https://www.economist.com/interactive/graphic-detail/ukraine-fires","category":"Fire classified as war-related (model estimate)","side":"Not attributed","color":"#FF8C00","radius":3,"orbat":[],"description":"Satellite heat detection at 10:58 UTC, in an area of abnormal fire activity. Urban area."}},{"type":"Feature","geometry":{"type":"Point","coordinates":[36.18876,47.40413]},"properties":{"source":"economist_fires","source_name":"The Economist war-fire model","source_url":"https://github.com/TheEconomist/the-economist-war-fire-model","id":369,"date":"2026-09-13","link":"https://www.economist.com/interactive/graphic-detail/ukraine-fires","category":"Fire classified as war-related (model estimate)","side":"Not attributed","color":"#FF8C00","radius":3,"orbat":[],"description":"Satellite heat detection at 11:17 UTC, in an area of abnormal fire activity. Urban area."}},{"type":"Feature","geometry":{"type":"Point","coordinates":[36.19333,47.40434]},"properties":{"source":"economist_fires","source_name":"The Economist war-fire model","source_url":"https://github.com/TheEconomist/the-economist-war-fire-model","id":370,"date":"2026-09-13","link":"https://www.economist.com/interactive/graphic-detail/ukraine-fires","category":"Fire classified as war-related (model estimate)","side":"Not attributed","color":"#FF8C00","radius":3,"orbat":[],"description":"Satellite heat detection at 11:17 UTC, in an area of abnormal fire activity. Urban area."}},{"type":"Feature","geometry":{"type":"Point","coordinates":[36.18834,47.4093]},"properties":{"source":"economist_fires","source_name":"The Economist war-fire model","source_url":"https://github.com/TheEconomist/the-economist-war-fire-model","id":371,"date":"2026-09-13","link":"https://www.economist.com/interactive/graphic-detail/ukraine-fires","category":"Fire classified as war-related (model estimate)","side":"Not attributed","color":"#FF8C00","radius":3,"orbat":[],"description":"Satellite heat detection at 11:17 UTC, in an area days after abnormal fire activity. Urban area."}},{"type":"Feature","geometry":{"type":"Point","coordinates":[36.17589,47.39656]},"properties":{"source":"economist_fires","source_name":"The Economist war-fire model","source_url":"https://github.com/TheEconomist/the-economist-war-fire-model","id":372,"date":"2026-09-13","link":"https://www.economist.com/interactive/graphic-detail/ukraine-fires","category":"Fire classified as war-related (model estimate)","side":"Not attributed","color":"#FF8C00","radius":3,"orbat":[],"description":"Satellite heat detection at 12:49 UTC, in an area days after abnormal fire activity. Urban area."}},{"type":"Feature","geometry":{"type":"Point","coordinates":[36.18979,47.39831]},"properties":{"source":"economist_fires","source_name":"The Economist war-fire model","source_url":"https://github.com/TheEconomist/the-economist-war-fire-model","id":373,"date":"2026-09-13","link":"https://www.economist.com/interactive/graphic-detail/ukraine-fires","category":"Fire classified as war-related (model estimate)","side":"Not attributed","color":"#FF8C00","radius":3,"orbat":[],"description":"Satellite heat detection at 12:49 UTC, in an area days after abnormal fire activity. Urban area."}},{"type":"Feature","geometry":{"type":"Point","coordinates":[36.1739,47.79718]},"properties":{"source":"economist_fires","source_name":"The Economist war-fire model","source_url":"https://github.com/TheEconomist/the-economist-war-fire-model","id":374,"date":"2026-09-13","link":"https://www.economist.com/interactive/graphic-detail/ukraine-fires","category":"Fire classified as war-related (model estimate)","side":"Not attributed","color":"#FF8C00","radius":3,"orbat":[],"description":"Satellite heat detection at 10:21 UTC, in an area days after abnormal fire activity. Urban area."}},{"type":"Feature","geometry":{"type":"Point","coordinates":[36.1616,47.80212]},"properties":{"source":"economist_fires","source_name":"The Economist war-fire model","source_url":"https://github.com/TheEconomist/the-economist-war-fire-model","id":375,"date":"2026-09-13","link":"https://www.economist.com/interactive/graphic-detail/ukraine-fires","category":"Fire classified as war-related (model estimate)","side":"Not attributed","color":"#FF8C00","radius":3,"orbat":[],"description":"Satellite heat detection at 10:21 UTC, in an area days after abnormal fire activity. Urban area."}},{"type":"Feature","geometry":{"type":"Point","coordinates":[36.17271,47.79687]},"properties":{"source":"economist_fires","source_name":"The Economist war-fire model","source_url":"https://github.com/TheEconomist/the-economist-war-fire-model","id":376,"date":"2026-09-13","link":"https://www.economist.com/interactive/graphic-detail/ukraine-fires","category":"Fire classified as war-related (model estimate)","side":"Not attributed","color":"#FF8C00","radius":3,"orbat":[],"description":"Satellite heat detection at 10:58 UTC, in an area days after abnormal fire activity. Urban area."}},{"type":"Feature","geometry":{"type":"Point","coordinates":[36.16914,48.02248]},"properties":{"source":"economist_fires","source_name":"The Economist war-fire model","source_url":"https://github.com/TheEconomist/the-economist-war-fire-model","id":377,"date":"2026-09-13","link":"https://www.economist.com/interactive/graphic-detail/ukraine-fires","category":"Fire classified as war-related (model estimate)","side":"Not attributed","color":"#FF8C00","radius":3,"orbat":[],"description":"Satellite heat detection at 07:14 UTC, in an area days after abnormal fire activity. Urban area."}},{"type":"Feature","geometry":{"type":"Point","coordinates":[36.1501,48.02636]},"properties":{"source":"economist_fires","source_name":"The Economist war-fire model","source_url":"https://github.com/TheEconomist/the-economist-war-fire-model","id":378,"date":"2026-09-13","link":"https://www.economist.com/interactive/graphic-detail/ukraine-fires","category":"Fire classified as war-related (model estimate)","side":"Not attributed","color":"#FF8C00","radius":3,"orbat":[],"description":"Satellite heat detection at 07:14 UTC, in an area of abnormal fire activity. Urban area."}},{"type":"Feature","geometry":{"type":"Point","coordinates":[36.16585,48.02951]},"properties":{"source":"economist_fires","source_name":"The Economist war-fire model","source_url":"https://github.com/TheEconomist/the-economist-war-fire-model","id":379,"date":"2026-09-13","link":"https://www.economist.com/interactive/graphic-detail/ukraine-fires","category":"Fire classified as war-related (model estimate)","side":"Not attributed","color":"#FF8C00","radius":3,"orbat":[],"description":"Satellite heat detection at 07:14 UTC, in an area of abnormal fire activity. Urban area."}},{"type":"Feature","geometry":{"type":"Point","coordinates":[36.20396,47.97351]},"properties":{"source":"economist_fires","source_name":"The Economist war-fire model","source_url":"https://github.com/TheEconomist/the-economist-war-fire-model","id":380,"date":"2026-09-13","link":"https://www.economist.com/interactive/graphic-detail/ukraine-fires","category":"Fire classified as war-related (model estimate)","side":"Not attributed","color":"#FF8C00","radius":3,"orbat":[],"description":"Satellite heat detection at 10:21 UTC, in an area of abnormal fire activity. Urban area."}},{"type":"Feature","geometry":{"type":"Point","coordinates":[36.20558,47.97486]},"properties":{"source":"economist_fires","source_name":"The Economist war-fire model","source_url":"https://github.com/TheEconomist/the-economist-war-fire-model","id":381,"date":"2026-09-13","link":"https://www.economist.com/interactive/graphic-detail/ukraine-fires","category":"Fire classified as war-related (model estimate)","side":"Not attributed","color":"#FF8C00","radius":3,"orbat":[],"description":"Satellite heat detection at 10:58 UTC, in an area days after abnormal fire activity. Urban area."}},{"type":"Feature","geometry":{"type":"Point","coordinates":[36.21888,47.98011]},"properties":{"source":"economist_fires","source_name":"The Economist war-fire model","source_url":"https://github.com/TheEconomist/the-economist-war-fire-model","id":382,"date":"2026-09-13","link":"https://www.economist.com/interactive/graphic-detail/ukraine-fires","category":"Fire classified as war-related (model estimate)","side":"Not attributed","color":"#FF8C00","radius":3,"orbat":[],"description":"Satellite heat detection at 10:58 UTC, in an area of abnormal fire activity. Urban area."}},{"type":"Feature","geometry":{"type":"Point","coordinates":[36.20611,47.97351]},"properties":{"source":"economist_fires","source_name":"The Economist war-fire model","source_url":"https://github.com/TheEconomist/the-economist-war-fire-model","id":383,"date":"2026-09-13","link":"https://www.economist.com/interactive/graphic-detail/ukraine-fires","category":"Fire classified as war-related (model estimate)","side":"Not attributed","color":"#FF8C00","radius":3,"orbat":[],"description":"Satellite heat detection at 11:17 UTC, in an area days after abnormal fire activity. Urban area."}},{"type":"Feature","geometry":{"type":"Point","coordinates":[36.19995,47.97227]},"properties":{"source":"economist_fires","source_name":"The Economist war-fire model","source_url":"https://github.com/TheEconomist/the-economist-war-fire-model","id":384,"date":"2026-09-13","link":"https://www.economist.com/interactive/graphic-detail/ukraine-fires","category":"Fire classified as war-related (model estimate)","side":"Not attributed","color":"#FF8C00","radius":3,"orbat":[],"description":"Satellite heat detection at 12:49 UTC, in an area days after abnormal fire activity. Urban area."}},{"type":"Feature","geometry":{"type":"Point","coordinates":[36.20313,47.97438]},"properties":{"source":"economist_fires","source_name":"The Economist war-fire model","source_url":"https://github.com/TheEconomist/the-economist-war-fire-model","id":385,"date":"2026-09-13","link":"https://www.economist.com/interactive/graphic-detail/ukraine-fires","category":"Fire classified as war-related (model estimate)","side":"Not attributed","color":"#FF8C00","radius":3,"orbat":[],"description":"Satellite heat detection at 23:31 UTC, in an area days after abnormal fire activity. Urban area."}},{"type":"Feature","geometry":{"type":"Point","coordinates":[36.26904,45.40546]},"properties":{"source":"economist_fires","source_name":"The Economist war-fire model","source_url":"https://github.com/TheEconomist/the-economist-war-fire-model","id":386,"date":"2026-09-13","link":"https://www.economist.com/interactive/graphic-detail/ukraine-fires","category":"Fire classified as war-related (model estimate)","side":"Not attributed","color":"#FF8C00","radius":3,"orbat":[],"description":"Satellite heat detection at 00:37 UTC, in an area days after abnormal fire activity. Urban area."}},{"type":"Feature","geometry":{"type":"Point","coordinates":[36.26357,45.40712]},"properties":{"source":"economist_fires","source_name":"The Economist war-fire model","source_url":"https://github.com/TheEconomist/the-economist-war-fire-model","id":387,"date":"2026-09-13","link":"https://www.economist.com/interactive/graphic-detail/ukraine-fires","category":"Fire classified as war-related (model estimate)","side":"Not attributed","color":"#FF8C00","radius":3,"orbat":[],"description":"Satellite heat detection at 00:37 UTC, in an area days after abnormal fire activity. Urban area."}},{"type":"Feature","geometry":{"type":"Point","coordinates":[36.26906,47.6474]},"properties":{"source":"economist_fires","source_name":"The Economist war-fire model","source_url":"https://github.com/TheEconomist/the-economist-war-fire-model","id":388,"date":"2026-09-13","link":"https://www.economist.com/interactive/graphic-detail/ukraine-fires","category":"Fire classified as war-related (model estimate)","side":"Not attributed","color":"#FF8C00","radius":3,"orbat":[],"description":"Satellite heat detection at 10:21 UTC, in an area of abnormal fire activity. Urban area."}},{"type":"Feature","geometry":{"type":"Point","coordinates":[36.27409,47.64818]},"properties":{"source":"economist_fires","source_name":"The Economist war-fire model","source_url":"https://github.com/TheEconomist/the-economist-war-fire-model","id":389,"date":"2026-09-13","link":"https://www.economist.com/interactive/graphic-detail/ukraine-fires","category":"Fire classified as war-related (model estimate)","side":"Not attributed","color":"#FF8C00","radius":3,"orbat":[],"description":"Satellite heat detection at 10:21 UTC, in an area days after abnormal fire activity. Urban area."}},{"type":"Feature","geometry":{"type":"Point","coordinates":[36.27123,47.64521]},"properties":{"source":"economist_fires","source_name":"The Economist war-fire model","source_url":"https://github.com/TheEconomist/the-economist-war-fire-model","id":390,"date":"2026-09-13","link":"https://www.economist.com/interactive/graphic-detail/ukraine-fires","category":"Fire classified as war-related (model estimate)","side":"Not attributed","color":"#FF8C00","radius":3,"orbat":[],"description":"Satellite heat detection at 10:58 UTC, in an area days after abnormal fire activity. Urban area."}},{"type":"Feature","geometry":{"type":"Point","coordinates":[36.28096,47.61882]},"properties":{"source":"economist_fires","source_name":"The Economist war-fire model","source_url":"https://github.com/TheEconomist/the-economist-war-fire-model","id":391,"date":"2026-09-13","link":"https://www.economist.com/interactive/graphic-detail/ukraine-fires","category":"Fire classified as war-related (model estimate)","side":"Not attributed","color":"#FF8C00","radius":3,"orbat":[],"description":"Satellite heat detection at 11:17 UTC, in an area days after abnormal fire activity. Urban area."}},{"type":"Feature","geometry":{"type":"Point","coordinates":[36.31311,47.62551]},"properties":{"source":"economist_fires","source_name":"The Economist war-fire model","source_url":"https://github.com/TheEconomist/the-economist-war-fire-model","id":392,"date":"2026-09-13","link":"https://www.economist.com/interactive/graphic-detail/ukraine-fires","category":"Fire classified as war-related (model estimate)","side":"Not attributed","color":"#FF8C00","radius":3,"orbat":[],"description":"Satellite heat detection at 11:17 UTC, in an area days after abnormal fire activity. Urban area."}},{"type":"Feature","geometry":{"type":"Point","coordinates":[36.27208,47.64543]},"properties":{"source":"economist_fires","source_name":"The Economist war-fire model","source_url":"https://github.com/TheEconomist/the-economist-war-fire-model","id":393,"date":"2026-09-13","link":"https://www.economist.com/interactive/graphic-detail/ukraine-fires","category":"Fire classified as war-related (model estimate)","side":"Not attributed","color":"#FF8C00","radius":3,"orbat":[],"description":"Satellite heat detection at 11:17 UTC, in an area of abnormal fire activity. Urban area."}},{"type":"Feature","geometry":{"type":"Point","coordinates":[36.2767,47.64563]},"properties":{"source":"economist_fires","source_name":"The Economist war-fire model","source_url":"https://github.com/TheEconomist/the-economist-war-fire-model","id":394,"date":"2026-09-13","link":"https://www.economist.com/interactive/graphic-detail/ukraine-fires","category":"Fire classified as war-related (model estimate)","side":"Not attributed","color":"#FF8C00","radius":3,"orbat":[],"description":"Satellite heat detection at 11:17 UTC, in an area days after abnormal fire activity. Urban area."}},{"type":"Feature","geometry":{"type":"Point","coordinates":[36.28132,47.64582]},"properties":{"source":"economist_fires","source_name":"The Economist war-fire model","source_url":"https://github.com/TheEconomist/the-economist-war-fire-model","id":395,"date":"2026-09-13","link":"https://www.economist.com/interactive/graphic-detail/ukraine-fires","category":"Fire classified as war-related (model estimate)","side":"Not attributed","color":"#FF8C00","radius":3,"orbat":[],"description":"Satellite heat detection at 11:17 UTC, in an area days after abnormal fire activity. Urban area."}},{"type":"Feature","geometry":{"type":"Point","coordinates":[36.27441,47.65175]},"properties":{"source":"economist_fires","source_name":"The Economist war-fire model","source_url":"https://github.com/TheEconomist/the-economist-war-fire-model","id":396,"date":"2026-09-13","link":"https://www.economist.com/interactive/graphic-detail/ukraine-fires","category":"Fire classified as war-related (model estimate)","side":"Not attributed","color":"#FF8C00","radius":3,"orbat":[],"description":"Satellite heat detection at 09:37 UTC, in an area days after abnormal fire activity. Urban area."}},{"type":"Feature","geometry":{"type":"Point","coordinates":[36.3198,47.65396]},"properties":{"source":"economist_fires","source_name":"The Economist war-fire model","source_url":"https://github.com/TheEconomist/the-economist-war-fire-model","id":397,"date":"2026-09-13","link":"https://www.economist.com/interactive/graphic-detail/ukraine-fires","category":"Fire classified as war-related (model estimate)","side":"Not attributed","color":"#FF8C00","radius":3,"orbat":[],"description":"Satellite heat detection at 10:58 UTC, in an area days after abnormal fire activity. Urban area."}},{"type":"Feature","geometry":{"type":"Point","coordinates":[36.25472,47.65532]},"properties":{"source":"economist_fires","source_name":"The Economist war-fire model","source_url":"https://github.com/TheEconomist/the-economist-war-fire-model","id":398,"date":"2026-09-13","link":"https://www.economist.com/interactive/graphic-detail/ukraine-fires","category":"Fire classified as war-related (model estimate)","side":"Not attributed","color":"#FF8C00","radius":3,"orbat":[],"description":"Satellite heat detection at 10:58 UTC, in an area days after abnormal fire activity. Urban area."}},{"type":"Feature","geometry":{"type":"Point","coordinates":[36.33701,47.70679]},"properties":{"source":"economist_fires","source_name":"The Economist war-fire model","source_url":"https://github.com/TheEconomist/the-economist-war-fire-model","id":399,"date":"2026-09-13","link":"https://www.economist.com/interactive/graphic-detail/ukraine-fires","category":"Fire classified as war-related (model estimate)","side":"Not attributed","color":"#FF8C00","radius":3,"orbat":[],"description":"Satellite heat detection at 10:58 UTC, in an area days after abnormal fire activity. Urban area."}},{"type":"Feature","geometry":{"type":"Point","coordinates":[36.25275,47.65504]},"properties":{"source":"economist_fires","source_name":"The Economist war-fire model","source_url":"https://github.com/TheEconomist/the-economist-war-fire-model","id":400,"date":"2026-09-13","link":"https://www.economist.com/interactive/graphic-detail/ukraine-fires","category":"Fire classified as war-related (model estimate)","side":"Not attributed","color":"#FF8C00","radius":3,"orbat":[],"description":"Satellite heat detection at 11:17 UTC, in an area days after abnormal fire activity. Urban area."}},{"type":"Feature","geometry":{"type":"Point","coordinates":[36.31128,48.05446]},"properties":{"source":"economist_fires","source_name":"The Economist war-fire model","source_url":"https://github.com/TheEconomist/the-economist-war-fire-model","id":401,"date":"2026-09-13","link":"https://www.economist.com/interactive/graphic-detail/ukraine-fires","category":"Fire classified as war-related (model estimate)","side":"Not attributed","color":"#FF8C00","radius":3,"orbat":[],"description":"Satellite heat detection at 09:17 UTC, in an area days after abnormal fire activity. Urban area."}},{"type":"Feature","geometry":{"type":"Point","coordinates":[36.30923,48.05622]},"properties":{"source":"economist_fires","source_name":"The Economist war-fire model","source_url":"https://github.com/TheEconomist/the-economist-war-fire-model","id":402,"date":"2026-09-13","link":"https://www.economist.com/interactive/graphic-detail/ukraine-fires","category":"Fire classified as war-related (model estimate)","side":"Not attributed","color":"#FF8C00","radius":3,"orbat":[],"description":"Satellite heat detection at 09:17 UTC, in an area of abnormal fire activity. Urban area."}},{"type":"Feature","geometry":{"type":"Point","coordinates":[36.30907,48.05634]},"properties":{"source":"economist_fires","source_name":"The Economist war-fire model","source_url":"https://github.com/TheEconomist/the-economist-war-fire-model","id":403,"date":"2026-09-13","link":"https://www.economist.com/interactive/graphic-detail/ukraine-fires","category":"Fire classified as war-related (model estimate)","side":"Not attributed","color":"#FF8C00","radius":3,"orbat":[],"description":"Satellite heat detection at 09:39 UTC, in an area of abnormal fire activity. Urban area."}},{"type":"Feature","geometry":{"type":"Point","coordinates":[36.30952,48.0547]},"properties":{"source":"economist_fires","source_name":"The Economist war-fire model","source_url":"https://github.com/TheEconomist/the-economist-war-fire-model","id":404,"date":"2026-09-13","link":"https://www.economist.com/interactive/graphic-detail/ukraine-fires","category":"Fire classified as war-related (model estimate)","side":"Not attributed","color":"#FF8C00","radius":3,"orbat":[],"description":"Satellite heat detection at 10:21 UTC, in an area of abnormal fire activity. Urban area."}},{"type":"Feature","geometry":{"type":"Point","coordinates":[36.30841,48.05796]},"properties":{"source":"economist_fires","source_name":"The Economist war-fire model","source_url":"https://github.com/TheEconomist/the-economist-war-fire-model","id":405,"date":"2026-09-13","link":"https://www.economist.com/interactive/graphic-detail/ukraine-fires","category":"Fire classified as war-related (model estimate)","side":"Not attributed","color":"#FF8C00","radius":3,"orbat":[],"description":"Satellite heat detection at 10:21 UTC, in an area of abnormal fire activity. Urban area."}},{"type":"Feature","geometry":{"type":"Point","coordinates":[36.3073,48.06121]},"properties":{"source":"economist_fires","source_name":"The Economist war-fire model","source_url":"https://github.com/TheEconomist/the-economist-war-fire-model","id":406,"date":"2026-09-13","link":"https://www.economist.com/interactive/graphic-detail/ukraine-fires","category":"Fire classified as war-related (model estimate)","side":"Not attributed","color":"#FF8C00","radius":3,"orbat":[],"description":"Satellite heat detection at 10:21 UTC, in an area of abnormal fire activity. Urban area."}},{"type":"Feature","geometry":{"type":"Point","coordinates":[36.32852,48.07432]},"properties":{"source":"economist_fires","source_name":"The Economist war-fire model","source_url":"https://github.com/TheEconomist/the-economist-war-fire-model","id":407,"date":"2026-09-13","link":"https://www.economist.com/interactive/graphic-detail/ukraine-fires","category":"Fire classified as war-related (model estimate)","side":"Not attributed","color":"#FF8C00","radius":3,"orbat":[],"description":"Satellite heat detection at 10:58 UTC, in an area days after abnormal fire activity. Urban area."}},{"type":"Feature","geometry":{"type":"Point","coordinates":[36.34982,48.11197]},"properties":{"source":"economist_fires","source_name":"The Economist war-fire model","source_url":"https://github.com/TheEconomist/the-economist-war-fire-model","id":408,"date":"2026-09-13","link":"https://www.economist.com/interactive/graphic-detail/ukraine-fires","category":"Fire classified as war-related (model estimate)","side":"Not attributed","color":"#FF8C00","radius":3,"orbat":[],"description":"Satellite heat detection at 10:58 UTC, in an area of abnormal fire activity. Urban area."}},{"type":"Feature","geometry":{"type":"Point","coordinates":[36.30979,48.05646]},"properties":{"source":"economist_fires","source_name":"The Economist war-fire model","source_url":"https://github.com/TheEconomist/the-economist-war-fire-model","id":409,"date":"2026-09-13","link":"https://www.economist.com/interactive/graphic-detail/ukraine-fires","category":"Fire classified as war-related (model estimate)","side":"Not attributed","color":"#FF8C00","radius":3,"orbat":[],"description":"Satellite heat detection at 11:17 UTC, in an area of abnormal fire activity. Urban area."}},{"type":"Feature","geometry":{"type":"Point","coordinates":[36.30983,48.0568]},"properties":{"source":"economist_fires","source_name":"The Economist war-fire model","source_url":"https://github.com/TheEconomist/the-economist-war-fire-model","id":410,"date":"2026-09-13","link":"https://www.economist.com/interactive/graphic-detail/ukraine-fires","category":"Fire classified as war-related (model estimate)","side":"Not attributed","color":"#FF8C00","radius":3,"orbat":[],"description":"Satellite heat detection at 11:17 UTC, in an area days after abnormal fire activity. Urban area."}},{"type":"Feature","geometry":{"type":"Point","coordinates":[36.32655,48.07407]},"properties":{"source":"economist_fires","source_name":"The Economist war-fire model","source_url":"https://github.com/TheEconomist/the-economist-war-fire-model","id":411,"date":"2026-09-13","link":"https://www.economist.com/interactive/graphic-detail/ukraine-fires","category":"Fire classified as war-related (model estimate)","side":"Not attributed","color":"#FF8C00","radius":3,"orbat":[],"description":"Satellite heat detection at 23:31 UTC, in an area days after abnormal fire activity. Urban area."}},{"type":"Feature","geometry":{"type":"Point","coordinates":[36.43665,46.91846]},"properties":{"source":"economist_fires","source_name":"The Economist war-fire model","source_url":"https://github.com/TheEconomist/the-economist-war-fire-model","id":412,"date":"2026-09-13","link":"https://www.economist.com/interactive/graphic-detail/ukraine-fires","category":"Fire classified as war-related (model estimate)","side":"Not attributed","color":"#FF8C00","radius":3,"orbat":[],"description":"Satellite heat detection at 10:21 UTC, in an area days after abnormal fire activity. Urban area."}},{"type":"Feature","geometry":{"type":"Point","coordinates":[36.43061,46.92094]},"properties":{"source":"economist_fires","source_name":"The Economist war-fire model","source_url":"https://github.com/TheEconomist/the-economist-war-fire-model","id":413,"date":"2026-09-13","link":"https://www.economist.com/interactive/graphic-detail/ukraine-fires","category":"Fire classified as war-related (model estimate)","side":"Not attributed","color":"#FF8C00","radius":3,"orbat":[],"description":"Satellite heat detection at 10:21 UTC, in an area days after abnormal fire activity. Urban area."}},{"type":"Feature","geometry":{"type":"Point","coordinates":[36.43919,47.13676]},"properties":{"source":"economist_fires","source_name":"The Economist war-fire model","source_url":"https://github.com/TheEconomist/the-economist-war-fire-model","id":414,"date":"2026-09-13","link":"https://www.economist.com/interactive/graphic-detail/ukraine-fires","category":"Fire classified as war-related (model estimate)","side":"Not attributed","color":"#FF8C00","radius":3,"orbat":[],"description":"Satellite heat detection at 09:17 UTC, in an area of abnormal fire activity. Urban area."}},{"type":"Feature","geometry":{"type":"Point","coordinates":[36.44318,47.1378]},"properties":{"source":"economist_fires","source_name":"The Economist war-fire model","source_url":"https://github.com/TheEconomist/the-economist-war-fire-model","id":415,"date":"2026-09-13","link":"https://www.economist.com/interactive/graphic-detail/ukraine-fires","category":"Fire classified as war-related (model estimate)","side":"Not attributed","color":"#FF8C00","radius":3,"orbat":[],"description":"Satellite heat detection at 09:17 UTC, in an area of abnormal fire activity. Urban area."}},{"type":"Feature","geometry":{"type":"Point","coordinates":[36.43976,47.139]},"properties":{"source":"economist_fires","source_name":"The Economist war-fire model","source_url":"https://github.com/TheEconomist/the-economist-war-fire-model","id":416,"date":"2026-09-13","link":"https://www.economist.com/interactive/graphic-detail/ukraine-fires","category":"Fire classified as war-related (model estimate)","side":"Not attributed","color":"#FF8C00","radius":3,"orbat":[],"description":"Satellite heat detection at 10:58 UTC, in an area of abnormal fire activity. Urban area."}},{"type":"Feature","geometry":{"type":"Point","coordinates":[36.44676,47.13971]},"properties":{"source":"economist_fires","source_name":"The Economist war-fire model","source_url":"https://github.com/TheEconomist/the-economist-war-fire-model","id":417,"date":"2026-09-13","link":"https://www.economist.com/interactive/graphic-detail/ukraine-fires","category":"Fire classified as war-related (model estimate)","side":"Not attributed","color":"#FF8C00","radius":3,"orbat":[],"description":"Satellite heat detection at 10:58 UTC, in an area of abnormal fire activity. Urban area."}},{"type":"Feature","geometry":{"type":"Point","coordinates":[36.41839,47.48897]},"properties":{"source":"economist_fires","source_name":"The Economist war-fire model","source_url":"https://github.com/TheEconomist/the-economist-war-fire-model","id":418,"date":"2026-09-13","link":"https://www.economist.com/interactive/graphic-detail/ukraine-fires","category":"Fire classified as war-related (model estimate)","side":"Not attributed","color":"#FF8C00","radius":3,"orbat":[],"description":"Satellite heat detection at 18:24 UTC, in an area days after abnormal fire activity. Urban area."}},{"type":"Feature","geometry":{"type":"Point","coordinates":[36.41283,47.49352]},"properties":{"source":"economist_fires","source_name":"The Economist war-fire model","source_url":"https://github.com/TheEconomist/the-economist-war-fire-model","id":419,"date":"2026-09-13","link":"https://www.economist.com/interactive/graphic-detail/ukraine-fires","category":"Fire classified as war-related (model estimate)","side":"Not attributed","color":"#FF8C00","radius":3,"orbat":[],"description":"Satellite heat detection at 18:24 UTC, in an area days after abnormal fire activity. Urban area."}},{"type":"Feature","geometry":{"type":"Point","coordinates":[36.44888,47.49498]},"properties":{"source":"economist_fires","source_name":"The Economist war-fire model","source_url":"https://github.com/TheEconomist/the-economist-war-fire-model","id":420,"date":"2026-09-13","link":"https://www.economist.com/interactive/graphic-detail/ukraine-fires","category":"Fire classified as war-related (model estimate)","side":"Not attributed","color":"#FF8C00","radius":3,"orbat":[],"description":"Satellite heat detection at 18:24 UTC, in an area days after abnormal fire activity. Urban area."}},{"type":"Feature","geometry":{"type":"Point","coordinates":[36.44483,47.57895]},"properties":{"source":"economist_fires","source_name":"The Economist war-fire model","source_url":"https://github.com/TheEconomist/the-economist-war-fire-model","id":421,"date":"2026-09-13","link":"https://www.economist.com/interactive/graphic-detail/ukraine-fires","category":"Fire classified as war-related (model estimate)","side":"Not attributed","color":"#FF8C00","radius":3,"orbat":[],"description":"Satellite heat detection at 10:58 UTC, in an area days after abnormal fire activity. Urban area."}},{"type":"Feature","geometry":{"type":"Point","coordinates":[36.44815,47.57904]},"properties":{"source":"economist_fires","source_name":"The Economist war-fire model","source_url":"https://github.com/TheEconomist/the-economist-war-fire-model","id":422,"date":"2026-09-13","link":"https://www.economist.com/interactive/graphic-detail/ukraine-fires","category":"Fire classified as war-related (model estimate)","side":"Not attributed","color":"#FF8C00","radius":3,"orbat":[],"description":"Satellite heat detection at 11:17 UTC, in an area days after abnormal fire activity. Urban area."}},{"type":"Feature","geometry":{"type":"Point","coordinates":[36.43596,47.57569]},"properties":{"source":"economist_fires","source_name":"The Economist war-fire model","source_url":"https://github.com/TheEconomist/the-economist-war-fire-model","id":423,"date":"2026-09-13","link":"https://www.economist.com/interactive/graphic-detail/ukraine-fires","category":"Fire classified as war-related (model estimate)","side":"Not attributed","color":"#FF8C00","radius":3,"orbat":[],"description":"Satellite heat detection at 12:49 UTC, in an area days after abnormal fire activity. Urban area."}},{"type":"Feature","geometry":{"type":"Point","coordinates":[36.53148,46.99472]},"properties":{"source":"economist_fires","source_name":"The Economist war-fire model","source_url":"https://github.com/TheEconomist/the-economist-war-fire-model","id":424,"date":"2026-09-13","link":"https://www.economist.com/interactive/graphic-detail/ukraine-fires","category":"Fire classified as war-related (model estimate)","side":"Not attributed","color":"#FF8C00","radius":3,"orbat":[],"description":"Satellite heat detection at 10:21 UTC, in an area days after abnormal fire activity. Urban area."}},{"type":"Feature","geometry":{"type":"Point","coordinates":[36.45296,47.14874]},"properties":{"source":"economist_fires","source_name":"The Economist war-fire model","source_url":"https://github.com/TheEconomist/the-economist-war-fire-model","id":425,"date":"2026-09-13","link":"https://www.economist.com/interactive/graphic-detail/ukraine-fires","category":"Fire classified as war-related (model estimate)","side":"Not attributed","color":"#FF8C00","radius":3,"orbat":[],"description":"Satellite heat detection at 09:17 UTC, in an area days after abnormal fire activity. Urban area."}},{"type":"Feature","geometry":{"type":"Point","coordinates":[36.54555,47.50739]},"properties":{"source":"economist_fires","source_name":"The Economist war-fire model","source_url":"https://github.com/TheEconomist/the-economist-war-fire-model","id":426,"date":"2026-09-13","link":"https://www.economist.com/interactive/graphic-detail/ukraine-fires","category":"Fire classified as war-related (model estimate)","side":"Not attributed","color":"#FF8C00","radius":3,"orbat":[],"description":"Satellite heat detection at 09:37 UTC, in an area days after abnormal fire activity. Urban area."}},{"type":"Feature","geometry":{"type":"Point","coordinates":[36.54839,47.5084]},"properties":{"source":"economist_fires","source_name":"The Economist war-fire model","source_url":"https://github.com/TheEconomist/the-economist-war-fire-model","id":427,"date":"2026-09-13","link":"https://www.economist.com/interactive/graphic-detail/ukraine-fires","category":"Fire classified as war-related (model estimate)","side":"Not attributed","color":"#FF8C00","radius":3,"orbat":[],"description":"Satellite heat detection at 10:21 UTC, in an area days after abnormal fire activity. Urban area."}},{"type":"Feature","geometry":{"type":"Point","coordinates":[36.46585,47.64859]},"properties":{"source":"economist_fires","source_name":"The Economist war-fire model","source_url":"https://github.com/TheEconomist/the-economist-war-fire-model","id":428,"date":"2026-09-13","link":"https://www.economist.com/interactive/graphic-detail/ukraine-fires","category":"Fire classified as war-related (model estimate)","side":"Not attributed","color":"#FF8C00","radius":3,"orbat":[],"description":"Satellite heat detection at 10:58 UTC, in an area of abnormal fire activity. Urban area."}},{"type":"Feature","geometry":{"type":"Point","coordinates":[36.4729,47.64841]},"properties":{"source":"economist_fires","source_name":"The Economist war-fire model","source_url":"https://github.com/TheEconomist/the-economist-war-fire-model","id":429,"date":"2026-09-13","link":"https://www.economist.com/interactive/graphic-detail/ukraine-fires","category":"Fire classified as war-related (model estimate)","side":"Not attributed","color":"#FF8C00","radius":3,"orbat":[],"description":"Satellite heat detection at 11:17 UTC, in an area of abnormal fire activity. Urban area."}},{"type":"Feature","geometry":{"type":"Point","coordinates":[36.4834,47.76579]},"properties":{"source":"economist_fires","source_name":"The Economist war-fire model","source_url":"https://github.com/TheEconomist/the-economist-war-fire-model","id":430,"date":"2026-09-13","link":"https://www.economist.com/interactive/graphic-detail/ukraine-fires","category":"Fire classified as war-related (model estimate)","side":"Not attributed","color":"#FF8C00","radius":3,"orbat":[],"description":"Satellite heat detection at 10:21 UTC, in an area days after abnormal fire activity. Urban area."}},{"type":"Feature","geometry":{"type":"Point","coordinates":[36.48354,47.76878]},"properties":{"source":"economist_fires","source_name":"The Economist war-fire model","source_url":"https://github.com/TheEconomist/the-economist-war-fire-model","id":431,"date":"2026-09-13","link":"https://www.economist.com/interactive/graphic-detail/ukraine-fires","category":"Fire classified as war-related (model estimate)","side":"Not attributed","color":"#FF8C00","radius":3,"orbat":[],"description":"Satellite heat detection at 10:58 UTC, in an area days after abnormal fire activity. Urban area."}},{"type":"Feature","geometry":{"type":"Point","coordinates":[36.47903,47.76412]},"properties":{"source":"economist_fires","source_name":"The Economist war-fire model","source_url":"https://github.com/TheEconomist/the-economist-war-fire-model","id":432,"date":"2026-09-13","link":"https://www.economist.com/interactive/graphic-detail/ukraine-fires","category":"Fire classified as war-related (model estimate)","side":"Not attributed","color":"#FF8C00","radius":3,"orbat":[],"description":"Satellite heat detection at 11:17 UTC, in an area days after abnormal fire activity. Urban area."}},{"type":"Feature","geometry":{"type":"Point","coordinates":[36.51608,48.03816]},"properties":{"source":"economist_fires","source_name":"The Economist war-fire model","source_url":"https://github.com/TheEconomist/the-economist-war-fire-model","id":433,"date":"2026-09-13","link":"https://www.economist.com/interactive/graphic-detail/ukraine-fires","category":"Fire classified as war-related (model estimate)","side":"Not attributed","color":"#FF8C00","radius":3,"orbat":[],"description":"Satellite heat detection at 09:17 UTC, in an area days after abnormal fire activity. Urban area."}},{"type":"Feature","geometry":{"type":"Point","coordinates":[36.73277,47.37194]},"properties":{"source":"economist_fires","source_name":"The Economist war-fire model","source_url":"https://github.com/TheEconomist/the-economist-war-fire-model","id":434,"date":"2026-09-13","link":"https://www.economist.com/interactive/graphic-detail/ukraine-fires","category":"Fire classified as war-related (model estimate)","side":"Not attributed","color":"#FF8C00","radius":3,"orbat":[],"description":"Satellite heat detection at 09:17 UTC, in an area of abnormal fire activity. Urban area."}},{"type":"Feature","geometry":{"type":"Point","coordinates":[36.73112,47.37204]},"properties":{"source":"economist_fires","source_name":"The Economist war-fire model","source_url":"https://github.com/TheEconomist/the-economist-war-fire-model","id":435,"date":"2026-09-13","link":"https://www.economist.com/interactive/graphic-detail/ukraine-fires","category":"Fire classified as war-related (model estimate)","side":"Not attributed","color":"#FF8C00","radius":3,"orbat":[],"description":"Satellite heat detection at 09:17 UTC, in an area of abnormal fire activity. Urban area."}},{"type":"Feature","geometry":{"type":"Point","coordinates":[36.73975,47.37434]},"properties":{"source":"economist_fires","source_name":"The Economist war-fire model","source_url":"https://github.com/TheEconomist/the-economist-war-fire-model","id":436,"date":"2026-09-13","link":"https://www.economist.com/interactive/graphic-detail/ukraine-fires","category":"Fire classified as war-related (model estimate)","side":"Not attributed","color":"#FF8C00","radius":3,"orbat":[],"description":"Satellite heat detection at 09:17 UTC, in an area of abnormal fire activity. Urban area."}},{"type":"Feature","geometry":{"type":"Point","coordinates":[36.73803,47.37446]},"properties":{"source":"economist_fires","source_name":"The Economist war-fire model","source_url":"https://github.com/TheEconomist/the-economist-war-fire-model","id":437,"date":"2026-09-13","link":"https://www.economist.com/interactive/graphic-detail/ukraine-fires","category":"Fire classified as war-related (model estimate)","side":"Not attributed","color":"#FF8C00","radius":3,"orbat":[],"description":"Satellite heat detection at 09:17 UTC, in an area of abnormal fire activity. Urban area."}},{"type":"Feature","geometry":{"type":"Point","coordinates":[36.72828,47.3777]},"properties":{"source":"economist_fires","source_name":"The Economist war-fire model","source_url":"https://github.com/TheEconomist/the-economist-war-fire-model","id":438,"date":"2026-09-13","link":"https://www.economist.com/interactive/graphic-detail/ukraine-fires","category":"Fire classified as war-related (model estimate)","side":"Not attributed","color":"#FF8C00","radius":3,"orbat":[],"description":"Satellite heat detection at 09:17 UTC, in an area of abnormal fire activity. Urban area."}},{"type":"Feature","geometry":{"type":"Point","coordinates":[36.73531,47.38012]},"properties":{"source":"economist_fires","source_name":"The Economist war-fire model","source_url":"https://github.com/TheEconomist/the-economist-war-fire-model","id":439,"date":"2026-09-13","link":"https://www.economist.com/interactive/graphic-detail/ukraine-fires","category":"Fire classified as war-related (model estimate)","side":"Not attributed","color":"#FF8C00","radius":3,"orbat":[],"description":"Satellite heat detection at 09:17 UTC, in an area of abnormal fire activity. Urban area."}},{"type":"Feature","geometry":{"type":"Point","coordinates":[36.7336,47.38024]},"properties":{"source":"economist_fires","source_name":"The Economist war-fire model","source_url":"https://github.com/TheEconomist/the-economist-war-fire-model","id":440,"date":"2026-09-13","link":"https://www.economist.com/interactive/graphic-detail/ukraine-fires","category":"Fire classified as war-related (model estimate)","side":"Not attributed","color":"#FF8C00","radius":3,"orbat":[],"description":"Satellite heat detection at 09:17 UTC, in an area of abnormal fire activity. Urban area."}},{"type":"Feature","geometry":{"type":"Point","coordinates":[36.73576,47.36728]},"properties":{"source":"economist_fires","source_name":"The Economist war-fire model","source_url":"https://github.com/TheEconomist/the-economist-war-fire-model","id":441,"date":"2026-09-13","link":"https://www.economist.com/interactive/graphic-detail/ukraine-fires","category":"Fire classified as war-related (model estimate)","side":"Not attributed","color":"#FF8C00","radius":3,"orbat":[],"description":"Satellite heat detection at 09:37 UTC, in an area of abnormal fire activity. Urban area."}},{"type":"Feature","geometry":{"type":"Point","coordinates":[36.74339,47.36937]},"properties":{"source":"economist_fires","source_name":"The Economist war-fire model","source_url":"https://github.com/TheEconomist/the-economist-war-fire-model","id":442,"date":"2026-09-13","link":"https://www.economist.com/interactive/graphic-detail/ukraine-fires","category":"Fire classified as war-related (model estimate)","side":"Not attributed","color":"#FF8C00","radius":3,"orbat":[],"description":"Satellite heat detection at 09:37 UTC, in an area of abnormal fire activity. Urban area."}},{"type":"Feature","geometry":{"type":"Point","coordinates":[36.73291,47.37188]},"properties":{"source":"economist_fires","source_name":"The Economist war-fire model","source_url":"https://github.com/TheEconomist/the-economist-war-fire-model","id":443,"date":"2026-09-13","link":"https://www.economist.com/interactive/graphic-detail/ukraine-fires","category":"Fire classified as war-related (model estimate)","side":"Not attributed","color":"#FF8C00","radius":3,"orbat":[],"description":"Satellite heat detection at 09:37 UTC, in an area of abnormal fire activity. Urban area."}},{"type":"Feature","geometry":{"type":"Point","coordinates":[36.74059,47.37398]},"properties":{"source":"economist_fires","source_name":"The Economist war-fire model","source_url":"https://github.com/TheEconomist/the-economist-war-fire-model","id":444,"date":"2026-09-13","link":"https://www.economist.com/interactive/graphic-detail/ukraine-fires","category":"Fire classified as war-related (model estimate)","side":"Not attributed","color":"#FF8C00","radius":3,"orbat":[],"description":"Satellite heat detection at 09:37 UTC, in an area of abnormal fire activity. Urban area."}},{"type":"Feature","geometry":{"type":"Point","coordinates":[36.73781,47.3786]},"properties":{"source":"economist_fires","source_name":"The Economist war-fire model","source_url":"https://github.com/TheEconomist/the-economist-war-fire-model","id":445,"date":"2026-09-13","link":"https://www.economist.com/interactive/graphic-detail/ukraine-fires","category":"Fire classified as war-related (model estimate)","side":"Not attributed","color":"#FF8C00","radius":3,"orbat":[],"description":"Satellite heat detection at 09:37 UTC, in an area of abnormal fire activity. Urban area."}},{"type":"Feature","geometry":{"type":"Point","coordinates":[36.74112,47.36959]},"properties":{"source":"economist_fires","source_name":"The Economist war-fire model","source_url":"https://github.com/TheEconomist/the-economist-war-fire-model","id":446,"date":"2026-09-13","link":"https://www.economist.com/interactive/graphic-detail/ukraine-fires","category":"Fire classified as war-related (model estimate)","side":"Not attributed","color":"#FF8C00","radius":3,"orbat":[],"description":"Satellite heat detection at 10:21 UTC, in an area of abnormal fire activity. Urban area."}},{"type":"Feature","geometry":{"type":"Point","coordinates":[36.73002,47.37133]},"properties":{"source":"economist_fires","source_name":"The Economist war-fire model","source_url":"https://github.com/TheEconomist/the-economist-war-fire-model","id":447,"date":"2026-09-13","link":"https://www.economist.com/interactive/graphic-detail/ukraine-fires","category":"Fire classified as war-related (model estimate)","side":"Not attributed","color":"#FF8C00","radius":3,"orbat":[],"description":"Satellite heat detection at 10:21 UTC, in an area of abnormal fire activity. Urban area."}},{"type":"Feature","geometry":{"type":"Point","coordinates":[36.74004,47.37285]},"properties":{"source":"economist_fires","source_name":"The Economist war-fire model","source_url":"https://github.com/TheEconomist/the-economist-war-fire-model","id":448,"date":"2026-09-13","link":"https://www.economist.com/interactive/graphic-detail/ukraine-fires","category":"Fire classified as war-related (model estimate)","side":"Not attributed","color":"#FF8C00","radius":3,"orbat":[],"description":"Satellite heat detection at 10:21 UTC, in an area of abnormal fire activity. Urban area."}},{"type":"Feature","geometry":{"type":"Point","coordinates":[36.73289,47.3786]},"properties":{"source":"economist_fires","source_name":"The Economist war-fire model","source_url":"https://github.com/TheEconomist/the-economist-war-fire-model","id":449,"date":"2026-09-13","link":"https://www.economist.com/interactive/graphic-detail/ukraine-fires","category":"Fire classified as war-related (model estimate)","side":"Not attributed","color":"#FF8C00","radius":3,"orbat":[],"description":"Satellite heat detection at 10:21 UTC, in an area of abnormal fire activity. Urban area."}},{"type":"Feature","geometry":{"type":"Point","coordinates":[36.73137,47.36952]},"properties":{"source":"economist_fires","source_name":"The Economist war-fire model","source_url":"https://github.com/TheEconomist/the-economist-war-fire-model","id":450,"date":"2026-09-13","link":"https://www.economist.com/interactive/graphic-detail/ukraine-fires","category":"Fire classified as war-related (model estimate)","side":"Not attributed","color":"#FF8C00","radius":3,"orbat":[],"description":"Satellite heat detection at 10:58 UTC, in an area of abnormal fire activity. Urban area."}},{"type":"Feature","geometry":{"type":"Point","coordinates":[36.73867,47.37022]},"properties":{"source":"economist_fires","source_name":"The Economist war-fire model","source_url":"https://github.com/TheEconomist/the-economist-war-fire-model","id":451,"date":"2026-09-13","link":"https://www.economist.com/interactive/graphic-detail/ukraine-fires","category":"Fire classified as war-related (model estimate)","side":"Not attributed","color":"#FF8C00","radius":3,"orbat":[],"description":"Satellite heat detection at 10:58 UTC, in an area of abnormal fire activity. Urban area."}},{"type":"Feature","geometry":{"type":"Point","coordinates":[36.7306,47.37343]},"properties":{"source":"economist_fires","source_name":"The Economist war-fire model","source_url":"https://github.com/TheEconomist/the-economist-war-fire-model","id":452,"date":"2026-09-13","link":"https://www.economist.com/interactive/graphic-detail/ukraine-fires","category":"Fire classified as war-related (model estimate)","side":"Not attributed","color":"#FF8C00","radius":3,"orbat":[],"description":"Satellite heat detection at 10:58 UTC, in an area of abnormal fire activity. Urban area."}},{"type":"Feature","geometry":{"type":"Point","coordinates":[36.72986,47.37733]},"properties":{"source":"economist_fires","source_name":"The Economist war-fire model","source_url":"https://github.com/TheEconomist/the-economist-war-fire-model","id":453,"date":"2026-09-13","link":"https://www.economist.com/interactive/graphic-detail/ukraine-fires","category":"Fire classified as war-related (model estimate)","side":"Not attributed","color":"#FF8C00","radius":3,"orbat":[],"description":"Satellite heat detection at 10:58 UTC, in an area of abnormal fire activity. Urban area."}},{"type":"Feature","geometry":{"type":"Point","coordinates":[36.7341,47.37013]},"properties":{"source":"economist_fires","source_name":"The Economist war-fire model","source_url":"https://github.com/TheEconomist/the-economist-war-fire-model","id":454,"date":"2026-09-13","link":"https://www.economist.com/interactive/graphic-detail/ukraine-fires","category":"Fire classified as war-related (model estimate)","side":"Not attributed","color":"#FF8C00","radius":3,"orbat":[],"description":"Satellite heat detection at 11:17 UTC, in an area of abnormal fire activity. Urban area."}},{"type":"Feature","geometry":{"type":"Point","coordinates":[36.74374,47.37052]},"properties":{"source":"economist_fires","source_name":"The Economist war-fire model","source_url":"https://github.com/TheEconomist/the-economist-war-fire-model","id":455,"date":"2026-09-13","link":"https://www.economist.com/interactive/graphic-detail/ukraine-fires","category":"Fire classified as war-related (model estimate)","side":"Not attributed","color":"#FF8C00","radius":3,"orbat":[],"description":"Satellite heat detection at 11:17 UTC, in an area of abnormal fire activity. Urban area."}},{"type":"Feature","geometry":{"type":"Point","coordinates":[36.72891,47.37524]},"properties":{"source":"economist_fires","source_name":"The Economist war-fire model","source_url":"https://github.com/TheEconomist/the-economist-war-fire-model","id":456,"date":"2026-09-13","link":"https://www.economist.com/interactive/graphic-detail/ukraine-fires","category":"Fire classified as war-related (model estimate)","side":"Not attributed","color":"#FF8C00","radius":3,"orbat":[],"description":"Satellite heat detection at 11:17 UTC, in an area of abnormal fire activity. Urban area."}},{"type":"Feature","geometry":{"type":"Point","coordinates":[36.74419,47.36222]},"properties":{"source":"economist_fires","source_name":"The Economist war-fire model","source_url":"https://github.com/TheEconomist/the-economist-war-fire-model","id":457,"date":"2026-09-13","link":"https://www.economist.com/interactive/graphic-detail/ukraine-fires","category":"Fire classified as war-related (model estimate)","side":"Not attributed","color":"#FF8C00","radius":3,"orbat":[],"description":"Satellite heat detection at 23:12 UTC, in an area of abnormal fire activity. Urban area."}},{"type":"Feature","geometry":{"type":"Point","coordinates":[36.74415,47.36277]},"properties":{"source":"economist_fires","source_name":"The Economist war-fire model","source_url":"https://github.com/TheEconomist/the-economist-war-fire-model","id":458,"date":"2026-09-13","link":"https://www.economist.com/interactive/graphic-detail/ukraine-fires","category":"Fire classified as war-related (model estimate)","side":"Not attributed","color":"#FF8C00","radius":3,"orbat":[],"description":"Satellite heat detection at 23:12 UTC, in an area of abnormal fire activity. Urban area."}},{"type":"Feature","geometry":{"type":"Point","coordinates":[36.74424,47.36348]},"properties":{"source":"economist_fires","source_name":"The Economist war-fire model","source_url":"https://github.com/TheEconomist/the-economist-war-fire-model","id":459,"date":"2026-09-13","link":"https://www.economist.com/interactive/graphic-detail/ukraine-fires","category":"Fire classified as war-related (model estimate)","side":"Not attributed","color":"#FF8C00","radius":3,"orbat":[],"description":"Satellite heat detection at 23:31 UTC, in an area of abnormal fire activity. Urban area."}},{"type":"Feature","geometry":{"type":"Point","coordinates":[36.82565,47.65359]},"properties":{"source":"economist_fires","source_name":"The Economist war-fire model","source_url":"https://github.com/TheEconomist/the-economist-war-fire-model","id":460,"date":"2026-09-13","link":"https://www.economist.com/interactive/graphic-detail/ukraine-fires","category":"Fire classified as war-related (model estimate)","side":"Not attributed","color":"#FF8C00","radius":3,"orbat":[],"description":"Satellite heat detection at 00:35 UTC, in an area days after abnormal fire activity. Urban area."}},{"type":"Feature","geometry":{"type":"Point","coordinates":[36.8151,47.65102]},"properties":{"source":"economist_fires","source_name":"The Economist war-fire model","source_url":"https://github.com/TheEconomist/the-economist-war-fire-model","id":461,"date":"2026-09-13","link":"https://www.economist.com/interactive/graphic-detail/ukraine-fires","category":"Fire classified as war-related (model estimate)","side":"Not attributed","color":"#FF8C00","radius":3,"orbat":[],"description":"Satellite heat detection at 01:09 UTC, in an area days after abnormal fire activity. Urban area."}},{"type":"Feature","geometry":{"type":"Point","coordinates":[36.81047,47.65225]},"properties":{"source":"economist_fires","source_name":"The Economist war-fire model","source_url":"https://github.com/TheEconomist/the-economist-war-fire-model","id":462,"date":"2026-09-13","link":"https://www.economist.com/interactive/graphic-detail/ukraine-fires","category":"Fire classified as war-related (model estimate)","side":"Not attributed","color":"#FF8C00","radius":3,"orbat":[],"description":"Satellite heat detection at 01:09 UTC, in an area days after abnormal fire activity. Urban area."}},{"type":"Feature","geometry":{"type":"Point","coordinates":[36.80676,47.65417]},"properties":{"source":"economist_fires","source_name":"The Economist war-fire model","source_url":"https://github.com/TheEconomist/the-economist-war-fire-model","id":463,"date":"2026-09-13","link":"https://www.economist.com/interactive/graphic-detail/ukraine-fires","category":"Fire classified as war-related (model estimate)","side":"Not attributed","color":"#FF8C00","radius":3,"orbat":[],"description":"Satellite heat detection at 01:09 UTC, in an area days after abnormal fire activity. Urban area."}},{"type":"Feature","geometry":{"type":"Point","coordinates":[36.81552,47.6515]},"properties":{"source":"economist_fires","source_name":"The Economist war-fire model","source_url":"https://github.com/TheEconomist/the-economist-war-fire-model","id":464,"date":"2026-09-13","link":"https://www.economist.com/interactive/graphic-detail/ukraine-fires","category":"Fire classified as war-related (model estimate)","side":"Not attributed","color":"#FF8C00","radius":3,"orbat":[],"description":"Satellite heat detection at 10:21 UTC, in an area days after abnormal fire activity. Urban area."}},{"type":"Feature","geometry":{"type":"Point","coordinates":[36.81979,47.65105]},"properties":{"source":"economist_fires","source_name":"The Economist war-fire model","source_url":"https://github.com/TheEconomist/the-economist-war-fire-model","id":465,"date":"2026-09-13","link":"https://www.economist.com/interactive/graphic-detail/ukraine-fires","category":"Fire classified as war-related (model estimate)","side":"Not attributed","color":"#FF8C00","radius":3,"orbat":[],"description":"Satellite heat detection at 11:17 UTC, in an area days after abnormal fire activity. Urban area."}},{"type":"Feature","geometry":{"type":"Point","coordinates":[36.82469,47.65123]},"properties":{"source":"economist_fires","source_name":"The Economist war-fire model","source_url":"https://github.com/TheEconomist/the-economist-war-fire-model","id":466,"date":"2026-09-13","link":"https://www.economist.com/interactive/graphic-detail/ukraine-fires","category":"Fire classified as war-related (model estimate)","side":"Not attributed","color":"#FF8C00","radius":3,"orbat":[],"description":"Satellite heat detection at 11:17 UTC, in an area days after abnormal fire activity. Urban area."}},{"type":"Feature","geometry":{"type":"Point","coordinates":[36.82164,47.65304]},"properties":{"source":"economist_fires","source_name":"The Economist war-fire model","source_url":"https://github.com/TheEconomist/the-economist-war-fire-model","id":467,"date":"2026-09-13","link":"https://www.economist.com/interactive/graphic-detail/ukraine-fires","category":"Fire classified as war-related (model estimate)","side":"Not attributed","color":"#FF8C00","radius":3,"orbat":[],"description":"Satellite heat detection at 11:17 UTC, in an area days after abnormal fire activity. Urban area."}},{"type":"Feature","geometry":{"type":"Point","coordinates":[36.82655,47.65324]},"properties":{"source":"economist_fires","source_name":"The Economist war-fire model","source_url":"https://github.com/TheEconomist/the-economist-war-fire-model","id":468,"date":"2026-09-13","link":"https://www.economist.com/interactive/graphic-detail/ukraine-fires","category":"Fire classified as war-related (model estimate)","side":"Not attributed","color":"#FF8C00","radius":3,"orbat":[],"description":"Satellite heat detection at 11:17 UTC, in an area days after abnormal fire activity. Urban area."}},{"type":"Feature","geometry":{"type":"Point","coordinates":[36.82384,47.69663]},"properties":{"source":"economist_fires","source_name":"The Economist war-fire model","source_url":"https://github.com/TheEconomist/the-economist-war-fire-model","id":469,"date":"2026-09-13","link":"https://www.economist.com/interactive/graphic-detail/ukraine-fires","category":"Fire classified as war-related (model estimate)","side":"Not attributed","color":"#FF8C00","radius":3,"orbat":[],"description":"Satellite heat detection at 23:31 UTC, in an area days after abnormal fire activity. Urban area."}},{"type":"Feature","geometry":{"type":"Point","coordinates":[36.78981,48.01407]},"properties":{"source":"economist_fires","source_name":"The Economist war-fire model","source_url":"https://github.com/TheEconomist/the-economist-war-fire-model","id":470,"date":"2026-09-13","link":"https://www.economist.com/interactive/graphic-detail/ukraine-fires","category":"Fire classified as war-related (model estimate)","side":"Not attributed","color":"#FF8C00","radius":3,"orbat":[],"description":"Satellite heat detection at 10:21 UTC, in an area days after abnormal fire activity. Urban area."}},{"type":"Feature","geometry":{"type":"Point","coordinates":[36.85559,47.54494]},"properties":{"source":"economist_fires","source_name":"The Economist war-fire model","source_url":"https://github.com/TheEconomist/the-economist-war-fire-model","id":471,"date":"2026-09-13","link":"https://www.economist.com/interactive/graphic-detail/ukraine-fires","category":"Fire classified as war-related (model estimate)","side":"Not attributed","color":"#FF8C00","radius":3,"orbat":[],"description":"Satellite heat detection at 23:31 UTC, in an area days after abnormal fire activity. Urban area."}},{"type":"Feature","geometry":{"type":"Point","coordinates":[36.90817,48.27208]},"properties":{"source":"economist_fires","source_name":"The Economist war-fire model","source_url":"https://github.com/TheEconomist/the-economist-war-fire-model","id":472,"date":"2026-09-13","link":"https://www.economist.com/interactive/graphic-detail/ukraine-fires","category":"Fire classified as war-related (model estimate)","side":"Not attributed","color":"#FF8C00","radius":3,"orbat":[],"description":"Satellite heat detection at 10:58 UTC, in an area days after abnormal fire activity. Urban area."}},{"type":"Feature","geometry":{"type":"Point","coordinates":[36.86653,48.25774]},"properties":{"source":"economist_fires","source_name":"The Economist war-fire model","source_url":"https://github.com/TheEconomist/the-economist-war-fire-model","id":473,"date":"2026-09-13","link":"https://www.economist.com/interactive/graphic-detail/ukraine-fires","category":"Fire classified as war-related (model estimate)","side":"Not attributed","color":"#FF8C00","radius":3,"orbat":[],"description":"Satellite heat detection at 11:17 UTC, in an area days after abnormal fire activity. Urban area."}},{"type":"Feature","geometry":{"type":"Point","coordinates":[36.9166,48.27043]},"properties":{"source":"economist_fires","source_name":"The Economist war-fire model","source_url":"https://github.com/TheEconomist/the-economist-war-fire-model","id":474,"date":"2026-09-13","link":"https://www.economist.com/interactive/graphic-detail/ukraine-fires","category":"Fire classified as war-related (model estimate)","side":"Not attributed","color":"#FF8C00","radius":3,"orbat":[],"description":"Satellite heat detection at 11:17 UTC, in an area days after abnormal fire activity. Urban area."}},{"type":"Feature","geometry":{"type":"Point","coordinates":[36.92264,48.57269]},"properties":{"source":"economist_fires","source_name":"The Economist war-fire model","source_url":"https://github.com/TheEconomist/the-economist-war-fire-model","id":475,"date":"2026-09-13","link":"https://www.economist.com/interactive/graphic-detail/ukraine-fires","category":"Fire classified as war-related (model estimate)","side":"Not attributed","color":"#FF8C00","radius":3,"orbat":[],"description":"Satellite heat detection at 09:39 UTC, in an area of abnormal fire activity. Urban area."}},{"type":"Feature","geometry":{"type":"Point","coordinates":[36.93689,48.61969]},"properties":{"source":"economist_fires","source_name":"The Economist war-fire model","source_url":"https://github.com/TheEconomist/the-economist-war-fire-model","id":476,"date":"2026-09-13","link":"https://www.economist.com/interactive/graphic-detail/ukraine-fires","category":"Fire classified as war-related (model estimate)","side":"Not attributed","color":"#FF8C00","radius":3,"orbat":[],"description":"Satellite heat detection at 09:39 UTC, in an area days after abnormal fire activity. Urban area."}},{"type":"Feature","geometry":{"type":"Point","coordinates":[36.93444,48.62208]},"properties":{"source":"economist_fires","source_name":"The Economist war-fire model","source_url":"https://github.com/TheEconomist/the-economist-war-fire-model","id":477,"date":"2026-09-13","link":"https://www.economist.com/interactive/graphic-detail/ukraine-fires","category":"Fire classified as war-related (model estimate)","side":"Not attributed","color":"#FF8C00","radius":3,"orbat":[],"description":"Satellite heat detection at 09:39 UTC, in an area days after abnormal fire activity. Urban area."}},{"type":"Feature","geometry":{"type":"Point","coordinates":[36.91647,48.57343]},"properties":{"source":"economist_fires","source_name":"The Economist war-fire model","source_url":"https://github.com/TheEconomist/the-economist-war-fire-model","id":478,"date":"2026-09-13","link":"https://www.economist.com/interactive/graphic-detail/ukraine-fires","category":"Fire classified as war-related (model estimate)","side":"Not attributed","color":"#FF8C00","radius":3,"orbat":[],"description":"Satellite heat detection at 10:21 UTC, in an area days after abnormal fire activity. Urban area."}},{"type":"Feature","geometry":{"type":"Point","coordinates":[36.91886,48.57446]},"properties":{"source":"economist_fires","source_name":"The Economist war-fire model","source_url":"https://github.com/TheEconomist/the-economist-war-fire-model","id":479,"date":"2026-09-13","link":"https://www.economist.com/interactive/graphic-detail/ukraine-fires","category":"Fire classified as war-related (model estimate)","side":"Not attributed","color":"#FF8C00","radius":3,"orbat":[],"description":"Satellite heat detection at 11:17 UTC, in an area of abnormal fire activity. Urban area."}},{"type":"Feature","geometry":{"type":"Point","coordinates":[36.90174,48.59546]},"properties":{"source":"economist_fires","source_name":"The Economist war-fire model","source_url":"https://github.com/TheEconomist/the-economist-war-fire-model","id":480,"date":"2026-09-13","link":"https://www.economist.com/interactive/graphic-detail/ukraine-fires","category":"Fire classified as war-related (model estimate)","side":"Not attributed","color":"#FF8C00","radius":3,"orbat":[],"description":"Satellite heat detection at 11:17 UTC, in an area of abnormal fire activity. Urban area."}},{"type":"Feature","geometry":{"type":"Point","coordinates":[36.90075,48.59747]},"properties":{"source":"economist_fires","source_name":"The Economist war-fire model","source_url":"https://github.com/TheEconomist/the-economist-war-fire-model","id":481,"date":"2026-09-13","link":"https://www.economist.com/interactive/graphic-detail/ukraine-fires","category":"Fire classified as war-related (model estimate)","side":"Not attributed","color":"#FF8C00","radius":3,"orbat":[],"description":"Satellite heat detection at 11:17 UTC, in an area days after abnormal fire activity. Urban area."}},{"type":"Feature","geometry":{"type":"Point","coordinates":[37.01071,47.20122]},"properties":{"source":"economist_fires","source_name":"The Economist war-fire model","source_url":"https://github.com/TheEconomist/the-economist-war-fire-model","id":482,"date":"2026-09-13","link":"https://www.economist.com/interactive/graphic-detail/ukraine-fires","category":"Fire classified as war-related (model estimate)","side":"Not attributed","color":"#FF8C00","radius":3,"orbat":[],"description":"Satellite heat detection at 10:21 UTC, in an area days after abnormal fire activity. Urban area."}},{"type":"Feature","geometry":{"type":"Point","coordinates":[37.01125,47.20685]},"properties":{"source":"economist_fires","source_name":"The Economist war-fire model","source_url":"https://github.com/TheEconomist/the-economist-war-fire-model","id":483,"date":"2026-09-13","link":"https://www.economist.com/interactive/graphic-detail/ukraine-fires","category":"Fire classified as war-related (model estimate)","side":"Not attributed","color":"#FF8C00","radius":3,"orbat":[],"description":"Satellite heat detection at 10:58 UTC, in an area days after abnormal fire activity. Urban area."}},{"type":"Feature","geometry":{"type":"Point","coordinates":[37.0122,47.20871]},"properties":{"source":"economist_fires","source_name":"The Economist war-fire model","source_url":"https://github.com/TheEconomist/the-economist-war-fire-model","id":484,"date":"2026-09-13","link":"https://www.economist.com/interactive/graphic-detail/ukraine-fires","category":"Fire classified as war-related (model estimate)","side":"Not attributed","color":"#FF8C00","radius":3,"orbat":[],"description":"Satellite heat detection at 11:17 UTC, in an area days after abnormal fire activity. Urban area."}},{"type":"Feature","geometry":{"type":"Point","coordinates":[37.02038,47.2079]},"properties":{"source":"economist_fires","source_name":"The Economist war-fire model","source_url":"https://github.com/TheEconomist/the-economist-war-fire-model","id":485,"date":"2026-09-13","link":"https://www.economist.com/interactive/graphic-detail/ukraine-fires","category":"Fire classified as war-related (model estimate)","side":"Not attributed","color":"#FF8C00","radius":3,"orbat":[],"description":"Satellite heat detection at 23:12 UTC, in an area days after abnormal fire activity. Urban area."}},{"type":"Feature","geometry":{"type":"Point","coordinates":[37.02121,47.21222]},"properties":{"source":"economist_fires","source_name":"The Economist war-fire model","source_url":"https://github.com/TheEconomist/the-economist-war-fire-model","id":486,"date":"2026-09-13","link":"https://www.economist.com/interactive/graphic-detail/ukraine-fires","category":"Fire classified as war-related (model estimate)","side":"Not attributed","color":"#FF8C00","radius":3,"orbat":[],"description":"Satellite heat detection at 23:12 UTC, in an area days after abnormal fire activity. Urban area."}},{"type":"Feature","geometry":{"type":"Point","coordinates":[37.01764,47.21042]},"properties":{"source":"economist_fires","source_name":"The Economist war-fire model","source_url":"https://github.com/TheEconomist/the-economist-war-fire-model","id":487,"date":"2026-09-13","link":"https://www.economist.com/interactive/graphic-detail/ukraine-fires","category":"Fire classified as war-related (model estimate)","side":"Not attributed","color":"#FF8C00","radius":3,"orbat":[],"description":"Satellite heat detection at 23:31 UTC, in an area days after abnormal fire activity. Urban area."}},{"type":"Feature","geometry":{"type":"Point","coordinates":[37.02657,47.70747]},"properties":{"source":"economist_fires","source_name":"The Economist war-fire model","source_url":"https://github.com/TheEconomist/the-economist-war-fire-model","id":488,"date":"2026-09-13","link":"https://www.economist.com/interactive/graphic-detail/ukraine-fires","category":"Fire classified as war-related (model estimate)","side":"Not attributed","color":"#FF8C00","radius":3,"orbat":[],"description":"Satellite heat detection at 09:37 UTC, in an area of abnormal fire activity. Urban area."}},{"type":"Feature","geometry":{"type":"Point","coordinates":[37.03606,47.7358]},"properties":{"source":"economist_fires","source_name":"The Economist war-fire model","source_url":"https://github.com/TheEconomist/the-economist-war-fire-model","id":489,"date":"2026-09-13","link":"https://www.economist.com/interactive/graphic-detail/ukraine-fires","category":"Fire classified as war-related (model estimate)","side":"Not attributed","color":"#FF8C00","radius":3,"orbat":[],"description":"Satellite heat detection at 09:37 UTC, in an area of abnormal fire activity. Urban area."}},{"type":"Feature","geometry":{"type":"Point","coordinates":[37.02553,47.70663]},"properties":{"source":"economist_fires","source_name":"The Economist war-fire model","source_url":"https://github.com/TheEconomist/the-economist-war-fire-model","id":490,"date":"2026-09-13","link":"https://www.economist.com/interactive/graphic-detail/ukraine-fires","category":"Fire classified as war-related (model estimate)","side":"Not attributed","color":"#FF8C00","radius":3,"orbat":[],"description":"Satellite heat detection at 10:21 UTC, in an area of abnormal fire activity. Urban area."}},{"type":"Feature","geometry":{"type":"Point","coordinates":[37.03737,47.73574]},"properties":{"source":"economist_fires","source_name":"The Economist war-fire model","source_url":"https://github.com/TheEconomist/the-economist-war-fire-model","id":491,"date":"2026-09-13","link":"https://www.economist.com/interactive/graphic-detail/ukraine-fires","category":"Fire classified as war-related (model estimate)","side":"Not attributed","color":"#FF8C00","radius":3,"orbat":[],"description":"Satellite heat detection at 10:21 UTC, in an area of abnormal fire activity. Urban area."}},{"type":"Feature","geometry":{"type":"Point","coordinates":[37.03355,47.73458]},"properties":{"source":"economist_fires","source_name":"The Economist war-fire model","source_url":"https://github.com/TheEconomist/the-economist-war-fire-model","id":492,"date":"2026-09-13","link":"https://www.economist.com/interactive/graphic-detail/ukraine-fires","category":"Fire classified as war-related (model estimate)","side":"Not attributed","color":"#FF8C00","radius":3,"orbat":[],"description":"Satellite heat detection at 10:58 UTC, in an area of abnormal fire activity. Urban area."}},{"type":"Feature","geometry":{"type":"Point","coordinates":[37.02828,47.70063]},"properties":{"source":"economist_fires","source_name":"The Economist war-fire model","source_url":"https://github.com/TheEconomist/the-economist-war-fire-model","id":493,"date":"2026-09-13","link":"https://www.economist.com/interactive/graphic-detail/ukraine-fires","category":"Fire classified as war-related (model estimate)","side":"Not attributed","color":"#FF8C00","radius":3,"orbat":[],"description":"Satellite heat detection at 22:35 UTC, in an area of abnormal fire activity. Urban area."}},{"type":"Feature","geometry":{"type":"Point","coordinates":[37.02773,48.48704]},"properties":{"source":"economist_fires","source_name":"The Economist war-fire model","source_url":"https://github.com/TheEconomist/the-economist-war-fire-model","id":494,"date":"2026-09-13","link":"https://www.economist.com/interactive/graphic-detail/ukraine-fires","category":"Fire classified as war-related (model estimate)","side":"Not attributed","color":"#FF8C00","radius":3,"orbat":[],"description":"Satellite heat detection at 10:21 UTC, in an area days after abnormal fire activity. Urban area."}},{"type":"Feature","geometry":{"type":"Point","coordinates":[37.03772,48.48803]},"properties":{"source":"economist_fires","source_name":"The Economist war-fire model","source_url":"https://github.com/TheEconomist/the-economist-war-fire-model","id":495,"date":"2026-09-13","link":"https://www.economist.com/interactive/graphic-detail/ukraine-fires","category":"Fire classified as war-related (model estimate)","side":"Not attributed","color":"#FF8C00","radius":3,"orbat":[],"description":"Satellite heat detection at 23:12 UTC, in an area days after abnormal fire activity. Urban area."}},{"type":"Feature","geometry":{"type":"Point","coordinates":[37.03804,48.48876]},"properties":{"source":"economist_fires","source_name":"The Economist war-fire model","source_url":"https://github.com/TheEconomist/the-economist-war-fire-model","id":496,"date":"2026-09-13","link":"https://www.economist.com/interactive/graphic-detail/ukraine-fires","category":"Fire classified as war-related (model estimate)","side":"Not attributed","color":"#FF8C00","radius":3,"orbat":[],"description":"Satellite heat detection at 23:31 UTC, in an area days after abnormal fire activity. Urban area."}},{"type":"Feature","geometry":{"type":"Point","coordinates":[37.12664,47.50593]},"properties":{"source":"economist_fires","source_name":"The Economist war-fire model","source_url":"https://github.com/TheEconomist/the-economist-war-fire-model","id":497,"date":"2026-09-13","link":"https://www.economist.com/interactive/graphic-detail/ukraine-fires","category":"Fire classified as war-related (model estimate)","side":"Not attributed","color":"#FF8C00","radius":3,"orbat":[],"description":"Satellite heat detection at 10:21 UTC, in an area days after abnormal fire activity. Urban area."}},{"type":"Feature","geometry":{"type":"Point","coordinates":[37.11153,47.59616]},"properties":{"source":"economist_fires","source_name":"The Economist war-fire model","source_url":"https://github.com/TheEconomist/the-economist-war-fire-model","id":498,"date":"2026-09-13","link":"https://www.economist.com/interactive/graphic-detail/ukraine-fires","category":"Fire classified as war-related (model estimate)","side":"Not attributed","color":"#FF8C00","radius":3,"orbat":[],"description":"Satellite heat detection at 10:21 UTC, in an area of abnormal fire activity. Urban area."}},{"type":"Feature","geometry":{"type":"Point","coordinates":[37.11224,47.59961]},"properties":{"source":"economist_fires","source_name":"The Economist war-fire model","source_url":"https://github.com/TheEconomist/the-economist-war-fire-model","id":499,"date":"2026-09-13","link":"https://www.economist.com/interactive/graphic-detail/ukraine-fires","category":"Fire classified as war-related (model estimate)","side":"Not attributed","color":"#FF8C00","radius":3,"orbat":[],"description":"Satellite heat detection at 22:35 UTC, in an area of abnormal fire activity. Urban area."}},{"type":"Feature","geometry":{"type":"Point","coordinates":[37.08379,48.46891]},"properties":{"source":"economist_fires","source_name":"The Economist war-fire model","source_url":"https://github.com/TheEconomist/the-economist-war-fire-model","id":500,"date":"2026-09-13","link":"https://www.economist.com/interactive/graphic-detail/ukraine-fires","category":"Fire classified as war-related (model estimate)","side":"Not attributed","color":"#FF8C00","radius":3,"orbat":[],"description":"Satellite heat detection at 00:35 UTC, in an area of abnormal fire activity. Urban area."}},{"type":"Feature","geometry":{"type":"Point","coordinates":[37.07909,48.47034]},"properties":{"source":"economist_fires","source_name":"The Economist war-fire model","source_url":"https://github.com/TheEconomist/the-economist-war-fire-model","id":501,"date":"2026-09-13","link":"https://www.economist.com/interactive/graphic-detail/ukraine-fires","category":"Fire classified as war-related (model estimate)","side":"Not attributed","color":"#FF8C00","radius":3,"orbat":[],"description":"Satellite heat detection at 00:35 UTC, in an area of abnormal fire activity. Urban area."}},{"type":"Feature","geometry":{"type":"Point","coordinates":[37.08563,48.47155]},"properties":{"source":"economist_fires","source_name":"The Economist war-fire model","source_url":"https://github.com/TheEconomist/the-economist-war-fire-model","id":502,"date":"2026-09-13","link":"https://www.economist.com/interactive/graphic-detail/ukraine-fires","category":"Fire classified as war-related (model estimate)","side":"Not attributed","color":"#FF8C00","radius":3,"orbat":[],"description":"Satellite heat detection at 00:35 UTC, in an area of abnormal fire activity. Urban area."}},{"type":"Feature","geometry":{"type":"Point","coordinates":[37.0809,48.47296]},"properties":{"source":"economist_fires","source_name":"The Economist war-fire model","source_url":"https://github.com/TheEconomist/the-economist-war-fire-model","id":503,"date":"2026-09-13","link":"https://www.economist.com/interactive/graphic-detail/ukraine-fires","category":"Fire classified as war-related (model estimate)","side":"Not attributed","color":"#FF8C00","radius":3,"orbat":[],"description":"Satellite heat detection at 00:35 UTC, in an area of abnormal fire activity. Urban area."}},{"type":"Feature","geometry":{"type":"Point","coordinates":[37.09024,48.46551]},"properties":{"source":"economist_fires","source_name":"The Economist war-fire model","source_url":"https://github.com/TheEconomist/the-economist-war-fire-model","id":504,"date":"2026-09-13","link":"https://www.economist.com/interactive/graphic-detail/ukraine-fires","category":"Fire classified as war-related (model estimate)","side":"Not attributed","color":"#FF8C00","radius":3,"orbat":[],"description":"Satellite heat detection at 09:17 UTC, in an area of abnormal fire activity. Urban area."}},{"type":"Feature","geometry":{"type":"Point","coordinates":[37.06412,48.4776]},"properties":{"source":"economist_fires","source_name":"The Economist war-fire model","source_url":"https://github.com/TheEconomist/the-economist-war-fire-model","id":505,"date":"2026-09-13","link":"https://www.economist.com/interactive/graphic-detail/ukraine-fires","category":"Fire classified as war-related (model estimate)","side":"Not attributed","color":"#FF8C00","radius":3,"orbat":[],"description":"Satellite heat detection at 09:17 UTC, in an area of abnormal fire activity. Urban area."}},{"type":"Feature","geometry":{"type":"Point","coordinates":[37.07912,48.48964]},"properties":{"source":"economist_fires","source_name":"The Economist war-fire model","source_url":"https://github.com/TheEconomist/the-economist-war-fire-model","id":506,"date":"2026-09-13","link":"https://www.economist.com/interactive/graphic-detail/ukraine-fires","category":"Fire classified as war-related (model estimate)","side":"Not attributed","color":"#FF8C00","radius":3,"orbat":[],"description":"Satellite heat detection at 09:17 UTC, in an area of abnormal fire activity. Urban area."}},{"type":"Feature","geometry":{"type":"Point","coordinates":[37.09142,48.46167]},"properties":{"source":"economist_fires","source_name":"The Economist war-fire model","source_url":"https://github.com/TheEconomist/the-economist-war-fire-model","id":507,"date":"2026-09-13","link":"https://www.economist.com/interactive/graphic-detail/ukraine-fires","category":"Fire classified as war-related (model estimate)","side":"Not attributed","color":"#FF8C00","radius":3,"orbat":[],"description":"Satellite heat detection at 09:39 UTC, in an area of abnormal fire activity. Urban area."}},{"type":"Feature","geometry":{"type":"Point","coordinates":[37.06342,48.47986]},"properties":{"source":"economist_fires","source_name":"The Economist war-fire model","source_url":"https://github.com/TheEconomist/the-economist-war-fire-model","id":508,"date":"2026-09-13","link":"https://www.economist.com/interactive/graphic-detail/ukraine-fires","category":"Fire classified as war-related (model estimate)","side":"Not attributed","color":"#FF8C00","radius":3,"orbat":[],"description":"Satellite heat detection at 09:39 UTC, in an area of abnormal fire activity. Urban area."}},{"type":"Feature","geometry":{"type":"Point","coordinates":[37.08209,48.48994]},"properties":{"source":"economist_fires","source_name":"The Economist war-fire model","source_url":"https://github.com/TheEconomist/the-economist-war-fire-model","id":509,"date":"2026-09-13","link":"https://www.economist.com/interactive/graphic-detail/ukraine-fires","category":"Fire classified as war-related (model estimate)","side":"Not attributed","color":"#FF8C00","radius":3,"orbat":[],"description":"Satellite heat detection at 09:39 UTC, in an area of abnormal fire activity. Urban area."}},{"type":"Feature","geometry":{"type":"Point","coordinates":[37.08908,48.46505]},"properties":{"source":"economist_fires","source_name":"The Economist war-fire model","source_url":"https://github.com/TheEconomist/the-economist-war-fire-model","id":510,"date":"2026-09-13","link":"https://www.economist.com/interactive/graphic-detail/ukraine-fires","category":"Fire classified as war-related (model estimate)","side":"Not attributed","color":"#FF8C00","radius":3,"orbat":[],"description":"Satellite heat detection at 10:21 UTC, in an area of abnormal fire activity. Urban area."}},{"type":"Feature","geometry":{"type":"Point","coordinates":[37.06823,48.47918]},"properties":{"source":"economist_fires","source_name":"The Economist war-fire model","source_url":"https://github.com/TheEconomist/the-economist-war-fire-model","id":511,"date":"2026-09-13","link":"https://www.economist.com/interactive/graphic-detail/ukraine-fires","category":"Fire classified as war-related (model estimate)","side":"Not attributed","color":"#FF8C00","radius":3,"orbat":[],"description":"Satellite heat detection at 10:21 UTC, in an area of abnormal fire activity. Urban area."}},{"type":"Feature","geometry":{"type":"Point","coordinates":[37.08163,48.48798]},"properties":{"source":"economist_fires","source_name":"The Economist war-fire model","source_url":"https://github.com/TheEconomist/the-economist-war-fire-model","id":512,"date":"2026-09-13","link":"https://www.economist.com/interactive/graphic-detail/ukraine-fires","category":"Fire classified as war-related (model estimate)","side":"Not attributed","color":"#FF8C00","radius":3,"orbat":[],"description":"Satellite heat detection at 10:21 UTC, in an area of abnormal fire activity. Urban area."}},{"type":"Feature","geometry":{"type":"Point","coordinates":[37.09176,48.50659]},"properties":{"source":"economist_fires","source_name":"The Economist war-fire model","source_url":"https://github.com/TheEconomist/the-economist-war-fire-model","id":513,"date":"2026-09-13","link":"https://www.economist.com/interactive/graphic-detail/ukraine-fires","category":"Fire classified as war-related (model estimate)","side":"Not attributed","color":"#FF8C00","radius":3,"orbat":[],"description":"Satellite heat detection at 10:21 UTC, in an area of abnormal fire activity. Urban area."}},{"type":"Feature","geometry":{"type":"Point","coordinates":[37.09694,48.50734]},"properties":{"source":"economist_fires","source_name":"The Economist war-fire model","source_url":"https://github.com/TheEconomist/the-economist-war-fire-model","id":514,"date":"2026-09-13","link":"https://www.economist.com/interactive/graphic-detail/ukraine-fires","category":"Fire classified as war-related (model estimate)","side":"Not attributed","color":"#FF8C00","radius":3,"orbat":[],"description":"Satellite heat detection at 10:21 UTC, in an area of abnormal fire activity. Urban area."}},{"type":"Feature","geometry":{"type":"Point","coordinates":[37.09069,48.50986]},"properties":{"source":"economist_fires","source_name":"The Economist war-fire model","source_url":"https://github.com/TheEconomist/the-economist-war-fire-model","id":515,"date":"2026-09-13","link":"https://www.economist.com/interactive/graphic-detail/ukraine-fires","category":"Fire classified as war-related (model estimate)","side":"Not attributed","color":"#FF8C00","radius":3,"orbat":[],"description":"Satellite heat detection at 10:21 UTC, in an area of abnormal fire activity. Urban area."}},{"type":"Feature","geometry":{"type":"Point","coordinates":[37.06012,48.5325]},"properties":{"source":"economist_fires","source_name":"The Economist war-fire model","source_url":"https://github.com/TheEconomist/the-economist-war-fire-model","id":516,"date":"2026-09-13","link":"https://www.economist.com/interactive/graphic-detail/ukraine-fires","category":"Fire classified as war-related (model estimate)","side":"Not attributed","color":"#FF8C00","radius":3,"orbat":[],"description":"Satellite heat detection at 10:21 UTC, in an area of abnormal fire activity. Urban area."}},{"type":"Feature","geometry":{"type":"Point","coordinates":[37.08749,48.46502]},"properties":{"source":"economist_fires","source_name":"The Economist war-fire model","source_url":"https://github.com/TheEconomist/the-economist-war-fire-model","id":517,"date":"2026-09-13","link":"https://www.economist.com/interactive/graphic-detail/ukraine-fires","category":"Fire classified as war-related (model estimate)","side":"Not attributed","color":"#FF8C00","radius":3,"orbat":[],"description":"Satellite heat detection at 10:58 UTC, in an area of abnormal fire activity. Urban area."}},{"type":"Feature","geometry":{"type":"Point","coordinates":[37.06881,48.47971]},"properties":{"source":"economist_fires","source_name":"The Economist war-fire model","source_url":"https://github.com/TheEconomist/the-economist-war-fire-model","id":518,"date":"2026-09-13","link":"https://www.economist.com/interactive/graphic-detail/ukraine-fires","category":"Fire classified as war-related (model estimate)","side":"Not attributed","color":"#FF8C00","radius":3,"orbat":[],"description":"Satellite heat detection at 10:58 UTC, in an area of abnormal fire activity. Urban area."}},{"type":"Feature","geometry":{"type":"Point","coordinates":[37.14777,48.51143]},"properties":{"source":"economist_fires","source_name":"The Economist war-fire model","source_url":"https://github.com/TheEconomist/the-economist-war-fire-model","id":519,"date":"2026-09-13","link":"https://www.economist.com/interactive/graphic-detail/ukraine-fires","category":"Fire classified as war-related (model estimate)","side":"Not attributed","color":"#FF8C00","radius":3,"orbat":[],"description":"Satellite heat detection at 10:58 UTC, in an area of abnormal fire activity. Urban area."}},{"type":"Feature","geometry":{"type":"Point","coordinates":[37.06068,48.53256]},"properties":{"source":"economist_fires","source_name":"The Economist war-fire model","source_url":"https://github.com/TheEconomist/the-economist-war-fire-model","id":520,"date":"2026-09-13","link":"https://www.economist.com/interactive/graphic-detail/ukraine-fires","category":"Fire classified as war-related (model estimate)","side":"Not attributed","color":"#FF8C00","radius":3,"orbat":[],"description":"Satellite heat detection at 10:58 UTC, in an area of abnormal fire activity. Urban area."}},{"type":"Feature","geometry":{"type":"Point","coordinates":[37.06658,48.48029]},"properties":{"source":"economist_fires","source_name":"The Economist war-fire model","source_url":"https://github.com/TheEconomist/the-economist-war-fire-model","id":521,"date":"2026-09-13","link":"https://www.economist.com/interactive/graphic-detail/ukraine-fires","category":"Fire classified as war-related (model estimate)","side":"Not attributed","color":"#FF8C00","radius":3,"orbat":[],"description":"Satellite heat detection at 11:17 UTC, in an area of abnormal fire activity. Urban area."}},{"type":"Feature","geometry":{"type":"Point","coordinates":[37.06057,48.53058]},"properties":{"source":"economist_fires","source_name":"The Economist war-fire model","source_url":"https://github.com/TheEconomist/the-economist-war-fire-model","id":522,"date":"2026-09-13","link":"https://www.economist.com/interactive/graphic-detail/ukraine-fires","category":"Fire classified as war-related (model estimate)","side":"Not attributed","color":"#FF8C00","radius":3,"orbat":[],"description":"Satellite heat detection at 11:17 UTC, in an area of abnormal fire activity. Urban area."}},{"type":"Feature","geometry":{"type":"Point","coordinates":[37.05813,48.53007]},"properties":{"source":"economist_fires","source_name":"The Economist war-fire model","source_url":"https://github.com/TheEconomist/the-economist-war-fire-model","id":523,"date":"2026-09-13","link":"https://www.economist.com/interactive/graphic-detail/ukraine-fires","category":"Fire classified as war-related (model estimate)","side":"Not attributed","color":"#FF8C00","radius":3,"orbat":[],"description":"Satellite heat detection at 23:12 UTC, in an area of abnormal fire activity. Urban area."}},{"type":"Feature","geometry":{"type":"Point","coordinates":[37.05891,48.53445]},"properties":{"source":"economist_fires","source_name":"The Economist war-fire model","source_url":"https://github.com/TheEconomist/the-economist-war-fire-model","id":524,"date":"2026-09-13","link":"https://www.economist.com/interactive/graphic-detail/ukraine-fires","category":"Fire classified as war-related (model estimate)","side":"Not attributed","color":"#FF8C00","radius":3,"orbat":[],"description":"Satellite heat detection at 23:12 UTC, in an area of abnormal fire activity. Urban area."}},{"type":"Feature","geometry":{"type":"Point","coordinates":[37.05709,48.5319]},"properties":{"source":"economist_fires","source_name":"The Economist war-fire model","source_url":"https://github.com/TheEconomist/the-economist-war-fire-model","id":525,"date":"2026-09-13","link":"https://www.economist.com/interactive/graphic-detail/ukraine-fires","category":"Fire classified as war-related (model estimate)","side":"Not attributed","color":"#FF8C00","radius":3,"orbat":[],"description":"Satellite heat detection at 23:31 UTC, in an area of abnormal fire activity. Urban area."}},{"type":"Feature","geometry":{"type":"Point","coordinates":[37.24049,47.5962]},"properties":{"source":"economist_fires","source_name":"The Economist war-fire model","source_url":"https://github.com/TheEconomist/the-economist-war-fire-model","id":526,"date":"2026-09-13","link":"https://www.economist.com/interactive/graphic-detail/ukraine-fires","category":"Fire classified as war-related (model estimate)","side":"Not attributed","color":"#FF8C00","radius":3,"orbat":[],"description":"Satellite heat detection at 22:35 UTC, in an area of abnormal fire activity. Urban area."}},{"type":"Feature","geometry":{"type":"Point","coordinates":[37.2324,47.59762]},"properties":{"source":"economist_fires","source_name":"The Economist war-fire model","source_url":"https://github.com/TheEconomist/the-economist-war-fire-model","id":527,"date":"2026-09-13","link":"https://www.economist.com/interactive/graphic-detail/ukraine-fires","category":"Fire classified as war-related (model estimate)","side":"Not attributed","color":"#FF8C00","radius":3,"orbat":[],"description":"Satellite heat detection at 23:12 UTC, in an area of abnormal fire activity. Urban area."}},{"type":"Feature","geometry":{"type":"Point","coordinates":[37.20835,47.65827]},"properties":{"source":"economist_fires","source_name":"The Economist war-fire model","source_url":"https://github.com/TheEconomist/the-economist-war-fire-model","id":528,"date":"2026-09-13","link":"https://www.economist.com/interactive/graphic-detail/ukraine-fires","category":"Fire classified as war-related (model estimate)","side":"Not attributed","color":"#FF8C00","radius":3,"orbat":[],"description":"Satellite heat detection at 10:21 UTC, in an area days after abnormal fire activity. Urban area."}},{"type":"Feature","geometry":{"type":"Point","coordinates":[37.21342,47.65901]},"properties":{"source":"economist_fires","source_name":"The Economist war-fire model","source_url":"https://github.com/TheEconomist/the-economist-war-fire-model","id":529,"date":"2026-09-13","link":"https://www.economist.com/interactive/graphic-detail/ukraine-fires","category":"Fire classified as war-related (model estimate)","side":"Not attributed","color":"#FF8C00","radius":3,"orbat":[],"description":"Satellite heat detection at 10:21 UTC, in an area days after abnormal fire activity. Urban area."}},{"type":"Feature","geometry":{"type":"Point","coordinates":[37.2073,47.66153]},"properties":{"source":"economist_fires","source_name":"The Economist war-fire model","source_url":"https://github.com/TheEconomist/the-economist-war-fire-model","id":530,"date":"2026-09-13","link":"https://www.economist.com/interactive/graphic-detail/ukraine-fires","category":"Fire classified as war-related (model estimate)","side":"Not attributed","color":"#FF8C00","radius":3,"orbat":[],"description":"Satellite heat detection at 10:21 UTC, in an area days after abnormal fire activity. Urban area."}},{"type":"Feature","geometry":{"type":"Point","coordinates":[37.21237,47.66228]},"properties":{"source":"economist_fires","source_name":"The Economist war-fire model","source_url":"https://github.com/TheEconomist/the-economist-war-fire-model","id":531,"date":"2026-09-13","link":"https://www.economist.com/interactive/graphic-detail/ukraine-fires","category":"Fire classified as war-related (model estimate)","side":"Not attributed","color":"#FF8C00","radius":3,"orbat":[],"description":"Satellite heat detection at 10:21 UTC, in an area days after abnormal fire activity. Urban area."}},{"type":"Feature","geometry":{"type":"Point","coordinates":[37.20349,47.65979]},"properties":{"source":"economist_fires","source_name":"The Economist war-fire model","source_url":"https://github.com/TheEconomist/the-economist-war-fire-model","id":532,"date":"2026-09-13","link":"https://www.economist.com/interactive/graphic-detail/ukraine-fires","category":"Fire classified as war-related (model estimate)","side":"Not attributed","color":"#FF8C00","radius":3,"orbat":[],"description":"Satellite heat detection at 10:58 UTC, in an area days after abnormal fire activity. Urban area."}},{"type":"Feature","geometry":{"type":"Point","coordinates":[37.21113,47.6605]},"properties":{"source":"economist_fires","source_name":"The Economist war-fire model","source_url":"https://github.com/TheEconomist/the-economist-war-fire-model","id":533,"date":"2026-09-13","link":"https://www.economist.com/interactive/graphic-detail/ukraine-fires","category":"Fire classified as war-related (model estimate)","side":"Not attributed","color":"#FF8C00","radius":3,"orbat":[],"description":"Satellite heat detection at 10:58 UTC, in an area of abnormal fire activity. Urban area."}},{"type":"Feature","geometry":{"type":"Point","coordinates":[37.19885,48.18476]},"properties":{"source":"economist_fires","source_name":"The Economist war-fire model","source_url":"https://github.com/TheEconomist/the-economist-war-fire-model","id":534,"date":"2026-09-13","link":"https://www.economist.com/interactive/graphic-detail/ukraine-fires","category":"Fire classified as war-related (model estimate)","side":"Not attributed","color":"#FF8C00","radius":3,"orbat":[],"description":"Satellite heat detection at 12:49 UTC, in an area days after abnormal fire activity. Urban area."}},{"type":"Feature","geometry":{"type":"Point","coordinates":[37.2407,48.46619]},"properties":{"source":"economist_fires","source_name":"The Economist war-fire model","source_url":"https://github.com/TheEconomist/the-economist-war-fire-model","id":535,"date":"2026-09-13","link":"https://www.economist.com/interactive/graphic-detail/ukraine-fires","category":"Fire classified as war-related (model estimate)","side":"Not attributed","color":"#FF8C00","radius":3,"orbat":[],"description":"Satellite heat detection at 10:21 UTC, in an area of abnormal fire activity. Urban area."}},{"type":"Feature","geometry":{"type":"Point","coordinates":[37.24486,48.45839]},"properties":{"source":"economist_fires","source_name":"The Economist war-fire model","source_url":"https://github.com/TheEconomist/the-economist-war-fire-model","id":536,"date":"2026-09-13","link":"https://www.economist.com/interactive/graphic-detail/ukraine-fires","category":"Fire classified as war-related (model estimate)","side":"Not attributed","color":"#FF8C00","radius":3,"orbat":[],"description":"Satellite heat detection at 10:58 UTC, in an area of abnormal fire activity. Urban area."}},{"type":"Feature","geometry":{"type":"Point","coordinates":[37.24405,48.46244]},"properties":{"source":"economist_fires","source_name":"The Economist war-fire model","source_url":"https://github.com/TheEconomist/the-economist-war-fire-model","id":537,"date":"2026-09-13","link":"https://www.economist.com/interactive/graphic-detail/ukraine-fires","category":"Fire classified as war-related (model estimate)","side":"Not attributed","color":"#FF8C00","radius":3,"orbat":[],"description":"Satellite heat detection at 10:58 UTC, in an area of abnormal fire activity. Urban area."}},{"type":"Feature","geometry":{"type":"Point","coordinates":[37.24327,48.46649]},"properties":{"source":"economist_fires","source_name":"The Economist war-fire model","source_url":"https://github.com/TheEconomist/the-economist-war-fire-model","id":538,"date":"2026-09-13","link":"https://www.economist.com/interactive/graphic-detail/ukraine-fires","category":"Fire classified as war-related (model estimate)","side":"Not attributed","color":"#FF8C00","radius":3,"orbat":[],"description":"Satellite heat detection at 10:58 UTC, in an area of abnormal fire activity. Urban area."}},{"type":"Feature","geometry":{"type":"Point","coordinates":[37.17605,48.50577]},"properties":{"source":"economist_fires","source_name":"The Economist war-fire model","source_url":"https://github.com/TheEconomist/the-economist-war-fire-model","id":539,"date":"2026-09-13","link":"https://www.economist.com/interactive/graphic-detail/ukraine-fires","category":"Fire classified as war-related (model estimate)","side":"Not attributed","color":"#FF8C00","radius":3,"orbat":[],"description":"Satellite heat detection at 10:58 UTC, in an area of abnormal fire activity. Urban area."}},{"type":"Feature","geometry":{"type":"Point","coordinates":[37.24536,48.45914]},"properties":{"source":"economist_fires","source_name":"The Economist war-fire model","source_url":"https://github.com/TheEconomist/the-economist-war-fire-model","id":540,"date":"2026-09-13","link":"https://www.economist.com/interactive/graphic-detail/ukraine-fires","category":"Fire classified as war-related (model estimate)","side":"Not attributed","color":"#FF8C00","radius":3,"orbat":[],"description":"Satellite heat detection at 11:17 UTC, in an area of abnormal fire activity. Urban area."}},{"type":"Feature","geometry":{"type":"Point","coordinates":[37.24502,48.46461]},"properties":{"source":"economist_fires","source_name":"The Economist war-fire model","source_url":"https://github.com/TheEconomist/the-economist-war-fire-model","id":541,"date":"2026-09-13","link":"https://www.economist.com/interactive/graphic-detail/ukraine-fires","category":"Fire classified as war-related (model estimate)","side":"Not attributed","color":"#FF8C00","radius":3,"orbat":[],"description":"Satellite heat detection at 11:17 UTC, in an area of abnormal fire activity. Urban area."}},{"type":"Feature","geometry":{"type":"Point","coordinates":[37.23275,48.564]},"properties":{"source":"economist_fires","source_name":"The Economist war-fire model","source_url":"https://github.com/TheEconomist/the-economist-war-fire-model","id":542,"date":"2026-09-13","link":"https://www.economist.com/interactive/graphic-detail/ukraine-fires","category":"Fire classified as war-related (model estimate)","side":"Not attributed","color":"#FF8C00","radius":3,"orbat":[],"description":"Satellite heat detection at 10:58 UTC, in an area days after abnormal fire activity. Urban area."}},{"type":"Feature","geometry":{"type":"Point","coordinates":[37.21857,48.63694]},"properties":{"source":"economist_fires","source_name":"The Economist war-fire model","source_url":"https://github.com/TheEconomist/the-economist-war-fire-model","id":543,"date":"2026-09-13","link":"https://www.economist.com/interactive/graphic-detail/ukraine-fires","category":"Fire classified as war-related (model estimate)","side":"Not attributed","color":"#FF8C00","radius":3,"orbat":[],"description":"Satellite heat detection at 10:58 UTC, in an area days after abnormal fire activity. Urban area."}},{"type":"Feature","geometry":{"type":"Point","coordinates":[37.22401,48.63742]},"properties":{"source":"economist_fires","source_name":"The Economist war-fire model","source_url":"https://github.com/TheEconomist/the-economist-war-fire-model","id":544,"date":"2026-09-13","link":"https://www.economist.com/interactive/graphic-detail/ukraine-fires","category":"Fire classified as war-related (model estimate)","side":"Not attributed","color":"#FF8C00","radius":3,"orbat":[],"description":"Satellite heat detection at 10:58 UTC, in an area days after abnormal fire activity. Urban area."}},{"type":"Feature","geometry":{"type":"Point","coordinates":[37.21782,48.64099]},"properties":{"source":"economist_fires","source_name":"The Economist war-fire model","source_url":"https://github.com/TheEconomist/the-economist-war-fire-model","id":545,"date":"2026-09-13","link":"https://www.economist.com/interactive/graphic-detail/ukraine-fires","category":"Fire classified as war-related (model estimate)","side":"Not attributed","color":"#FF8C00","radius":3,"orbat":[],"description":"Satellite heat detection at 10:58 UTC, in an area days after abnormal fire activity. Urban area."}},{"type":"Feature","geometry":{"type":"Point","coordinates":[37.23225,48.56356]},"properties":{"source":"economist_fires","source_name":"The Economist war-fire model","source_url":"https://github.com/TheEconomist/the-economist-war-fire-model","id":546,"date":"2026-09-13","link":"https://www.economist.com/interactive/graphic-detail/ukraine-fires","category":"Fire classified as war-related (model estimate)","side":"Not attributed","color":"#FF8C00","radius":3,"orbat":[],"description":"Satellite heat detection at 11:17 UTC, in an area days after abnormal fire activity. Urban area."}},{"type":"Feature","geometry":{"type":"Point","coordinates":[37.23775,48.56374]},"properties":{"source":"economist_fires","source_name":"The Economist war-fire model","source_url":"https://github.com/TheEconomist/the-economist-war-fire-model","id":547,"date":"2026-09-13","link":"https://www.economist.com/interactive/graphic-detail/ukraine-fires","category":"Fire classified as war-related (model estimate)","side":"Not attributed","color":"#FF8C00","radius":3,"orbat":[],"description":"Satellite heat detection at 11:17 UTC, in an area days after abnormal fire activity. Urban area."}},{"type":"Feature","geometry":{"type":"Point","coordinates":[37.22236,48.63497]},"properties":{"source":"economist_fires","source_name":"The Economist war-fire model","source_url":"https://github.com/TheEconomist/the-economist-war-fire-model","id":548,"date":"2026-09-13","link":"https://www.economist.com/interactive/graphic-detail/ukraine-fires","category":"Fire classified as war-related (model estimate)","side":"Not attributed","color":"#FF8C00","radius":3,"orbat":[],"description":"Satellite heat detection at 11:17 UTC, in an area days after abnormal fire activity. Urban area."}},{"type":"Feature","geometry":{"type":"Point","coordinates":[37.21671,48.64027]},"properties":{"source":"economist_fires","source_name":"The Economist war-fire model","source_url":"https://github.com/TheEconomist/the-economist-war-fire-model","id":549,"date":"2026-09-13","link":"https://www.economist.com/interactive/graphic-detail/ukraine-fires","category":"Fire classified as war-related (model estimate)","side":"Not attributed","color":"#FF8C00","radius":3,"orbat":[],"description":"Satellite heat detection at 11:17 UTC, in an area days after abnormal fire activity. Urban area."}},{"type":"Feature","geometry":{"type":"Point","coordinates":[37.22217,48.64045]},"properties":{"source":"economist_fires","source_name":"The Economist war-fire model","source_url":"https://github.com/TheEconomist/the-economist-war-fire-model","id":550,"date":"2026-09-13","link":"https://www.economist.com/interactive/graphic-detail/ukraine-fires","category":"Fire classified as war-related (model estimate)","side":"Not attributed","color":"#FF8C00","radius":3,"orbat":[],"description":"Satellite heat detection at 11:17 UTC, in an area days after abnormal fire activity. Urban area."}},{"type":"Feature","geometry":{"type":"Point","coordinates":[37.21599,48.63602]},"properties":{"source":"economist_fires","source_name":"The Economist war-fire model","source_url":"https://github.com/TheEconomist/the-economist-war-fire-model","id":551,"date":"2026-09-13","link":"https://www.economist.com/interactive/graphic-detail/ukraine-fires","category":"Fire classified as war-related (model estimate)","side":"Not attributed","color":"#FF8C00","radius":3,"orbat":[],"description":"Satellite heat detection at 12:49 UTC, in an area days after abnormal fire activity. Urban area."}},{"type":"Feature","geometry":{"type":"Point","coordinates":[37.24787,49.04034]},"properties":{"source":"economist_fires","source_name":"The Economist war-fire model","source_url":"https://github.com/TheEconomist/the-economist-war-fire-model","id":552,"date":"2026-09-13","link":"https://www.economist.com/interactive/graphic-detail/ukraine-fires","category":"Fire classified as war-related (model estimate)","side":"Not attributed","color":"#FF8C00","radius":3,"orbat":[],"description":"Satellite heat detection at 09:17 UTC, in an area of abnormal fire activity. Urban area."}},{"type":"Feature","geometry":{"type":"Point","coordinates":[37.24955,49.04769]},"properties":{"source":"economist_fires","source_name":"The Economist war-fire model","source_url":"https://github.com/TheEconomist/the-economist-war-fire-model","id":553,"date":"2026-09-13","link":"https://www.economist.com/interactive/graphic-detail/ukraine-fires","category":"Fire classified as war-related (model estimate)","side":"Not attributed","color":"#FF8C00","radius":3,"orbat":[],"description":"Satellite heat detection at 09:17 UTC, in an area of abnormal fire activity. Urban area."}},{"type":"Feature","geometry":{"type":"Point","coordinates":[37.24546,49.04231]},"properties":{"source":"economist_fires","source_name":"The Economist war-fire model","source_url":"https://github.com/TheEconomist/the-economist-war-fire-model","id":554,"date":"2026-09-13","link":"https://www.economist.com/interactive/graphic-detail/ukraine-fires","category":"Fire classified as war-related (model estimate)","side":"Not attributed","color":"#FF8C00","radius":3,"orbat":[],"description":"Satellite heat detection at 09:39 UTC, in an area of abnormal fire activity. Urban area."}},{"type":"Feature","geometry":{"type":"Point","coordinates":[37.24575,49.04268]},"properties":{"source":"economist_fires","source_name":"The Economist war-fire model","source_url":"https://github.com/TheEconomist/the-economist-war-fire-model","id":555,"date":"2026-09-13","link":"https://www.economist.com/interactive/graphic-detail/ukraine-fires","category":"Fire classified as war-related (model estimate)","side":"Not attributed","color":"#FF8C00","radius":3,"orbat":[],"description":"Satellite heat detection at 09:39 UTC, in an area of abnormal fire activity. Urban area."}},{"type":"Feature","geometry":{"type":"Point","coordinates":[37.2494,49.04836]},"properties":{"source":"economist_fires","source_name":"The Economist war-fire model","source_url":"https://github.com/TheEconomist/the-economist-war-fire-model","id":556,"date":"2026-09-13","link":"https://www.economist.com/interactive/graphic-detail/ukraine-fires","category":"Fire classified as war-related (model estimate)","side":"Not attributed","color":"#FF8C00","radius":3,"orbat":[],"description":"Satellite heat detection at 09:39 UTC, in an area of abnormal fire activity. Urban area."}},{"type":"Feature","geometry":{"type":"Point","coordinates":[37.24995,49.03807]},"properties":{"source":"economist_fires","source_name":"The Economist war-fire model","source_url":"https://github.com/TheEconomist/the-economist-war-fire-model","id":557,"date":"2026-09-13","link":"https://www.economist.com/interactive/graphic-detail/ukraine-fires","category":"Fire classified as war-related (model estimate)","side":"Not attributed","color":"#FF8C00","radius":3,"orbat":[],"description":"Satellite heat detection at 11:17 UTC, in an area of abnormal fire activity. Urban area."}},{"type":"Feature","geometry":{"type":"Point","coordinates":[37.25548,47.35036]},"properties":{"source":"economist_fires","source_name":"The Economist war-fire model","source_url":"https://github.com/TheEconomist/the-economist-war-fire-model","id":558,"date":"2026-09-13","link":"https://www.economist.com/interactive/graphic-detail/ukraine-fires","category":"Fire classified as war-related (model estimate)","side":"Not attributed","color":"#FF8C00","radius":3,"orbat":[],"description":"Satellite heat detection at 11:17 UTC, in an area days after abnormal fire activity. Urban area."}},{"type":"Feature","geometry":{"type":"Point","coordinates":[37.25706,47.35167]},"properties":{"source":"economist_fires","source_name":"The Economist war-fire model","source_url":"https://github.com/TheEconomist/the-economist-war-fire-model","id":559,"date":"2026-09-13","link":"https://www.economist.com/interactive/graphic-detail/ukraine-fires","category":"Fire classified as war-related (model estimate)","side":"Not attributed","color":"#FF8C00","radius":3,"orbat":[],"description":"Satellite heat detection at 11:17 UTC, in an area days after abnormal fire activity. Urban area."}},{"type":"Feature","geometry":{"type":"Point","coordinates":[37.31157,47.4574]},"properties":{"source":"economist_fires","source_name":"The Economist war-fire model","source_url":"https://github.com/TheEconomist/the-economist-war-fire-model","id":560,"date":"2026-09-13","link":"https://www.economist.com/interactive/graphic-detail/ukraine-fires","category":"Fire classified as war-related (model estimate)","side":"Not attributed","color":"#FF8C00","radius":3,"orbat":[],"description":"Satellite heat detection at 09:17 UTC, in an area days after abnormal fire activity. Urban area."}},{"type":"Feature","geometry":{"type":"Point","coordinates":[37.27416,47.62376]},"properties":{"source":"economist_fires","source_name":"The Economist war-fire model","source_url":"https://github.com/TheEconomist/the-economist-war-fire-model","id":561,"date":"2026-09-13","link":"https://www.economist.com/interactive/graphic-detail/ukraine-fires","category":"Fire classified as war-related (model estimate)","side":"Not attributed","color":"#FF8C00","radius":3,"orbat":[],"description":"Satellite heat detection at 09:17 UTC, in an area of abnormal fire activity. Urban area."}},{"type":"Feature","geometry":{"type":"Point","coordinates":[37.26992,47.62942]},"properties":{"source":"economist_fires","source_name":"The Economist war-fire model","source_url":"https://github.com/TheEconomist/the-economist-war-fire-model","id":562,"date":"2026-09-13","link":"https://www.economist.com/interactive/graphic-detail/ukraine-fires","category":"Fire classified as war-related (model estimate)","side":"Not attributed","color":"#FF8C00","radius":3,"orbat":[],"description":"Satellite heat detection at 09:17 UTC, in an area of abnormal fire activity. Urban area."}},{"type":"Feature","geometry":{"type":"Point","coordinates":[37.2766,47.62825]},"properties":{"source":"economist_fires","source_name":"The Economist war-fire model","source_url":"https://github.com/TheEconomist/the-economist-war-fire-model","id":563,"date":"2026-09-13","link":"https://www.economist.com/interactive/graphic-detail/ukraine-fires","category":"Fire classified as war-related (model estimate)","side":"Not attributed","color":"#FF8C00","radius":3,"orbat":[],"description":"Satellite heat detection at 09:37 UTC, in an area of abnormal fire activity. Urban area."}},{"type":"Feature","geometry":{"type":"Point","coordinates":[37.27168,47.62643]},"properties":{"source":"economist_fires","source_name":"The Economist war-fire model","source_url":"https://github.com/TheEconomist/the-economist-war-fire-model","id":564,"date":"2026-09-13","link":"https://www.economist.com/interactive/graphic-detail/ukraine-fires","category":"Fire classified as war-related (model estimate)","side":"Not attributed","color":"#FF8C00","radius":3,"orbat":[],"description":"Satellite heat detection at 10:21 UTC, in an area of abnormal fire activity. Urban area."}},{"type":"Feature","geometry":{"type":"Point","coordinates":[37.27063,47.62971]},"properties":{"source":"economist_fires","source_name":"The Economist war-fire model","source_url":"https://github.com/TheEconomist/the-economist-war-fire-model","id":565,"date":"2026-09-13","link":"https://www.economist.com/interactive/graphic-detail/ukraine-fires","category":"Fire classified as war-related (model estimate)","side":"Not attributed","color":"#FF8C00","radius":3,"orbat":[],"description":"Satellite heat detection at 10:21 UTC, in an area of abnormal fire activity. Urban area."}},{"type":"Feature","geometry":{"type":"Point","coordinates":[37.26959,47.63298]},"properties":{"source":"economist_fires","source_name":"The Economist war-fire model","source_url":"https://github.com/TheEconomist/the-economist-war-fire-model","id":566,"date":"2026-09-13","link":"https://www.economist.com/interactive/graphic-detail/ukraine-fires","category":"Fire classified as war-related (model estimate)","side":"Not attributed","color":"#FF8C00","radius":3,"orbat":[],"description":"Satellite heat detection at 10:21 UTC, in an area of abnormal fire activity. Urban area."}},{"type":"Feature","geometry":{"type":"Point","coordinates":[37.27406,47.62547]},"properties":{"source":"economist_fires","source_name":"The Economist war-fire model","source_url":"https://github.com/TheEconomist/the-economist-war-fire-model","id":567,"date":"2026-09-13","link":"https://www.economist.com/interactive/graphic-detail/ukraine-fires","category":"Fire classified as war-related (model estimate)","side":"Not attributed","color":"#FF8C00","radius":3,"orbat":[],"description":"Satellite heat detection at 10:58 UTC, in an area of abnormal fire activity. Urban area."}},{"type":"Feature","geometry":{"type":"Point","coordinates":[37.27328,47.62948]},"properties":{"source":"economist_fires","source_name":"The Economist war-fire model","source_url":"https://github.com/TheEconomist/the-economist-war-fire-model","id":568,"date":"2026-09-13","link":"https://www.economist.com/interactive/graphic-detail/ukraine-fires","category":"Fire classified as war-related (model estimate)","side":"Not attributed","color":"#FF8C00","radius":3,"orbat":[],"description":"Satellite heat detection at 10:58 UTC, in an area of abnormal fire activity. Urban area."}},{"type":"Feature","geometry":{"type":"Point","coordinates":[37.27251,47.63349]},"properties":{"source":"economist_fires","source_name":"The Economist war-fire model","source_url":"https://github.com/TheEconomist/the-economist-war-fire-model","id":569,"date":"2026-09-13","link":"https://www.economist.com/interactive/graphic-detail/ukraine-fires","category":"Fire classified as war-related (model estimate)","side":"Not attributed","color":"#FF8C00","radius":3,"orbat":[],"description":"Satellite heat detection at 10:58 UTC, in an area of abnormal fire activity. Urban area."}},{"type":"Feature","geometry":{"type":"Point","coordinates":[37.27588,47.62737]},"properties":{"source":"economist_fires","source_name":"The Economist war-fire model","source_url":"https://github.com/TheEconomist/the-economist-war-fire-model","id":570,"date":"2026-09-13","link":"https://www.economist.com/interactive/graphic-detail/ukraine-fires","category":"Fire classified as war-related (model estimate)","side":"Not attributed","color":"#FF8C00","radius":3,"orbat":[],"description":"Satellite heat detection at 11:17 UTC, in an area of abnormal fire activity. Urban area."}},{"type":"Feature","geometry":{"type":"Point","coordinates":[37.26764,47.62119]},"properties":{"source":"economist_fires","source_name":"The Economist war-fire model","source_url":"https://github.com/TheEconomist/the-economist-war-fire-model","id":571,"date":"2026-09-13","link":"https://www.economist.com/interactive/graphic-detail/ukraine-fires","category":"Fire classified as war-related (model estimate)","side":"Not attributed","color":"#FF8C00","radius":3,"orbat":[],"description":"Satellite heat detection at 12:49 UTC, in an area of abnormal fire activity. Urban area."}},{"type":"Feature","geometry":{"type":"Point","coordinates":[37.33924,47.56666]},"properties":{"source":"economist_fires","source_name":"The Economist war-fire model","source_url":"https://github.com/TheEconomist/the-economist-war-fire-model","id":572,"date":"2026-09-13","link":"https://www.economist.com/interactive/graphic-detail/ukraine-fires","category":"Fire classified as war-related (model estimate)","side":"Not attributed","color":"#FF8C00","radius":3,"orbat":[],"description":"Satellite heat detection at 23:31 UTC, in an area of abnormal fire activity. Urban area."}},{"type":"Feature","geometry":{"type":"Point","coordinates":[37.28755,47.80748]},"properties":{"source":"economist_fires","source_name":"The Economist war-fire model","source_url":"https://github.com/TheEconomist/the-economist-war-fire-model","id":573,"date":"2026-09-13","link":"https://www.economist.com/interactive/graphic-detail/ukraine-fires","category":"Fire classified as war-related (model estimate)","side":"Not attributed","color":"#FF8C00","radius":3,"orbat":[],"description":"Satellite heat detection at 12:49 UTC, in an area days after abnormal fire activity. Urban area."}},{"type":"Feature","geometry":{"type":"Point","coordinates":[37.28518,47.81696]},"properties":{"source":"economist_fires","source_name":"The Economist war-fire model","source_url":"https://github.com/TheEconomist/the-economist-war-fire-model","id":574,"date":"2026-09-13","link":"https://www.economist.com/interactive/graphic-detail/ukraine-fires","category":"Fire classified as war-related (model estimate)","side":"Not attributed","color":"#FF8C00","radius":3,"orbat":[],"description":"Satellite heat detection at 12:49 UTC, in an area days after abnormal fire activity. Urban area."}},{"type":"Feature","geometry":{"type":"Point","coordinates":[37.31383,47.92861]},"properties":{"source":"economist_fires","source_name":"The Economist war-fire model","source_url":"https://github.com/TheEconomist/the-economist-war-fire-model","id":575,"date":"2026-09-13","link":"https://www.economist.com/interactive/graphic-detail/ukraine-fires","category":"Fire classified as war-related (model estimate)","side":"Not attributed","color":"#FF8C00","radius":3,"orbat":[],"description":"Satellite heat detection at 09:17 UTC, in an area days after abnormal fire activity. Urban area."}},{"type":"Feature","geometry":{"type":"Point","coordinates":[37.3148,47.92967]},"properties":{"source":"economist_fires","source_name":"The Economist war-fire model","source_url":"https://github.com/TheEconomist/the-economist-war-fire-model","id":576,"date":"2026-09-13","link":"https://www.economist.com/interactive/graphic-detail/ukraine-fires","category":"Fire classified as war-related (model estimate)","side":"Not attributed","color":"#FF8C00","radius":3,"orbat":[],"description":"Satellite heat detection at 09:17 UTC, in an area days after abnormal fire activity. Urban area."}},{"type":"Feature","geometry":{"type":"Point","coordinates":[37.30235,47.91093]},"properties":{"source":"economist_fires","source_name":"The Economist war-fire model","source_url":"https://github.com/TheEconomist/the-economist-war-fire-model","id":577,"date":"2026-09-13","link":"https://www.economist.com/interactive/graphic-detail/ukraine-fires","category":"Fire classified as war-related (model estimate)","side":"Not attributed","color":"#FF8C00","radius":3,"orbat":[],"description":"Satellite heat detection at 09:37 UTC, in an area days after abnormal fire activity. Urban area."}},{"type":"Feature","geometry":{"type":"Point","coordinates":[37.30175,47.91201]},"properties":{"source":"economist_fires","source_name":"The Economist war-fire model","source_url":"https://github.com/TheEconomist/the-economist-war-fire-model","id":578,"date":"2026-09-13","link":"https://www.economist.com/interactive/graphic-detail/ukraine-fires","category":"Fire classified as war-related (model estimate)","side":"Not attributed","color":"#FF8C00","radius":3,"orbat":[],"description":"Satellite heat detection at 09:37 UTC, in an area days after abnormal fire activity. Urban area."}},{"type":"Feature","geometry":{"type":"Point","coordinates":[37.30958,47.91283]},"properties":{"source":"economist_fires","source_name":"The Economist war-fire model","source_url":"https://github.com/TheEconomist/the-economist-war-fire-model","id":579,"date":"2026-09-13","link":"https://www.economist.com/interactive/graphic-detail/ukraine-fires","category":"Fire classified as war-related (model estimate)","side":"Not attributed","color":"#FF8C00","radius":3,"orbat":[],"description":"Satellite heat detection at 09:37 UTC, in an area days after abnormal fire activity. Urban area."}},{"type":"Feature","geometry":{"type":"Point","coordinates":[37.30894,47.91394]},"properties":{"source":"economist_fires","source_name":"The Economist war-fire model","source_url":"https://github.com/TheEconomist/the-economist-war-fire-model","id":580,"date":"2026-09-13","link":"https://www.economist.com/interactive/graphic-detail/ukraine-fires","category":"Fire classified as war-related (model estimate)","side":"Not attributed","color":"#FF8C00","radius":3,"orbat":[],"description":"Satellite heat detection at 09:37 UTC, in an area days after abnormal fire activity. Urban area."}},{"type":"Feature","geometry":{"type":"Point","coordinates":[37.30708,47.91172]},"properties":{"source":"economist_fires","source_name":"The Economist war-fire model","source_url":"https://github.com/TheEconomist/the-economist-war-fire-model","id":581,"date":"2026-09-13","link":"https://www.economist.com/interactive/graphic-detail/ukraine-fires","category":"Fire classified as war-related (model estimate)","side":"Not attributed","color":"#FF8C00","radius":3,"orbat":[],"description":"Satellite heat detection at 10:21 UTC, in an area days after abnormal fire activity. Urban area."}},{"type":"Feature","geometry":{"type":"Point","coordinates":[37.30904,47.92229]},"properties":{"source":"economist_fires","source_name":"The Economist war-fire model","source_url":"https://github.com/TheEconomist/the-economist-war-fire-model","id":582,"date":"2026-09-13","link":"https://www.economist.com/interactive/graphic-detail/ukraine-fires","category":"Fire classified as war-related (model estimate)","side":"Not attributed","color":"#FF8C00","radius":3,"orbat":[],"description":"Satellite heat detection at 10:21 UTC, in an area days after abnormal fire activity. Urban area."}},{"type":"Feature","geometry":{"type":"Point","coordinates":[37.31014,47.91975]},"properties":{"source":"economist_fires","source_name":"The Economist war-fire model","source_url":"https://github.com/TheEconomist/the-economist-war-fire-model","id":583,"date":"2026-09-13","link":"https://www.economist.com/interactive/graphic-detail/ukraine-fires","category":"Fire classified as war-related (model estimate)","side":"Not attributed","color":"#FF8C00","radius":3,"orbat":[],"description":"Satellite heat detection at 10:58 UTC, in an area days after abnormal fire activity. Urban area."}},{"type":"Feature","geometry":{"type":"Point","coordinates":[37.3112,47.91981]},"properties":{"source":"economist_fires","source_name":"The Economist war-fire model","source_url":"https://github.com/TheEconomist/the-economist-war-fire-model","id":584,"date":"2026-09-13","link":"https://www.economist.com/interactive/graphic-detail/ukraine-fires","category":"Fire classified as war-related (model estimate)","side":"Not attributed","color":"#FF8C00","radius":3,"orbat":[],"description":"Satellite heat detection at 10:58 UTC, in an area days after abnormal fire activity. Urban area."}},{"type":"Feature","geometry":{"type":"Point","coordinates":[37.31234,47.92122]},"properties":{"source":"economist_fires","source_name":"The Economist war-fire model","source_url":"https://github.com/TheEconomist/the-economist-war-fire-model","id":585,"date":"2026-09-13","link":"https://www.economist.com/interactive/graphic-detail/ukraine-fires","category":"Fire classified as war-related (model estimate)","side":"Not attributed","color":"#FF8C00","radius":3,"orbat":[],"description":"Satellite heat detection at 11:17 UTC, in an area days after abnormal fire activity. Urban area."}},{"type":"Feature","geometry":{"type":"Point","coordinates":[37.33426,48.1946]},"properties":{"source":"economist_fires","source_name":"The Economist war-fire model","source_url":"https://github.com/TheEconomist/the-economist-war-fire-model","id":586,"date":"2026-09-13","link":"https://www.economist.com/interactive/graphic-detail/ukraine-fires","category":"Fire classified as war-related (model estimate)","side":"Not attributed","color":"#FF8C00","radius":3,"orbat":[],"description":"Satellite heat detection at 00:35 UTC, in an area days after abnormal fire activity. Urban area."}},{"type":"Feature","geometry":{"type":"Point","coordinates":[37.3379,48.22311]},"properties":{"source":"economist_fires","source_name":"The Economist war-fire model","source_url":"https://github.com/TheEconomist/the-economist-war-fire-model","id":587,"date":"2026-09-13","link":"https://www.economist.com/interactive/graphic-detail/ukraine-fires","category":"Fire classified as war-related (model estimate)","side":"Not attributed","color":"#FF8C00","radius":3,"orbat":[],"description":"Satellite heat detection at 09:39 UTC, in an area days after abnormal fire activity. Urban area."}},{"type":"Feature","geometry":{"type":"Point","coordinates":[37.33654,48.22382]},"properties":{"source":"economist_fires","source_name":"The Economist war-fire model","source_url":"https://github.com/TheEconomist/the-economist-war-fire-model","id":588,"date":"2026-09-13","link":"https://www.economist.com/interactive/graphic-detail/ukraine-fires","category":"Fire classified as war-related (model estimate)","side":"Not attributed","color":"#FF8C00","radius":3,"orbat":[],"description":"Satellite heat detection at 10:21 UTC, in an area days after abnormal fire activity. Urban area."}},{"type":"Feature","geometry":{"type":"Point","coordinates":[37.34172,48.22456]},"properties":{"source":"economist_fires","source_name":"The Economist war-fire model","source_url":"https://github.com/TheEconomist/the-economist-war-fire-model","id":589,"date":"2026-09-13","link":"https://www.economist.com/interactive/graphic-detail/ukraine-fires","category":"Fire classified as war-related (model estimate)","side":"Not attributed","color":"#FF8C00","radius":3,"orbat":[],"description":"Satellite heat detection at 10:21 UTC, in an area days after abnormal fire activity. Urban area."}},{"type":"Feature","geometry":{"type":"Point","coordinates":[37.25599,48.25875]},"properties":{"source":"economist_fires","source_name":"The Economist war-fire model","source_url":"https://github.com/TheEconomist/the-economist-war-fire-model","id":590,"date":"2026-09-13","link":"https://www.economist.com/interactive/graphic-detail/ukraine-fires","category":"Fire classified as war-related (model estimate)","side":"Not attributed","color":"#FF8C00","radius":3,"orbat":[],"description":"Satellite heat detection at 10:58 UTC, in an area days after abnormal fire activity. Urban area."}},{"type":"Feature","geometry":{"type":"Point","coordinates":[37.30741,48.64333]},"properties":{"source":"economist_fires","source_name":"The Economist war-fire model","source_url":"https://github.com/TheEconomist/the-economist-war-fire-model","id":591,"date":"2026-09-13","link":"https://www.economist.com/interactive/graphic-detail/ukraine-fires","category":"Fire classified as war-related (model estimate)","side":"Not attributed","color":"#FF8C00","radius":3,"orbat":[],"description":"Satellite heat detection at 10:21 UTC, in an area of abnormal fire activity. Urban area."}},{"type":"Feature","geometry":{"type":"Point","coordinates":[37.31429,48.61578]},"properties":{"source":"economist_fires","source_name":"The Economist war-fire model","source_url":"https://github.com/TheEconomist/the-economist-war-fire-model","id":592,"date":"2026-09-13","link":"https://www.economist.com/interactive/graphic-detail/ukraine-fires","category":"Fire classified as war-related (model estimate)","side":"Not attributed","color":"#FF8C00","radius":3,"orbat":[],"description":"Satellite heat detection at 11:17 UTC, in an area of abnormal fire activity. Urban area."}},{"type":"Feature","geometry":{"type":"Point","coordinates":[37.25465,49.03973]},"properties":{"source":"economist_fires","source_name":"The Economist war-fire model","source_url":"https://github.com/TheEconomist/the-economist-war-fire-model","id":593,"date":"2026-09-13","link":"https://www.economist.com/interactive/graphic-detail/ukraine-fires","category":"Fire classified as war-related (model estimate)","side":"Not attributed","color":"#FF8C00","radius":3,"orbat":[],"description":"Satellite heat detection at 09:39 UTC, in an area of abnormal fire activity. Urban area."}},{"type":"Feature","geometry":{"type":"Point","coordinates":[37.255,49.04007]},"properties":{"source":"economist_fires","source_name":"The Economist war-fire model","source_url":"https://github.com/TheEconomist/the-economist-war-fire-model","id":594,"date":"2026-09-13","link":"https://www.economist.com/interactive/graphic-detail/ukraine-fires","category":"Fire classified as war-related (model estimate)","side":"Not attributed","color":"#FF8C00","radius":3,"orbat":[],"description":"Satellite heat detection at 09:39 UTC, in an area of abnormal fire activity. Urban area."}},{"type":"Feature","geometry":{"type":"Point","coordinates":[37.25203,49.04405]},"properties":{"source":"economist_fires","source_name":"The Economist war-fire model","source_url":"https://github.com/TheEconomist/the-economist-war-fire-model","id":595,"date":"2026-09-13","link":"https://www.economist.com/interactive/graphic-detail/ukraine-fires","category":"Fire classified as war-related (model estimate)","side":"Not attributed","color":"#FF8C00","radius":3,"orbat":[],"description":"Satellite heat detection at 09:39 UTC, in an area of abnormal fire activity. Urban area."}},{"type":"Feature","geometry":{"type":"Point","coordinates":[37.25235,49.04438]},"properties":{"source":"economist_fires","source_name":"The Economist war-fire model","source_url":"https://github.com/TheEconomist/the-economist-war-fire-model","id":596,"date":"2026-09-13","link":"https://www.economist.com/interactive/graphic-detail/ukraine-fires","category":"Fire classified as war-related (model estimate)","side":"Not attributed","color":"#FF8C00","radius":3,"orbat":[],"description":"Satellite heat detection at 09:39 UTC, in an area of abnormal fire activity. Urban area."}},{"type":"Feature","geometry":{"type":"Point","coordinates":[37.25055,49.04112]},"properties":{"source":"economist_fires","source_name":"The Economist war-fire model","source_url":"https://github.com/TheEconomist/the-economist-war-fire-model","id":597,"date":"2026-09-13","link":"https://www.economist.com/interactive/graphic-detail/ukraine-fires","category":"Fire classified as war-related (model estimate)","side":"Not attributed","color":"#FF8C00","radius":3,"orbat":[],"description":"Satellite heat detection at 10:58 UTC, in an area of abnormal fire activity. Urban area."}},{"type":"Feature","geometry":{"type":"Point","coordinates":[37.25244,49.03814]},"properties":{"source":"economist_fires","source_name":"The Economist war-fire model","source_url":"https://github.com/TheEconomist/the-economist-war-fire-model","id":598,"date":"2026-09-13","link":"https://www.economist.com/interactive/graphic-detail/ukraine-fires","category":"Fire classified as war-related (model estimate)","side":"Not attributed","color":"#FF8C00","radius":3,"orbat":[],"description":"Satellite heat detection at 11:17 UTC, in an area of abnormal fire activity. Urban area."}},{"type":"Feature","geometry":{"type":"Point","coordinates":[37.25191,49.04914]},"properties":{"source":"economist_fires","source_name":"The Economist war-fire model","source_url":"https://github.com/TheEconomist/the-economist-war-fire-model","id":599,"date":"2026-09-13","link":"https://www.economist.com/interactive/graphic-detail/ukraine-fires","category":"Fire classified as war-related (model estimate)","side":"Not attributed","color":"#FF8C00","radius":3,"orbat":[],"description":"Satellite heat detection at 11:17 UTC, in an area of abnormal fire activity. Urban area."}},{"type":"Feature","geometry":{"type":"Point","coordinates":[37.25725,49.0493]},"properties":{"source":"economist_fires","source_name":"The Economist war-fire model","source_url":"https://github.com/TheEconomist/the-economist-war-fire-model","id":600,"date":"2026-09-13","link":"https://www.economist.com/interactive/graphic-detail/ukraine-fires","category":"Fire classified as war-related (model estimate)","side":"Not attributed","color":"#FF8C00","radius":3,"orbat":[],"description":"Satellite heat detection at 11:17 UTC, in an area of abnormal fire activity. Urban area."}},{"type":"Feature","geometry":{"type":"Point","coordinates":[37.44572,47.55373]},"properties":{"source":"economist_fires","source_name":"The Economist war-fire model","source_url":"https://github.com/TheEconomist/the-economist-war-fire-model","id":601,"date":"2026-09-13","link":"https://www.economist.com/interactive/graphic-detail/ukraine-fires","category":"Fire classified as war-related (model estimate)","side":"Not attributed","color":"#FF8C00","radius":3,"orbat":[],"description":"Satellite heat detection at 07:14 UTC, in an area of abnormal fire activity. Urban area."}},{"type":"Feature","geometry":{"type":"Point","coordinates":[37.44217,47.55607]},"properties":{"source":"economist_fires","source_name":"The Economist war-fire model","source_url":"https://github.com/TheEconomist/the-economist-war-fire-model","id":602,"date":"2026-09-13","link":"https://www.economist.com/interactive/graphic-detail/ukraine-fires","category":"Fire classified as war-related (model estimate)","side":"Not attributed","color":"#FF8C00","radius":3,"orbat":[],"description":"Satellite heat detection at 09:17 UTC, in an area of abnormal fire activity. Urban area."}},{"type":"Feature","geometry":{"type":"Point","coordinates":[37.44487,47.55298]},"properties":{"source":"economist_fires","source_name":"The Economist war-fire model","source_url":"https://github.com/TheEconomist/the-economist-war-fire-model","id":603,"date":"2026-09-13","link":"https://www.economist.com/interactive/graphic-detail/ukraine-fires","category":"Fire classified as war-related (model estimate)","side":"Not attributed","color":"#FF8C00","radius":3,"orbat":[],"description":"Satellite heat detection at 09:37 UTC, in an area of abnormal fire activity. Urban area."}},{"type":"Feature","geometry":{"type":"Point","coordinates":[37.44218,47.55744]},"properties":{"source":"economist_fires","source_name":"The Economist war-fire model","source_url":"https://github.com/TheEconomist/the-economist-war-fire-model","id":604,"date":"2026-09-13","link":"https://www.economist.com/interactive/graphic-detail/ukraine-fires","category":"Fire classified as war-related (model estimate)","side":"Not attributed","color":"#FF8C00","radius":3,"orbat":[],"description":"Satellite heat detection at 09:37 UTC, in an area of abnormal fire activity. Urban area."}},{"type":"Feature","geometry":{"type":"Point","coordinates":[37.4459,47.5525]},"properties":{"source":"economist_fires","source_name":"The Economist war-fire model","source_url":"https://github.com/TheEconomist/the-economist-war-fire-model","id":605,"date":"2026-09-13","link":"https://www.economist.com/interactive/graphic-detail/ukraine-fires","category":"Fire classified as war-related (model estimate)","side":"Not attributed","color":"#FF8C00","radius":3,"orbat":[],"description":"Satellite heat detection at 10:21 UTC, in an area of abnormal fire activity. Urban area."}},{"type":"Feature","geometry":{"type":"Point","coordinates":[37.43978,47.55504]},"properties":{"source":"economist_fires","source_name":"The Economist war-fire model","source_url":"https://github.com/TheEconomist/the-economist-war-fire-model","id":606,"date":"2026-09-13","link":"https://www.economist.com/interactive/graphic-detail/ukraine-fires","category":"Fire classified as war-related (model estimate)","side":"Not attributed","color":"#FF8C00","radius":3,"orbat":[],"description":"Satellite heat detection at 10:21 UTC, in an area of abnormal fire activity. Urban area."}},{"type":"Feature","geometry":{"type":"Point","coordinates":[37.44487,47.55577]},"properties":{"source":"economist_fires","source_name":"The Economist war-fire model","source_url":"https://github.com/TheEconomist/the-economist-war-fire-model","id":607,"date":"2026-09-13","link":"https://www.economist.com/interactive/graphic-detail/ukraine-fires","category":"Fire classified as war-related (model estimate)","side":"Not attributed","color":"#FF8C00","radius":3,"orbat":[],"description":"Satellite heat detection at 10:21 UTC, in an area of abnormal fire activity. Urban area."}},{"type":"Feature","geometry":{"type":"Point","coordinates":[37.4204,47.56594]},"properties":{"source":"economist_fires","source_name":"The Economist war-fire model","source_url":"https://github.com/TheEconomist/the-economist-war-fire-model","id":608,"date":"2026-09-13","link":"https://www.economist.com/interactive/graphic-detail/ukraine-fires","category":"Fire classified as war-related (model estimate)","side":"Not attributed","color":"#FF8C00","radius":3,"orbat":[],"description":"Satellite heat detection at 10:21 UTC, in an area of abnormal fire activity. Urban area."}},{"type":"Feature","geometry":{"type":"Point","coordinates":[37.42549,47.56668]},"properties":{"source":"economist_fires","source_name":"The Economist war-fire model","source_url":"https://github.com/TheEconomist/the-economist-war-fire-model","id":609,"date":"2026-09-13","link":"https://www.economist.com/interactive/graphic-detail/ukraine-fires","category":"Fire classified as war-related (model estimate)","side":"Not attributed","color":"#FF8C00","radius":3,"orbat":[],"description":"Satellite heat detection at 10:21 UTC, in an area of abnormal fire activity. Urban area."}},{"type":"Feature","geometry":{"type":"Point","coordinates":[37.43057,47.56741]},"properties":{"source":"economist_fires","source_name":"The Economist war-fire model","source_url":"https://github.com/TheEconomist/the-economist-war-fire-model","id":610,"date":"2026-09-13","link":"https://www.economist.com/interactive/graphic-detail/ukraine-fires","category":"Fire classified as war-related (model estimate)","side":"Not attributed","color":"#FF8C00","radius":3,"orbat":[],"description":"Satellite heat detection at 10:21 UTC, in an area of abnormal fire activity. Urban area."}},{"type":"Feature","geometry":{"type":"Point","coordinates":[37.42953,47.57069]},"properties":{"source":"economist_fires","source_name":"The Economist war-fire model","source_url":"https://github.com/TheEconomist/the-economist-war-fire-model","id":611,"date":"2026-09-13","link":"https://www.economist.com/interactive/graphic-detail/ukraine-fires","category":"Fire classified as war-related (model estimate)","side":"Not attributed","color":"#FF8C00","radius":3,"orbat":[],"description":"Satellite heat detection at 10:21 UTC, in an area of abnormal fire activity. Urban area."}},{"type":"Feature","geometry":{"type":"Point","coordinates":[37.44915,47.55134]},"properties":{"source":"economist_fires","source_name":"The Economist war-fire model","source_url":"https://github.com/TheEconomist/the-economist-war-fire-model","id":612,"date":"2026-09-13","link":"https://www.economist.com/interactive/graphic-detail/ukraine-fires","category":"Fire classified as war-related (model estimate)","side":"Not attributed","color":"#FF8C00","radius":3,"orbat":[],"description":"Satellite heat detection at 10:58 UTC, in an area of abnormal fire activity. Urban area."}},{"type":"Feature","geometry":{"type":"Point","coordinates":[37.43796,47.55444]},"properties":{"source":"economist_fires","source_name":"The Economist war-fire model","source_url":"https://github.com/TheEconomist/the-economist-war-fire-model","id":613,"date":"2026-09-13","link":"https://www.economist.com/interactive/graphic-detail/ukraine-fires","category":"Fire classified as war-related (model estimate)","side":"Not attributed","color":"#FF8C00","radius":3,"orbat":[],"description":"Satellite heat detection at 10:58 UTC, in an area of abnormal fire activity. Urban area."}},{"type":"Feature","geometry":{"type":"Point","coordinates":[37.44318,47.55491]},"properties":{"source":"economist_fires","source_name":"The Economist war-fire model","source_url":"https://github.com/TheEconomist/the-economist-war-fire-model","id":614,"date":"2026-09-13","link":"https://www.economist.com/interactive/graphic-detail/ukraine-fires","category":"Fire classified as war-related (model estimate)","side":"Not attributed","color":"#FF8C00","radius":3,"orbat":[],"description":"Satellite heat detection at 10:58 UTC, in an area of abnormal fire activity. Urban area."}},{"type":"Feature","geometry":{"type":"Point","coordinates":[37.42537,47.56563]},"properties":{"source":"economist_fires","source_name":"The Economist war-fire model","source_url":"https://github.com/TheEconomist/the-economist-war-fire-model","id":615,"date":"2026-09-13","link":"https://www.economist.com/interactive/graphic-detail/ukraine-fires","category":"Fire classified as war-related (model estimate)","side":"Not attributed","color":"#FF8C00","radius":3,"orbat":[],"description":"Satellite heat detection at 10:58 UTC, in an area of abnormal fire activity. Urban area."}},{"type":"Feature","geometry":{"type":"Point","coordinates":[37.42457,47.56966]},"properties":{"source":"economist_fires","source_name":"The Economist war-fire model","source_url":"https://github.com/TheEconomist/the-economist-war-fire-model","id":616,"date":"2026-09-13","link":"https://www.economist.com/interactive/graphic-detail/ukraine-fires","category":"Fire classified as war-related (model estimate)","side":"Not attributed","color":"#FF8C00","radius":3,"orbat":[],"description":"Satellite heat detection at 10:58 UTC, in an area of abnormal fire activity. Urban area."}},{"type":"Feature","geometry":{"type":"Point","coordinates":[37.42376,47.57369]},"properties":{"source":"economist_fires","source_name":"The Economist war-fire model","source_url":"https://github.com/TheEconomist/the-economist-war-fire-model","id":617,"date":"2026-09-13","link":"https://www.economist.com/interactive/graphic-detail/ukraine-fires","category":"Fire classified as war-related (model estimate)","side":"Not attributed","color":"#FF8C00","radius":3,"orbat":[],"description":"Satellite heat detection at 10:58 UTC, in an area of abnormal fire activity. Urban area."}},{"type":"Feature","geometry":{"type":"Point","coordinates":[37.43077,47.56684]},"properties":{"source":"economist_fires","source_name":"The Economist war-fire model","source_url":"https://github.com/TheEconomist/the-economist-war-fire-model","id":618,"date":"2026-09-13","link":"https://www.economist.com/interactive/graphic-detail/ukraine-fires","category":"Fire classified as war-related (model estimate)","side":"Not attributed","color":"#FF8C00","radius":3,"orbat":[],"description":"Satellite heat detection at 12:49 UTC, in an area of abnormal fire activity. Urban area."}},{"type":"Feature","geometry":{"type":"Point","coordinates":[37.43542,47.57369]},"properties":{"source":"economist_fires","source_name":"The Economist war-fire model","source_url":"https://github.com/TheEconomist/the-economist-war-fire-model","id":619,"date":"2026-09-13","link":"https://www.economist.com/interactive/graphic-detail/ukraine-fires","category":"Fire classified as war-related (model estimate)","side":"Not attributed","color":"#FF8C00","radius":3,"orbat":[],"description":"Satellite heat detection at 22:35 UTC, in an area of abnormal fire activity. Urban area."}},{"type":"Feature","geometry":{"type":"Point","coordinates":[37.4392,47.57623]},"properties":{"source":"economist_fires","source_name":"The Economist war-fire model","source_url":"https://github.com/TheEconomist/the-economist-war-fire-model","id":620,"date":"2026-09-13","link":"https://www.economist.com/interactive/graphic-detail/ukraine-fires","category":"Fire classified as war-related (model estimate)","side":"Not attributed","color":"#FF8C00","radius":3,"orbat":[],"description":"Satellite heat detection at 23:12 UTC, in an area of abnormal fire activity. Urban area."}},{"type":"Feature","geometry":{"type":"Point","coordinates":[37.36904,48.04732]},"properties":{"source":"economist_fires","source_name":"The Economist war-fire model","source_url":"https://github.com/TheEconomist/the-economist-war-fire-model","id":621,"date":"2026-09-13","link":"https://www.economist.com/interactive/graphic-detail/ukraine-fires","category":"Fire classified as war-related (model estimate)","side":"Not attributed","color":"#FF8C00","radius":3,"orbat":[],"description":"Satellite heat detection at 22:35 UTC, in an area days after abnormal fire activity. Urban area."}},{"type":"Feature","geometry":{"type":"Point","coordinates":[37.36644,48.57949]},"properties":{"source":"economist_fires","source_name":"The Economist war-fire model","source_url":"https://github.com/TheEconomist/the-economist-war-fire-model","id":622,"date":"2026-09-13","link":"https://www.economist.com/interactive/graphic-detail/ukraine-fires","category":"Fire classified as war-related (model estimate)","side":"Not attributed","color":"#FF8C00","radius":3,"orbat":[],"description":"Satellite heat detection at 10:21 UTC, in an area of abnormal fire activity. Urban area."}},{"type":"Feature","geometry":{"type":"Point","coordinates":[37.36647,48.57342]},"properties":{"source":"economist_fires","source_name":"The Economist war-fire model","source_url":"https://github.com/TheEconomist/the-economist-war-fire-model","id":623,"date":"2026-09-13","link":"https://www.economist.com/interactive/graphic-detail/ukraine-fires","category":"Fire classified as war-related (model estimate)","side":"Not attributed","color":"#FF8C00","radius":3,"orbat":[],"description":"Satellite heat detection at 11:17 UTC, in an area of abnormal fire activity. Urban area."}},{"type":"Feature","geometry":{"type":"Point","coordinates":[37.37035,48.57211]},"properties":{"source":"economist_fires","source_name":"The Economist war-fire model","source_url":"https://github.com/TheEconomist/the-economist-war-fire-model","id":624,"date":"2026-09-13","link":"https://www.economist.com/interactive/graphic-detail/ukraine-fires","category":"Fire classified as war-related (model estimate)","side":"Not attributed","color":"#FF8C00","radius":3,"orbat":[],"description":"Satellite heat detection at 12:49 UTC, in an area of abnormal fire activity. Urban area."}},{"type":"Feature","geometry":{"type":"Point","coordinates":[37.44577,48.71716]},"properties":{"source":"economist_fires","source_name":"The Economist war-fire model","source_url":"https://github.com/TheEconomist/the-economist-war-fire-model","id":625,"date":"2026-09-13","link":"https://www.economist.com/interactive/graphic-detail/ukraine-fires","category":"Fire classified as war-related (model estimate)","side":"Not attributed","color":"#FF8C00","radius":3,"orbat":[],"description":"Satellite heat detection at 10:21 UTC, in an area days after abnormal fire activity. Urban area."}},{"type":"Feature","geometry":{"type":"Point","coordinates":[37.44556,49.15927]},"properties":{"source":"economist_fires","source_name":"The Economist war-fire model","source_url":"https://github.com/TheEconomist/the-economist-war-fire-model","id":626,"date":"2026-09-13","link":"https://www.economist.com/interactive/graphic-detail/ukraine-fires","category":"Fire classified as war-related (model estimate)","side":"Not attributed","color":"#FF8C00","radius":3,"orbat":[],"description":"Satellite heat detection at 09:39 UTC, in an area of abnormal fire activity. Urban area."}},{"type":"Feature","geometry":{"type":"Point","coordinates":[37.39171,49.16019]},"properties":{"source":"economist_fires","source_name":"The Economist war-fire model","source_url":"https://github.com/TheEconomist/the-economist-war-fire-model","id":627,"date":"2026-09-13","link":"https://www.economist.com/interactive/graphic-detail/ukraine-fires","category":"Fire classified as war-related (model estimate)","side":"Not attributed","color":"#FF8C00","radius":3,"orbat":[],"description":"Satellite heat detection at 09:39 UTC, in an area of abnormal fire activity. Urban area."}},{"type":"Feature","geometry":{"type":"Point","coordinates":[37.3983,49.16189]},"properties":{"source":"economist_fires","source_name":"The Economist war-fire model","source_url":"https://github.com/TheEconomist/the-economist-war-fire-model","id":628,"date":"2026-09-13","link":"https://www.economist.com/interactive/graphic-detail/ukraine-fires","category":"Fire classified as war-related (model estimate)","side":"Not attributed","color":"#FF8C00","radius":3,"orbat":[],"description":"Satellite heat detection at 09:39 UTC, in an area of abnormal fire activity. Urban area."}},{"type":"Feature","geometry":{"type":"Point","coordinates":[37.38924,49.1645]},"properties":{"source":"economist_fires","source_name":"The Economist war-fire model","source_url":"https://github.com/TheEconomist/the-economist-war-fire-model","id":629,"date":"2026-09-13","link":"https://www.economist.com/interactive/graphic-detail/ukraine-fires","category":"Fire classified as war-related (model estimate)","side":"Not attributed","color":"#FF8C00","radius":3,"orbat":[],"description":"Satellite heat detection at 09:39 UTC, in an area of abnormal fire activity. Urban area."}},{"type":"Feature","geometry":{"type":"Point","coordinates":[37.39588,49.16621]},"properties":{"source":"economist_fires","source_name":"The Economist war-fire model","source_url":"https://github.com/TheEconomist/the-economist-war-fire-model","id":630,"date":"2026-09-13","link":"https://www.economist.com/interactive/graphic-detail/ukraine-fires","category":"Fire classified as war-related (model estimate)","side":"Not attributed","color":"#FF8C00","radius":3,"orbat":[],"description":"Satellite heat detection at 09:39 UTC, in an area of abnormal fire activity. Urban area."}},{"type":"Feature","geometry":{"type":"Point","coordinates":[37.38005,49.16708]},"properties":{"source":"economist_fires","source_name":"The Economist war-fire model","source_url":"https://github.com/TheEconomist/the-economist-war-fire-model","id":631,"date":"2026-09-13","link":"https://www.economist.com/interactive/graphic-detail/ukraine-fires","category":"Fire classified as war-related (model estimate)","side":"Not attributed","color":"#FF8C00","radius":3,"orbat":[],"description":"Satellite heat detection at 09:39 UTC, in an area of abnormal fire activity. Urban area."}},{"type":"Feature","geometry":{"type":"Point","coordinates":[37.38675,49.16881]},"properties":{"source":"economist_fires","source_name":"The Economist war-fire model","source_url":"https://github.com/TheEconomist/the-economist-war-fire-model","id":632,"date":"2026-09-13","link":"https://www.economist.com/interactive/graphic-detail/ukraine-fires","category":"Fire classified as war-related (model estimate)","side":"Not attributed","color":"#FF8C00","radius":3,"orbat":[],"description":"Satellite heat detection at 09:39 UTC, in an area of abnormal fire activity. Urban area."}},{"type":"Feature","geometry":{"type":"Point","coordinates":[37.38836,49.15991]},"properties":{"source":"economist_fires","source_name":"The Economist war-fire model","source_url":"https://github.com/TheEconomist/the-economist-war-fire-model","id":633,"date":"2026-09-13","link":"https://www.economist.com/interactive/graphic-detail/ukraine-fires","category":"Fire classified as war-related (model estimate)","side":"Not attributed","color":"#FF8C00","radius":3,"orbat":[],"description":"Satellite heat detection at 10:21 UTC, in an area of abnormal fire activity. Urban area."}},{"type":"Feature","geometry":{"type":"Point","coordinates":[37.3937,49.16065]},"properties":{"source":"economist_fires","source_name":"The Economist war-fire model","source_url":"https://github.com/TheEconomist/the-economist-war-fire-model","id":634,"date":"2026-09-13","link":"https://www.economist.com/interactive/graphic-detail/ukraine-fires","category":"Fire classified as war-related (model estimate)","side":"Not attributed","color":"#FF8C00","radius":3,"orbat":[],"description":"Satellite heat detection at 10:21 UTC, in an area of abnormal fire activity. Urban area."}},{"type":"Feature","geometry":{"type":"Point","coordinates":[37.44394,49.1607]},"properties":{"source":"economist_fires","source_name":"The Economist war-fire model","source_url":"https://github.com/TheEconomist/the-economist-war-fire-model","id":635,"date":"2026-09-13","link":"https://www.economist.com/interactive/graphic-detail/ukraine-fires","category":"Fire classified as war-related (model estimate)","side":"Not attributed","color":"#FF8C00","radius":3,"orbat":[],"description":"Satellite heat detection at 10:21 UTC, in an area of abnormal fire activity. Urban area."}},{"type":"Feature","geometry":{"type":"Point","coordinates":[37.42154,49.16106]},"properties":{"source":"economist_fires","source_name":"The Economist war-fire model","source_url":"https://github.com/TheEconomist/the-economist-war-fire-model","id":636,"date":"2026-09-13","link":"https://www.economist.com/interactive/graphic-detail/ukraine-fires","category":"Fire classified as war-related (model estimate)","side":"Not attributed","color":"#FF8C00","radius":3,"orbat":[],"description":"Satellite heat detection at 10:21 UTC, in an area of abnormal fire activity. Urban area."}},{"type":"Feature","geometry":{"type":"Point","coordinates":[37.38728,49.16321]},"properties":{"source":"economist_fires","source_name":"The Economist war-fire model","source_url":"https://github.com/TheEconomist/the-economist-war-fire-model","id":637,"date":"2026-09-13","link":"https://www.economist.com/interactive/graphic-detail/ukraine-fires","category":"Fire classified as war-related (model estimate)","side":"Not attributed","color":"#FF8C00","radius":3,"orbat":[],"description":"Satellite heat detection at 10:21 UTC, in an area of abnormal fire activity. Urban area."}},{"type":"Feature","geometry":{"type":"Point","coordinates":[37.39261,49.16394]},"properties":{"source":"economist_fires","source_name":"The Economist war-fire model","source_url":"https://github.com/TheEconomist/the-economist-war-fire-model","id":638,"date":"2026-09-13","link":"https://www.economist.com/interactive/graphic-detail/ukraine-fires","category":"Fire classified as war-related (model estimate)","side":"Not attributed","color":"#FF8C00","radius":3,"orbat":[],"description":"Satellite heat detection at 10:21 UTC, in an area of abnormal fire activity. Urban area."}},{"type":"Feature","geometry":{"type":"Point","coordinates":[37.38086,49.16576]},"properties":{"source":"economist_fires","source_name":"The Economist war-fire model","source_url":"https://github.com/TheEconomist/the-economist-war-fire-model","id":639,"date":"2026-09-13","link":"https://www.economist.com/interactive/graphic-detail/ukraine-fires","category":"Fire classified as war-related (model estimate)","side":"Not attributed","color":"#FF8C00","radius":3,"orbat":[],"description":"Satellite heat detection at 10:21 UTC, in an area of abnormal fire activity. Urban area."}},{"type":"Feature","geometry":{"type":"Point","coordinates":[37.3862,49.1665]},"properties":{"source":"economist_fires","source_name":"The Economist war-fire model","source_url":"https://github.com/TheEconomist/the-economist-war-fire-model","id":640,"date":"2026-09-13","link":"https://www.economist.com/interactive/graphic-detail/ukraine-fires","category":"Fire classified as war-related (model estimate)","side":"Not attributed","color":"#FF8C00","radius":3,"orbat":[],"description":"Satellite heat detection at 10:21 UTC, in an area of abnormal fire activity. Urban area."}},{"type":"Feature","geometry":{"type":"Point","coordinates":[37.39153,49.16725]},"properties":{"source":"economist_fires","source_name":"The Economist war-fire model","source_url":"https://github.com/TheEconomist/the-economist-war-fire-model","id":641,"date":"2026-09-13","link":"https://www.economist.com/interactive/graphic-detail/ukraine-fires","category":"Fire classified as war-related (model estimate)","side":"Not attributed","color":"#FF8C00","radius":3,"orbat":[],"description":"Satellite heat detection at 10:21 UTC, in an area of abnormal fire activity. Urban area."}},{"type":"Feature","geometry":{"type":"Point","coordinates":[37.39686,49.16799]},"properties":{"source":"economist_fires","source_name":"The Economist war-fire model","source_url":"https://github.com/TheEconomist/the-economist-war-fire-model","id":642,"date":"2026-09-13","link":"https://www.economist.com/interactive/graphic-detail/ukraine-fires","category":"Fire classified as war-related (model estimate)","side":"Not attributed","color":"#FF8C00","radius":3,"orbat":[],"description":"Satellite heat detection at 10:21 UTC, in an area of abnormal fire activity. Urban area."}},{"type":"Feature","geometry":{"type":"Point","coordinates":[37.37978,49.16906]},"properties":{"source":"economist_fires","source_name":"The Economist war-fire model","source_url":"https://github.com/TheEconomist/the-economist-war-fire-model","id":643,"date":"2026-09-13","link":"https://www.economist.com/interactive/graphic-detail/ukraine-fires","category":"Fire classified as war-related (model estimate)","side":"Not attributed","color":"#FF8C00","radius":3,"orbat":[],"description":"Satellite heat detection at 10:21 UTC, in an area of abnormal fire activity. Urban area."}},{"type":"Feature","geometry":{"type":"Point","coordinates":[37.39044,49.17054]},"properties":{"source":"economist_fires","source_name":"The Economist war-fire model","source_url":"https://github.com/TheEconomist/the-economist-war-fire-model","id":644,"date":"2026-09-13","link":"https://www.economist.com/interactive/graphic-detail/ukraine-fires","category":"Fire classified as war-related (model estimate)","side":"Not attributed","color":"#FF8C00","radius":3,"orbat":[],"description":"Satellite heat detection at 10:21 UTC, in an area of abnormal fire activity. Urban area."}},{"type":"Feature","geometry":{"type":"Point","coordinates":[37.38699,49.16337]},"properties":{"source":"economist_fires","source_name":"The Economist war-fire model","source_url":"https://github.com/TheEconomist/the-economist-war-fire-model","id":645,"date":"2026-09-13","link":"https://www.economist.com/interactive/graphic-detail/ukraine-fires","category":"Fire classified as war-related (model estimate)","side":"Not attributed","color":"#FF8C00","radius":3,"orbat":[],"description":"Satellite heat detection at 10:58 UTC, in an area of abnormal fire activity. Urban area."}},{"type":"Feature","geometry":{"type":"Point","coordinates":[37.39261,49.16385]},"properties":{"source":"economist_fires","source_name":"The Economist war-fire model","source_url":"https://github.com/TheEconomist/the-economist-war-fire-model","id":646,"date":"2026-09-13","link":"https://www.economist.com/interactive/graphic-detail/ukraine-fires","category":"Fire classified as war-related (model estimate)","side":"Not attributed","color":"#FF8C00","radius":3,"orbat":[],"description":"Satellite heat detection at 10:58 UTC, in an area of abnormal fire activity. Urban area."}},{"type":"Feature","geometry":{"type":"Point","coordinates":[37.38055,49.16699]},"properties":{"source":"economist_fires","source_name":"The Economist war-fire model","source_url":"https://github.com/TheEconomist/the-economist-war-fire-model","id":647,"date":"2026-09-13","link":"https://www.economist.com/interactive/graphic-detail/ukraine-fires","category":"Fire classified as war-related (model estimate)","side":"Not attributed","color":"#FF8C00","radius":3,"orbat":[],"description":"Satellite heat detection at 10:58 UTC, in an area of abnormal fire activity. Urban area."}},{"type":"Feature","geometry":{"type":"Point","coordinates":[37.39173,49.16795]},"properties":{"source":"economist_fires","source_name":"The Economist war-fire model","source_url":"https://github.com/TheEconomist/the-economist-war-fire-model","id":648,"date":"2026-09-13","link":"https://www.economist.com/interactive/graphic-detail/ukraine-fires","category":"Fire classified as war-related (model estimate)","side":"Not attributed","color":"#FF8C00","radius":3,"orbat":[],"description":"Satellite heat detection at 10:58 UTC, in an area of abnormal fire activity. Urban area."}},{"type":"Feature","geometry":{"type":"Point","coordinates":[37.37971,49.17109]},"properties":{"source":"economist_fires","source_name":"The Economist war-fire model","source_url":"https://github.com/TheEconomist/the-economist-war-fire-model","id":649,"date":"2026-09-13","link":"https://www.economist.com/interactive/graphic-detail/ukraine-fires","category":"Fire classified as war-related (model estimate)","side":"Not attributed","color":"#FF8C00","radius":3,"orbat":[],"description":"Satellite heat detection at 10:58 UTC, in an area of abnormal fire activity. Urban area."}},{"type":"Feature","geometry":{"type":"Point","coordinates":[37.38528,49.17157]},"properties":{"source":"economist_fires","source_name":"The Economist war-fire model","source_url":"https://github.com/TheEconomist/the-economist-war-fire-model","id":650,"date":"2026-09-13","link":"https://www.economist.com/interactive/graphic-detail/ukraine-fires","category":"Fire classified as war-related (model estimate)","side":"Not attributed","color":"#FF8C00","radius":3,"orbat":[],"description":"Satellite heat detection at 10:58 UTC, in an area of abnormal fire activity. Urban area."}},{"type":"Feature","geometry":{"type":"Point","coordinates":[37.38861,49.16334]},"properties":{"source":"economist_fires","source_name":"The Economist war-fire model","source_url":"https://github.com/TheEconomist/the-economist-war-fire-model","id":651,"date":"2026-09-13","link":"https://www.economist.com/interactive/graphic-detail/ukraine-fires","category":"Fire classified as war-related (model estimate)","side":"Not attributed","color":"#FF8C00","radius":3,"orbat":[],"description":"Satellite heat detection at 11:17 UTC, in an area of abnormal fire activity. Urban area."}},{"type":"Feature","geometry":{"type":"Point","coordinates":[37.39422,49.16349]},"properties":{"source":"economist_fires","source_name":"The Economist war-fire model","source_url":"https://github.com/TheEconomist/the-economist-war-fire-model","id":652,"date":"2026-09-13","link":"https://www.economist.com/interactive/graphic-detail/ukraine-fires","category":"Fire classified as war-related (model estimate)","side":"Not attributed","color":"#FF8C00","radius":3,"orbat":[],"description":"Satellite heat detection at 11:17 UTC, in an area of abnormal fire activity. Urban area."}},{"type":"Feature","geometry":{"type":"Point","coordinates":[37.37711,49.16856]},"properties":{"source":"economist_fires","source_name":"The Economist war-fire model","source_url":"https://github.com/TheEconomist/the-economist-war-fire-model","id":653,"date":"2026-09-13","link":"https://www.economist.com/interactive/graphic-detail/ukraine-fires","category":"Fire classified as war-related (model estimate)","side":"Not attributed","color":"#FF8C00","radius":3,"orbat":[],"description":"Satellite heat detection at 11:17 UTC, in an area of abnormal fire activity. Urban area."}},{"type":"Feature","geometry":{"type":"Point","coordinates":[37.3826,49.16871]},"properties":{"source":"economist_fires","source_name":"The Economist war-fire model","source_url":"https://github.com/TheEconomist/the-economist-war-fire-model","id":654,"date":"2026-09-13","link":"https://www.economist.com/interactive/graphic-detail/ukraine-fires","category":"Fire classified as war-related (model estimate)","side":"Not attributed","color":"#FF8C00","radius":3,"orbat":[],"description":"Satellite heat detection at 11:17 UTC, in an area of abnormal fire activity. Urban area."}},{"type":"Feature","geometry":{"type":"Point","coordinates":[37.3881,49.16887]},"properties":{"source":"economist_fires","source_name":"The Economist war-fire model","source_url":"https://github.com/TheEconomist/the-economist-war-fire-model","id":655,"date":"2026-09-13","link":"https://www.economist.com/interactive/graphic-detail/ukraine-fires","category":"Fire classified as war-related (model estimate)","side":"Not attributed","color":"#FF8C00","radius":3,"orbat":[],"description":"Satellite heat detection at 11:17 UTC, in an area of abnormal fire activity. Urban area."}},{"type":"Feature","geometry":{"type":"Point","coordinates":[37.39366,49.16902]},"properties":{"source":"economist_fires","source_name":"The Economist war-fire model","source_url":"https://github.com/TheEconomist/the-economist-war-fire-model","id":656,"date":"2026-09-13","link":"https://www.economist.com/interactive/graphic-detail/ukraine-fires","category":"Fire classified as war-related (model estimate)","side":"Not attributed","color":"#FF8C00","radius":3,"orbat":[],"description":"Satellite heat detection at 11:17 UTC, in an area of abnormal fire activity. Urban area."}},{"type":"Feature","geometry":{"type":"Point","coordinates":[37.38012,49.16571]},"properties":{"source":"economist_fires","source_name":"The Economist war-fire model","source_url":"https://github.com/TheEconomist/the-economist-war-fire-model","id":657,"date":"2026-09-13","link":"https://www.economist.com/interactive/graphic-detail/ukraine-fires","category":"Fire classified as war-related (model estimate)","side":"Not attributed","color":"#FF8C00","radius":3,"orbat":[],"description":"Satellite heat detection at 12:49 UTC, in an area of abnormal fire activity. Urban area."}},{"type":"Feature","geometry":{"type":"Point","coordinates":[37.39686,49.16753]},"properties":{"source":"economist_fires","source_name":"The Economist war-fire model","source_url":"https://github.com/TheEconomist/the-economist-war-fire-model","id":658,"date":"2026-09-13","link":"https://www.economist.com/interactive/graphic-detail/ukraine-fires","category":"Fire classified as war-related (model estimate)","side":"Not attributed","color":"#FF8C00","radius":3,"orbat":[],"description":"Satellite heat detection at 12:49 UTC, in an area of abnormal fire activity. Urban area."}},{"type":"Feature","geometry":{"type":"Point","coordinates":[37.38746,49.15547]},"properties":{"source":"economist_fires","source_name":"The Economist war-fire model","source_url":"https://github.com/TheEconomist/the-economist-war-fire-model","id":659,"date":"2026-09-13","link":"https://www.economist.com/interactive/graphic-detail/ukraine-fires","category":"Fire classified as war-related (model estimate)","side":"Not attributed","color":"#FF8C00","radius":3,"orbat":[],"description":"Satellite heat detection at 22:35 UTC, in an area of abnormal fire activity. Urban area."}},{"type":"Feature","geometry":{"type":"Point","coordinates":[37.44497,49.15431]},"properties":{"source":"economist_fires","source_name":"The Economist war-fire model","source_url":"https://github.com/TheEconomist/the-economist-war-fire-model","id":660,"date":"2026-09-13","link":"https://www.economist.com/interactive/graphic-detail/ukraine-fires","category":"Fire classified as war-related (model estimate)","side":"Not attributed","color":"#FF8C00","radius":3,"orbat":[],"description":"Satellite heat detection at 23:12 UTC, in an area of abnormal fire activity. Urban area."}},{"type":"Feature","geometry":{"type":"Point","coordinates":[37.38875,49.15864]},"properties":{"source":"economist_fires","source_name":"The Economist war-fire model","source_url":"https://github.com/TheEconomist/the-economist-war-fire-model","id":661,"date":"2026-09-13","link":"https://www.economist.com/interactive/graphic-detail/ukraine-fires","category":"Fire classified as war-related (model estimate)","side":"Not attributed","color":"#FF8C00","radius":3,"orbat":[],"description":"Satellite heat detection at 23:12 UTC, in an area of abnormal fire activity. Urban area."}},{"type":"Feature","geometry":{"type":"Point","coordinates":[37.38249,49.15912]},"properties":{"source":"economist_fires","source_name":"The Economist war-fire model","source_url":"https://github.com/TheEconomist/the-economist-war-fire-model","id":662,"date":"2026-09-13","link":"https://www.economist.com/interactive/graphic-detail/ukraine-fires","category":"Fire classified as war-related (model estimate)","side":"Not attributed","color":"#FF8C00","radius":3,"orbat":[],"description":"Satellite heat detection at 23:12 UTC, in an area of abnormal fire activity. Urban area."}},{"type":"Feature","geometry":{"type":"Point","coordinates":[37.44583,49.15703]},"properties":{"source":"economist_fires","source_name":"The Economist war-fire model","source_url":"https://github.com/TheEconomist/the-economist-war-fire-model","id":663,"date":"2026-09-13","link":"https://www.economist.com/interactive/graphic-detail/ukraine-fires","category":"Fire classified as war-related (model estimate)","side":"Not attributed","color":"#FF8C00","radius":3,"orbat":[],"description":"Satellite heat detection at 23:31 UTC, in an area of abnormal fire activity. Urban area."}},{"type":"Feature","geometry":{"type":"Point","coordinates":[37.38847,49.15779]},"properties":{"source":"economist_fires","source_name":"The Economist war-fire model","source_url":"https://github.com/TheEconomist/the-economist-war-fire-model","id":664,"date":"2026-09-13","link":"https://www.economist.com/interactive/graphic-detail/ukraine-fires","category":"Fire classified as war-related (model estimate)","side":"Not attributed","color":"#FF8C00","radius":3,"orbat":[],"description":"Satellite heat detection at 23:31 UTC, in an area of abnormal fire activity. Urban area."}},{"type":"Feature","geometry":{"type":"Point","coordinates":[37.38294,49.15853]},"properties":{"source":"economist_fires","source_name":"The Economist war-fire model","source_url":"https://github.com/TheEconomist/the-economist-war-fire-model","id":665,"date":"2026-09-13","link":"https://www.economist.com/interactive/graphic-detail/ukraine-fires","category":"Fire classified as war-related (model estimate)","side":"Not attributed","color":"#FF8C00","radius":3,"orbat":[],"description":"Satellite heat detection at 23:31 UTC, in an area of abnormal fire activity. Urban area."}},{"type":"Feature","geometry":{"type":"Point","coordinates":[37.3774,49.15928]},"properties":{"source":"economist_fires","source_name":"The Economist war-fire model","source_url":"https://github.com/TheEconomist/the-economist-war-fire-model","id":666,"date":"2026-09-13","link":"https://www.economist.com/interactive/graphic-detail/ukraine-fires","category":"Fire classified as war-related (model estimate)","side":"Not attributed","color":"#FF8C00","radius":3,"orbat":[],"description":"Satellite heat detection at 23:31 UTC, in an area of abnormal fire activity. Urban area."}},{"type":"Feature","geometry":{"type":"Point","coordinates":[37.38401,49.1619]},"properties":{"source":"economist_fires","source_name":"The Economist war-fire model","source_url":"https://github.com/TheEconomist/the-economist-war-fire-model","id":667,"date":"2026-09-13","link":"https://www.economist.com/interactive/graphic-detail/ukraine-fires","category":"Fire classified as war-related (model estimate)","side":"Not attributed","color":"#FF8C00","radius":3,"orbat":[],"description":"Satellite heat detection at 23:31 UTC, in an area of abnormal fire activity. Urban area."}},{"type":"Feature","geometry":{"type":"Point","coordinates":[37.4025,49.33316]},"properties":{"source":"economist_fires","source_name":"The Economist war-fire model","source_url":"https://github.com/TheEconomist/the-economist-war-fire-model","id":668,"date":"2026-09-13","link":"https://www.economist.com/interactive/graphic-detail/ukraine-fires","category":"Fire classified as war-related (model estimate)","side":"Not attributed","color":"#FF8C00","radius":3,"orbat":[],"description":"Satellite heat detection at 10:21 UTC, in an area of abnormal fire activity. Urban area."}},{"type":"Feature","geometry":{"type":"Point","coordinates":[37.40787,49.33391]},"properties":{"source":"economist_fires","source_name":"The Economist war-fire model","source_url":"https://github.com/TheEconomist/the-economist-war-fire-model","id":669,"date":"2026-09-13","link":"https://www.economist.com/interactive/graphic-detail/ukraine-fires","category":"Fire classified as war-related (model estimate)","side":"Not attributed","color":"#FF8C00","radius":3,"orbat":[],"description":"Satellite heat detection at 10:21 UTC, in an area of abnormal fire activity. Urban area."}},{"type":"Feature","geometry":{"type":"Point","coordinates":[37.41215,49.33796]},"properties":{"source":"economist_fires","source_name":"The Economist war-fire model","source_url":"https://github.com/TheEconomist/the-economist-war-fire-model","id":670,"date":"2026-09-13","link":"https://www.economist.com/interactive/graphic-detail/ukraine-fires","category":"Fire classified as war-related (model estimate)","side":"Not attributed","color":"#FF8C00","radius":3,"orbat":[],"description":"Satellite heat detection at 10:21 UTC, in an area of abnormal fire activity. Urban area."}},{"type":"Feature","geometry":{"type":"Point","coordinates":[37.40207,49.33134]},"properties":{"source":"economist_fires","source_name":"The Economist war-fire model","source_url":"https://github.com/TheEconomist/the-economist-war-fire-model","id":671,"date":"2026-09-13","link":"https://www.economist.com/interactive/graphic-detail/ukraine-fires","category":"Fire classified as war-related (model estimate)","side":"Not attributed","color":"#FF8C00","radius":3,"orbat":[],"description":"Satellite heat detection at 10:58 UTC, in an area of abnormal fire activity. Urban area."}},{"type":"Feature","geometry":{"type":"Point","coordinates":[37.40777,49.33182]},"properties":{"source":"economist_fires","source_name":"The Economist war-fire model","source_url":"https://github.com/TheEconomist/the-economist-war-fire-model","id":672,"date":"2026-09-13","link":"https://www.economist.com/interactive/graphic-detail/ukraine-fires","category":"Fire classified as war-related (model estimate)","side":"Not attributed","color":"#FF8C00","radius":3,"orbat":[],"description":"Satellite heat detection at 10:58 UTC, in an area of abnormal fire activity. Urban area."}},{"type":"Feature","geometry":{"type":"Point","coordinates":[37.44833,49.56144]},"properties":{"source":"economist_fires","source_name":"The Economist war-fire model","source_url":"https://github.com/TheEconomist/the-economist-war-fire-model","id":673,"date":"2026-09-13","link":"https://www.economist.com/interactive/graphic-detail/ukraine-fires","category":"Fire classified as war-related (model estimate)","side":"Not attributed","color":"#FF8C00","radius":3,"orbat":[],"description":"Satellite heat detection at 10:21 UTC, in an area days after abnormal fire activity. Urban area."}},{"type":"Feature","geometry":{"type":"Point","coordinates":[37.44549,49.56311]},"properties":{"source":"economist_fires","source_name":"The Economist war-fire model","source_url":"https://github.com/TheEconomist/the-economist-war-fire-model","id":674,"date":"2026-09-13","link":"https://www.economist.com/interactive/graphic-detail/ukraine-fires","category":"Fire classified as war-related (model estimate)","side":"Not attributed","color":"#FF8C00","radius":3,"orbat":[],"description":"Satellite heat detection at 10:21 UTC, in an area days after abnormal fire activity. Urban area."}},{"type":"Feature","geometry":{"type":"Point","coordinates":[37.44441,49.56642]},"properties":{"source":"economist_fires","source_name":"The Economist war-fire model","source_url":"https://github.com/TheEconomist/the-economist-war-fire-model","id":675,"date":"2026-09-13","link":"https://www.economist.com/interactive/graphic-detail/ukraine-fires","category":"Fire classified as war-related (model estimate)","side":"Not attributed","color":"#FF8C00","radius":3,"orbat":[],"description":"Satellite heat detection at 10:21 UTC, in an area days after abnormal fire activity. Urban area."}},{"type":"Feature","geometry":{"type":"Point","coordinates":[37.4437,49.56842]},"properties":{"source":"economist_fires","source_name":"The Economist war-fire model","source_url":"https://github.com/TheEconomist/the-economist-war-fire-model","id":676,"date":"2026-09-13","link":"https://www.economist.com/interactive/graphic-detail/ukraine-fires","category":"Fire classified as war-related (model estimate)","side":"Not attributed","color":"#FF8C00","radius":3,"orbat":[],"description":"Satellite heat detection at 10:58 UTC, in an area days after abnormal fire activity. Urban area."}},{"type":"Feature","geometry":{"type":"Point","coordinates":[37.44223,49.562]},"properties":{"source":"economist_fires","source_name":"The Economist war-fire model","source_url":"https://github.com/TheEconomist/the-economist-war-fire-model","id":677,"date":"2026-09-13","link":"https://www.economist.com/interactive/graphic-detail/ukraine-fires","category":"Fire classified as war-related (model estimate)","side":"Not attributed","color":"#FF8C00","radius":3,"orbat":[],"description":"Satellite heat detection at 11:17 UTC, in an area days after abnormal fire activity. Urban area."}},{"type":"Feature","geometry":{"type":"Point","coordinates":[37.47689,47.41418]},"properties":{"source":"economist_fires","source_name":"The Economist war-fire model","source_url":"https://github.com/TheEconomist/the-economist-war-fire-model","id":678,"date":"2026-09-13","link":"https://www.economist.com/interactive/graphic-detail/ukraine-fires","category":"Fire classified as war-related (model estimate)","side":"Not attributed","color":"#FF8C00","radius":3,"orbat":[],"description":"Satellite heat detection at 22:35 UTC, in an area days after abnormal fire activity. Urban area."}},{"type":"Feature","geometry":{"type":"Point","coordinates":[37.48028,47.4168]},"properties":{"source":"economist_fires","source_name":"The Economist war-fire model","source_url":"https://github.com/TheEconomist/the-economist-war-fire-model","id":679,"date":"2026-09-13","link":"https://www.economist.com/interactive/graphic-detail/ukraine-fires","category":"Fire classified as war-related (model estimate)","side":"Not attributed","color":"#FF8C00","radius":3,"orbat":[],"description":"Satellite heat detection at 22:35 UTC, in an area of abnormal fire activity. Urban area."}},{"type":"Feature","geometry":{"type":"Point","coordinates":[37.47466,47.41695]},"properties":{"source":"economist_fires","source_name":"The Economist war-fire model","source_url":"https://github.com/TheEconomist/the-economist-war-fire-model","id":680,"date":"2026-09-13","link":"https://www.economist.com/interactive/graphic-detail/ukraine-fires","category":"Fire classified as war-related (model estimate)","side":"Not attributed","color":"#FF8C00","radius":3,"orbat":[],"description":"Satellite heat detection at 22:35 UTC, in an area of abnormal fire activity. Urban area."}},{"type":"Feature","geometry":{"type":"Point","coordinates":[37.47739,47.41983]},"properties":{"source":"economist_fires","source_name":"The Economist war-fire model","source_url":"https://github.com/TheEconomist/the-economist-war-fire-model","id":681,"date":"2026-09-13","link":"https://www.economist.com/interactive/graphic-detail/ukraine-fires","category":"Fire classified as war-related (model estimate)","side":"Not attributed","color":"#FF8C00","radius":3,"orbat":[],"description":"Satellite heat detection at 22:35 UTC, in an area of abnormal fire activity. Urban area."}},{"type":"Feature","geometry":{"type":"Point","coordinates":[37.47171,47.42001]},"properties":{"source":"economist_fires","source_name":"The Economist war-fire model","source_url":"https://github.com/TheEconomist/the-economist-war-fire-model","id":682,"date":"2026-09-13","link":"https://www.economist.com/interactive/graphic-detail/ukraine-fires","category":"Fire classified as war-related (model estimate)","side":"Not attributed","color":"#FF8C00","radius":3,"orbat":[],"description":"Satellite heat detection at 22:35 UTC, in an area of abnormal fire activity. Urban area."}},{"type":"Feature","geometry":{"type":"Point","coordinates":[37.47514,47.4226]},"properties":{"source":"economist_fires","source_name":"The Economist war-fire model","source_url":"https://github.com/TheEconomist/the-economist-war-fire-model","id":683,"date":"2026-09-13","link":"https://www.economist.com/interactive/graphic-detail/ukraine-fires","category":"Fire classified as war-related (model estimate)","side":"Not attributed","color":"#FF8C00","radius":3,"orbat":[],"description":"Satellite heat detection at 22:35 UTC, in an area of abnormal fire activity. Urban area."}},{"type":"Feature","geometry":{"type":"Point","coordinates":[37.47395,47.41948]},"properties":{"source":"economist_fires","source_name":"The Economist war-fire model","source_url":"https://github.com/TheEconomist/the-economist-war-fire-model","id":684,"date":"2026-09-13","link":"https://www.economist.com/interactive/graphic-detail/ukraine-fires","category":"Fire classified as war-related (model estimate)","side":"Not attributed","color":"#FF8C00","radius":3,"orbat":[],"description":"Satellite heat detection at 23:12 UTC, in an area days after abnormal fire activity. Urban area."}},{"type":"Feature","geometry":{"type":"Point","coordinates":[37.47479,47.42372]},"properties":{"source":"economist_fires","source_name":"The Economist war-fire model","source_url":"https://github.com/TheEconomist/the-economist-war-fire-model","id":685,"date":"2026-09-13","link":"https://www.economist.com/interactive/graphic-detail/ukraine-fires","category":"Fire classified as war-related (model estimate)","side":"Not attributed","color":"#FF8C00","radius":3,"orbat":[],"description":"Satellite heat detection at 23:12 UTC, in an area of abnormal fire activity. Urban area."}},{"type":"Feature","geometry":{"type":"Point","coordinates":[37.47588,47.41615]},"properties":{"source":"economist_fires","source_name":"The Economist war-fire model","source_url":"https://github.com/TheEconomist/the-economist-war-fire-model","id":686,"date":"2026-09-13","link":"https://www.economist.com/interactive/graphic-detail/ukraine-fires","category":"Fire classified as war-related (model estimate)","side":"Not attributed","color":"#FF8C00","radius":3,"orbat":[],"description":"Satellite heat detection at 23:31 UTC, in an area of abnormal fire activity. Urban area."}},{"type":"Feature","geometry":{"type":"Point","coordinates":[37.47692,47.41947]},"properties":{"source":"economist_fires","source_name":"The Economist war-fire model","source_url":"https://github.com/TheEconomist/the-economist-war-fire-model","id":687,"date":"2026-09-13","link":"https://www.economist.com/interactive/graphic-detail/ukraine-fires","category":"Fire classified as war-related (model estimate)","side":"Not attributed","color":"#FF8C00","radius":3,"orbat":[],"description":"Satellite heat detection at 23:31 UTC, in an area days after abnormal fire activity. Urban area."}},{"type":"Feature","geometry":{"type":"Point","coordinates":[37.47275,47.42353]},"properties":{"source":"economist_fires","source_name":"The Economist war-fire model","source_url":"https://github.com/TheEconomist/the-economist-war-fire-model","id":688,"date":"2026-09-13","link":"https://www.economist.com/interactive/graphic-detail/ukraine-fires","category":"Fire classified as war-related (model estimate)","side":"Not attributed","color":"#FF8C00","radius":3,"orbat":[],"description":"Satellite heat detection at 23:31 UTC, in an area days after abnormal fire activity. Urban area."}},{"type":"Feature","geometry":{"type":"Point","coordinates":[37.53333,48.10768]},"properties":{"source":"economist_fires","source_name":"The Economist war-fire model","source_url":"https://github.com/TheEconomist/the-economist-war-fire-model","id":689,"date":"2026-09-13","link":"https://www.economist.com/interactive/graphic-detail/ukraine-fires","category":"Fire classified as war-related (model estimate)","side":"Not attributed","color":"#FF8C00","radius":3,"orbat":[],"description":"Satellite heat detection at 23:12 UTC, in an area days after abnormal fire activity. Urban area."}},{"type":"Feature","geometry":{"type":"Point","coordinates":[37.521,48.60653]},"properties":{"source":"economist_fires","source_name":"The Economist war-fire model","source_url":"https://github.com/TheEconomist/the-economist-war-fire-model","id":690,"date":"2026-09-13","link":"https://www.economist.com/interactive/graphic-detail/ukraine-fires","category":"Fire classified as war-related (model estimate)","side":"Not attributed","color":"#FF8C00","radius":3,"orbat":[],"description":"Satellite heat detection at 00:35 UTC, in an area days after abnormal fire activity. Urban area."}},{"type":"Feature","geometry":{"type":"Point","coordinates":[37.4842,48.60502]},"properties":{"source":"economist_fires","source_name":"The Economist war-fire model","source_url":"https://github.com/TheEconomist/the-economist-war-fire-model","id":691,"date":"2026-09-13","link":"https://www.economist.com/interactive/graphic-detail/ukraine-fires","category":"Fire classified as war-related (model estimate)","side":"Not attributed","color":"#FF8C00","radius":3,"orbat":[],"description":"Satellite heat detection at 07:14 UTC, in an area days after abnormal fire activity. Urban area."}},{"type":"Feature","geometry":{"type":"Point","coordinates":[37.53982,48.60025]},"properties":{"source":"economist_fires","source_name":"The Economist war-fire model","source_url":"https://github.com/TheEconomist/the-economist-war-fire-model","id":692,"date":"2026-09-13","link":"https://www.economist.com/interactive/graphic-detail/ukraine-fires","category":"Fire classified as war-related (model estimate)","side":"Not attributed","color":"#FF8C00","radius":3,"orbat":[],"description":"Satellite heat detection at 22:35 UTC, in an area days after abnormal fire activity. Urban area."}},{"type":"Feature","geometry":{"type":"Point","coordinates":[37.54235,48.60332]},"properties":{"source":"economist_fires","source_name":"The Economist war-fire model","source_url":"https://github.com/TheEconomist/the-economist-war-fire-model","id":693,"date":"2026-09-13","link":"https://www.economist.com/interactive/graphic-detail/ukraine-fires","category":"Fire classified as war-related (model estimate)","side":"Not attributed","color":"#FF8C00","radius":3,"orbat":[],"description":"Satellite heat detection at 23:12 UTC, in an area days after abnormal fire activity. Urban area."}},{"type":"Feature","geometry":{"type":"Point","coordinates":[37.5489,48.60715]},"properties":{"source":"economist_fires","source_name":"The Economist war-fire model","source_url":"https://github.com/TheEconomist/the-economist-war-fire-model","id":694,"date":"2026-09-13","link":"https://www.economist.com/interactive/graphic-detail/ukraine-fires","category":"Fire classified as war-related (model estimate)","side":"Not attributed","color":"#FF8C00","radius":3,"orbat":[],"description":"Satellite heat detection at 23:12 UTC, in an area days after abnormal fire activity. Urban area."}},{"type":"Feature","geometry":{"type":"Point","coordinates":[37.5443,48.60221]},"properties":{"source":"economist_fires","source_name":"The Economist war-fire model","source_url":"https://github.com/TheEconomist/the-economist-war-fire-model","id":695,"date":"2026-09-13","link":"https://www.economist.com/interactive/graphic-detail/ukraine-fires","category":"Fire classified as war-related (model estimate)","side":"Not attributed","color":"#FF8C00","radius":3,"orbat":[],"description":"Satellite heat detection at 23:31 UTC, in an area days after abnormal fire activity. Urban area."}},{"type":"Feature","geometry":{"type":"Point","coordinates":[37.45371,49.56218]},"properties":{"source":"economist_fires","source_name":"The Economist war-fire model","source_url":"https://github.com/TheEconomist/the-economist-war-fire-model","id":696,"date":"2026-09-13","link":"https://www.economist.com/interactive/graphic-detail/ukraine-fires","category":"Fire classified as war-related (model estimate)","side":"Not attributed","color":"#FF8C00","radius":3,"orbat":[],"description":"Satellite heat detection at 10:21 UTC, in an area days after abnormal fire activity. Urban area."}},{"type":"Feature","geometry":{"type":"Point","coordinates":[37.45087,49.56385]},"properties":{"source":"economist_fires","source_name":"The Economist war-fire model","source_url":"https://github.com/TheEconomist/the-economist-war-fire-model","id":697,"date":"2026-09-13","link":"https://www.economist.com/interactive/graphic-detail/ukraine-fires","category":"Fire classified as war-related (model estimate)","side":"Not attributed","color":"#FF8C00","radius":3,"orbat":[],"description":"Satellite heat detection at 10:21 UTC, in an area days after abnormal fire activity. Urban area."}},{"type":"Feature","geometry":{"type":"Point","coordinates":[37.45625,49.56458]},"properties":{"source":"economist_fires","source_name":"The Economist war-fire model","source_url":"https://github.com/TheEconomist/the-economist-war-fire-model","id":698,"date":"2026-09-13","link":"https://www.economist.com/interactive/graphic-detail/ukraine-fires","category":"Fire classified as war-related (model estimate)","side":"Not attributed","color":"#FF8C00","radius":3,"orbat":[],"description":"Satellite heat detection at 10:21 UTC, in an area days after abnormal fire activity. Urban area."}},{"type":"Feature","geometry":{"type":"Point","coordinates":[37.45089,49.56061]},"properties":{"source":"economist_fires","source_name":"The Economist war-fire model","source_url":"https://github.com/TheEconomist/the-economist-war-fire-model","id":699,"date":"2026-09-13","link":"https://www.economist.com/interactive/graphic-detail/ukraine-fires","category":"Fire classified as war-related (model estimate)","side":"Not attributed","color":"#FF8C00","radius":3,"orbat":[],"description":"Satellite heat detection at 10:58 UTC, in an area days after abnormal fire activity. Urban area."}},{"type":"Feature","geometry":{"type":"Point","coordinates":[37.59907,47.58589]},"properties":{"source":"economist_fires","source_name":"The Economist war-fire model","source_url":"https://github.com/TheEconomist/the-economist-war-fire-model","id":700,"date":"2026-09-13","link":"https://www.economist.com/interactive/graphic-detail/ukraine-fires","category":"Fire classified as war-related (model estimate)","side":"Not attributed","color":"#FF8C00","radius":3,"orbat":[],"description":"Satellite heat detection at 22:35 UTC, in an area days after abnormal fire activity. Urban area."}},{"type":"Feature","geometry":{"type":"Point","coordinates":[37.60031,47.58843]},"properties":{"source":"economist_fires","source_name":"The Economist war-fire model","source_url":"https://github.com/TheEconomist/the-economist-war-fire-model","id":701,"date":"2026-09-13","link":"https://www.economist.com/interactive/graphic-detail/ukraine-fires","category":"Fire classified as war-related (model estimate)","side":"Not attributed","color":"#FF8C00","radius":3,"orbat":[],"description":"Satellite heat detection at 23:12 UTC, in an area days after abnormal fire activity. Urban area."}},{"type":"Feature","geometry":{"type":"Point","coordinates":[37.60249,47.58854]},"properties":{"source":"economist_fires","source_name":"The Economist war-fire model","source_url":"https://github.com/TheEconomist/the-economist-war-fire-model","id":702,"date":"2026-09-13","link":"https://www.economist.com/interactive/graphic-detail/ukraine-fires","category":"Fire classified as war-related (model estimate)","side":"Not attributed","color":"#FF8C00","radius":3,"orbat":[],"description":"Satellite heat detection at 23:31 UTC, in an area days after abnormal fire activity. Urban area."}},{"type":"Feature","geometry":{"type":"Point","coordinates":[37.56861,47.99356]},"properties":{"source":"economist_fires","source_name":"The Economist war-fire model","source_url":"https://github.com/TheEconomist/the-economist-war-fire-model","id":703,"date":"2026-09-13","link":"https://www.economist.com/interactive/graphic-detail/ukraine-fires","category":"Fire classified as war-related (model estimate)","side":"Not attributed","color":"#FF8C00","radius":3,"orbat":[],"description":"Satellite heat detection at 12:49 UTC, in an area days after abnormal fire activity. Urban area."}},{"type":"Feature","geometry":{"type":"Point","coordinates":[37.61712,48.07707]},"properties":{"source":"economist_fires","source_name":"The Economist war-fire model","source_url":"https://github.com/TheEconomist/the-economist-war-fire-model","id":704,"date":"2026-09-13","link":"https://www.economist.com/interactive/graphic-detail/ukraine-fires","category":"Fire classified as war-related (model estimate)","side":"Not attributed","color":"#FF8C00","radius":3,"orbat":[],"description":"Satellite heat detection at 09:37 UTC, in an area days after abnormal fire activity. Urban area."}},{"type":"Feature","geometry":{"type":"Point","coordinates":[37.61298,48.07699]},"properties":{"source":"economist_fires","source_name":"The Economist war-fire model","source_url":"https://github.com/TheEconomist/the-economist-war-fire-model","id":705,"date":"2026-09-13","link":"https://www.economist.com/interactive/graphic-detail/ukraine-fires","category":"Fire classified as war-related (model estimate)","side":"Not attributed","color":"#FF8C00","radius":3,"orbat":[],"description":"Satellite heat detection at 10:58 UTC, in an area days after abnormal fire activity. Urban area."}},{"type":"Feature","geometry":{"type":"Point","coordinates":[37.55484,48.60667]},"properties":{"source":"economist_fires","source_name":"The Economist war-fire model","source_url":"https://github.com/TheEconomist/the-economist-war-fire-model","id":706,"date":"2026-09-13","link":"https://www.economist.com/interactive/graphic-detail/ukraine-fires","category":"Fire classified as war-related (model estimate)","side":"Not attributed","color":"#FF8C00","radius":3,"orbat":[],"description":"Satellite heat detection at 23:12 UTC, in an area days after abnormal fire activity. Urban area."}},{"type":"Feature","geometry":{"type":"Point","coordinates":[37.55171,48.60816]},"properties":{"source":"economist_fires","source_name":"The Economist war-fire model","source_url":"https://github.com/TheEconomist/the-economist-war-fire-model","id":707,"date":"2026-09-13","link":"https://www.economist.com/interactive/graphic-detail/ukraine-fires","category":"Fire classified as war-related (model estimate)","side":"Not attributed","color":"#FF8C00","radius":3,"orbat":[],"description":"Satellite heat detection at 23:31 UTC, in an area days after abnormal fire activity. Urban area."}},{"type":"Feature","geometry":{"type":"Point","coordinates":[37.55476,49.27312]},"properties":{"source":"economist_fires","source_name":"The Economist war-fire model","source_url":"https://github.com/TheEconomist/the-economist-war-fire-model","id":708,"date":"2026-09-13","link":"https://www.economist.com/interactive/graphic-detail/ukraine-fires","category":"Fire classified as war-related (model estimate)","side":"Not attributed","color":"#FF8C00","radius":3,"orbat":[],"description":"Satellite heat detection at 22:35 UTC, in an area days after abnormal fire activity. Urban area."}},{"type":"Feature","geometry":{"type":"Point","coordinates":[37.55605,49.27378]},"properties":{"source":"economist_fires","source_name":"The Economist war-fire model","source_url":"https://github.com/TheEconomist/the-economist-war-fire-model","id":709,"date":"2026-09-13","link":"https://www.economist.com/interactive/graphic-detail/ukraine-fires","category":"Fire classified as war-related (model estimate)","side":"Not attributed","color":"#FF8C00","radius":3,"orbat":[],"description":"Satellite heat detection at 23:12 UTC, in an area days after abnormal fire activity. Urban area."}},{"type":"Feature","geometry":{"type":"Point","coordinates":[37.55967,49.27177]},"properties":{"source":"economist_fires","source_name":"The Economist war-fire model","source_url":"https://github.com/TheEconomist/the-economist-war-fire-model","id":710,"date":"2026-09-13","link":"https://www.economist.com/interactive/graphic-detail/ukraine-fires","category":"Fire classified as war-related (model estimate)","side":"Not attributed","color":"#FF8C00","radius":3,"orbat":[],"description":"Satellite heat detection at 23:31 UTC, in an area days after abnormal fire activity. Urban area."}},{"type":"Feature","geometry":{"type":"Point","coordinates":[37.55413,49.27252]},"properties":{"source":"economist_fires","source_name":"The Economist war-fire model","source_url":"https://github.com/TheEconomist/the-economist-war-fire-model","id":711,"date":"2026-09-13","link":"https://www.economist.com/interactive/graphic-detail/ukraine-fires","category":"Fire classified as war-related (model estimate)","side":"Not attributed","color":"#FF8C00","radius":3,"orbat":[],"description":"Satellite heat detection at 23:31 UTC, in an area days after abnormal fire activity. Urban area."}},{"type":"Feature","geometry":{"type":"Point","coordinates":[37.56071,49.27514]},"properties":{"source":"economist_fires","source_name":"The Economist war-fire model","source_url":"https://github.com/TheEconomist/the-economist-war-fire-model","id":712,"date":"2026-09-13","link":"https://www.economist.com/interactive/graphic-detail/ukraine-fires","category":"Fire classified as war-related (model estimate)","side":"Not attributed","color":"#FF8C00","radius":3,"orbat":[],"description":"Satellite heat detection at 23:31 UTC, in an area days after abnormal fire activity. Urban area."}},{"type":"Feature","geometry":{"type":"Point","coordinates":[37.55962,49.76564]},"properties":{"source":"economist_fires","source_name":"The Economist war-fire model","source_url":"https://github.com/TheEconomist/the-economist-war-fire-model","id":713,"date":"2026-09-13","link":"https://www.economist.com/interactive/graphic-detail/ukraine-fires","category":"Fire classified as war-related (model estimate)","side":"Not attributed","color":"#FF8C00","radius":3,"orbat":[],"description":"Satellite heat detection at 12:49 UTC, in an area days after abnormal fire activity. Urban area."}},{"type":"Feature","geometry":{"type":"Point","coordinates":[37.65062,47.40913]},"properties":{"source":"economist_fires","source_name":"The Economist war-fire model","source_url":"https://github.com/TheEconomist/the-economist-war-fire-model","id":714,"date":"2026-09-13","link":"https://www.economist.com/interactive/graphic-detail/ukraine-fires","category":"Fire classified as war-related (model estimate)","side":"Not attributed","color":"#FF8C00","radius":3,"orbat":[],"description":"Satellite heat detection at 09:37 UTC, in an area days after abnormal fire activity. Urban area."}},{"type":"Feature","geometry":{"type":"Point","coordinates":[37.65047,47.41071]},"properties":{"source":"economist_fires","source_name":"The Economist war-fire model","source_url":"https://github.com/TheEconomist/the-economist-war-fire-model","id":715,"date":"2026-09-13","link":"https://www.economist.com/interactive/graphic-detail/ukraine-fires","category":"Fire classified as war-related (model estimate)","side":"Not attributed","color":"#FF8C00","radius":3,"orbat":[],"description":"Satellite heat detection at 09:37 UTC, in an area days after abnormal fire activity. Urban area."}},{"type":"Feature","geometry":{"type":"Point","coordinates":[37.65239,47.41115]},"properties":{"source":"economist_fires","source_name":"The Economist war-fire model","source_url":"https://github.com/TheEconomist/the-economist-war-fire-model","id":716,"date":"2026-09-13","link":"https://www.economist.com/interactive/graphic-detail/ukraine-fires","category":"Fire classified as war-related (model estimate)","side":"Not attributed","color":"#FF8C00","radius":3,"orbat":[],"description":"Satellite heat detection at 10:21 UTC, in an area days after abnormal fire activity. Urban area."}},{"type":"Feature","geometry":{"type":"Point","coordinates":[37.65228,47.41027]},"properties":{"source":"economist_fires","source_name":"The Economist war-fire model","source_url":"https://github.com/TheEconomist/the-economist-war-fire-model","id":717,"date":"2026-09-13","link":"https://www.economist.com/interactive/graphic-detail/ukraine-fires","category":"Fire classified as war-related (model estimate)","side":"Not attributed","color":"#FF8C00","radius":3,"orbat":[],"description":"Satellite heat detection at 10:58 UTC, in an area of abnormal fire activity. Urban area."}},{"type":"Feature","geometry":{"type":"Point","coordinates":[37.67038,47.54612]},"properties":{"source":"economist_fires","source_name":"The Economist war-fire model","source_url":"https://github.com/TheEconomist/the-economist-war-fire-model","id":718,"date":"2026-09-13","link":"https://www.economist.com/interactive/graphic-detail/ukraine-fires","category":"Fire classified as war-related (model estimate)","side":"Not attributed","color":"#FF8C00","radius":3,"orbat":[],"description":"Satellite heat detection at 10:58 UTC, in an area days after abnormal fire activity. Urban area."}},{"type":"Feature","geometry":{"type":"Point","coordinates":[37.65018,47.48101]},"properties":{"source":"economist_fires","source_name":"The Economist war-fire model","source_url":"https://github.com/TheEconomist/the-economist-war-fire-model","id":719,"date":"2026-09-13","link":"https://www.economist.com/interactive/graphic-detail/ukraine-fires","category":"Fire classified as war-related (model estimate)","side":"Not attributed","color":"#FF8C00","radius":3,"orbat":[],"description":"Satellite heat detection at 12:49 UTC, in an area days after abnormal fire activity. Urban area."}},{"type":"Feature","geometry":{"type":"Point","coordinates":[37.666,47.48279]},"properties":{"source":"economist_fires","source_name":"The Economist war-fire model","source_url":"https://github.com/TheEconomist/the-economist-war-fire-model","id":720,"date":"2026-09-13","link":"https://www.economist.com/interactive/graphic-detail/ukraine-fires","category":"Fire classified as war-related (model estimate)","side":"Not attributed","color":"#FF8C00","radius":3,"orbat":[],"description":"Satellite heat detection at 12:49 UTC, in an area days after abnormal fire activity. Urban area."}},{"type":"Feature","geometry":{"type":"Point","coordinates":[37.6552,48.07084]},"properties":{"source":"economist_fires","source_name":"The Economist war-fire model","source_url":"https://github.com/TheEconomist/the-economist-war-fire-model","id":721,"date":"2026-09-13","link":"https://www.economist.com/interactive/graphic-detail/ukraine-fires","category":"Fire classified as war-related (model estimate)","side":"Not attributed","color":"#FF8C00","radius":3,"orbat":[],"description":"Satellite heat detection at 00:35 UTC, in an area days after abnormal fire activity. Urban area."}},{"type":"Feature","geometry":{"type":"Point","coordinates":[37.70134,48.11898]},"properties":{"source":"economist_fires","source_name":"The Economist war-fire model","source_url":"https://github.com/TheEconomist/the-economist-war-fire-model","id":722,"date":"2026-09-13","link":"https://www.economist.com/interactive/graphic-detail/ukraine-fires","category":"Fire classified as war-related (model estimate)","side":"Not attributed","color":"#FF8C00","radius":3,"orbat":[],"description":"Satellite heat detection at 00:35 UTC, in an area days after abnormal fire activity. Urban area."}},{"type":"Feature","geometry":{"type":"Point","coordinates":[37.69624,48.12056]},"properties":{"source":"economist_fires","source_name":"The Economist war-fire model","source_url":"https://github.com/TheEconomist/the-economist-war-fire-model","id":723,"date":"2026-09-13","link":"https://www.economist.com/interactive/graphic-detail/ukraine-fires","category":"Fire classified as war-related (model estimate)","side":"Not attributed","color":"#FF8C00","radius":3,"orbat":[],"description":"Satellite heat detection at 00:35 UTC, in an area days after abnormal fire activity. Urban area."}},{"type":"Feature","geometry":{"type":"Point","coordinates":[37.66345,48.07159]},"properties":{"source":"economist_fires","source_name":"The Economist war-fire model","source_url":"https://github.com/TheEconomist/the-economist-war-fire-model","id":724,"date":"2026-09-13","link":"https://www.economist.com/interactive/graphic-detail/ukraine-fires","category":"Fire classified as war-related (model estimate)","side":"Not attributed","color":"#FF8C00","radius":3,"orbat":[],"description":"Satellite heat detection at 10:21 UTC, in an area days after abnormal fire activity. Urban area."}},{"type":"Feature","geometry":{"type":"Point","coordinates":[37.69785,48.11768]},"properties":{"source":"economist_fires","source_name":"The Economist war-fire model","source_url":"https://github.com/TheEconomist/the-economist-war-fire-model","id":725,"date":"2026-09-13","link":"https://www.economist.com/interactive/graphic-detail/ukraine-fires","category":"Fire classified as war-related (model estimate)","side":"Not attributed","color":"#FF8C00","radius":3,"orbat":[],"description":"Satellite heat detection at 10:21 UTC, in an area of abnormal fire activity. Urban area."}},{"type":"Feature","geometry":{"type":"Point","coordinates":[37.65811,48.07251]},"properties":{"source":"economist_fires","source_name":"The Economist war-fire model","source_url":"https://github.com/TheEconomist/the-economist-war-fire-model","id":726,"date":"2026-09-13","link":"https://www.economist.com/interactive/graphic-detail/ukraine-fires","category":"Fire classified as war-related (model estimate)","side":"Not attributed","color":"#FF8C00","radius":3,"orbat":[],"description":"Satellite heat detection at 10:58 UTC, in an area of abnormal fire activity. Urban area."}},{"type":"Feature","geometry":{"type":"Point","coordinates":[37.66351,48.07297]},"properties":{"source":"economist_fires","source_name":"The Economist war-fire model","source_url":"https://github.com/TheEconomist/the-economist-war-fire-model","id":727,"date":"2026-09-13","link":"https://www.economist.com/interactive/graphic-detail/ukraine-fires","category":"Fire classified as war-related (model estimate)","side":"Not attributed","color":"#FF8C00","radius":3,"orbat":[],"description":"Satellite heat detection at 10:58 UTC, in an area of abnormal fire activity. Urban area."}},{"type":"Feature","geometry":{"type":"Point","coordinates":[37.65731,48.07661]},"properties":{"source":"economist_fires","source_name":"The Economist war-fire model","source_url":"https://github.com/TheEconomist/the-economist-war-fire-model","id":728,"date":"2026-09-13","link":"https://www.economist.com/interactive/graphic-detail/ukraine-fires","category":"Fire classified as war-related (model estimate)","side":"Not attributed","color":"#FF8C00","radius":3,"orbat":[],"description":"Satellite heat detection at 10:58 UTC, in an area days after abnormal fire activity. Urban area."}},{"type":"Feature","geometry":{"type":"Point","coordinates":[37.65652,48.08072]},"properties":{"source":"economist_fires","source_name":"The Economist war-fire model","source_url":"https://github.com/TheEconomist/the-economist-war-fire-model","id":729,"date":"2026-09-13","link":"https://www.economist.com/interactive/graphic-detail/ukraine-fires","category":"Fire classified as war-related (model estimate)","side":"Not attributed","color":"#FF8C00","radius":3,"orbat":[],"description":"Satellite heat detection at 10:58 UTC, in an area days after abnormal fire activity. Urban area."}},{"type":"Feature","geometry":{"type":"Point","coordinates":[37.66196,48.08118]},"properties":{"source":"economist_fires","source_name":"The Economist war-fire model","source_url":"https://github.com/TheEconomist/the-economist-war-fire-model","id":730,"date":"2026-09-13","link":"https://www.economist.com/interactive/graphic-detail/ukraine-fires","category":"Fire classified as war-related (model estimate)","side":"Not attributed","color":"#FF8C00","radius":3,"orbat":[],"description":"Satellite heat detection at 10:58 UTC, in an area days after abnormal fire activity. Urban area."}},{"type":"Feature","geometry":{"type":"Point","coordinates":[37.69946,48.11782]},"properties":{"source":"economist_fires","source_name":"The Economist war-fire model","source_url":"https://github.com/TheEconomist/the-economist-war-fire-model","id":731,"date":"2026-09-13","link":"https://www.economist.com/interactive/graphic-detail/ukraine-fires","category":"Fire classified as war-related (model estimate)","side":"Not attributed","color":"#FF8C00","radius":3,"orbat":[],"description":"Satellite heat detection at 10:58 UTC, in an area of abnormal fire activity. Urban area."}},{"type":"Feature","geometry":{"type":"Point","coordinates":[37.65834,48.07024]},"properties":{"source":"economist_fires","source_name":"The Economist war-fire model","source_url":"https://github.com/TheEconomist/the-economist-war-fire-model","id":732,"date":"2026-09-13","link":"https://www.economist.com/interactive/graphic-detail/ukraine-fires","category":"Fire classified as war-related (model estimate)","side":"Not attributed","color":"#FF8C00","radius":3,"orbat":[],"description":"Satellite heat detection at 11:17 UTC, in an area days after abnormal fire activity. Urban area."}},{"type":"Feature","geometry":{"type":"Point","coordinates":[37.66369,48.07041]},"properties":{"source":"economist_fires","source_name":"The Economist war-fire model","source_url":"https://github.com/TheEconomist/the-economist-war-fire-model","id":733,"date":"2026-09-13","link":"https://www.economist.com/interactive/graphic-detail/ukraine-fires","category":"Fire classified as war-related (model estimate)","side":"Not attributed","color":"#FF8C00","radius":3,"orbat":[],"description":"Satellite heat detection at 11:17 UTC, in an area days after abnormal fire activity. Urban area."}},{"type":"Feature","geometry":{"type":"Point","coordinates":[37.658,48.0758]},"properties":{"source":"economist_fires","source_name":"The Economist war-fire model","source_url":"https://github.com/TheEconomist/the-economist-war-fire-model","id":734,"date":"2026-09-13","link":"https://www.economist.com/interactive/graphic-detail/ukraine-fires","category":"Fire classified as war-related (model estimate)","side":"Not attributed","color":"#FF8C00","radius":3,"orbat":[],"description":"Satellite heat detection at 11:17 UTC, in an area days after abnormal fire activity. Urban area."}},{"type":"Feature","geometry":{"type":"Point","coordinates":[37.70071,48.11487]},"properties":{"source":"economist_fires","source_name":"The Economist war-fire model","source_url":"https://github.com/TheEconomist/the-economist-war-fire-model","id":735,"date":"2026-09-13","link":"https://www.economist.com/interactive/graphic-detail/ukraine-fires","category":"Fire classified as war-related (model estimate)","side":"Not attributed","color":"#FF8C00","radius":3,"orbat":[],"description":"Satellite heat detection at 11:17 UTC, in an area days after abnormal fire activity. Urban area."}},{"type":"Feature","geometry":{"type":"Point","coordinates":[37.69933,48.11619]},"properties":{"source":"economist_fires","source_name":"The Economist war-fire model","source_url":"https://github.com/TheEconomist/the-economist-war-fire-model","id":736,"date":"2026-09-13","link":"https://www.economist.com/interactive/graphic-detail/ukraine-fires","category":"Fire classified as war-related (model estimate)","side":"Not attributed","color":"#FF8C00","radius":3,"orbat":[],"description":"Satellite heat detection at 11:17 UTC, in an area days after abnormal fire activity. Urban area."}},{"type":"Feature","geometry":{"type":"Point","coordinates":[37.65693,48.45329]},"properties":{"source":"economist_fires","source_name":"The Economist war-fire model","source_url":"https://github.com/TheEconomist/the-economist-war-fire-model","id":737,"date":"2026-09-13","link":"https://www.economist.com/interactive/graphic-detail/ukraine-fires","category":"Fire classified as war-related (model estimate)","side":"Not attributed","color":"#FF8C00","radius":3,"orbat":[],"description":"Satellite heat detection at 10:21 UTC, in an area days after abnormal fire activity. Urban area."}},{"type":"Feature","geometry":{"type":"Point","coordinates":[37.68796,48.53928]},"properties":{"source":"economist_fires","source_name":"The Economist war-fire model","source_url":"https://github.com/TheEconomist/the-economist-war-fire-model","id":738,"date":"2026-09-13","link":"https://www.economist.com/interactive/graphic-detail/ukraine-fires","category":"Fire classified as war-related (model estimate)","side":"Not attributed","color":"#FF8C00","radius":3,"orbat":[],"description":"Satellite heat detection at 10:21 UTC, in an area days after abnormal fire activity. Urban area."}},{"type":"Feature","geometry":{"type":"Point","coordinates":[37.69216,48.54331]},"properties":{"source":"economist_fires","source_name":"The Economist war-fire model","source_url":"https://github.com/TheEconomist/the-economist-war-fire-model","id":739,"date":"2026-09-13","link":"https://www.economist.com/interactive/graphic-detail/ukraine-fires","category":"Fire classified as war-related (model estimate)","side":"Not attributed","color":"#FF8C00","radius":3,"orbat":[],"description":"Satellite heat detection at 10:21 UTC, in an area days after abnormal fire activity. Urban area."}},{"type":"Feature","geometry":{"type":"Point","coordinates":[37.67247,48.54607]},"properties":{"source":"economist_fires","source_name":"The Economist war-fire model","source_url":"https://github.com/TheEconomist/the-economist-war-fire-model","id":740,"date":"2026-09-13","link":"https://www.economist.com/interactive/graphic-detail/ukraine-fires","category":"Fire classified as war-related (model estimate)","side":"Not attributed","color":"#FF8C00","radius":3,"orbat":[],"description":"Satellite heat detection at 23:31 UTC, in an area days after abnormal fire activity. Urban area."}},{"type":"Feature","geometry":{"type":"Point","coordinates":[37.7133,48.81951]},"properties":{"source":"economist_fires","source_name":"The Economist war-fire model","source_url":"https://github.com/TheEconomist/the-economist-war-fire-model","id":741,"date":"2026-09-13","link":"https://www.economist.com/interactive/graphic-detail/ukraine-fires","category":"Fire classified as war-related (model estimate)","side":"Not attributed","color":"#FF8C00","radius":3,"orbat":[],"description":"Satellite heat detection at 09:17 UTC, in an area days after abnormal fire activity. Urban area."}},{"type":"Feature","geometry":{"type":"Point","coordinates":[37.68385,48.86612]},"properties":{"source":"economist_fires","source_name":"The Economist war-fire model","source_url":"https://github.com/TheEconomist/the-economist-war-fire-model","id":742,"date":"2026-09-13","link":"https://www.economist.com/interactive/graphic-detail/ukraine-fires","category":"Fire classified as war-related (model estimate)","side":"Not attributed","color":"#FF8C00","radius":3,"orbat":[],"description":"Satellite heat detection at 10:21 UTC, in an area days after abnormal fire activity. Urban area."}},{"type":"Feature","geometry":{"type":"Point","coordinates":[37.68919,48.86685]},"properties":{"source":"economist_fires","source_name":"The Economist war-fire model","source_url":"https://github.com/TheEconomist/the-economist-war-fire-model","id":743,"date":"2026-09-13","link":"https://www.economist.com/interactive/graphic-detail/ukraine-fires","category":"Fire classified as war-related (model estimate)","side":"Not attributed","color":"#FF8C00","radius":3,"orbat":[],"description":"Satellite heat detection at 10:21 UTC, in an area days after abnormal fire activity. Urban area."}},{"type":"Feature","geometry":{"type":"Point","coordinates":[37.6758,48.86481]},"properties":{"source":"economist_fires","source_name":"The Economist war-fire model","source_url":"https://github.com/TheEconomist/the-economist-war-fire-model","id":744,"date":"2026-09-13","link":"https://www.economist.com/interactive/graphic-detail/ukraine-fires","category":"Fire classified as war-related (model estimate)","side":"Not attributed","color":"#FF8C00","radius":3,"orbat":[],"description":"Satellite heat detection at 10:58 UTC, in an area days after abnormal fire activity. Urban area."}},{"type":"Feature","geometry":{"type":"Point","coordinates":[37.68713,48.86576]},"properties":{"source":"economist_fires","source_name":"The Economist war-fire model","source_url":"https://github.com/TheEconomist/the-economist-war-fire-model","id":745,"date":"2026-09-13","link":"https://www.economist.com/interactive/graphic-detail/ukraine-fires","category":"Fire classified as war-related (model estimate)","side":"Not attributed","color":"#FF8C00","radius":3,"orbat":[],"description":"Satellite heat detection at 10:58 UTC, in an area days after abnormal fire activity. Urban area."}},{"type":"Feature","geometry":{"type":"Point","coordinates":[37.69201,48.87039]},"properties":{"source":"economist_fires","source_name":"The Economist war-fire model","source_url":"https://github.com/TheEconomist/the-economist-war-fire-model","id":746,"date":"2026-09-13","link":"https://www.economist.com/interactive/graphic-detail/ukraine-fires","category":"Fire classified as war-related (model estimate)","side":"Not attributed","color":"#FF8C00","radius":3,"orbat":[],"description":"Satellite heat detection at 10:58 UTC, in an area days after abnormal fire activity. Urban area."}},{"type":"Feature","geometry":{"type":"Point","coordinates":[37.71889,49.79107]},"properties":{"source":"economist_fires","source_name":"The Economist war-fire model","source_url":"https://github.com/TheEconomist/the-economist-war-fire-model","id":747,"date":"2026-09-13","link":"https://www.economist.com/interactive/graphic-detail/ukraine-fires","category":"Fire classified as war-related (model estimate)","side":"Not attributed","color":"#FF8C00","radius":3,"orbat":[],"description":"Satellite heat detection at 23:12 UTC, in an area days after abnormal fire activity. Urban area."}},{"type":"Feature","geometry":{"type":"Point","coordinates":[37.71961,49.79099]},"properties":{"source":"economist_fires","source_name":"The Economist war-fire model","source_url":"https://github.com/TheEconomist/the-economist-war-fire-model","id":748,"date":"2026-09-13","link":"https://www.economist.com/interactive/graphic-detail/ukraine-fires","category":"Fire classified as war-related (model estimate)","side":"Not attributed","color":"#FF8C00","radius":3,"orbat":[],"description":"Satellite heat detection at 23:31 UTC, in an area days after abnormal fire activity. Urban area."}},{"type":"Feature","geometry":{"type":"Point","coordinates":[37.71864,49.791]},"properties":{"source":"economist_fires","source_name":"The Economist war-fire model","source_url":"https://github.com/TheEconomist/the-economist-war-fire-model","id":749,"date":"2026-09-13","link":"https://www.economist.com/interactive/graphic-detail/ukraine-fires","category":"Fire classified as war-related (model estimate)","side":"Not attributed","color":"#FF8C00","radius":3,"orbat":[],"description":"Satellite heat detection at 23:31 UTC, in an area days after abnormal fire activity. Urban area."}},{"type":"Feature","geometry":{"type":"Point","coordinates":[37.76004,47.13567]},"properties":{"source":"economist_fires","source_name":"The Economist war-fire model","source_url":"https://github.com/TheEconomist/the-economist-war-fire-model","id":750,"date":"2026-09-13","link":"https://www.economist.com/interactive/graphic-detail/ukraine-fires","category":"Fire classified as war-related (model estimate)","side":"Not attributed","color":"#FF8C00","radius":3,"orbat":[],"description":"Satellite heat detection at 12:49 UTC, in an area days after abnormal fire activity. Urban area."}},{"type":"Feature","geometry":{"type":"Point","coordinates":[37.77437,47.47345]},"properties":{"source":"economist_fires","source_name":"The Economist war-fire model","source_url":"https://github.com/TheEconomist/the-economist-war-fire-model","id":751,"date":"2026-09-13","link":"https://www.economist.com/interactive/graphic-detail/ukraine-fires","category":"Fire classified as war-related (model estimate)","side":"Not attributed","color":"#FF8C00","radius":3,"orbat":[],"description":"Satellite heat detection at 10:58 UTC, in an area of abnormal fire activity. Urban area."}},{"type":"Feature","geometry":{"type":"Point","coordinates":[37.76193,47.48068]},"properties":{"source":"economist_fires","source_name":"The Economist war-fire model","source_url":"https://github.com/TheEconomist/the-economist-war-fire-model","id":752,"date":"2026-09-13","link":"https://www.economist.com/interactive/graphic-detail/ukraine-fires","category":"Fire classified as war-related (model estimate)","side":"Not attributed","color":"#FF8C00","radius":3,"orbat":[],"description":"Satellite heat detection at 10:58 UTC, in an area of abnormal fire activity. Urban area."}},{"type":"Feature","geometry":{"type":"Point","coordinates":[37.76728,47.48115]},"properties":{"source":"economist_fires","source_name":"The Economist war-fire model","source_url":"https://github.com/TheEconomist/the-economist-war-fire-model","id":753,"date":"2026-09-13","link":"https://www.economist.com/interactive/graphic-detail/ukraine-fires","category":"Fire classified as war-related (model estimate)","side":"Not attributed","color":"#FF8C00","radius":3,"orbat":[],"description":"Satellite heat detection at 10:58 UTC, in an area of abnormal fire activity. Urban area."}},{"type":"Feature","geometry":{"type":"Point","coordinates":[37.7611,47.48477]},"properties":{"source":"economist_fires","source_name":"The Economist war-fire model","source_url":"https://github.com/TheEconomist/the-economist-war-fire-model","id":754,"date":"2026-09-13","link":"https://www.economist.com/interactive/graphic-detail/ukraine-fires","category":"Fire classified as war-related (model estimate)","side":"Not attributed","color":"#FF8C00","radius":3,"orbat":[],"description":"Satellite heat detection at 10:58 UTC, in an area of abnormal fire activity. Urban area."}},{"type":"Feature","geometry":{"type":"Point","coordinates":[37.76647,47.48524]},"properties":{"source":"economist_fires","source_name":"The Economist war-fire model","source_url":"https://github.com/TheEconomist/the-economist-war-fire-model","id":755,"date":"2026-09-13","link":"https://www.economist.com/interactive/graphic-detail/ukraine-fires","category":"Fire classified as war-related (model estimate)","side":"Not attributed","color":"#FF8C00","radius":3,"orbat":[],"description":"Satellite heat detection at 10:58 UTC, in an area of abnormal fire activity. Urban area."}},{"type":"Feature","geometry":{"type":"Point","coordinates":[37.77188,47.48572]},"properties":{"source":"economist_fires","source_name":"The Economist war-fire model","source_url":"https://github.com/TheEconomist/the-economist-war-fire-model","id":756,"date":"2026-09-13","link":"https://www.economist.com/interactive/graphic-detail/ukraine-fires","category":"Fire classified as war-related (model estimate)","side":"Not attributed","color":"#FF8C00","radius":3,"orbat":[],"description":"Satellite heat detection at 10:58 UTC, in an area of abnormal fire activity. Urban area."}},{"type":"Feature","geometry":{"type":"Point","coordinates":[37.76569,47.48934]},"properties":{"source":"economist_fires","source_name":"The Economist war-fire model","source_url":"https://github.com/TheEconomist/the-economist-war-fire-model","id":757,"date":"2026-09-13","link":"https://www.economist.com/interactive/graphic-detail/ukraine-fires","category":"Fire classified as war-related (model estimate)","side":"Not attributed","color":"#FF8C00","radius":3,"orbat":[],"description":"Satellite heat detection at 10:58 UTC, in an area of abnormal fire activity. Urban area."}},{"type":"Feature","geometry":{"type":"Point","coordinates":[37.77556,47.4739]},"properties":{"source":"economist_fires","source_name":"The Economist war-fire model","source_url":"https://github.com/TheEconomist/the-economist-war-fire-model","id":758,"date":"2026-09-13","link":"https://www.economist.com/interactive/graphic-detail/ukraine-fires","category":"Fire classified as war-related (model estimate)","side":"Not attributed","color":"#FF8C00","radius":3,"orbat":[],"description":"Satellite heat detection at 11:17 UTC, in an area of abnormal fire activity. Urban area."}},{"type":"Feature","geometry":{"type":"Point","coordinates":[37.76834,47.478]},"properties":{"source":"economist_fires","source_name":"The Economist war-fire model","source_url":"https://github.com/TheEconomist/the-economist-war-fire-model","id":759,"date":"2026-09-13","link":"https://www.economist.com/interactive/graphic-detail/ukraine-fires","category":"Fire classified as war-related (model estimate)","side":"Not attributed","color":"#FF8C00","radius":3,"orbat":[],"description":"Satellite heat detection at 11:17 UTC, in an area of abnormal fire activity. Urban area."}},{"type":"Feature","geometry":{"type":"Point","coordinates":[37.7738,47.47816]},"properties":{"source":"economist_fires","source_name":"The Economist war-fire model","source_url":"https://github.com/TheEconomist/the-economist-war-fire-model","id":760,"date":"2026-09-13","link":"https://www.economist.com/interactive/graphic-detail/ukraine-fires","category":"Fire classified as war-related (model estimate)","side":"Not attributed","color":"#FF8C00","radius":3,"orbat":[],"description":"Satellite heat detection at 11:17 UTC, in an area of abnormal fire activity. Urban area."}},{"type":"Feature","geometry":{"type":"Point","coordinates":[37.76411,47.47909]},"properties":{"source":"economist_fires","source_name":"The Economist war-fire model","source_url":"https://github.com/TheEconomist/the-economist-war-fire-model","id":761,"date":"2026-09-13","link":"https://www.economist.com/interactive/graphic-detail/ukraine-fires","category":"Fire classified as war-related (model estimate)","side":"Not attributed","color":"#FF8C00","radius":3,"orbat":[],"description":"Satellite heat detection at 11:17 UTC, in an area of abnormal fire activity. Urban area."}},{"type":"Feature","geometry":{"type":"Point","coordinates":[37.76952,47.47928]},"properties":{"source":"economist_fires","source_name":"The Economist war-fire model","source_url":"https://github.com/TheEconomist/the-economist-war-fire-model","id":762,"date":"2026-09-13","link":"https://www.economist.com/interactive/graphic-detail/ukraine-fires","category":"Fire classified as war-related (model estimate)","side":"Not attributed","color":"#FF8C00","radius":3,"orbat":[],"description":"Satellite heat detection at 11:17 UTC, in an area of abnormal fire activity. Urban area."}},{"type":"Feature","geometry":{"type":"Point","coordinates":[37.77501,47.47947]},"properties":{"source":"economist_fires","source_name":"The Economist war-fire model","source_url":"https://github.com/TheEconomist/the-economist-war-fire-model","id":763,"date":"2026-09-13","link":"https://www.economist.com/interactive/graphic-detail/ukraine-fires","category":"Fire classified as war-related (model estimate)","side":"Not attributed","color":"#FF8C00","radius":3,"orbat":[],"description":"Satellite heat detection at 11:17 UTC, in an area of abnormal fire activity. Urban area."}},{"type":"Feature","geometry":{"type":"Point","coordinates":[37.77335,47.48373]},"properties":{"source":"economist_fires","source_name":"The Economist war-fire model","source_url":"https://github.com/TheEconomist/the-economist-war-fire-model","id":764,"date":"2026-09-13","link":"https://www.economist.com/interactive/graphic-detail/ukraine-fires","category":"Fire classified as war-related (model estimate)","side":"Not attributed","color":"#FF8C00","radius":3,"orbat":[],"description":"Satellite heat detection at 11:17 UTC, in an area of abnormal fire activity. Urban area."}},{"type":"Feature","geometry":{"type":"Point","coordinates":[37.77459,47.48503]},"properties":{"source":"economist_fires","source_name":"The Economist war-fire model","source_url":"https://github.com/TheEconomist/the-economist-war-fire-model","id":765,"date":"2026-09-13","link":"https://www.economist.com/interactive/graphic-detail/ukraine-fires","category":"Fire classified as war-related (model estimate)","side":"Not attributed","color":"#FF8C00","radius":3,"orbat":[],"description":"Satellite heat detection at 11:17 UTC, in an area of abnormal fire activity. Urban area."}},{"type":"Feature","geometry":{"type":"Point","coordinates":[37.76607,47.47424]},"properties":{"source":"economist_fires","source_name":"The Economist war-fire model","source_url":"https://github.com/TheEconomist/the-economist-war-fire-model","id":766,"date":"2026-09-13","link":"https://www.economist.com/interactive/graphic-detail/ukraine-fires","category":"Fire classified as war-related (model estimate)","side":"Not attributed","color":"#FF8C00","radius":3,"orbat":[],"description":"Satellite heat detection at 12:49 UTC, in an area of abnormal fire activity. Urban area."}},{"type":"Feature","geometry":{"type":"Point","coordinates":[37.80137,48.14339]},"properties":{"source":"economist_fires","source_name":"The Economist war-fire model","source_url":"https://github.com/TheEconomist/the-economist-war-fire-model","id":767,"date":"2026-09-13","link":"https://www.economist.com/interactive/graphic-detail/ukraine-fires","category":"Fire classified as war-related (model estimate)","side":"Not attributed","color":"#FF8C00","radius":3,"orbat":[],"description":"Satellite heat detection at 10:58 UTC, in an area of abnormal fire activity. Urban area."}},{"type":"Feature","geometry":{"type":"Point","coordinates":[37.75242,48.07132]},"properties":{"source":"economist_fires","source_name":"The Economist war-fire model","source_url":"https://github.com/TheEconomist/the-economist-war-fire-model","id":768,"date":"2026-09-13","link":"https://www.economist.com/interactive/graphic-detail/ukraine-fires","category":"Fire classified as war-related (model estimate)","side":"Not attributed","color":"#FF8C00","radius":3,"orbat":[],"description":"Satellite heat detection at 22:35 UTC, in an area days after abnormal fire activity. Urban area."}},{"type":"Feature","geometry":{"type":"Point","coordinates":[37.75586,48.13861]},"properties":{"source":"economist_fires","source_name":"The Economist war-fire model","source_url":"https://github.com/TheEconomist/the-economist-war-fire-model","id":769,"date":"2026-09-13","link":"https://www.economist.com/interactive/graphic-detail/ukraine-fires","category":"Fire classified as war-related (model estimate)","side":"Not attributed","color":"#FF8C00","radius":3,"orbat":[],"description":"Satellite heat detection at 22:35 UTC, in an area days after abnormal fire activity. Urban area."}},{"type":"Feature","geometry":{"type":"Point","coordinates":[37.755,48.14225]},"properties":{"source":"economist_fires","source_name":"The Economist war-fire model","source_url":"https://github.com/TheEconomist/the-economist-war-fire-model","id":770,"date":"2026-09-13","link":"https://www.economist.com/interactive/graphic-detail/ukraine-fires","category":"Fire classified as war-related (model estimate)","side":"Not attributed","color":"#FF8C00","radius":3,"orbat":[],"description":"Satellite heat detection at 22:35 UTC, in an area days after abnormal fire activity. Urban area."}},{"type":"Feature","geometry":{"type":"Point","coordinates":[37.75539,48.13993]},"properties":{"source":"economist_fires","source_name":"The Economist war-fire model","source_url":"https://github.com/TheEconomist/the-economist-war-fire-model","id":771,"date":"2026-09-13","link":"https://www.economist.com/interactive/graphic-detail/ukraine-fires","category":"Fire classified as war-related (model estimate)","side":"Not attributed","color":"#FF8C00","radius":3,"orbat":[],"description":"Satellite heat detection at 23:12 UTC, in an area of abnormal fire activity. Urban area."}},{"type":"Feature","geometry":{"type":"Point","coordinates":[37.7554,48.07055]},"properties":{"source":"economist_fires","source_name":"The Economist war-fire model","source_url":"https://github.com/TheEconomist/the-economist-war-fire-model","id":772,"date":"2026-09-13","link":"https://www.economist.com/interactive/graphic-detail/ukraine-fires","category":"Fire classified as war-related (model estimate)","side":"Not attributed","color":"#FF8C00","radius":3,"orbat":[],"description":"Satellite heat detection at 23:31 UTC, in an area days after abnormal fire activity. Urban area."}},{"type":"Feature","geometry":{"type":"Point","coordinates":[37.75528,48.13987]},"properties":{"source":"economist_fires","source_name":"The Economist war-fire model","source_url":"https://github.com/TheEconomist/the-economist-war-fire-model","id":773,"date":"2026-09-13","link":"https://www.economist.com/interactive/graphic-detail/ukraine-fires","category":"Fire classified as war-related (model estimate)","side":"Not attributed","color":"#FF8C00","radius":3,"orbat":[],"description":"Satellite heat detection at 23:31 UTC, in an area days after abnormal fire activity. Urban area."}},{"type":"Feature","geometry":{"type":"Point","coordinates":[37.76107,48.24817]},"properties":{"source":"economist_fires","source_name":"The Economist war-fire model","source_url":"https://github.com/TheEconomist/the-economist-war-fire-model","id":774,"date":"2026-09-13","link":"https://www.economist.com/interactive/graphic-detail/ukraine-fires","category":"Fire classified as war-related (model estimate)","side":"Not attributed","color":"#FF8C00","radius":3,"orbat":[],"description":"Satellite heat detection at 12:49 UTC, in an area days after abnormal fire activity. Urban area."}},{"type":"Feature","geometry":{"type":"Point","coordinates":[37.84957,48.41779]},"properties":{"source":"economist_fires","source_name":"The Economist war-fire model","source_url":"https://github.com/TheEconomist/the-economist-war-fire-model","id":775,"date":"2026-09-13","link":"https://www.economist.com/interactive/graphic-detail/ukraine-fires","category":"Fire classified as war-related (model estimate)","side":"Not attributed","color":"#FF8C00","radius":3,"orbat":[],"description":"Satellite heat detection at 10:21 UTC, in an area days after abnormal fire activity. Urban area."}},{"type":"Feature","geometry":{"type":"Point","coordinates":[37.78307,48.79631]},"properties":{"source":"economist_fires","source_name":"The Economist war-fire model","source_url":"https://github.com/TheEconomist/the-economist-war-fire-model","id":776,"date":"2026-09-13","link":"https://www.economist.com/interactive/graphic-detail/ukraine-fires","category":"Fire classified as war-related (model estimate)","side":"Not attributed","color":"#FF8C00","radius":3,"orbat":[],"description":"Satellite heat detection at 23:12 UTC, in an area days after abnormal fire activity. Urban area."}},{"type":"Feature","geometry":{"type":"Point","coordinates":[37.7827,48.79396]},"properties":{"source":"economist_fires","source_name":"The Economist war-fire model","source_url":"https://github.com/TheEconomist/the-economist-war-fire-model","id":777,"date":"2026-09-13","link":"https://www.economist.com/interactive/graphic-detail/ukraine-fires","category":"Fire classified as war-related (model estimate)","side":"Not attributed","color":"#FF8C00","radius":3,"orbat":[],"description":"Satellite heat detection at 23:31 UTC, in an area days after abnormal fire activity. Urban area."}},{"type":"Feature","geometry":{"type":"Point","coordinates":[37.82146,48.97326]},"properties":{"source":"economist_fires","source_name":"The Economist war-fire model","source_url":"https://github.com/TheEconomist/the-economist-war-fire-model","id":778,"date":"2026-09-13","link":"https://www.economist.com/interactive/graphic-detail/ukraine-fires","category":"Fire classified as war-related (model estimate)","side":"Not attributed","color":"#FF8C00","radius":3,"orbat":[],"description":"Satellite heat detection at 10:21 UTC, in an area days after abnormal fire activity. Urban area."}},{"type":"Feature","geometry":{"type":"Point","coordinates":[37.81335,48.9824]},"properties":{"source":"economist_fires","source_name":"The Economist war-fire model","source_url":"https://github.com/TheEconomist/the-economist-war-fire-model","id":779,"date":"2026-09-13","link":"https://www.economist.com/interactive/graphic-detail/ukraine-fires","category":"Fire classified as war-related (model estimate)","side":"Not attributed","color":"#FF8C00","radius":3,"orbat":[],"description":"Satellite heat detection at 10:58 UTC, in an area days after abnormal fire activity. Urban area."}},{"type":"Feature","geometry":{"type":"Point","coordinates":[37.79614,48.98582]},"properties":{"source":"economist_fires","source_name":"The Economist war-fire model","source_url":"https://github.com/TheEconomist/the-economist-war-fire-model","id":780,"date":"2026-09-13","link":"https://www.economist.com/interactive/graphic-detail/ukraine-fires","category":"Fire classified as war-related (model estimate)","side":"Not attributed","color":"#FF8C00","radius":3,"orbat":[],"description":"Satellite heat detection at 23:31 UTC, in an area days after abnormal fire activity. Urban area."}},{"type":"Feature","geometry":{"type":"Point","coordinates":[37.75925,48.99444]},"properties":{"source":"economist_fires","source_name":"The Economist war-fire model","source_url":"https://github.com/TheEconomist/the-economist-war-fire-model","id":781,"date":"2026-09-13","link":"https://www.economist.com/interactive/graphic-detail/ukraine-fires","category":"Fire classified as war-related (model estimate)","side":"Not attributed","color":"#FF8C00","radius":3,"orbat":[],"description":"Satellite heat detection at 23:31 UTC, in an area days after abnormal fire activity. Urban area."}},{"type":"Feature","geometry":{"type":"Point","coordinates":[37.78301,49.09182]},"properties":{"source":"economist_fires","source_name":"The Economist war-fire model","source_url":"https://github.com/TheEconomist/the-economist-war-fire-model","id":782,"date":"2026-09-13","link":"https://www.economist.com/interactive/graphic-detail/ukraine-fires","category":"Fire classified as war-related (model estimate)","side":"Not attributed","color":"#FF8C00","radius":3,"orbat":[],"description":"Satellite heat detection at 09:17 UTC, in an area days after abnormal fire activity. Urban area."}},{"type":"Feature","geometry":{"type":"Point","coordinates":[37.78419,49.0878]},"properties":{"source":"economist_fires","source_name":"The Economist war-fire model","source_url":"https://github.com/TheEconomist/the-economist-war-fire-model","id":783,"date":"2026-09-13","link":"https://www.economist.com/interactive/graphic-detail/ukraine-fires","category":"Fire classified as war-related (model estimate)","side":"Not attributed","color":"#FF8C00","radius":3,"orbat":[],"description":"Satellite heat detection at 09:39 UTC, in an area of abnormal fire activity. Urban area."}},{"type":"Feature","geometry":{"type":"Point","coordinates":[37.79069,49.08947]},"properties":{"source":"economist_fires","source_name":"The Economist war-fire model","source_url":"https://github.com/TheEconomist/the-economist-war-fire-model","id":784,"date":"2026-09-13","link":"https://www.economist.com/interactive/graphic-detail/ukraine-fires","category":"Fire classified as war-related (model estimate)","side":"Not attributed","color":"#FF8C00","radius":3,"orbat":[],"description":"Satellite heat detection at 09:39 UTC, in an area of abnormal fire activity. Urban area."}},{"type":"Feature","geometry":{"type":"Point","coordinates":[37.76627,49.11731]},"properties":{"source":"economist_fires","source_name":"The Economist war-fire model","source_url":"https://github.com/TheEconomist/the-economist-war-fire-model","id":785,"date":"2026-09-13","link":"https://www.economist.com/interactive/graphic-detail/ukraine-fires","category":"Fire classified as war-related (model estimate)","side":"Not attributed","color":"#FF8C00","radius":3,"orbat":[],"description":"Satellite heat detection at 09:39 UTC, in an area of abnormal fire activity. Urban area."}},{"type":"Feature","geometry":{"type":"Point","coordinates":[37.81997,49.11324]},"properties":{"source":"economist_fires","source_name":"The Economist war-fire model","source_url":"https://github.com/TheEconomist/the-economist-war-fire-model","id":786,"date":"2026-09-13","link":"https://www.economist.com/interactive/graphic-detail/ukraine-fires","category":"Fire classified as war-related (model estimate)","side":"Not attributed","color":"#FF8C00","radius":3,"orbat":[],"description":"Satellite heat detection at 10:21 UTC, in an area days after abnormal fire activity. Urban area."}},{"type":"Feature","geometry":{"type":"Point","coordinates":[37.82132,49.11507]},"properties":{"source":"economist_fires","source_name":"The Economist war-fire model","source_url":"https://github.com/TheEconomist/the-economist-war-fire-model","id":787,"date":"2026-09-13","link":"https://www.economist.com/interactive/graphic-detail/ukraine-fires","category":"Fire classified as war-related (model estimate)","side":"Not attributed","color":"#FF8C00","radius":3,"orbat":[],"description":"Satellite heat detection at 10:58 UTC, in an area of abnormal fire activity. Urban area."}},{"type":"Feature","geometry":{"type":"Point","coordinates":[37.79568,49.08731]},"properties":{"source":"economist_fires","source_name":"The Economist war-fire model","source_url":"https://github.com/TheEconomist/the-economist-war-fire-model","id":788,"date":"2026-09-13","link":"https://www.economist.com/interactive/graphic-detail/ukraine-fires","category":"Fire classified as war-related (model estimate)","side":"Not attributed","color":"#FF8C00","radius":3,"orbat":[],"description":"Satellite heat detection at 12:49 UTC, in an area days after abnormal fire activity. Urban area."}},{"type":"Feature","geometry":{"type":"Point","coordinates":[37.78837,49.08783]},"properties":{"source":"economist_fires","source_name":"The Economist war-fire model","source_url":"https://github.com/TheEconomist/the-economist-war-fire-model","id":789,"date":"2026-09-13","link":"https://www.economist.com/interactive/graphic-detail/ukraine-fires","category":"Fire classified as war-related (model estimate)","side":"Not attributed","color":"#FF8C00","radius":3,"orbat":[],"description":"Satellite heat detection at 12:49 UTC, in an area days after abnormal fire activity. Urban area."}},{"type":"Feature","geometry":{"type":"Point","coordinates":[37.76408,49.11566]},"properties":{"source":"economist_fires","source_name":"The Economist war-fire model","source_url":"https://github.com/TheEconomist/the-economist-war-fire-model","id":790,"date":"2026-09-13","link":"https://www.economist.com/interactive/graphic-detail/ukraine-fires","category":"Fire classified as war-related (model estimate)","side":"Not attributed","color":"#FF8C00","radius":3,"orbat":[],"description":"Satellite heat detection at 12:49 UTC, in an area days after abnormal fire activity. Urban area."}},{"type":"Feature","geometry":{"type":"Point","coordinates":[37.81705,49.29314]},"properties":{"source":"economist_fires","source_name":"The Economist war-fire model","source_url":"https://github.com/TheEconomist/the-economist-war-fire-model","id":791,"date":"2026-09-13","link":"https://www.economist.com/interactive/graphic-detail/ukraine-fires","category":"Fire classified as war-related (model estimate)","side":"Not attributed","color":"#FF8C00","radius":3,"orbat":[],"description":"Satellite heat detection at 09:39 UTC, in an area of abnormal fire activity. Urban area."}},{"type":"Feature","geometry":{"type":"Point","coordinates":[37.81342,49.29581]},"properties":{"source":"economist_fires","source_name":"The Economist war-fire model","source_url":"https://github.com/TheEconomist/the-economist-war-fire-model","id":792,"date":"2026-09-13","link":"https://www.economist.com/interactive/graphic-detail/ukraine-fires","category":"Fire classified as war-related (model estimate)","side":"Not attributed","color":"#FF8C00","radius":3,"orbat":[],"description":"Satellite heat detection at 09:39 UTC, in an area days after abnormal fire activity. Urban area."}},{"type":"Feature","geometry":{"type":"Point","coordinates":[37.77835,49.29004]},"properties":{"source":"economist_fires","source_name":"The Economist war-fire model","source_url":"https://github.com/TheEconomist/the-economist-war-fire-model","id":793,"date":"2026-09-13","link":"https://www.economist.com/interactive/graphic-detail/ukraine-fires","category":"Fire classified as war-related (model estimate)","side":"Not attributed","color":"#FF8C00","radius":3,"orbat":[],"description":"Satellite heat detection at 10:58 UTC, in an area days after abnormal fire activity. Urban area."}},{"type":"Feature","geometry":{"type":"Point","coordinates":[37.82326,49.30222]},"properties":{"source":"economist_fires","source_name":"The Economist war-fire model","source_url":"https://github.com/TheEconomist/the-economist-war-fire-model","id":794,"date":"2026-09-13","link":"https://www.economist.com/interactive/graphic-detail/ukraine-fires","category":"Fire classified as war-related (model estimate)","side":"Not attributed","color":"#FF8C00","radius":3,"orbat":[],"description":"Satellite heat detection at 10:58 UTC, in an area days after abnormal fire activity. Urban area."}},{"type":"Feature","geometry":{"type":"Point","coordinates":[37.81871,49.29596]},"properties":{"source":"economist_fires","source_name":"The Economist war-fire model","source_url":"https://github.com/TheEconomist/the-economist-war-fire-model","id":795,"date":"2026-09-13","link":"https://www.economist.com/interactive/graphic-detail/ukraine-fires","category":"Fire classified as war-related (model estimate)","side":"Not attributed","color":"#FF8C00","radius":3,"orbat":[],"description":"Satellite heat detection at 11:17 UTC, in an area days after abnormal fire activity. Urban area."}},{"type":"Feature","geometry":{"type":"Point","coordinates":[37.8185,49.3016]},"properties":{"source":"economist_fires","source_name":"The Economist war-fire model","source_url":"https://github.com/TheEconomist/the-economist-war-fire-model","id":796,"date":"2026-09-13","link":"https://www.economist.com/interactive/graphic-detail/ukraine-fires","category":"Fire classified as war-related (model estimate)","side":"Not attributed","color":"#FF8C00","radius":3,"orbat":[],"description":"Satellite heat detection at 11:17 UTC, in an area of abnormal fire activity. Urban area."}},{"type":"Feature","geometry":{"type":"Point","coordinates":[37.76992,49.33009]},"properties":{"source":"economist_fires","source_name":"The Economist war-fire model","source_url":"https://github.com/TheEconomist/the-economist-war-fire-model","id":797,"date":"2026-09-13","link":"https://www.economist.com/interactive/graphic-detail/ukraine-fires","category":"Fire classified as war-related (model estimate)","side":"Not attributed","color":"#FF8C00","radius":3,"orbat":[],"description":"Satellite heat detection at 12:49 UTC, in an area of abnormal fire activity. Urban area."}},{"type":"Feature","geometry":{"type":"Point","coordinates":[37.78747,49.33194]},"properties":{"source":"economist_fires","source_name":"The Economist war-fire model","source_url":"https://github.com/TheEconomist/the-economist-war-fire-model","id":798,"date":"2026-09-13","link":"https://www.economist.com/interactive/graphic-detail/ukraine-fires","category":"Fire classified as war-related (model estimate)","side":"Not attributed","color":"#FF8C00","radius":3,"orbat":[],"description":"Satellite heat detection at 12:49 UTC, in an area days after abnormal fire activity. Urban area."}},{"type":"Feature","geometry":{"type":"Point","coordinates":[37.92329,48.09854]},"properties":{"source":"economist_fires","source_name":"The Economist war-fire model","source_url":"https://github.com/TheEconomist/the-economist-war-fire-model","id":799,"date":"2026-09-13","link":"https://www.economist.com/interactive/graphic-detail/ukraine-fires","category":"Fire classified as war-related (model estimate)","side":"Not attributed","color":"#FF8C00","radius":3,"orbat":[],"description":"Satellite heat detection at 23:31 UTC, in an area days after abnormal fire activity. Urban area."}},{"type":"Feature","geometry":{"type":"Point","coordinates":[37.91806,48.09929]},"properties":{"source":"economist_fires","source_name":"The Economist war-fire model","source_url":"https://github.com/TheEconomist/the-economist-war-fire-model","id":800,"date":"2026-09-13","link":"https://www.economist.com/interactive/graphic-detail/ukraine-fires","category":"Fire classified as war-related (model estimate)","side":"Not attributed","color":"#FF8C00","radius":3,"orbat":[],"description":"Satellite heat detection at 23:31 UTC, in an area days after abnormal fire activity. Urban area."}},{"type":"Feature","geometry":{"type":"Point","coordinates":[37.93247,48.56185]},"properties":{"source":"economist_fires","source_name":"The Economist war-fire model","source_url":"https://github.com/TheEconomist/the-economist-war-fire-model","id":801,"date":"2026-09-13","link":"https://www.economist.com/interactive/graphic-detail/ukraine-fires","category":"Fire classified as war-related (model estimate)","side":"Not attributed","color":"#FF8C00","radius":3,"orbat":[],"description":"Satellite heat detection at 11:17 UTC, in an area days after abnormal fire activity. Urban area."}},{"type":"Feature","geometry":{"type":"Point","coordinates":[37.94904,48.98501]},"properties":{"source":"economist_fires","source_name":"The Economist war-fire model","source_url":"https://github.com/TheEconomist/the-economist-war-fire-model","id":802,"date":"2026-09-13","link":"https://www.economist.com/interactive/graphic-detail/ukraine-fires","category":"Fire classified as war-related (model estimate)","side":"Not attributed","color":"#FF8C00","radius":3,"orbat":[],"description":"Satellite heat detection at 10:58 UTC, in an area days after abnormal fire activity. Urban area."}},{"type":"Feature","geometry":{"type":"Point","coordinates":[37.92361,49.0201]},"properties":{"source":"economist_fires","source_name":"The Economist war-fire model","source_url":"https://github.com/TheEconomist/the-economist-war-fire-model","id":803,"date":"2026-09-13","link":"https://www.economist.com/interactive/graphic-detail/ukraine-fires","category":"Fire classified as war-related (model estimate)","side":"Not attributed","color":"#FF8C00","radius":3,"orbat":[],"description":"Satellite heat detection at 22:35 UTC, in an area days after abnormal fire activity. Urban area."}},{"type":"Feature","geometry":{"type":"Point","coordinates":[37.92815,49.02276]},"properties":{"source":"economist_fires","source_name":"The Economist war-fire model","source_url":"https://github.com/TheEconomist/the-economist-war-fire-model","id":804,"date":"2026-09-13","link":"https://www.economist.com/interactive/graphic-detail/ukraine-fires","category":"Fire classified as war-related (model estimate)","side":"Not attributed","color":"#FF8C00","radius":3,"orbat":[],"description":"Satellite heat detection at 23:12 UTC, in an area days after abnormal fire activity. Urban area."}},{"type":"Feature","geometry":{"type":"Point","coordinates":[37.92674,49.02109]},"properties":{"source":"economist_fires","source_name":"The Economist war-fire model","source_url":"https://github.com/TheEconomist/the-economist-war-fire-model","id":805,"date":"2026-09-13","link":"https://www.economist.com/interactive/graphic-detail/ukraine-fires","category":"Fire classified as war-related (model estimate)","side":"Not attributed","color":"#FF8C00","radius":3,"orbat":[],"description":"Satellite heat detection at 23:31 UTC, in an area days after abnormal fire activity. Urban area."}},{"type":"Feature","geometry":{"type":"Point","coordinates":[37.91927,49.08496]},"properties":{"source":"economist_fires","source_name":"The Economist war-fire model","source_url":"https://github.com/TheEconomist/the-economist-war-fire-model","id":806,"date":"2026-09-13","link":"https://www.economist.com/interactive/graphic-detail/ukraine-fires","category":"Fire classified as war-related (model estimate)","side":"Not attributed","color":"#FF8C00","radius":3,"orbat":[],"description":"Satellite heat detection at 10:21 UTC, in an area days after abnormal fire activity. Urban area."}},{"type":"Feature","geometry":{"type":"Point","coordinates":[37.90384,49.19895]},"properties":{"source":"economist_fires","source_name":"The Economist war-fire model","source_url":"https://github.com/TheEconomist/the-economist-war-fire-model","id":807,"date":"2026-09-13","link":"https://www.economist.com/interactive/graphic-detail/ukraine-fires","category":"Fire classified as war-related (model estimate)","side":"Not attributed","color":"#FF8C00","radius":3,"orbat":[],"description":"Satellite heat detection at 10:21 UTC, in an area days after abnormal fire activity. Urban area."}},{"type":"Feature","geometry":{"type":"Point","coordinates":[37.88199,49.36656]},"properties":{"source":"economist_fires","source_name":"The Economist war-fire model","source_url":"https://github.com/TheEconomist/the-economist-war-fire-model","id":808,"date":"2026-09-13","link":"https://www.economist.com/interactive/graphic-detail/ukraine-fires","category":"Fire classified as war-related (model estimate)","side":"Not attributed","color":"#FF8C00","radius":3,"orbat":[],"description":"Satellite heat detection at 09:17 UTC, in an area days after abnormal fire activity. Urban area."}},{"type":"Feature","geometry":{"type":"Point","coordinates":[37.87654,49.36553]},"properties":{"source":"economist_fires","source_name":"The Economist war-fire model","source_url":"https://github.com/TheEconomist/the-economist-war-fire-model","id":809,"date":"2026-09-13","link":"https://www.economist.com/interactive/graphic-detail/ukraine-fires","category":"Fire classified as war-related (model estimate)","side":"Not attributed","color":"#FF8C00","radius":3,"orbat":[],"description":"Satellite heat detection at 10:58 UTC, in an area days after abnormal fire activity. Urban area."}},{"type":"Feature","geometry":{"type":"Point","coordinates":[37.89445,49.36694]},"properties":{"source":"economist_fires","source_name":"The Economist war-fire model","source_url":"https://github.com/TheEconomist/the-economist-war-fire-model","id":810,"date":"2026-09-13","link":"https://www.economist.com/interactive/graphic-detail/ukraine-fires","category":"Fire classified as war-related (model estimate)","side":"Not attributed","color":"#FF8C00","radius":3,"orbat":[],"description":"Satellite heat detection at 10:58 UTC, in an area days after abnormal fire activity. Urban area."}},{"type":"Feature","geometry":{"type":"Point","coordinates":[37.89764,49.36597]},"properties":{"source":"economist_fires","source_name":"The Economist war-fire model","source_url":"https://github.com/TheEconomist/the-economist-war-fire-model","id":811,"date":"2026-09-13","link":"https://www.economist.com/interactive/graphic-detail/ukraine-fires","category":"Fire classified as war-related (model estimate)","side":"Not attributed","color":"#FF8C00","radius":3,"orbat":[],"description":"Satellite heat detection at 11:17 UTC, in an area days after abnormal fire activity. Urban area."}},{"type":"Feature","geometry":{"type":"Point","coordinates":[37.89072,49.36823]},"properties":{"source":"economist_fires","source_name":"The Economist war-fire model","source_url":"https://github.com/TheEconomist/the-economist-war-fire-model","id":812,"date":"2026-09-13","link":"https://www.economist.com/interactive/graphic-detail/ukraine-fires","category":"Fire classified as war-related (model estimate)","side":"Not attributed","color":"#FF8C00","radius":3,"orbat":[],"description":"Satellite heat detection at 11:17 UTC, in an area days after abnormal fire activity. Urban area."}},{"type":"Feature","geometry":{"type":"Point","coordinates":[37.89669,49.36836]},"properties":{"source":"economist_fires","source_name":"The Economist war-fire model","source_url":"https://github.com/TheEconomist/the-economist-war-fire-model","id":813,"date":"2026-09-13","link":"https://www.economist.com/interactive/graphic-detail/ukraine-fires","category":"Fire classified as war-related (model estimate)","side":"Not attributed","color":"#FF8C00","radius":3,"orbat":[],"description":"Satellite heat detection at 11:17 UTC, in an area days after abnormal fire activity. Urban area."}},{"type":"Feature","geometry":{"type":"Point","coordinates":[37.8915,49.37148]},"properties":{"source":"economist_fires","source_name":"The Economist war-fire model","source_url":"https://github.com/TheEconomist/the-economist-war-fire-model","id":814,"date":"2026-09-13","link":"https://www.economist.com/interactive/graphic-detail/ukraine-fires","category":"Fire classified as war-related (model estimate)","side":"Not attributed","color":"#FF8C00","radius":3,"orbat":[],"description":"Satellite heat detection at 11:17 UTC, in an area days after abnormal fire activity. Urban area."}},{"type":"Feature","geometry":{"type":"Point","coordinates":[37.88244,49.41341]},"properties":{"source":"economist_fires","source_name":"The Economist war-fire model","source_url":"https://github.com/TheEconomist/the-economist-war-fire-model","id":815,"date":"2026-09-13","link":"https://www.economist.com/interactive/graphic-detail/ukraine-fires","category":"Fire classified as war-related (model estimate)","side":"Not attributed","color":"#FF8C00","radius":3,"orbat":[],"description":"Satellite heat detection at 11:17 UTC, in an area days after abnormal fire activity. Urban area."}},{"type":"Feature","geometry":{"type":"Point","coordinates":[37.85804,49.38947]},"properties":{"source":"economist_fires","source_name":"The Economist war-fire model","source_url":"https://github.com/TheEconomist/the-economist-war-fire-model","id":816,"date":"2026-09-13","link":"https://www.economist.com/interactive/graphic-detail/ukraine-fires","category":"Fire classified as war-related (model estimate)","side":"Not attributed","color":"#FF8C00","radius":3,"orbat":[],"description":"Satellite heat detection at 12:49 UTC, in an area days after abnormal fire activity. Urban area."}},{"type":"Feature","geometry":{"type":"Point","coordinates":[38.02762,48.76606]},"properties":{"source":"economist_fires","source_name":"The Economist war-fire model","source_url":"https://github.com/TheEconomist/the-economist-war-fire-model","id":817,"date":"2026-09-13","link":"https://www.economist.com/interactive/graphic-detail/ukraine-fires","category":"Fire classified as war-related (model estimate)","side":"Not attributed","color":"#FF8C00","radius":3,"orbat":[],"description":"Satellite heat detection at 10:58 UTC, in an area days after abnormal fire activity. Urban area."}},{"type":"Feature","geometry":{"type":"Point","coordinates":[37.97948,49.01822]},"properties":{"source":"economist_fires","source_name":"The Economist war-fire model","source_url":"https://github.com/TheEconomist/the-economist-war-fire-model","id":818,"date":"2026-09-13","link":"https://www.economist.com/interactive/graphic-detail/ukraine-fires","category":"Fire classified as war-related (model estimate)","side":"Not attributed","color":"#FF8C00","radius":3,"orbat":[],"description":"Satellite heat detection at 09:39 UTC, in an area days after abnormal fire activity. Urban area."}},{"type":"Feature","geometry":{"type":"Point","coordinates":[37.98174,49.37267]},"properties":{"source":"economist_fires","source_name":"The Economist war-fire model","source_url":"https://github.com/TheEconomist/the-economist-war-fire-model","id":819,"date":"2026-09-13","link":"https://www.economist.com/interactive/graphic-detail/ukraine-fires","category":"Fire classified as war-related (model estimate)","side":"Not attributed","color":"#FF8C00","radius":3,"orbat":[],"description":"Satellite heat detection at 09:17 UTC, in an area days after abnormal fire activity. Urban area."}},{"type":"Feature","geometry":{"type":"Point","coordinates":[37.97852,49.37175]},"properties":{"source":"economist_fires","source_name":"The Economist war-fire model","source_url":"https://github.com/TheEconomist/the-economist-war-fire-model","id":820,"date":"2026-09-13","link":"https://www.economist.com/interactive/graphic-detail/ukraine-fires","category":"Fire classified as war-related (model estimate)","side":"Not attributed","color":"#FF8C00","radius":3,"orbat":[],"description":"Satellite heat detection at 09:39 UTC, in an area days after abnormal fire activity. Urban area."}},{"type":"Feature","geometry":{"type":"Point","coordinates":[37.98499,49.37339]},"properties":{"source":"economist_fires","source_name":"The Economist war-fire model","source_url":"https://github.com/TheEconomist/the-economist-war-fire-model","id":821,"date":"2026-09-13","link":"https://www.economist.com/interactive/graphic-detail/ukraine-fires","category":"Fire classified as war-related (model estimate)","side":"Not attributed","color":"#FF8C00","radius":3,"orbat":[],"description":"Satellite heat detection at 09:39 UTC, in an area days after abnormal fire activity. Urban area."}},{"type":"Feature","geometry":{"type":"Point","coordinates":[38.02352,49.56206]},"properties":{"source":"economist_fires","source_name":"The Economist war-fire model","source_url":"https://github.com/TheEconomist/the-economist-war-fire-model","id":822,"date":"2026-09-13","link":"https://www.economist.com/interactive/graphic-detail/ukraine-fires","category":"Fire classified as war-related (model estimate)","side":"Not attributed","color":"#FF8C00","radius":3,"orbat":[],"description":"Satellite heat detection at 09:17 UTC, in an area of abnormal fire activity. Urban area."}},{"type":"Feature","geometry":{"type":"Point","coordinates":[38.02026,49.56313]},"properties":{"source":"economist_fires","source_name":"The Economist war-fire model","source_url":"https://github.com/TheEconomist/the-economist-war-fire-model","id":823,"date":"2026-09-13","link":"https://www.economist.com/interactive/graphic-detail/ukraine-fires","category":"Fire classified as war-related (model estimate)","side":"Not attributed","color":"#FF8C00","radius":3,"orbat":[],"description":"Satellite heat detection at 09:17 UTC, in an area of abnormal fire activity. Urban area."}},{"type":"Feature","geometry":{"type":"Point","coordinates":[38.02584,49.56495]},"properties":{"source":"economist_fires","source_name":"The Economist war-fire model","source_url":"https://github.com/TheEconomist/the-economist-war-fire-model","id":824,"date":"2026-09-13","link":"https://www.economist.com/interactive/graphic-detail/ukraine-fires","category":"Fire classified as war-related (model estimate)","side":"Not attributed","color":"#FF8C00","radius":3,"orbat":[],"description":"Satellite heat detection at 09:17 UTC, in an area of abnormal fire activity. Urban area."}},{"type":"Feature","geometry":{"type":"Point","coordinates":[38.03691,49.57927]},"properties":{"source":"economist_fires","source_name":"The Economist war-fire model","source_url":"https://github.com/TheEconomist/the-economist-war-fire-model","id":825,"date":"2026-09-13","link":"https://www.economist.com/interactive/graphic-detail/ukraine-fires","category":"Fire classified as war-related (model estimate)","side":"Not attributed","color":"#FF8C00","radius":3,"orbat":[],"description":"Satellite heat detection at 10:58 UTC, in an area of abnormal fire activity. Urban area."}},{"type":"Feature","geometry":{"type":"Point","coordinates":[38.02178,49.56101]},"properties":{"source":"economist_fires","source_name":"The Economist war-fire model","source_url":"https://github.com/TheEconomist/the-economist-war-fire-model","id":826,"date":"2026-09-13","link":"https://www.economist.com/interactive/graphic-detail/ukraine-fires","category":"Fire classified as war-related (model estimate)","side":"Not attributed","color":"#FF8C00","radius":3,"orbat":[],"description":"Satellite heat detection at 11:17 UTC, in an area of abnormal fire activity. Urban area."}},{"type":"Feature","geometry":{"type":"Point","coordinates":[38.02767,49.56115]},"properties":{"source":"economist_fires","source_name":"The Economist war-fire model","source_url":"https://github.com/TheEconomist/the-economist-war-fire-model","id":827,"date":"2026-09-13","link":"https://www.economist.com/interactive/graphic-detail/ukraine-fires","category":"Fire classified as war-related (model estimate)","side":"Not attributed","color":"#FF8C00","radius":3,"orbat":[],"description":"Satellite heat detection at 11:17 UTC, in an area of abnormal fire activity. Urban area."}},{"type":"Feature","geometry":{"type":"Point","coordinates":[38.03971,49.56145]},"properties":{"source":"economist_fires","source_name":"The Economist war-fire model","source_url":"https://github.com/TheEconomist/the-economist-war-fire-model","id":828,"date":"2026-09-13","link":"https://www.economist.com/interactive/graphic-detail/ukraine-fires","category":"Fire classified as war-related (model estimate)","side":"Not attributed","color":"#FF8C00","radius":3,"orbat":[],"description":"Satellite heat detection at 11:17 UTC, in an area of abnormal fire activity. Urban area."}},{"type":"Feature","geometry":{"type":"Point","coordinates":[38.02067,49.5627]},"properties":{"source":"economist_fires","source_name":"The Economist war-fire model","source_url":"https://github.com/TheEconomist/the-economist-war-fire-model","id":829,"date":"2026-09-13","link":"https://www.economist.com/interactive/graphic-detail/ukraine-fires","category":"Fire classified as war-related (model estimate)","side":"Not attributed","color":"#FF8C00","radius":3,"orbat":[],"description":"Satellite heat detection at 11:17 UTC, in an area of abnormal fire activity. Urban area."}},{"type":"Feature","geometry":{"type":"Point","coordinates":[38.02658,49.56282]},"properties":{"source":"economist_fires","source_name":"The Economist war-fire model","source_url":"https://github.com/TheEconomist/the-economist-war-fire-model","id":830,"date":"2026-09-13","link":"https://www.economist.com/interactive/graphic-detail/ukraine-fires","category":"Fire classified as war-related (model estimate)","side":"Not attributed","color":"#FF8C00","radius":3,"orbat":[],"description":"Satellite heat detection at 11:17 UTC, in an area of abnormal fire activity. Urban area."}},{"type":"Feature","geometry":{"type":"Point","coordinates":[38.03864,49.56306]},"properties":{"source":"economist_fires","source_name":"The Economist war-fire model","source_url":"https://github.com/TheEconomist/the-economist-war-fire-model","id":831,"date":"2026-09-13","link":"https://www.economist.com/interactive/graphic-detail/ukraine-fires","category":"Fire classified as war-related (model estimate)","side":"Not attributed","color":"#FF8C00","radius":3,"orbat":[],"description":"Satellite heat detection at 11:17 UTC, in an area of abnormal fire activity. Urban area."}},{"type":"Feature","geometry":{"type":"Point","coordinates":[38.02121,49.56671]},"properties":{"source":"economist_fires","source_name":"The Economist war-fire model","source_url":"https://github.com/TheEconomist/the-economist-war-fire-model","id":832,"date":"2026-09-13","link":"https://www.economist.com/interactive/graphic-detail/ukraine-fires","category":"Fire classified as war-related (model estimate)","side":"Not attributed","color":"#FF8C00","radius":3,"orbat":[],"description":"Satellite heat detection at 11:17 UTC, in an area of abnormal fire activity. Urban area."}},{"type":"Feature","geometry":{"type":"Point","coordinates":[38.03992,49.5786]},"properties":{"source":"economist_fires","source_name":"The Economist war-fire model","source_url":"https://github.com/TheEconomist/the-economist-war-fire-model","id":833,"date":"2026-09-13","link":"https://www.economist.com/interactive/graphic-detail/ukraine-fires","category":"Fire classified as war-related (model estimate)","side":"Not attributed","color":"#FF8C00","radius":3,"orbat":[],"description":"Satellite heat detection at 11:17 UTC, in an area of abnormal fire activity. Urban area."}},{"type":"Feature","geometry":{"type":"Point","coordinates":[38.03888,49.58021]},"properties":{"source":"economist_fires","source_name":"The Economist war-fire model","source_url":"https://github.com/TheEconomist/the-economist-war-fire-model","id":834,"date":"2026-09-13","link":"https://www.economist.com/interactive/graphic-detail/ukraine-fires","category":"Fire classified as war-related (model estimate)","side":"Not attributed","color":"#FF8C00","radius":3,"orbat":[],"description":"Satellite heat detection at 11:17 UTC, in an area of abnormal fire activity. Urban area."}},{"type":"Feature","geometry":{"type":"Point","coordinates":[38.03261,49.55109]},"properties":{"source":"economist_fires","source_name":"The Economist war-fire model","source_url":"https://github.com/TheEconomist/the-economist-war-fire-model","id":835,"date":"2026-09-13","link":"https://www.economist.com/interactive/graphic-detail/ukraine-fires","category":"Fire classified as war-related (model estimate)","side":"Not attributed","color":"#FF8C00","radius":3,"orbat":[],"description":"Satellite heat detection at 12:49 UTC, in an area of abnormal fire activity. Urban area."}},{"type":"Feature","geometry":{"type":"Point","coordinates":[38.08043,48.95851]},"properties":{"source":"economist_fires","source_name":"The Economist war-fire model","source_url":"https://github.com/TheEconomist/the-economist-war-fire-model","id":836,"date":"2026-09-13","link":"https://www.economist.com/interactive/graphic-detail/ukraine-fires","category":"Fire classified as war-related (model estimate)","side":"Not attributed","color":"#FF8C00","radius":3,"orbat":[],"description":"Satellite heat detection at 09:39 UTC, in an area days after abnormal fire activity. Urban area."}},{"type":"Feature","geometry":{"type":"Point","coordinates":[38.07228,49.04674]},"properties":{"source":"economist_fires","source_name":"The Economist war-fire model","source_url":"https://github.com/TheEconomist/the-economist-war-fire-model","id":837,"date":"2026-09-13","link":"https://www.economist.com/interactive/graphic-detail/ukraine-fires","category":"Fire classified as war-related (model estimate)","side":"Not attributed","color":"#FF8C00","radius":3,"orbat":[],"description":"Satellite heat detection at 09:39 UTC, in an area days after abnormal fire activity. Urban area."}},{"type":"Feature","geometry":{"type":"Point","coordinates":[38.0686,49.04806]},"properties":{"source":"economist_fires","source_name":"The Economist war-fire model","source_url":"https://github.com/TheEconomist/the-economist-war-fire-model","id":838,"date":"2026-09-13","link":"https://www.economist.com/interactive/graphic-detail/ukraine-fires","category":"Fire classified as war-related (model estimate)","side":"Not attributed","color":"#FF8C00","radius":3,"orbat":[],"description":"Satellite heat detection at 10:21 UTC, in an area days after abnormal fire activity. Urban area."}},{"type":"Feature","geometry":{"type":"Point","coordinates":[38.10305,49.02914]},"properties":{"source":"economist_fires","source_name":"The Economist war-fire model","source_url":"https://github.com/TheEconomist/the-economist-war-fire-model","id":839,"date":"2026-09-13","link":"https://www.economist.com/interactive/graphic-detail/ukraine-fires","category":"Fire classified as war-related (model estimate)","side":"Not attributed","color":"#FF8C00","radius":3,"orbat":[],"description":"Satellite heat detection at 12:49 UTC, in an area days after abnormal fire activity. Urban area."}},{"type":"Feature","geometry":{"type":"Point","coordinates":[38.21777,48.37443]},"properties":{"source":"economist_fires","source_name":"The Economist war-fire model","source_url":"https://github.com/TheEconomist/the-economist-war-fire-model","id":840,"date":"2026-09-13","link":"https://www.economist.com/interactive/graphic-detail/ukraine-fires","category":"Fire classified as war-related (model estimate)","side":"Not attributed","color":"#FF8C00","radius":3,"orbat":[],"description":"Satellite heat detection at 09:17 UTC, in an area of abnormal fire activity. Urban area."}},{"type":"Feature","geometry":{"type":"Point","coordinates":[38.21386,48.3798]},"properties":{"source":"economist_fires","source_name":"The Economist war-fire model","source_url":"https://github.com/TheEconomist/the-economist-war-fire-model","id":841,"date":"2026-09-13","link":"https://www.economist.com/interactive/graphic-detail/ukraine-fires","category":"Fire classified as war-related (model estimate)","side":"Not attributed","color":"#FF8C00","radius":3,"orbat":[],"description":"Satellite heat detection at 09:17 UTC, in an area of abnormal fire activity. Urban area."}},{"type":"Feature","geometry":{"type":"Point","coordinates":[38.21999,48.37553]},"properties":{"source":"economist_fires","source_name":"The Economist war-fire model","source_url":"https://github.com/TheEconomist/the-economist-war-fire-model","id":842,"date":"2026-09-13","link":"https://www.economist.com/interactive/graphic-detail/ukraine-fires","category":"Fire classified as war-related (model estimate)","side":"Not attributed","color":"#FF8C00","radius":3,"orbat":[],"description":"Satellite heat detection at 09:39 UTC, in an area of abnormal fire activity. Urban area."}},{"type":"Feature","geometry":{"type":"Point","coordinates":[38.21805,48.37735]},"properties":{"source":"economist_fires","source_name":"The Economist war-fire model","source_url":"https://github.com/TheEconomist/the-economist-war-fire-model","id":843,"date":"2026-09-13","link":"https://www.economist.com/interactive/graphic-detail/ukraine-fires","category":"Fire classified as war-related (model estimate)","side":"Not attributed","color":"#FF8C00","radius":3,"orbat":[],"description":"Satellite heat detection at 09:39 UTC, in an area of abnormal fire activity. Urban area."}},{"type":"Feature","geometry":{"type":"Point","coordinates":[38.22427,48.37895]},"properties":{"source":"economist_fires","source_name":"The Economist war-fire model","source_url":"https://github.com/TheEconomist/the-economist-war-fire-model","id":844,"date":"2026-09-13","link":"https://www.economist.com/interactive/graphic-detail/ukraine-fires","category":"Fire classified as war-related (model estimate)","side":"Not attributed","color":"#FF8C00","radius":3,"orbat":[],"description":"Satellite heat detection at 09:39 UTC, in an area of abnormal fire activity. Urban area."}},{"type":"Feature","geometry":{"type":"Point","coordinates":[38.21752,48.37977]},"properties":{"source":"economist_fires","source_name":"The Economist war-fire model","source_url":"https://github.com/TheEconomist/the-economist-war-fire-model","id":845,"date":"2026-09-13","link":"https://www.economist.com/interactive/graphic-detail/ukraine-fires","category":"Fire classified as war-related (model estimate)","side":"Not attributed","color":"#FF8C00","radius":3,"orbat":[],"description":"Satellite heat detection at 09:39 UTC, in an area of abnormal fire activity. Urban area."}},{"type":"Feature","geometry":{"type":"Point","coordinates":[38.22378,48.38134]},"properties":{"source":"economist_fires","source_name":"The Economist war-fire model","source_url":"https://github.com/TheEconomist/the-economist-war-fire-model","id":846,"date":"2026-09-13","link":"https://www.economist.com/interactive/graphic-detail/ukraine-fires","category":"Fire classified as war-related (model estimate)","side":"Not attributed","color":"#FF8C00","radius":3,"orbat":[],"description":"Satellite heat detection at 09:39 UTC, in an area of abnormal fire activity. Urban area."}},{"type":"Feature","geometry":{"type":"Point","coordinates":[38.21559,48.38159]},"properties":{"source":"economist_fires","source_name":"The Economist war-fire model","source_url":"https://github.com/TheEconomist/the-economist-war-fire-model","id":847,"date":"2026-09-13","link":"https://www.economist.com/interactive/graphic-detail/ukraine-fires","category":"Fire classified as war-related (model estimate)","side":"Not attributed","color":"#FF8C00","radius":3,"orbat":[],"description":"Satellite heat detection at 09:39 UTC, in an area of abnormal fire activity. Urban area."}},{"type":"Feature","geometry":{"type":"Point","coordinates":[38.22181,48.38318]},"properties":{"source":"economist_fires","source_name":"The Economist war-fire model","source_url":"https://github.com/TheEconomist/the-economist-war-fire-model","id":848,"date":"2026-09-13","link":"https://www.economist.com/interactive/graphic-detail/ukraine-fires","category":"Fire classified as war-related (model estimate)","side":"Not attributed","color":"#FF8C00","radius":3,"orbat":[],"description":"Satellite heat detection at 09:39 UTC, in an area of abnormal fire activity. Urban area."}},{"type":"Feature","geometry":{"type":"Point","coordinates":[38.21376,48.37534]},"properties":{"source":"economist_fires","source_name":"The Economist war-fire model","source_url":"https://github.com/TheEconomist/the-economist-war-fire-model","id":849,"date":"2026-09-13","link":"https://www.economist.com/interactive/graphic-detail/ukraine-fires","category":"Fire classified as war-related (model estimate)","side":"Not attributed","color":"#FF8C00","radius":3,"orbat":[],"description":"Satellite heat detection at 10:21 UTC, in an area of abnormal fire activity. Urban area."}},{"type":"Feature","geometry":{"type":"Point","coordinates":[38.21914,48.37606]},"properties":{"source":"economist_fires","source_name":"The Economist war-fire model","source_url":"https://github.com/TheEconomist/the-economist-war-fire-model","id":850,"date":"2026-09-13","link":"https://www.economist.com/interactive/graphic-detail/ukraine-fires","category":"Fire classified as war-related (model estimate)","side":"Not attributed","color":"#FF8C00","radius":3,"orbat":[],"description":"Satellite heat detection at 10:21 UTC, in an area of abnormal fire activity. Urban area."}},{"type":"Feature","geometry":{"type":"Point","coordinates":[38.22452,48.37678]},"properties":{"source":"economist_fires","source_name":"The Economist war-fire model","source_url":"https://github.com/TheEconomist/the-economist-war-fire-model","id":851,"date":"2026-09-13","link":"https://www.economist.com/interactive/graphic-detail/ukraine-fires","category":"Fire classified as war-related (model estimate)","side":"Not attributed","color":"#FF8C00","radius":3,"orbat":[],"description":"Satellite heat detection at 10:21 UTC, in an area of abnormal fire activity. Urban area."}},{"type":"Feature","geometry":{"type":"Point","coordinates":[38.22351,48.38011]},"properties":{"source":"economist_fires","source_name":"The Economist war-fire model","source_url":"https://github.com/TheEconomist/the-economist-war-fire-model","id":852,"date":"2026-09-13","link":"https://www.economist.com/interactive/graphic-detail/ukraine-fires","category":"Fire classified as war-related (model estimate)","side":"Not attributed","color":"#FF8C00","radius":3,"orbat":[],"description":"Satellite heat detection at 10:21 UTC, in an area of abnormal fire activity. Urban area."}},{"type":"Feature","geometry":{"type":"Point","coordinates":[38.22151,48.38678]},"properties":{"source":"economist_fires","source_name":"The Economist war-fire model","source_url":"https://github.com/TheEconomist/the-economist-war-fire-model","id":853,"date":"2026-09-13","link":"https://www.economist.com/interactive/graphic-detail/ukraine-fires","category":"Fire classified as war-related (model estimate)","side":"Not attributed","color":"#FF8C00","radius":3,"orbat":[],"description":"Satellite heat detection at 10:21 UTC, in an area of abnormal fire activity. Urban area."}},{"type":"Feature","geometry":{"type":"Point","coordinates":[38.21513,48.3894]},"properties":{"source":"economist_fires","source_name":"The Economist war-fire model","source_url":"https://github.com/TheEconomist/the-economist-war-fire-model","id":854,"date":"2026-09-13","link":"https://www.economist.com/interactive/graphic-detail/ukraine-fires","category":"Fire classified as war-related (model estimate)","side":"Not attributed","color":"#FF8C00","radius":3,"orbat":[],"description":"Satellite heat detection at 10:21 UTC, in an area of abnormal fire activity. Urban area."}},{"type":"Feature","geometry":{"type":"Point","coordinates":[38.21659,48.37797]},"properties":{"source":"economist_fires","source_name":"The Economist war-fire model","source_url":"https://github.com/TheEconomist/the-economist-war-fire-model","id":855,"date":"2026-09-13","link":"https://www.economist.com/interactive/graphic-detail/ukraine-fires","category":"Fire classified as war-related (model estimate)","side":"Not attributed","color":"#FF8C00","radius":3,"orbat":[],"description":"Satellite heat detection at 10:58 UTC, in an area of abnormal fire activity. Urban area."}},{"type":"Feature","geometry":{"type":"Point","coordinates":[38.22258,48.37845]},"properties":{"source":"economist_fires","source_name":"The Economist war-fire model","source_url":"https://github.com/TheEconomist/the-economist-war-fire-model","id":856,"date":"2026-09-13","link":"https://www.economist.com/interactive/graphic-detail/ukraine-fires","category":"Fire classified as war-related (model estimate)","side":"Not attributed","color":"#FF8C00","radius":3,"orbat":[],"description":"Satellite heat detection at 10:58 UTC, in an area of abnormal fire activity. Urban area."}},{"type":"Feature","geometry":{"type":"Point","coordinates":[38.22189,48.38269]},"properties":{"source":"economist_fires","source_name":"The Economist war-fire model","source_url":"https://github.com/TheEconomist/the-economist-war-fire-model","id":857,"date":"2026-09-13","link":"https://www.economist.com/interactive/graphic-detail/ukraine-fires","category":"Fire classified as war-related (model estimate)","side":"Not attributed","color":"#FF8C00","radius":3,"orbat":[],"description":"Satellite heat detection at 10:58 UTC, in an area of abnormal fire activity. Urban area."}},{"type":"Feature","geometry":{"type":"Point","coordinates":[38.2212,48.38692]},"properties":{"source":"economist_fires","source_name":"The Economist war-fire model","source_url":"https://github.com/TheEconomist/the-economist-war-fire-model","id":858,"date":"2026-09-13","link":"https://www.economist.com/interactive/graphic-detail/ukraine-fires","category":"Fire classified as war-related (model estimate)","side":"Not attributed","color":"#FF8C00","radius":3,"orbat":[],"description":"Satellite heat detection at 10:58 UTC, in an area of abnormal fire activity. Urban area."}},{"type":"Feature","geometry":{"type":"Point","coordinates":[38.22708,48.3874]},"properties":{"source":"economist_fires","source_name":"The Economist war-fire model","source_url":"https://github.com/TheEconomist/the-economist-war-fire-model","id":859,"date":"2026-09-13","link":"https://www.economist.com/interactive/graphic-detail/ukraine-fires","category":"Fire classified as war-related (model estimate)","side":"Not attributed","color":"#FF8C00","radius":3,"orbat":[],"description":"Satellite heat detection at 10:58 UTC, in an area of abnormal fire activity. Urban area."}},{"type":"Feature","geometry":{"type":"Point","coordinates":[38.21457,48.39067]},"properties":{"source":"economist_fires","source_name":"The Economist war-fire model","source_url":"https://github.com/TheEconomist/the-economist-war-fire-model","id":860,"date":"2026-09-13","link":"https://www.economist.com/interactive/graphic-detail/ukraine-fires","category":"Fire classified as war-related (model estimate)","side":"Not attributed","color":"#FF8C00","radius":3,"orbat":[],"description":"Satellite heat detection at 10:58 UTC, in an area of abnormal fire activity. Urban area."}},{"type":"Feature","geometry":{"type":"Point","coordinates":[38.2205,48.39116]},"properties":{"source":"economist_fires","source_name":"The Economist war-fire model","source_url":"https://github.com/TheEconomist/the-economist-war-fire-model","id":861,"date":"2026-09-13","link":"https://www.economist.com/interactive/graphic-detail/ukraine-fires","category":"Fire classified as war-related (model estimate)","side":"Not attributed","color":"#FF8C00","radius":3,"orbat":[],"description":"Satellite heat detection at 10:58 UTC, in an area of abnormal fire activity. Urban area."}},{"type":"Feature","geometry":{"type":"Point","coordinates":[38.23209,48.39211]},"properties":{"source":"economist_fires","source_name":"The Economist war-fire model","source_url":"https://github.com/TheEconomist/the-economist-war-fire-model","id":862,"date":"2026-09-13","link":"https://www.economist.com/interactive/graphic-detail/ukraine-fires","category":"Fire classified as war-related (model estimate)","side":"Not attributed","color":"#FF8C00","radius":3,"orbat":[],"description":"Satellite heat detection at 10:58 UTC, in an area of abnormal fire activity. Urban area."}},{"type":"Feature","geometry":{"type":"Point","coordinates":[38.22558,48.39587]},"properties":{"source":"economist_fires","source_name":"The Economist war-fire model","source_url":"https://github.com/TheEconomist/the-economist-war-fire-model","id":863,"date":"2026-09-13","link":"https://www.economist.com/interactive/graphic-detail/ukraine-fires","category":"Fire classified as war-related (model estimate)","side":"Not attributed","color":"#FF8C00","radius":3,"orbat":[],"description":"Satellite heat detection at 10:58 UTC, in an area of abnormal fire activity. Urban area."}},{"type":"Feature","geometry":{"type":"Point","coordinates":[38.23131,48.39634]},"properties":{"source":"economist_fires","source_name":"The Economist war-fire model","source_url":"https://github.com/TheEconomist/the-economist-war-fire-model","id":864,"date":"2026-09-13","link":"https://www.economist.com/interactive/graphic-detail/ukraine-fires","category":"Fire classified as war-related (model estimate)","side":"Not attributed","color":"#FF8C00","radius":3,"orbat":[],"description":"Satellite heat detection at 10:58 UTC, in an area of abnormal fire activity. Urban area."}},{"type":"Feature","geometry":{"type":"Point","coordinates":[38.21749,48.37718]},"properties":{"source":"economist_fires","source_name":"The Economist war-fire model","source_url":"https://github.com/TheEconomist/the-economist-war-fire-model","id":865,"date":"2026-09-13","link":"https://www.economist.com/interactive/graphic-detail/ukraine-fires","category":"Fire classified as war-related (model estimate)","side":"Not attributed","color":"#FF8C00","radius":3,"orbat":[],"description":"Satellite heat detection at 11:17 UTC, in an area of abnormal fire activity. Urban area."}},{"type":"Feature","geometry":{"type":"Point","coordinates":[38.22359,48.37732]},"properties":{"source":"economist_fires","source_name":"The Economist war-fire model","source_url":"https://github.com/TheEconomist/the-economist-war-fire-model","id":866,"date":"2026-09-13","link":"https://www.economist.com/interactive/graphic-detail/ukraine-fires","category":"Fire classified as war-related (model estimate)","side":"Not attributed","color":"#FF8C00","radius":3,"orbat":[],"description":"Satellite heat detection at 11:17 UTC, in an area of abnormal fire activity. Urban area."}},{"type":"Feature","geometry":{"type":"Point","coordinates":[38.2234,48.38877]},"properties":{"source":"economist_fires","source_name":"The Economist war-fire model","source_url":"https://github.com/TheEconomist/the-economist-war-fire-model","id":867,"date":"2026-09-13","link":"https://www.economist.com/interactive/graphic-detail/ukraine-fires","category":"Fire classified as war-related (model estimate)","side":"Not attributed","color":"#FF8C00","radius":3,"orbat":[],"description":"Satellite heat detection at 11:17 UTC, in an area of abnormal fire activity. Urban area."}},{"type":"Feature","geometry":{"type":"Point","coordinates":[38.2292,48.38892]},"properties":{"source":"economist_fires","source_name":"The Economist war-fire model","source_url":"https://github.com/TheEconomist/the-economist-war-fire-model","id":868,"date":"2026-09-13","link":"https://www.economist.com/interactive/graphic-detail/ukraine-fires","category":"Fire classified as war-related (model estimate)","side":"Not attributed","color":"#FF8C00","radius":3,"orbat":[],"description":"Satellite heat detection at 11:17 UTC, in an area of abnormal fire activity. Urban area."}},{"type":"Feature","geometry":{"type":"Point","coordinates":[38.16315,48.41008]},"properties":{"source":"economist_fires","source_name":"The Economist war-fire model","source_url":"https://github.com/TheEconomist/the-economist-war-fire-model","id":869,"date":"2026-09-13","link":"https://www.economist.com/interactive/graphic-detail/ukraine-fires","category":"Fire classified as war-related (model estimate)","side":"Not attributed","color":"#FF8C00","radius":3,"orbat":[],"description":"Satellite heat detection at 11:17 UTC, in an area of abnormal fire activity. Urban area."}},{"type":"Feature","geometry":{"type":"Point","coordinates":[38.21111,48.37766]},"properties":{"source":"economist_fires","source_name":"The Economist war-fire model","source_url":"https://github.com/TheEconomist/the-economist-war-fire-model","id":870,"date":"2026-09-13","link":"https://www.economist.com/interactive/graphic-detail/ukraine-fires","category":"Fire classified as war-related (model estimate)","side":"Not attributed","color":"#FF8C00","radius":3,"orbat":[],"description":"Satellite heat detection at 12:49 UTC, in an area of abnormal fire activity. Urban area."}},{"type":"Feature","geometry":{"type":"Point","coordinates":[38.22873,48.37952]},"properties":{"source":"economist_fires","source_name":"The Economist war-fire model","source_url":"https://github.com/TheEconomist/the-economist-war-fire-model","id":871,"date":"2026-09-13","link":"https://www.economist.com/interactive/graphic-detail/ukraine-fires","category":"Fire classified as war-related (model estimate)","side":"Not attributed","color":"#FF8C00","radius":3,"orbat":[],"description":"Satellite heat detection at 12:49 UTC, in an area of abnormal fire activity. Urban area."}},{"type":"Feature","geometry":{"type":"Point","coordinates":[38.17291,48.60455]},"properties":{"source":"economist_fires","source_name":"The Economist war-fire model","source_url":"https://github.com/TheEconomist/the-economist-war-fire-model","id":872,"date":"2026-09-13","link":"https://www.economist.com/interactive/graphic-detail/ukraine-fires","category":"Fire classified as war-related (model estimate)","side":"Not attributed","color":"#FF8C00","radius":3,"orbat":[],"description":"Satellite heat detection at 09:39 UTC, in an area days after abnormal fire activity. Urban area."}},{"type":"Feature","geometry":{"type":"Point","coordinates":[38.17936,48.6062]},"properties":{"source":"economist_fires","source_name":"The Economist war-fire model","source_url":"https://github.com/TheEconomist/the-economist-war-fire-model","id":873,"date":"2026-09-13","link":"https://www.economist.com/interactive/graphic-detail/ukraine-fires","category":"Fire classified as war-related (model estimate)","side":"Not attributed","color":"#FF8C00","radius":3,"orbat":[],"description":"Satellite heat detection at 09:39 UTC, in an area days after abnormal fire activity. Urban area."}},{"type":"Feature","geometry":{"type":"Point","coordinates":[38.17279,48.60519]},"properties":{"source":"economist_fires","source_name":"The Economist war-fire model","source_url":"https://github.com/TheEconomist/the-economist-war-fire-model","id":874,"date":"2026-09-13","link":"https://www.economist.com/interactive/graphic-detail/ukraine-fires","category":"Fire classified as war-related (model estimate)","side":"Not attributed","color":"#FF8C00","radius":3,"orbat":[],"description":"Satellite heat detection at 10:21 UTC, in an area days after abnormal fire activity. Urban area."}},{"type":"Feature","geometry":{"type":"Point","coordinates":[38.16752,48.60784]},"properties":{"source":"economist_fires","source_name":"The Economist war-fire model","source_url":"https://github.com/TheEconomist/the-economist-war-fire-model","id":875,"date":"2026-09-13","link":"https://www.economist.com/interactive/graphic-detail/ukraine-fires","category":"Fire classified as war-related (model estimate)","side":"Not attributed","color":"#FF8C00","radius":3,"orbat":[],"description":"Satellite heat detection at 10:58 UTC, in an area days after abnormal fire activity. Urban area."}},{"type":"Feature","geometry":{"type":"Point","coordinates":[38.16644,48.68356]},"properties":{"source":"economist_fires","source_name":"The Economist war-fire model","source_url":"https://github.com/TheEconomist/the-economist-war-fire-model","id":876,"date":"2026-09-13","link":"https://www.economist.com/interactive/graphic-detail/ukraine-fires","category":"Fire classified as war-related (model estimate)","side":"Not attributed","color":"#FF8C00","radius":3,"orbat":[],"description":"Satellite heat detection at 16:45 UTC, in an area days after abnormal fire activity. Urban area."}},{"type":"Feature","geometry":{"type":"Point","coordinates":[38.16996,49.0487]},"properties":{"source":"economist_fires","source_name":"The Economist war-fire model","source_url":"https://github.com/TheEconomist/the-economist-war-fire-model","id":877,"date":"2026-09-13","link":"https://www.economist.com/interactive/graphic-detail/ukraine-fires","category":"Fire classified as war-related (model estimate)","side":"Not attributed","color":"#FF8C00","radius":3,"orbat":[],"description":"Satellite heat detection at 10:58 UTC, in an area days after abnormal fire activity. Urban area."}},{"type":"Feature","geometry":{"type":"Point","coordinates":[38.34737,48.32386]},"properties":{"source":"economist_fires","source_name":"The Economist war-fire model","source_url":"https://github.com/TheEconomist/the-economist-war-fire-model","id":878,"date":"2026-09-13","link":"https://www.economist.com/interactive/graphic-detail/ukraine-fires","category":"Fire classified as war-related (model estimate)","side":"Not attributed","color":"#FF8C00","radius":3,"orbat":[],"description":"Satellite heat detection at 00:35 UTC, in an area of abnormal fire activity. Urban area."}},{"type":"Feature","geometry":{"type":"Point","coordinates":[38.34777,48.32763]},"properties":{"source":"economist_fires","source_name":"The Economist war-fire model","source_url":"https://github.com/TheEconomist/the-economist-war-fire-model","id":879,"date":"2026-09-13","link":"https://www.economist.com/interactive/graphic-detail/ukraine-fires","category":"Fire classified as war-related (model estimate)","side":"Not attributed","color":"#FF8C00","radius":3,"orbat":[],"description":"Satellite heat detection at 00:35 UTC, in an area days after abnormal fire activity. Urban area."}},{"type":"Feature","geometry":{"type":"Point","coordinates":[38.32091,48.33226]},"properties":{"source":"economist_fires","source_name":"The Economist war-fire model","source_url":"https://github.com/TheEconomist/the-economist-war-fire-model","id":880,"date":"2026-09-13","link":"https://www.economist.com/interactive/graphic-detail/ukraine-fires","category":"Fire classified as war-related (model estimate)","side":"Not attributed","color":"#FF8C00","radius":3,"orbat":[],"description":"Satellite heat detection at 00:35 UTC, in an area days after abnormal fire activity. Urban area."}},{"type":"Feature","geometry":{"type":"Point","coordinates":[38.33128,48.33551]},"properties":{"source":"economist_fires","source_name":"The Economist war-fire model","source_url":"https://github.com/TheEconomist/the-economist-war-fire-model","id":881,"date":"2026-09-13","link":"https://www.economist.com/interactive/graphic-detail/ukraine-fires","category":"Fire classified as war-related (model estimate)","side":"Not attributed","color":"#FF8C00","radius":3,"orbat":[],"description":"Satellite heat detection at 10:58 UTC, in an area days after abnormal fire activity. Urban area."}},{"type":"Feature","geometry":{"type":"Point","coordinates":[38.33185,48.33294]},"properties":{"source":"economist_fires","source_name":"The Economist war-fire model","source_url":"https://github.com/TheEconomist/the-economist-war-fire-model","id":882,"date":"2026-09-13","link":"https://www.economist.com/interactive/graphic-detail/ukraine-fires","category":"Fire classified as war-related (model estimate)","side":"Not attributed","color":"#FF8C00","radius":3,"orbat":[],"description":"Satellite heat detection at 11:17 UTC, in an area of abnormal fire activity. Urban area."}},{"type":"Feature","geometry":{"type":"Point","coordinates":[38.33108,48.33393]},"properties":{"source":"economist_fires","source_name":"The Economist war-fire model","source_url":"https://github.com/TheEconomist/the-economist-war-fire-model","id":883,"date":"2026-09-13","link":"https://www.economist.com/interactive/graphic-detail/ukraine-fires","category":"Fire classified as war-related (model estimate)","side":"Not attributed","color":"#FF8C00","radius":3,"orbat":[],"description":"Satellite heat detection at 11:17 UTC, in an area days after abnormal fire activity. Urban area."}},{"type":"Feature","geometry":{"type":"Point","coordinates":[38.32984,48.32854]},"properties":{"source":"economist_fires","source_name":"The Economist war-fire model","source_url":"https://github.com/TheEconomist/the-economist-war-fire-model","id":884,"date":"2026-09-13","link":"https://www.economist.com/interactive/graphic-detail/ukraine-fires","category":"Fire classified as war-related (model estimate)","side":"Not attributed","color":"#FF8C00","radius":3,"orbat":[],"description":"Satellite heat detection at 12:49 UTC, in an area days after abnormal fire activity. Urban area."}},{"type":"Feature","geometry":{"type":"Point","coordinates":[38.29378,48.81427]},"properties":{"source":"economist_fires","source_name":"The Economist war-fire model","source_url":"https://github.com/TheEconomist/the-economist-war-fire-model","id":885,"date":"2026-09-13","link":"https://www.economist.com/interactive/graphic-detail/ukraine-fires","category":"Fire classified as war-related (model estimate)","side":"Not attributed","color":"#FF8C00","radius":3,"orbat":[],"description":"Satellite heat detection at 12:49 UTC, in an area days after abnormal fire activity. Urban area."}},{"type":"Feature","geometry":{"type":"Point","coordinates":[38.2685,48.87064]},"properties":{"source":"economist_fires","source_name":"The Economist war-fire model","source_url":"https://github.com/TheEconomist/the-economist-war-fire-model","id":886,"date":"2026-09-13","link":"https://www.economist.com/interactive/graphic-detail/ukraine-fires","category":"Fire classified as war-related (model estimate)","side":"Not attributed","color":"#FF8C00","radius":3,"orbat":[],"description":"Satellite heat detection at 10:21 UTC, in an area days after abnormal fire activity. Urban area."}},{"type":"Feature","geometry":{"type":"Point","coordinates":[38.25576,49.45428]},"properties":{"source":"economist_fires","source_name":"The Economist war-fire model","source_url":"https://github.com/TheEconomist/the-economist-war-fire-model","id":887,"date":"2026-09-13","link":"https://www.economist.com/interactive/graphic-detail/ukraine-fires","category":"Fire classified as war-related (model estimate)","side":"Not attributed","color":"#FF8C00","radius":3,"orbat":[],"description":"Satellite heat detection at 09:17 UTC, in an area days after abnormal fire activity. Urban area."}},{"type":"Feature","geometry":{"type":"Point","coordinates":[38.26128,49.45605]},"properties":{"source":"economist_fires","source_name":"The Economist war-fire model","source_url":"https://github.com/TheEconomist/the-economist-war-fire-model","id":888,"date":"2026-09-13","link":"https://www.economist.com/interactive/graphic-detail/ukraine-fires","category":"Fire classified as war-related (model estimate)","side":"Not attributed","color":"#FF8C00","radius":3,"orbat":[],"description":"Satellite heat detection at 09:17 UTC, in an area days after abnormal fire activity. Urban area."}},{"type":"Feature","geometry":{"type":"Point","coordinates":[38.3722,48.2846]},"properties":{"source":"economist_fires","source_name":"The Economist war-fire model","source_url":"https://github.com/TheEconomist/the-economist-war-fire-model","id":889,"date":"2026-09-13","link":"https://www.economist.com/interactive/graphic-detail/ukraine-fires","category":"Fire classified as war-related (model estimate)","side":"Not attributed","color":"#FF8C00","radius":3,"orbat":[],"description":"Satellite heat detection at 10:58 UTC, in an area of abnormal fire activity. Urban area."}},{"type":"Feature","geometry":{"type":"Point","coordinates":[38.37477,48.28223]},"properties":{"source":"economist_fires","source_name":"The Economist war-fire model","source_url":"https://github.com/TheEconomist/the-economist-war-fire-model","id":890,"date":"2026-09-13","link":"https://www.economist.com/interactive/graphic-detail/ukraine-fires","category":"Fire classified as war-related (model estimate)","side":"Not attributed","color":"#FF8C00","radius":3,"orbat":[],"description":"Satellite heat detection at 11:17 UTC, in an area of abnormal fire activity. Urban area."}},{"type":"Feature","geometry":{"type":"Point","coordinates":[38.3638,48.28226]},"properties":{"source":"economist_fires","source_name":"The Economist war-fire model","source_url":"https://github.com/TheEconomist/the-economist-war-fire-model","id":891,"date":"2026-09-13","link":"https://www.economist.com/interactive/graphic-detail/ukraine-fires","category":"Fire classified as war-related (model estimate)","side":"Not attributed","color":"#FF8C00","radius":3,"orbat":[],"description":"Satellite heat detection at 12:49 UTC, in an area of abnormal fire activity. Urban area."}},{"type":"Feature","geometry":{"type":"Point","coordinates":[38.38131,48.28407]},"properties":{"source":"economist_fires","source_name":"The Economist war-fire model","source_url":"https://github.com/TheEconomist/the-economist-war-fire-model","id":892,"date":"2026-09-13","link":"https://www.economist.com/interactive/graphic-detail/ukraine-fires","category":"Fire classified as war-related (model estimate)","side":"Not attributed","color":"#FF8C00","radius":3,"orbat":[],"description":"Satellite heat detection at 12:49 UTC, in an area of abnormal fire activity. Urban area."}},{"type":"Feature","geometry":{"type":"Point","coordinates":[38.38729,48.27225]},"properties":{"source":"economist_fires","source_name":"The Economist war-fire model","source_url":"https://github.com/TheEconomist/the-economist-war-fire-model","id":893,"date":"2026-09-13","link":"https://www.economist.com/interactive/graphic-detail/ukraine-fires","category":"Fire classified as war-related (model estimate)","side":"Not attributed","color":"#FF8C00","radius":3,"orbat":[],"description":"Satellite heat detection at 22:35 UTC, in an area of abnormal fire activity. Urban area."}},{"type":"Feature","geometry":{"type":"Point","coordinates":[38.38192,48.27243]},"properties":{"source":"economist_fires","source_name":"The Economist war-fire model","source_url":"https://github.com/TheEconomist/the-economist-war-fire-model","id":894,"date":"2026-09-13","link":"https://www.economist.com/interactive/graphic-detail/ukraine-fires","category":"Fire classified as war-related (model estimate)","side":"Not attributed","color":"#FF8C00","radius":3,"orbat":[],"description":"Satellite heat detection at 22:35 UTC, in an area of abnormal fire activity. Urban area."}},{"type":"Feature","geometry":{"type":"Point","coordinates":[38.38971,48.27172]},"properties":{"source":"economist_fires","source_name":"The Economist war-fire model","source_url":"https://github.com/TheEconomist/the-economist-war-fire-model","id":895,"date":"2026-09-13","link":"https://www.economist.com/interactive/graphic-detail/ukraine-fires","category":"Fire classified as war-related (model estimate)","side":"Not attributed","color":"#FF8C00","radius":3,"orbat":[],"description":"Satellite heat detection at 23:12 UTC, in an area of abnormal fire activity. Urban area."}},{"type":"Feature","geometry":{"type":"Point","coordinates":[38.38417,48.27222]},"properties":{"source":"economist_fires","source_name":"The Economist war-fire model","source_url":"https://github.com/TheEconomist/the-economist-war-fire-model","id":896,"date":"2026-09-13","link":"https://www.economist.com/interactive/graphic-detail/ukraine-fires","category":"Fire classified as war-related (model estimate)","side":"Not attributed","color":"#FF8C00","radius":3,"orbat":[],"description":"Satellite heat detection at 23:12 UTC, in an area of abnormal fire activity. Urban area."}},{"type":"Feature","geometry":{"type":"Point","coordinates":[38.37861,48.27272]},"properties":{"source":"economist_fires","source_name":"The Economist war-fire model","source_url":"https://github.com/TheEconomist/the-economist-war-fire-model","id":897,"date":"2026-09-13","link":"https://www.economist.com/interactive/graphic-detail/ukraine-fires","category":"Fire classified as war-related (model estimate)","side":"Not attributed","color":"#FF8C00","radius":3,"orbat":[],"description":"Satellite heat detection at 23:12 UTC, in an area of abnormal fire activity. Urban area."}},{"type":"Feature","geometry":{"type":"Point","coordinates":[38.38303,48.2828]},"properties":{"source":"economist_fires","source_name":"The Economist war-fire model","source_url":"https://github.com/TheEconomist/the-economist-war-fire-model","id":898,"date":"2026-09-13","link":"https://www.economist.com/interactive/graphic-detail/ukraine-fires","category":"Fire classified as war-related (model estimate)","side":"Not attributed","color":"#FF8C00","radius":3,"orbat":[],"description":"Satellite heat detection at 23:12 UTC, in an area of abnormal fire activity. Urban area."}},{"type":"Feature","geometry":{"type":"Point","coordinates":[38.38112,48.28504]},"properties":{"source":"economist_fires","source_name":"The Economist war-fire model","source_url":"https://github.com/TheEconomist/the-economist-war-fire-model","id":899,"date":"2026-09-13","link":"https://www.economist.com/interactive/graphic-detail/ukraine-fires","category":"Fire classified as war-related (model estimate)","side":"Not attributed","color":"#FF8C00","radius":3,"orbat":[],"description":"Satellite heat detection at 23:12 UTC, in an area of abnormal fire activity. Urban area."}},{"type":"Feature","geometry":{"type":"Point","coordinates":[38.38389,48.2869]},"properties":{"source":"economist_fires","source_name":"The Economist war-fire model","source_url":"https://github.com/TheEconomist/the-economist-war-fire-model","id":900,"date":"2026-09-13","link":"https://www.economist.com/interactive/graphic-detail/ukraine-fires","category":"Fire classified as war-related (model estimate)","side":"Not attributed","color":"#FF8C00","radius":3,"orbat":[],"description":"Satellite heat detection at 23:12 UTC, in an area of abnormal fire activity. Urban area."}},{"type":"Feature","geometry":{"type":"Point","coordinates":[38.38606,48.27039]},"properties":{"source":"economist_fires","source_name":"The Economist war-fire model","source_url":"https://github.com/TheEconomist/the-economist-war-fire-model","id":901,"date":"2026-09-13","link":"https://www.economist.com/interactive/graphic-detail/ukraine-fires","category":"Fire classified as war-related (model estimate)","side":"Not attributed","color":"#FF8C00","radius":3,"orbat":[],"description":"Satellite heat detection at 23:31 UTC, in an area of abnormal fire activity. Urban area."}},{"type":"Feature","geometry":{"type":"Point","coordinates":[38.38086,48.27116]},"properties":{"source":"economist_fires","source_name":"The Economist war-fire model","source_url":"https://github.com/TheEconomist/the-economist-war-fire-model","id":902,"date":"2026-09-13","link":"https://www.economist.com/interactive/graphic-detail/ukraine-fires","category":"Fire classified as war-related (model estimate)","side":"Not attributed","color":"#FF8C00","radius":3,"orbat":[],"description":"Satellite heat detection at 23:31 UTC, in an area of abnormal fire activity. Urban area."}},{"type":"Feature","geometry":{"type":"Point","coordinates":[38.37566,48.27193]},"properties":{"source":"economist_fires","source_name":"The Economist war-fire model","source_url":"https://github.com/TheEconomist/the-economist-war-fire-model","id":903,"date":"2026-09-13","link":"https://www.economist.com/interactive/graphic-detail/ukraine-fires","category":"Fire classified as war-related (model estimate)","side":"Not attributed","color":"#FF8C00","radius":3,"orbat":[],"description":"Satellite heat detection at 23:31 UTC, in an area of abnormal fire activity. Urban area."}},{"type":"Feature","geometry":{"type":"Point","coordinates":[38.39234,48.27291]},"properties":{"source":"economist_fires","source_name":"The Economist war-fire model","source_url":"https://github.com/TheEconomist/the-economist-war-fire-model","id":904,"date":"2026-09-13","link":"https://www.economist.com/interactive/graphic-detail/ukraine-fires","category":"Fire classified as war-related (model estimate)","side":"Not attributed","color":"#FF8C00","radius":3,"orbat":[],"description":"Satellite heat detection at 23:31 UTC, in an area of abnormal fire activity. Urban area."}},{"type":"Feature","geometry":{"type":"Point","coordinates":[38.38715,48.27368]},"properties":{"source":"economist_fires","source_name":"The Economist war-fire model","source_url":"https://github.com/TheEconomist/the-economist-war-fire-model","id":905,"date":"2026-09-13","link":"https://www.economist.com/interactive/graphic-detail/ukraine-fires","category":"Fire classified as war-related (model estimate)","side":"Not attributed","color":"#FF8C00","radius":3,"orbat":[],"description":"Satellite heat detection at 23:31 UTC, in an area of abnormal fire activity. Urban area."}},{"type":"Feature","geometry":{"type":"Point","coordinates":[38.38195,48.27444]},"properties":{"source":"economist_fires","source_name":"The Economist war-fire model","source_url":"https://github.com/TheEconomist/the-economist-war-fire-model","id":906,"date":"2026-09-13","link":"https://www.economist.com/interactive/graphic-detail/ukraine-fires","category":"Fire classified as war-related (model estimate)","side":"Not attributed","color":"#FF8C00","radius":3,"orbat":[],"description":"Satellite heat detection at 23:31 UTC, in an area of abnormal fire activity. Urban area."}},{"type":"Feature","geometry":{"type":"Point","coordinates":[38.37675,48.27522]},"properties":{"source":"economist_fires","source_name":"The Economist war-fire model","source_url":"https://github.com/TheEconomist/the-economist-war-fire-model","id":907,"date":"2026-09-13","link":"https://www.economist.com/interactive/graphic-detail/ukraine-fires","category":"Fire classified as war-related (model estimate)","side":"Not attributed","color":"#FF8C00","radius":3,"orbat":[],"description":"Satellite heat detection at 23:31 UTC, in an area of abnormal fire activity. Urban area."}},{"type":"Feature","geometry":{"type":"Point","coordinates":[38.38161,48.28396]},"properties":{"source":"economist_fires","source_name":"The Economist war-fire model","source_url":"https://github.com/TheEconomist/the-economist-war-fire-model","id":908,"date":"2026-09-13","link":"https://www.economist.com/interactive/graphic-detail/ukraine-fires","category":"Fire classified as war-related (model estimate)","side":"Not attributed","color":"#FF8C00","radius":3,"orbat":[],"description":"Satellite heat detection at 23:31 UTC, in an area of abnormal fire activity. Urban area."}},{"type":"Feature","geometry":{"type":"Point","coordinates":[38.3827,48.28725]},"properties":{"source":"economist_fires","source_name":"The Economist war-fire model","source_url":"https://github.com/TheEconomist/the-economist-war-fire-model","id":909,"date":"2026-09-13","link":"https://www.economist.com/interactive/graphic-detail/ukraine-fires","category":"Fire classified as war-related (model estimate)","side":"Not attributed","color":"#FF8C00","radius":3,"orbat":[],"description":"Satellite heat detection at 23:31 UTC, in an area of abnormal fire activity. Urban area."}},{"type":"Feature","geometry":{"type":"Point","coordinates":[38.47335,47.83314]},"properties":{"source":"economist_fires","source_name":"The Economist war-fire model","source_url":"https://github.com/TheEconomist/the-economist-war-fire-model","id":910,"date":"2026-09-13","link":"https://www.economist.com/interactive/graphic-detail/ukraine-fires","category":"Fire classified as war-related (model estimate)","side":"Not attributed","color":"#FF8C00","radius":3,"orbat":[],"description":"Satellite heat detection at 22:35 UTC, in an area days after abnormal fire activity. Urban area."}},{"type":"Feature","geometry":{"type":"Point","coordinates":[38.47567,47.83344]},"properties":{"source":"economist_fires","source_name":"The Economist war-fire model","source_url":"https://github.com/TheEconomist/the-economist-war-fire-model","id":911,"date":"2026-09-13","link":"https://www.economist.com/interactive/graphic-detail/ukraine-fires","category":"Fire classified as war-related (model estimate)","side":"Not attributed","color":"#FF8C00","radius":3,"orbat":[],"description":"Satellite heat detection at 23:12 UTC, in an area days after abnormal fire activity. Urban area."}},{"type":"Feature","geometry":{"type":"Point","coordinates":[38.47436,47.83302]},"properties":{"source":"economist_fires","source_name":"The Economist war-fire model","source_url":"https://github.com/TheEconomist/the-economist-war-fire-model","id":912,"date":"2026-09-13","link":"https://www.economist.com/interactive/graphic-detail/ukraine-fires","category":"Fire classified as war-related (model estimate)","side":"Not attributed","color":"#FF8C00","radius":3,"orbat":[],"description":"Satellite heat detection at 23:31 UTC, in an area days after abnormal fire activity. Urban area."}},{"type":"Feature","geometry":{"type":"Point","coordinates":[38.45817,48.12676]},"properties":{"source":"economist_fires","source_name":"The Economist war-fire model","source_url":"https://github.com/TheEconomist/the-economist-war-fire-model","id":913,"date":"2026-09-13","link":"https://www.economist.com/interactive/graphic-detail/ukraine-fires","category":"Fire classified as war-related (model estimate)","side":"Not attributed","color":"#FF8C00","radius":3,"orbat":[],"description":"Satellite heat detection at 22:35 UTC, in an area days after abnormal fire activity. Urban area."}},{"type":"Feature","geometry":{"type":"Point","coordinates":[38.45287,48.12694]},"properties":{"source":"economist_fires","source_name":"The Economist war-fire model","source_url":"https://github.com/TheEconomist/the-economist-war-fire-model","id":914,"date":"2026-09-13","link":"https://www.economist.com/interactive/graphic-detail/ukraine-fires","category":"Fire classified as war-related (model estimate)","side":"Not attributed","color":"#FF8C00","radius":3,"orbat":[],"description":"Satellite heat detection at 22:35 UTC, in an area days after abnormal fire activity. Urban area."}},{"type":"Feature","geometry":{"type":"Point","coordinates":[38.45885,48.12579]},"properties":{"source":"economist_fires","source_name":"The Economist war-fire model","source_url":"https://github.com/TheEconomist/the-economist-war-fire-model","id":915,"date":"2026-09-13","link":"https://www.economist.com/interactive/graphic-detail/ukraine-fires","category":"Fire classified as war-related (model estimate)","side":"Not attributed","color":"#FF8C00","radius":3,"orbat":[],"description":"Satellite heat detection at 23:12 UTC, in an area days after abnormal fire activity. Urban area."}},{"type":"Feature","geometry":{"type":"Point","coordinates":[38.45639,48.12664]},"properties":{"source":"economist_fires","source_name":"The Economist war-fire model","source_url":"https://github.com/TheEconomist/the-economist-war-fire-model","id":916,"date":"2026-09-13","link":"https://www.economist.com/interactive/graphic-detail/ukraine-fires","category":"Fire classified as war-related (model estimate)","side":"Not attributed","color":"#FF8C00","radius":3,"orbat":[],"description":"Satellite heat detection at 23:31 UTC, in an area days after abnormal fire activity. Urban area."}},{"type":"Feature","geometry":{"type":"Point","coordinates":[38.48359,48.40761]},"properties":{"source":"economist_fires","source_name":"The Economist war-fire model","source_url":"https://github.com/TheEconomist/the-economist-war-fire-model","id":917,"date":"2026-09-13","link":"https://www.economist.com/interactive/graphic-detail/ukraine-fires","category":"Fire classified as war-related (model estimate)","side":"Not attributed","color":"#FF8C00","radius":3,"orbat":[],"description":"Satellite heat detection at 10:21 UTC, in an area of abnormal fire activity. Urban area."}},{"type":"Feature","geometry":{"type":"Point","coordinates":[38.48261,48.41096]},"properties":{"source":"economist_fires","source_name":"The Economist war-fire model","source_url":"https://github.com/TheEconomist/the-economist-war-fire-model","id":918,"date":"2026-09-13","link":"https://www.economist.com/interactive/graphic-detail/ukraine-fires","category":"Fire classified as war-related (model estimate)","side":"Not attributed","color":"#FF8C00","radius":3,"orbat":[],"description":"Satellite heat detection at 10:21 UTC, in an area of abnormal fire activity. Urban area."}},{"type":"Feature","geometry":{"type":"Point","coordinates":[38.48082,48.40783]},"properties":{"source":"economist_fires","source_name":"The Economist war-fire model","source_url":"https://github.com/TheEconomist/the-economist-war-fire-model","id":919,"date":"2026-09-13","link":"https://www.economist.com/interactive/graphic-detail/ukraine-fires","category":"Fire classified as war-related (model estimate)","side":"Not attributed","color":"#FF8C00","radius":3,"orbat":[],"description":"Satellite heat detection at 10:58 UTC, in an area of abnormal fire activity. Urban area."}},{"type":"Feature","geometry":{"type":"Point","coordinates":[38.48016,48.41212]},"properties":{"source":"economist_fires","source_name":"The Economist war-fire model","source_url":"https://github.com/TheEconomist/the-economist-war-fire-model","id":920,"date":"2026-09-13","link":"https://www.economist.com/interactive/graphic-detail/ukraine-fires","category":"Fire classified as war-related (model estimate)","side":"Not attributed","color":"#FF8C00","radius":3,"orbat":[],"description":"Satellite heat detection at 10:58 UTC, in an area of abnormal fire activity. Urban area."}},{"type":"Feature","geometry":{"type":"Point","coordinates":[38.48616,48.4126]},"properties":{"source":"economist_fires","source_name":"The Economist war-fire model","source_url":"https://github.com/TheEconomist/the-economist-war-fire-model","id":921,"date":"2026-09-13","link":"https://www.economist.com/interactive/graphic-detail/ukraine-fires","category":"Fire classified as war-related (model estimate)","side":"Not attributed","color":"#FF8C00","radius":3,"orbat":[],"description":"Satellite heat detection at 10:58 UTC, in an area of abnormal fire activity. Urban area."}},{"type":"Feature","geometry":{"type":"Point","coordinates":[38.48153,48.40657]},"properties":{"source":"economist_fires","source_name":"The Economist war-fire model","source_url":"https://github.com/TheEconomist/the-economist-war-fire-model","id":922,"date":"2026-09-13","link":"https://www.economist.com/interactive/graphic-detail/ukraine-fires","category":"Fire classified as war-related (model estimate)","side":"Not attributed","color":"#FF8C00","radius":3,"orbat":[],"description":"Satellite heat detection at 11:17 UTC, in an area of abnormal fire activity. Urban area."}},{"type":"Feature","geometry":{"type":"Point","coordinates":[38.47563,48.41222]},"properties":{"source":"economist_fires","source_name":"The Economist war-fire model","source_url":"https://github.com/TheEconomist/the-economist-war-fire-model","id":923,"date":"2026-09-13","link":"https://www.economist.com/interactive/graphic-detail/ukraine-fires","category":"Fire classified as war-related (model estimate)","side":"Not attributed","color":"#FF8C00","radius":3,"orbat":[],"description":"Satellite heat detection at 11:17 UTC, in an area of abnormal fire activity. Urban area."}},{"type":"Feature","geometry":{"type":"Point","coordinates":[38.48152,48.41236]},"properties":{"source":"economist_fires","source_name":"The Economist war-fire model","source_url":"https://github.com/TheEconomist/the-economist-war-fire-model","id":924,"date":"2026-09-13","link":"https://www.economist.com/interactive/graphic-detail/ukraine-fires","category":"Fire classified as war-related (model estimate)","side":"Not attributed","color":"#FF8C00","radius":3,"orbat":[],"description":"Satellite heat detection at 11:17 UTC, in an area of abnormal fire activity. Urban area."}},{"type":"Feature","geometry":{"type":"Point","coordinates":[38.48751,48.4125]},"properties":{"source":"economist_fires","source_name":"The Economist war-fire model","source_url":"https://github.com/TheEconomist/the-economist-war-fire-model","id":925,"date":"2026-09-13","link":"https://www.economist.com/interactive/graphic-detail/ukraine-fires","category":"Fire classified as war-related (model estimate)","side":"Not attributed","color":"#FF8C00","radius":3,"orbat":[],"description":"Satellite heat detection at 11:17 UTC, in an area of abnormal fire activity. Urban area."}},{"type":"Feature","geometry":{"type":"Point","coordinates":[38.4817,48.41816]},"properties":{"source":"economist_fires","source_name":"The Economist war-fire model","source_url":"https://github.com/TheEconomist/the-economist-war-fire-model","id":926,"date":"2026-09-13","link":"https://www.economist.com/interactive/graphic-detail/ukraine-fires","category":"Fire classified as war-related (model estimate)","side":"Not attributed","color":"#FF8C00","radius":3,"orbat":[],"description":"Satellite heat detection at 11:17 UTC, in an area of abnormal fire activity. Urban area."}},{"type":"Feature","geometry":{"type":"Point","coordinates":[38.48764,48.4183]},"properties":{"source":"economist_fires","source_name":"The Economist war-fire model","source_url":"https://github.com/TheEconomist/the-economist-war-fire-model","id":927,"date":"2026-09-13","link":"https://www.economist.com/interactive/graphic-detail/ukraine-fires","category":"Fire classified as war-related (model estimate)","side":"Not attributed","color":"#FF8C00","radius":3,"orbat":[],"description":"Satellite heat detection at 11:17 UTC, in an area of abnormal fire activity. Urban area."}},{"type":"Feature","geometry":{"type":"Point","coordinates":[38.47495,48.4052]},"properties":{"source":"economist_fires","source_name":"The Economist war-fire model","source_url":"https://github.com/TheEconomist/the-economist-war-fire-model","id":928,"date":"2026-09-13","link":"https://www.economist.com/interactive/graphic-detail/ukraine-fires","category":"Fire classified as war-related (model estimate)","side":"Not attributed","color":"#FF8C00","radius":3,"orbat":[],"description":"Satellite heat detection at 12:49 UTC, in an area of abnormal fire activity. Urban area."}},{"type":"Feature","geometry":{"type":"Point","coordinates":[38.46712,48.40707]},"properties":{"source":"economist_fires","source_name":"The Economist war-fire model","source_url":"https://github.com/TheEconomist/the-economist-war-fire-model","id":929,"date":"2026-09-13","link":"https://www.economist.com/interactive/graphic-detail/ukraine-fires","category":"Fire classified as war-related (model estimate)","side":"Not attributed","color":"#FF8C00","radius":3,"orbat":[],"description":"Satellite heat detection at 22:35 UTC, in an area of abnormal fire activity. Urban area."}},{"type":"Feature","geometry":{"type":"Point","coordinates":[38.4669,48.40825]},"properties":{"source":"economist_fires","source_name":"The Economist war-fire model","source_url":"https://github.com/TheEconomist/the-economist-war-fire-model","id":930,"date":"2026-09-13","link":"https://www.economist.com/interactive/graphic-detail/ukraine-fires","category":"Fire classified as war-related (model estimate)","side":"Not attributed","color":"#FF8C00","radius":3,"orbat":[],"description":"Satellite heat detection at 23:31 UTC, in an area of abnormal fire activity. Urban area."}},{"type":"Feature","geometry":{"type":"Point","coordinates":[38.4732,48.41077]},"properties":{"source":"economist_fires","source_name":"The Economist war-fire model","source_url":"https://github.com/TheEconomist/the-economist-war-fire-model","id":931,"date":"2026-09-13","link":"https://www.economist.com/interactive/graphic-detail/ukraine-fires","category":"Fire classified as war-related (model estimate)","side":"Not attributed","color":"#FF8C00","radius":3,"orbat":[],"description":"Satellite heat detection at 23:31 UTC, in an area of abnormal fire activity. Urban area."}},{"type":"Feature","geometry":{"type":"Point","coordinates":[38.60239,48.82494]},"properties":{"source":"economist_fires","source_name":"The Economist war-fire model","source_url":"https://github.com/TheEconomist/the-economist-war-fire-model","id":932,"date":"2026-09-13","link":"https://www.economist.com/interactive/graphic-detail/ukraine-fires","category":"Fire classified as war-related (model estimate)","side":"Not attributed","color":"#FF8C00","radius":3,"orbat":[],"description":"Satellite heat detection at 23:12 UTC, in an area days after abnormal fire activity. Urban area."}},{"type":"Feature","geometry":{"type":"Point","coordinates":[38.60175,48.82579]},"properties":{"source":"economist_fires","source_name":"The Economist war-fire model","source_url":"https://github.com/TheEconomist/the-economist-war-fire-model","id":933,"date":"2026-09-13","link":"https://www.economist.com/interactive/graphic-detail/ukraine-fires","category":"Fire classified as war-related (model estimate)","side":"Not attributed","color":"#FF8C00","radius":3,"orbat":[],"description":"Satellite heat detection at 23:31 UTC, in an area days after abnormal fire activity. Urban area."}},{"type":"Feature","geometry":{"type":"Point","coordinates":[38.71575,48.37529]},"properties":{"source":"economist_fires","source_name":"The Economist war-fire model","source_url":"https://github.com/TheEconomist/the-economist-war-fire-model","id":934,"date":"2026-09-13","link":"https://www.economist.com/interactive/graphic-detail/ukraine-fires","category":"Fire classified as war-related (model estimate)","side":"Not attributed","color":"#FF8C00","radius":3,"orbat":[],"description":"Satellite heat detection at 09:39 UTC, in an area of abnormal fire activity. Urban area."}},{"type":"Feature","geometry":{"type":"Point","coordinates":[38.70875,48.38326]},"properties":{"source":"economist_fires","source_name":"The Economist war-fire model","source_url":"https://github.com/TheEconomist/the-economist-war-fire-model","id":935,"date":"2026-09-13","link":"https://www.economist.com/interactive/graphic-detail/ukraine-fires","category":"Fire classified as war-related (model estimate)","side":"Not attributed","color":"#FF8C00","radius":3,"orbat":[],"description":"Satellite heat detection at 09:39 UTC, in an area of abnormal fire activity. Urban area."}},{"type":"Feature","geometry":{"type":"Point","coordinates":[39.01854,48.74516]},"properties":{"source":"economist_fires","source_name":"The Economist war-fire model","source_url":"https://github.com/TheEconomist/the-economist-war-fire-model","id":936,"date":"2026-09-13","link":"https://www.economist.com/interactive/graphic-detail/ukraine-fires","category":"Fire classified as war-related (model estimate)","side":"Not attributed","color":"#FF8C00","radius":3,"orbat":[],"description":"Satellite heat detection at 00:35 UTC, in an area of abnormal fire activity. Urban area."}},{"type":"Feature","geometry":{"type":"Point","coordinates":[39.02798,48.74864]},"properties":{"source":"economist_fires","source_name":"The Economist war-fire model","source_url":"https://github.com/TheEconomist/the-economist-war-fire-model","id":937,"date":"2026-09-13","link":"https://www.economist.com/interactive/graphic-detail/ukraine-fires","category":"Fire classified as war-related (model estimate)","side":"Not attributed","color":"#FF8C00","radius":3,"orbat":[],"description":"Satellite heat detection at 00:35 UTC, in an area of abnormal fire activity. Urban area."}},{"type":"Feature","geometry":{"type":"Point","coordinates":[39.02561,48.74749]},"properties":{"source":"economist_fires","source_name":"The Economist war-fire model","source_url":"https://github.com/TheEconomist/the-economist-war-fire-model","id":938,"date":"2026-09-13","link":"https://www.economist.com/interactive/graphic-detail/ukraine-fires","category":"Fire classified as war-related (model estimate)","side":"Not attributed","color":"#FF8C00","radius":3,"orbat":[],"description":"Satellite heat detection at 01:09 UTC, in an area of abnormal fire activity. Urban area."}},{"type":"Feature","geometry":{"type":"Point","coordinates":[39.02158,48.73856]},"properties":{"source":"economist_fires","source_name":"The Economist war-fire model","source_url":"https://github.com/TheEconomist/the-economist-war-fire-model","id":939,"date":"2026-09-13","link":"https://www.economist.com/interactive/graphic-detail/ukraine-fires","category":"Fire classified as war-related (model estimate)","side":"Not attributed","color":"#FF8C00","radius":3,"orbat":[],"description":"Satellite heat detection at 07:14 UTC, in an area of abnormal fire activity. Urban area."}},{"type":"Feature","geometry":{"type":"Point","coordinates":[39.03033,48.74209]},"properties":{"source":"economist_fires","source_name":"The Economist war-fire model","source_url":"https://github.com/TheEconomist/the-economist-war-fire-model","id":940,"date":"2026-09-13","link":"https://www.economist.com/interactive/graphic-detail/ukraine-fires","category":"Fire classified as war-related (model estimate)","side":"Not attributed","color":"#FF8C00","radius":3,"orbat":[],"description":"Satellite heat detection at 07:14 UTC, in an area of abnormal fire activity. Urban area."}},{"type":"Feature","geometry":{"type":"Point","coordinates":[38.95901,48.69535]},"properties":{"source":"economist_fires","source_name":"The Economist war-fire model","source_url":"https://github.com/TheEconomist/the-economist-war-fire-model","id":941,"date":"2026-09-13","link":"https://www.economist.com/interactive/graphic-detail/ukraine-fires","category":"Fire classified as war-related (model estimate)","side":"Not attributed","color":"#FF8C00","radius":3,"orbat":[],"description":"Satellite heat detection at 09:17 UTC, in an area of abnormal fire activity. Urban area."}},{"type":"Feature","geometry":{"type":"Point","coordinates":[38.9551,48.69734]},"properties":{"source":"economist_fires","source_name":"The Economist war-fire model","source_url":"https://github.com/TheEconomist/the-economist-war-fire-model","id":942,"date":"2026-09-13","link":"https://www.economist.com/interactive/graphic-detail/ukraine-fires","category":"Fire classified as war-related (model estimate)","side":"Not attributed","color":"#FF8C00","radius":3,"orbat":[],"description":"Satellite heat detection at 09:17 UTC, in an area of abnormal fire activity. Urban area."}},{"type":"Feature","geometry":{"type":"Point","coordinates":[38.9551,48.70049]},"properties":{"source":"economist_fires","source_name":"The Economist war-fire model","source_url":"https://github.com/TheEconomist/the-economist-war-fire-model","id":943,"date":"2026-09-13","link":"https://www.economist.com/interactive/graphic-detail/ukraine-fires","category":"Fire classified as war-related (model estimate)","side":"Not attributed","color":"#FF8C00","radius":3,"orbat":[],"description":"Satellite heat detection at 09:17 UTC, in an area of abnormal fire activity. Urban area."}},{"type":"Feature","geometry":{"type":"Point","coordinates":[38.95115,48.70246]},"properties":{"source":"economist_fires","source_name":"The Economist war-fire model","source_url":"https://github.com/TheEconomist/the-economist-war-fire-model","id":944,"date":"2026-09-13","link":"https://www.economist.com/interactive/graphic-detail/ukraine-fires","category":"Fire classified as war-related (model estimate)","side":"Not attributed","color":"#FF8C00","radius":3,"orbat":[],"description":"Satellite heat detection at 09:17 UTC, in an area of abnormal fire activity. Urban area."}},{"type":"Feature","geometry":{"type":"Point","coordinates":[39.00605,48.74525]},"properties":{"source":"economist_fires","source_name":"The Economist war-fire model","source_url":"https://github.com/TheEconomist/the-economist-war-fire-model","id":945,"date":"2026-09-13","link":"https://www.economist.com/interactive/graphic-detail/ukraine-fires","category":"Fire classified as war-related (model estimate)","side":"Not attributed","color":"#FF8C00","radius":3,"orbat":[],"description":"Satellite heat detection at 09:17 UTC, in an area of abnormal fire activity. Urban area."}},{"type":"Feature","geometry":{"type":"Point","coordinates":[39.03144,48.74692]},"properties":{"source":"economist_fires","source_name":"The Economist war-fire model","source_url":"https://github.com/TheEconomist/the-economist-war-fire-model","id":946,"date":"2026-09-13","link":"https://www.economist.com/interactive/graphic-detail/ukraine-fires","category":"Fire classified as war-related (model estimate)","side":"Not attributed","color":"#FF8C00","radius":3,"orbat":[],"description":"Satellite heat detection at 09:17 UTC, in an area of abnormal fire activity. Urban area."}},{"type":"Feature","geometry":{"type":"Point","coordinates":[39.01153,48.74699]},"properties":{"source":"economist_fires","source_name":"The Economist war-fire model","source_url":"https://github.com/TheEconomist/the-economist-war-fire-model","id":947,"date":"2026-09-13","link":"https://www.economist.com/interactive/graphic-detail/ukraine-fires","category":"Fire classified as war-related (model estimate)","side":"Not attributed","color":"#FF8C00","radius":3,"orbat":[],"description":"Satellite heat detection at 09:17 UTC, in an area of abnormal fire activity. Urban area."}},{"type":"Feature","geometry":{"type":"Point","coordinates":[39.03685,48.74863]},"properties":{"source":"economist_fires","source_name":"The Economist war-fire model","source_url":"https://github.com/TheEconomist/the-economist-war-fire-model","id":948,"date":"2026-09-13","link":"https://www.economist.com/interactive/graphic-detail/ukraine-fires","category":"Fire classified as war-related (model estimate)","side":"Not attributed","color":"#FF8C00","radius":3,"orbat":[],"description":"Satellite heat detection at 09:17 UTC, in an area of abnormal fire activity. Urban area."}},{"type":"Feature","geometry":{"type":"Point","coordinates":[38.96022,48.69797]},"properties":{"source":"economist_fires","source_name":"The Economist war-fire model","source_url":"https://github.com/TheEconomist/the-economist-war-fire-model","id":949,"date":"2026-09-13","link":"https://www.economist.com/interactive/graphic-detail/ukraine-fires","category":"Fire classified as war-related (model estimate)","side":"Not attributed","color":"#FF8C00","radius":3,"orbat":[],"description":"Satellite heat detection at 09:39 UTC, in an area of abnormal fire activity. Urban area."}},{"type":"Feature","geometry":{"type":"Point","coordinates":[38.95196,48.70059]},"properties":{"source":"economist_fires","source_name":"The Economist war-fire model","source_url":"https://github.com/TheEconomist/the-economist-war-fire-model","id":950,"date":"2026-09-13","link":"https://www.economist.com/interactive/graphic-detail/ukraine-fires","category":"Fire classified as war-related (model estimate)","side":"Not attributed","color":"#FF8C00","radius":3,"orbat":[],"description":"Satellite heat detection at 09:39 UTC, in an area of abnormal fire activity. Urban area."}},{"type":"Feature","geometry":{"type":"Point","coordinates":[38.95784,48.70204]},"properties":{"source":"economist_fires","source_name":"The Economist war-fire model","source_url":"https://github.com/TheEconomist/the-economist-war-fire-model","id":951,"date":"2026-09-13","link":"https://www.economist.com/interactive/graphic-detail/ukraine-fires","category":"Fire classified as war-related (model estimate)","side":"Not attributed","color":"#FF8C00","radius":3,"orbat":[],"description":"Satellite heat detection at 09:39 UTC, in an area of abnormal fire activity. Urban area."}},{"type":"Feature","geometry":{"type":"Point","coordinates":[39.035,48.74423]},"properties":{"source":"economist_fires","source_name":"The Economist war-fire model","source_url":"https://github.com/TheEconomist/the-economist-war-fire-model","id":952,"date":"2026-09-13","link":"https://www.economist.com/interactive/graphic-detail/ukraine-fires","category":"Fire classified as war-related (model estimate)","side":"Not attributed","color":"#FF8C00","radius":3,"orbat":[],"description":"Satellite heat detection at 09:39 UTC, in an area of abnormal fire activity. Urban area."}},{"type":"Feature","geometry":{"type":"Point","coordinates":[39.00673,48.74659]},"properties":{"source":"economist_fires","source_name":"The Economist war-fire model","source_url":"https://github.com/TheEconomist/the-economist-war-fire-model","id":953,"date":"2026-09-13","link":"https://www.economist.com/interactive/graphic-detail/ukraine-fires","category":"Fire classified as war-related (model estimate)","side":"Not attributed","color":"#FF8C00","radius":3,"orbat":[],"description":"Satellite heat detection at 09:39 UTC, in an area of abnormal fire activity. Urban area."}},{"type":"Feature","geometry":{"type":"Point","coordinates":[38.96087,48.69698]},"properties":{"source":"economist_fires","source_name":"The Economist war-fire model","source_url":"https://github.com/TheEconomist/the-economist-war-fire-model","id":954,"date":"2026-09-13","link":"https://www.economist.com/interactive/graphic-detail/ukraine-fires","category":"Fire classified as war-related (model estimate)","side":"Not attributed","color":"#FF8C00","radius":3,"orbat":[],"description":"Satellite heat detection at 10:21 UTC, in an area of abnormal fire activity. Urban area."}},{"type":"Feature","geometry":{"type":"Point","coordinates":[38.95991,48.70038]},"properties":{"source":"economist_fires","source_name":"The Economist war-fire model","source_url":"https://github.com/TheEconomist/the-economist-war-fire-model","id":955,"date":"2026-09-13","link":"https://www.economist.com/interactive/graphic-detail/ukraine-fires","category":"Fire classified as war-related (model estimate)","side":"Not attributed","color":"#FF8C00","radius":3,"orbat":[],"description":"Satellite heat detection at 10:21 UTC, in an area of abnormal fire activity. Urban area."}},{"type":"Feature","geometry":{"type":"Point","coordinates":[38.95236,48.70648]},"properties":{"source":"economist_fires","source_name":"The Economist war-fire model","source_url":"https://github.com/TheEconomist/the-economist-war-fire-model","id":956,"date":"2026-09-13","link":"https://www.economist.com/interactive/graphic-detail/ukraine-fires","category":"Fire classified as war-related (model estimate)","side":"Not attributed","color":"#FF8C00","radius":3,"orbat":[],"description":"Satellite heat detection at 10:21 UTC, in an area of abnormal fire activity. Urban area."}},{"type":"Feature","geometry":{"type":"Point","coordinates":[38.96085,48.69174]},"properties":{"source":"economist_fires","source_name":"The Economist war-fire model","source_url":"https://github.com/TheEconomist/the-economist-war-fire-model","id":957,"date":"2026-09-13","link":"https://www.economist.com/interactive/graphic-detail/ukraine-fires","category":"Fire classified as war-related (model estimate)","side":"Not attributed","color":"#FF8C00","radius":3,"orbat":[],"description":"Satellite heat detection at 10:58 UTC, in an area of abnormal fire activity. Urban area."}},{"type":"Feature","geometry":{"type":"Point","coordinates":[38.96193,48.6925]},"properties":{"source":"economist_fires","source_name":"The Economist war-fire model","source_url":"https://github.com/TheEconomist/the-economist-war-fire-model","id":958,"date":"2026-09-13","link":"https://www.economist.com/interactive/graphic-detail/ukraine-fires","category":"Fire classified as war-related (model estimate)","side":"Not attributed","color":"#FF8C00","radius":3,"orbat":[],"description":"Satellite heat detection at 10:58 UTC, in an area of abnormal fire activity. Urban area."}},{"type":"Feature","geometry":{"type":"Point","coordinates":[38.96018,48.69614]},"properties":{"source":"economist_fires","source_name":"The Economist war-fire model","source_url":"https://github.com/TheEconomist/the-economist-war-fire-model","id":959,"date":"2026-09-13","link":"https://www.economist.com/interactive/graphic-detail/ukraine-fires","category":"Fire classified as war-related (model estimate)","side":"Not attributed","color":"#FF8C00","radius":3,"orbat":[],"description":"Satellite heat detection at 10:58 UTC, in an area of abnormal fire activity. Urban area."}},{"type":"Feature","geometry":{"type":"Point","coordinates":[38.96666,48.69661]},"properties":{"source":"economist_fires","source_name":"The Economist war-fire model","source_url":"https://github.com/TheEconomist/the-economist-war-fire-model","id":960,"date":"2026-09-13","link":"https://www.economist.com/interactive/graphic-detail/ukraine-fires","category":"Fire classified as war-related (model estimate)","side":"Not attributed","color":"#FF8C00","radius":3,"orbat":[],"description":"Satellite heat detection at 10:58 UTC, in an area of abnormal fire activity. Urban area."}},{"type":"Feature","geometry":{"type":"Point","coordinates":[38.96127,48.6969]},"properties":{"source":"economist_fires","source_name":"The Economist war-fire model","source_url":"https://github.com/TheEconomist/the-economist-war-fire-model","id":961,"date":"2026-09-13","link":"https://www.economist.com/interactive/graphic-detail/ukraine-fires","category":"Fire classified as war-related (model estimate)","side":"Not attributed","color":"#FF8C00","radius":3,"orbat":[],"description":"Satellite heat detection at 10:58 UTC, in an area of abnormal fire activity. Urban area."}},{"type":"Feature","geometry":{"type":"Point","coordinates":[38.95957,48.70055]},"properties":{"source":"economist_fires","source_name":"The Economist war-fire model","source_url":"https://github.com/TheEconomist/the-economist-war-fire-model","id":962,"date":"2026-09-13","link":"https://www.economist.com/interactive/graphic-detail/ukraine-fires","category":"Fire classified as war-related (model estimate)","side":"Not attributed","color":"#FF8C00","radius":3,"orbat":[],"description":"Satellite heat detection at 10:58 UTC, in an area of abnormal fire activity. Urban area."}},{"type":"Feature","geometry":{"type":"Point","coordinates":[39.01648,48.7492]},"properties":{"source":"economist_fires","source_name":"The Economist war-fire model","source_url":"https://github.com/TheEconomist/the-economist-war-fire-model","id":963,"date":"2026-09-13","link":"https://www.economist.com/interactive/graphic-detail/ukraine-fires","category":"Fire classified as war-related (model estimate)","side":"Not attributed","color":"#FF8C00","radius":3,"orbat":[],"description":"Satellite heat detection at 10:58 UTC, in an area of abnormal fire activity. Urban area."}},{"type":"Feature","geometry":{"type":"Point","coordinates":[38.96123,48.69974]},"properties":{"source":"economist_fires","source_name":"The Economist war-fire model","source_url":"https://github.com/TheEconomist/the-economist-war-fire-model","id":964,"date":"2026-09-13","link":"https://www.economist.com/interactive/graphic-detail/ukraine-fires","category":"Fire classified as war-related (model estimate)","side":"Not attributed","color":"#FF8C00","radius":3,"orbat":[],"description":"Satellite heat detection at 11:17 UTC, in an area of abnormal fire activity. Urban area."}},{"type":"Feature","geometry":{"type":"Point","coordinates":[38.95492,48.70555]},"properties":{"source":"economist_fires","source_name":"The Economist war-fire model","source_url":"https://github.com/TheEconomist/the-economist-war-fire-model","id":965,"date":"2026-09-13","link":"https://www.economist.com/interactive/graphic-detail/ukraine-fires","category":"Fire classified as war-related (model estimate)","side":"Not attributed","color":"#FF8C00","radius":3,"orbat":[],"description":"Satellite heat detection at 11:17 UTC, in an area of abnormal fire activity. Urban area."}},{"type":"Feature","geometry":{"type":"Point","coordinates":[38.95488,48.71147]},"properties":{"source":"economist_fires","source_name":"The Economist war-fire model","source_url":"https://github.com/TheEconomist/the-economist-war-fire-model","id":966,"date":"2026-09-13","link":"https://www.economist.com/interactive/graphic-detail/ukraine-fires","category":"Fire classified as war-related (model estimate)","side":"Not attributed","color":"#FF8C00","radius":3,"orbat":[],"description":"Satellite heat detection at 11:17 UTC, in an area of abnormal fire activity. Urban area."}},{"type":"Feature","geometry":{"type":"Point","coordinates":[38.95737,48.70785]},"properties":{"source":"economist_fires","source_name":"The Economist war-fire model","source_url":"https://github.com/TheEconomist/the-economist-war-fire-model","id":967,"date":"2026-09-13","link":"https://www.economist.com/interactive/graphic-detail/ukraine-fires","category":"Fire classified as war-related (model estimate)","side":"Not attributed","color":"#FF8C00","radius":3,"orbat":[],"description":"Satellite heat detection at 12:49 UTC, in an area of abnormal fire activity. Urban area."}},{"type":"Feature","geometry":{"type":"Point","coordinates":[38.95496,48.71824]},"properties":{"source":"economist_fires","source_name":"The Economist war-fire model","source_url":"https://github.com/TheEconomist/the-economist-war-fire-model","id":968,"date":"2026-09-13","link":"https://www.economist.com/interactive/graphic-detail/ukraine-fires","category":"Fire classified as war-related (model estimate)","side":"Not attributed","color":"#FF8C00","radius":3,"orbat":[],"description":"Satellite heat detection at 12:49 UTC, in an area of abnormal fire activity. Urban area."}},{"type":"Feature","geometry":{"type":"Point","coordinates":[39.02748,48.75014]},"properties":{"source":"economist_fires","source_name":"The Economist war-fire model","source_url":"https://github.com/TheEconomist/the-economist-war-fire-model","id":969,"date":"2026-09-13","link":"https://www.economist.com/interactive/graphic-detail/ukraine-fires","category":"Fire classified as war-related (model estimate)","side":"Not attributed","color":"#FF8C00","radius":3,"orbat":[],"description":"Satellite heat detection at 07:14 UTC, in an area days after abnormal fire activity. Urban area."}},{"type":"Feature","geometry":{"type":"Point","coordinates":[39.00212,48.75036]},"properties":{"source":"economist_fires","source_name":"The Economist war-fire model","source_url":"https://github.com/TheEconomist/the-economist-war-fire-model","id":970,"date":"2026-09-13","link":"https://www.economist.com/interactive/graphic-detail/ukraine-fires","category":"Fire classified as war-related (model estimate)","side":"Not attributed","color":"#FF8C00","radius":3,"orbat":[],"description":"Satellite heat detection at 09:17 UTC, in an area days after abnormal fire activity. Urban area."}},{"type":"Feature","geometry":{"type":"Point","coordinates":[39.0076,48.75209]},"properties":{"source":"economist_fires","source_name":"The Economist war-fire model","source_url":"https://github.com/TheEconomist/the-economist-war-fire-model","id":971,"date":"2026-09-13","link":"https://www.economist.com/interactive/graphic-detail/ukraine-fires","category":"Fire classified as war-related (model estimate)","side":"Not attributed","color":"#FF8C00","radius":3,"orbat":[],"description":"Satellite heat detection at 09:17 UTC, in an area days after abnormal fire activity. Urban area."}},{"type":"Feature","geometry":{"type":"Point","coordinates":[39.01031,48.7521]},"properties":{"source":"economist_fires","source_name":"The Economist war-fire model","source_url":"https://github.com/TheEconomist/the-economist-war-fire-model","id":972,"date":"2026-09-13","link":"https://www.economist.com/interactive/graphic-detail/ukraine-fires","category":"Fire classified as war-related (model estimate)","side":"Not attributed","color":"#FF8C00","radius":3,"orbat":[],"description":"Satellite heat detection at 09:39 UTC, in an area days after abnormal fire activity. Urban area."}},{"type":"Feature","geometry":{"type":"Point","coordinates":[39.00322,48.75172]},"properties":{"source":"economist_fires","source_name":"The Economist war-fire model","source_url":"https://github.com/TheEconomist/the-economist-war-fire-model","id":973,"date":"2026-09-13","link":"https://www.economist.com/interactive/graphic-detail/ukraine-fires","category":"Fire classified as war-related (model estimate)","side":"Not attributed","color":"#FF8C00","radius":3,"orbat":[],"description":"Satellite heat detection at 10:21 UTC, in an area days after abnormal fire activity. Urban area."}},{"type":"Feature","geometry":{"type":"Point","coordinates":[39.05346,48.10478]},"properties":{"source":"economist_fires","source_name":"The Economist war-fire model","source_url":"https://github.com/TheEconomist/the-economist-war-fire-model","id":974,"date":"2026-09-13","link":"https://www.economist.com/interactive/graphic-detail/ukraine-fires","category":"Fire classified as war-related (model estimate)","side":"Not attributed","color":"#FF8C00","radius":3,"orbat":[],"description":"Satellite heat detection at 23:31 UTC, in an area of abnormal fire activity. Urban area."}},{"type":"Feature","geometry":{"type":"Point","coordinates":[39.32849,49.14502]},"properties":{"source":"economist_fires","source_name":"The Economist war-fire model","source_url":"https://github.com/TheEconomist/the-economist-war-fire-model","id":975,"date":"2026-09-13","link":"https://www.economist.com/interactive/graphic-detail/ukraine-fires","category":"Fire classified as war-related (model estimate)","side":"Not attributed","color":"#FF8C00","radius":3,"orbat":[],"description":"Satellite heat detection at 00:35 UTC, in an area days after abnormal fire activity. Urban area."}},{"type":"Feature","geometry":{"type":"Point","coordinates":[39.33261,49.1502]},"properties":{"source":"economist_fires","source_name":"The Economist war-fire model","source_url":"https://github.com/TheEconomist/the-economist-war-fire-model","id":976,"date":"2026-09-13","link":"https://www.economist.com/interactive/graphic-detail/ukraine-fires","category":"Fire classified as war-related (model estimate)","side":"Not attributed","color":"#FF8C00","radius":3,"orbat":[],"description":"Satellite heat detection at 00:35 UTC, in an area days after abnormal fire activity. Urban area."}},{"type":"Feature","geometry":{"type":"Point","coordinates":[39.64771,47.8422]},"properties":{"source":"economist_fires","source_name":"The Economist war-fire model","source_url":"https://github.com/TheEconomist/the-economist-war-fire-model","id":977,"date":"2026-09-13","link":"https://www.economist.com/interactive/graphic-detail/ukraine-fires","category":"Fire classified as war-related (model estimate)","side":"Not attributed","color":"#FF8C00","radius":3,"orbat":[],"description":"Satellite heat detection at 07:14 UTC, in an area days after abnormal fire activity. Urban area."}},{"type":"Feature","geometry":{"type":"Point","coordinates":[39.64171,47.84371]},"properties":{"source":"economist_fires","source_name":"The Economist war-fire model","source_url":"https://github.com/TheEconomist/the-economist-war-fire-model","id":978,"date":"2026-09-13","link":"https://www.economist.com/interactive/graphic-detail/ukraine-fires","category":"Fire classified as war-related (model estimate)","side":"Not attributed","color":"#FF8C00","radius":3,"orbat":[],"description":"Satellite heat detection at 07:14 UTC, in an area days after abnormal fire activity. Urban area."}},{"type":"Feature","geometry":{"type":"Point","coordinates":[39.7122,47.84346]},"properties":{"source":"economist_fires","source_name":"The Economist war-fire model","source_url":"https://github.com/TheEconomist/the-economist-war-fire-model","id":979,"date":"2026-09-13","link":"https://www.economist.com/interactive/graphic-detail/ukraine-fires","category":"Fire classified as war-related (model estimate)","side":"Not attributed","color":"#FF8C00","radius":3,"orbat":[],"description":"Satellite heat detection at 09:37 UTC, in an area of abnormal fire activity. Urban area."}},{"type":"Feature","geometry":{"type":"Point","coordinates":[39.71954,47.84807]},"properties":{"source":"economist_fires","source_name":"The Economist war-fire model","source_url":"https://github.com/TheEconomist/the-economist-war-fire-model","id":980,"date":"2026-09-13","link":"https://www.economist.com/interactive/graphic-detail/ukraine-fires","category":"Fire classified as war-related (model estimate)","side":"Not attributed","color":"#FF8C00","radius":3,"orbat":[],"description":"Satellite heat detection at 11:17 UTC, in an area of abnormal fire activity. Urban area."}},{"type":"Feature","geometry":{"type":"Point","coordinates":[39.66743,47.86659]},"properties":{"source":"economist_fires","source_name":"The Economist war-fire model","source_url":"https://github.com/TheEconomist/the-economist-war-fire-model","id":981,"date":"2026-09-13","link":"https://www.economist.com/interactive/graphic-detail/ukraine-fires","category":"Fire classified as war-related (model estimate)","side":"Not attributed","color":"#FF8C00","radius":3,"orbat":[],"description":"Satellite heat detection at 08:41 UTC, in an area of abnormal fire activity. Urban area."}},{"type":"Feature","geometry":{"type":"Point","coordinates":[39.91211,48.24097]},"properties":{"source":"economist_fires","source_name":"The Economist war-fire model","source_url":"https://github.com/TheEconomist/the-economist-war-fire-model","id":982,"date":"2026-09-13","link":"https://www.economist.com/interactive/graphic-detail/ukraine-fires","category":"Fire classified as war-related (model estimate)","side":"Not attributed","color":"#FF8C00","radius":3,"orbat":[],"description":"Satellite heat detection at 22:35 UTC, in an area of abnormal fire activity. Urban area."}},{"type":"Feature","geometry":{"type":"Point","coordinates":[39.90779,48.24118]},"properties":{"source":"economist_fires","source_name":"The Economist war-fire model","source_url":"https://github.com/TheEconomist/the-economist-war-fire-model","id":983,"date":"2026-09-13","link":"https://www.economist.com/interactive/graphic-detail/ukraine-fires","category":"Fire classified as war-related (model estimate)","side":"Not attributed","color":"#FF8C00","radius":3,"orbat":[],"description":"Satellite heat detection at 22:35 UTC, in an area of abnormal fire activity. Urban area."}},{"type":"Feature","geometry":{"type":"Point","coordinates":[39.90347,48.24139]},"properties":{"source":"economist_fires","source_name":"The Economist war-fire model","source_url":"https://github.com/TheEconomist/the-economist-war-fire-model","id":984,"date":"2026-09-13","link":"https://www.economist.com/interactive/graphic-detail/ukraine-fires","category":"Fire classified as war-related (model estimate)","side":"Not attributed","color":"#FF8C00","radius":3,"orbat":[],"description":"Satellite heat detection at 22:35 UTC, in an area of abnormal fire activity. Urban area."}},{"type":"Feature","geometry":{"type":"Point","coordinates":[39.90828,48.24627]},"properties":{"source":"economist_fires","source_name":"The Economist war-fire model","source_url":"https://github.com/TheEconomist/the-economist-war-fire-model","id":985,"date":"2026-09-13","link":"https://www.economist.com/interactive/graphic-detail/ukraine-fires","category":"Fire classified as war-related (model estimate)","side":"Not attributed","color":"#FF8C00","radius":3,"orbat":[],"description":"Satellite heat detection at 22:35 UTC, in an area of abnormal fire activity. Urban area."}},{"type":"Feature","geometry":{"type":"Point","coordinates":[39.90357,48.23987]},"properties":{"source":"economist_fires","source_name":"The Economist war-fire model","source_url":"https://github.com/TheEconomist/the-economist-war-fire-model","id":986,"date":"2026-09-13","link":"https://www.economist.com/interactive/graphic-detail/ukraine-fires","category":"Fire classified as war-related (model estimate)","side":"Not attributed","color":"#FF8C00","radius":3,"orbat":[],"description":"Satellite heat detection at 23:12 UTC, in an area of abnormal fire activity. Urban area."}},{"type":"Feature","geometry":{"type":"Point","coordinates":[39.90527,48.2428]},"properties":{"source":"economist_fires","source_name":"The Economist war-fire model","source_url":"https://github.com/TheEconomist/the-economist-war-fire-model","id":987,"date":"2026-09-13","link":"https://www.economist.com/interactive/graphic-detail/ukraine-fires","category":"Fire classified as war-related (model estimate)","side":"Not attributed","color":"#FF8C00","radius":3,"orbat":[],"description":"Satellite heat detection at 23:12 UTC, in an area of abnormal fire activity. Urban area."}},{"type":"Feature","geometry":{"type":"Point","coordinates":[39.91148,48.243]},"properties":{"source":"economist_fires","source_name":"The Economist war-fire model","source_url":"https://github.com/TheEconomist/the-economist-war-fire-model","id":988,"date":"2026-09-13","link":"https://www.economist.com/interactive/graphic-detail/ukraine-fires","category":"Fire classified as war-related (model estimate)","side":"Not attributed","color":"#FF8C00","radius":3,"orbat":[],"description":"Satellite heat detection at 23:12 UTC, in an area of abnormal fire activity. Urban area."}},{"type":"Feature","geometry":{"type":"Point","coordinates":[39.90444,48.24371]},"properties":{"source":"economist_fires","source_name":"The Economist war-fire model","source_url":"https://github.com/TheEconomist/the-economist-war-fire-model","id":989,"date":"2026-09-13","link":"https://www.economist.com/interactive/graphic-detail/ukraine-fires","category":"Fire classified as war-related (model estimate)","side":"Not attributed","color":"#FF8C00","radius":3,"orbat":[],"description":"Satellite heat detection at 23:12 UTC, in an area of abnormal fire activity. Urban area."}},{"type":"Feature","geometry":{"type":"Point","coordinates":[39.90928,48.24136]},"properties":{"source":"economist_fires","source_name":"The Economist war-fire model","source_url":"https://github.com/TheEconomist/the-economist-war-fire-model","id":990,"date":"2026-09-13","link":"https://www.economist.com/interactive/graphic-detail/ukraine-fires","category":"Fire classified as war-related (model estimate)","side":"Not attributed","color":"#FF8C00","radius":3,"orbat":[],"description":"Satellite heat detection at 23:31 UTC, in an area of abnormal fire activity. Urban area."}},{"type":"Feature","geometry":{"type":"Point","coordinates":[39.90419,48.24218]},"properties":{"source":"economist_fires","source_name":"The Economist war-fire model","source_url":"https://github.com/TheEconomist/the-economist-war-fire-model","id":991,"date":"2026-09-13","link":"https://www.economist.com/interactive/graphic-detail/ukraine-fires","category":"Fire classified as war-related (model estimate)","side":"Not attributed","color":"#FF8C00","radius":3,"orbat":[],"description":"Satellite heat detection at 23:31 UTC, in an area of abnormal fire activity. Urban area."}},{"type":"Feature","geometry":{"type":"Point","coordinates":[39.91045,48.24461]},"properties":{"source":"economist_fires","source_name":"The Economist war-fire model","source_url":"https://github.com/TheEconomist/the-economist-war-fire-model","id":992,"date":"2026-09-13","link":"https://www.economist.com/interactive/graphic-detail/ukraine-fires","category":"Fire classified as war-related (model estimate)","side":"Not attributed","color":"#FF8C00","radius":3,"orbat":[],"description":"Satellite heat detection at 23:31 UTC, in an area of abnormal fire activity. Urban area."}},{"type":"Feature","geometry":{"type":"Point","coordinates":[39.90536,48.24543]},"properties":{"source":"economist_fires","source_name":"The Economist war-fire model","source_url":"https://github.com/TheEconomist/the-economist-war-fire-model","id":993,"date":"2026-09-13","link":"https://www.economist.com/interactive/graphic-detail/ukraine-fires","category":"Fire classified as war-related (model estimate)","side":"Not attributed","color":"#FF8C00","radius":3,"orbat":[],"description":"Satellite heat detection at 23:31 UTC, in an area of abnormal fire activity. Urban area."}}]}