{"type":"FeatureCollection","features":[{"type":"Feature","geometry":{"type":"MultiPolygon","coordinates":[[[[145.8801,43.26672],[145.82729,43.42907],[145.48816,43.43719],[145.41676,43.63777],[145.2299,43.80682],[146.1082,44.84917],[148.20988,45.7996],[149.17736,45.56691],[149.05394,45.27009],[147.26439,43.8185],[145.8801,43.26672]]],[[[45.00974,43.46293],[44.97225,43.46848],[44.97203,43.48126],[44.95477,43.48118],[44.95575,43.52249],[44.90275,43.52076],[44.88081,43.53177],[44.87051,43.53727],[44.86022,43.55073],[44.86366,43.55375],[44.85988,43.56472],[44.84771,43.56623],[44.83152,43.68249],[44.84151,43.68058],[44.85406,43.69626],[44.86044,43.69455],[44.86019,43.68551],[44.85309,43.67646],[44.8528,43.66759],[44.87446,43.66071],[44.88975,43.65899],[44.91215,43.67055],[44.91067,43.68302],[44.92057,43.68231],[44.93342,43.67226],[44.94362,43.67146],[44.96451,43.68819],[44.96157,43.69431],[44.96319,43.69985],[44.97534,43.69791],[44.98038,43.70116],[44.98187,43.71444],[45.00078,43.72446],[45.02244,43.72803],[45.02831,43.71919],[45.04076,43.72206],[45.04355,43.71804],[45.04154,43.71005],[45.04764,43.70896],[45.06403,43.71977],[45.06434,43.89018],[45.05125,43.88925],[45.05371,43.95741],[45.20008,43.95778],[45.20018,43.8764],[45.43897,43.87616],[45.43926,44.00949],[45.52145,44.01082],[45.5245,44.0057],[45.71286,43.96297],[45.71908,43.95421],[45.79841,43.95329],[45.79824,43.96911],[45.86202,43.9706],[45.88734,43.95032],[46.0727,43.93147],[46.06016,43.88642],[46.03711,43.88828],[46.00308,43.88123],[46.04506,43.82012],[46.07646,43.81664],[46.07576,43.84244],[46.09421,43.84044],[46.09513,43.86246],[46.2165,43.85942],[46.2509,43.88255],[46.25266,43.94577],[46.35598,43.94453],[46.35588,43.94842],[46.35782,43.95099],[46.35283,43.95502],[46.35058,43.96028],[46.34266,43.97229],[46.34555,43.9764],[46.34047,43.98389],[46.34463,43.98665],[46.33709,43.99136],[46.33453,43.99779],[46.32898,43.99891],[46.32824,44.00249],[46.32505,44.0057],[46.32518,44.00891],[46.39892,44.00595],[46.42505,44.00254],[46.43985,44.00234],[46.43833,43.99423],[46.42861,43.98828],[46.4291,43.9856],[46.43223,43.98425],[46.43639,43.98439],[46.43574,43.9797],[46.44143,43.97699],[46.43809,43.97514],[46.43436,43.97236],[46.44554,43.96751],[46.43809,43.96312],[46.43505,43.95894],[46.43475,43.95229],[46.43832,43.9529],[46.4412,43.95499],[46.45041,43.95249],[46.45789,43.94406],[46.45679,43.93638],[46.46214,43.933],[46.4619,43.9268],[46.45262,43.91857],[46.45513,43.90885],[46.45066,43.89979],[46.44895,43.89501],[46.45375,43.88693],[46.44586,43.87885],[46.45764,43.87272],[46.46327,43.87288],[46.47578,43.87766],[46.49749,43.87683],[46.49549,43.87139],[46.49486,43.86645],[46.49698,43.86547],[46.49756,43.85867],[46.51144,43.85978],[46.52096,43.8581],[46.53803,43.85766],[46.54316,43.86024],[46.55431,43.86933],[46.55731,43.8678],[46.56481,43.86977],[46.57373,43.87112],[46.58882,43.87074],[46.60115,43.85093],[46.60402,43.85133],[46.60648,43.8488],[46.61646,43.84927],[46.6182,43.84307],[46.62086,43.83929],[46.62146,43.83279],[46.61992,43.82746],[46.62353,43.82611],[46.63254,43.82933],[46.63894,43.83008],[46.64128,43.82927],[46.65034,43.82875],[46.65454,43.82967],[46.65896,43.83273],[46.65719,43.82724],[46.65649,43.82252],[46.64808,43.81412],[46.6515,43.79979],[46.65526,43.79368],[46.6535,43.78914],[46.64213,43.78114],[46.6342,43.77759],[46.63095,43.77011],[46.61074,43.76581],[46.6074,43.76737],[46.59043,43.76851],[46.57539,43.76458],[46.56899,43.76143],[46.55791,43.75986],[46.54626,43.74957],[46.53478,43.72477],[46.44868,43.65554],[46.44557,43.64947],[46.44882,43.64465],[46.45497,43.63178],[46.4549,43.62889],[46.44825,43.62784],[46.43255,43.60363],[46.41661,43.59472],[46.43273,43.57509],[46.42568,43.53119],[46.41834,43.52856],[46.3954,43.49003],[46.38519,43.47757],[46.33905,43.45689],[46.33517,43.4577],[46.32785,43.4443],[46.33005,43.43744],[46.33583,43.3988],[46.35628,43.3704],[46.35828,43.37044],[46.36233,43.35876],[46.37062,43.34998],[46.37033,43.34121],[46.3896,43.33655],[46.39786,43.33659],[46.40045,43.33299],[46.40123,43.32857],[46.4102,43.32461],[46.41547,43.31152],[46.41571,43.30346],[46.42106,43.298],[46.42327,43.29801],[46.42518,43.29373],[46.42083,43.29006],[46.42283,43.27837],[46.41645,43.27032],[46.41762,43.26338],[46.41022,43.25666],[46.40944,43.24824],[46.40887,43.23171],[46.39654,43.21061],[46.39051,43.20225],[46.42241,43.20128],[46.42412,43.19787],[46.42308,43.1912],[46.43839,43.18571],[46.41274,43.16269],[46.38848,43.14742],[46.39784,43.13143],[46.42049,43.1235],[46.42219,43.12008],[46.41871,43.11617],[46.42411,43.11061],[46.41981,43.10651],[46.43453,43.08328],[46.46238,43.08824],[46.48917,43.08734],[46.492,43.09056],[46.5007,43.08929],[46.50836,43.08552],[46.5017,43.07422],[46.5106,43.07098],[46.5191,43.06443],[46.52403,43.05174],[46.52382,43.04082],[46.51917,43.04277],[46.49719,43.03663],[46.49269,43.03819],[46.49284,43.02843],[46.49655,43.02488],[46.50472,43.02988],[46.50203,43.0323],[46.50621,43.03348],[46.51078,43.0288],[46.5062,43.02194],[46.50986,43.0171],[46.50482,43.01631],[46.50184,43.01752],[46.4796,43.01791],[46.4703,43.01445],[46.47116,43.00968],[46.4776,43.0056],[46.47974,43.00265],[46.47923,42.99537],[46.49576,42.97647],[46.49711,42.96621],[46.49914,42.96297],[46.49279,42.95043],[46.49374,42.94568],[46.53233,42.92206],[46.52779,42.91669],[46.52051,42.9171],[46.48776,42.91088],[46.44287,42.88787],[46.4371,42.88119],[46.44913,42.87731],[46.42889,42.8586],[46.39048,42.8521],[46.36748,42.84199],[46.36461,42.84783],[46.37072,42.85565],[46.36863,42.86309],[46.359,42.87007],[46.35761,42.87455],[46.3443,42.88647],[46.33793,42.89337],[46.32393,42.89694],[46.31641,42.90665],[46.3113,42.90957],[46.30519,42.90851],[46.30571,42.90165],[46.31124,42.88616],[46.3001,42.86505],[46.29444,42.87615],[46.29172,42.87772],[46.2846,42.87919],[46.2805,42.88358],[46.27402,42.88507],[46.27006,42.8822],[46.26491,42.87875],[46.25804,42.866],[46.23984,42.86011],[46.2254,42.86523],[46.21024,42.89019],[46.20473,42.89069],[46.18515,42.88792],[46.18925,42.87924],[46.17994,42.86691],[46.16681,42.85584],[46.16768,42.85156],[46.16428,42.84855],[46.15508,42.84528],[46.12333,42.81533],[46.11658,42.80472],[46.12122,42.80201],[46.12586,42.80156],[46.13824,42.79752],[46.14873,42.79297],[46.15444,42.77554],[46.16405,42.77074],[46.16611,42.76821],[46.16685,42.76189],[46.16535,42.7562],[46.16734,42.7539],[46.16461,42.75131],[46.17742,42.74399],[46.1789,42.74147],[46.17836,42.73776],[46.17508,42.73216],[46.16731,42.72979],[46.15701,42.73033],[46.14156,42.72172],[46.11208,42.72006],[46.0998,42.72529],[46.09738,42.71427],[46.07847,42.71687],[46.08667,42.69331],[46.07767,42.68151],[46.01506,42.67556],[46.01687,42.66367],[46.00816,42.65454],[46.00653,42.64333],[46.02167,42.6209],[46.03749,42.61817],[46.00528,42.6107],[46.00677,42.59727],[45.99561,42.59053],[45.99182,42.59222],[45.97056,42.57901],[45.96097,42.57994],[45.93429,42.60132],[45.92627,42.6011],[45.91574,42.58957],[45.89406,42.58063],[45.90838,42.55473],[45.88856,42.54459],[45.8818,42.53647],[45.86038,42.53439],[45.84331,42.52172],[45.8437,42.51538],[45.82281,42.50702],[45.82164,42.49839],[45.77332,42.48819],[45.72254,42.47576],[45.69853,42.48244],[45.68789,42.50528],[45.66557,42.50583],[45.6505,42.49863],[45.63489,42.51038],[45.61377,42.50593],[45.59557,42.51726],[45.59591,42.52809],[45.60174,42.53234],[45.58696,42.53806],[45.57492,42.54833],[45.55423,42.54235],[45.54581,42.53746],[45.53926,42.54135],[45.52412,42.54682],[45.49831,42.53502],[45.46563,42.53839],[45.45383,42.54615],[45.43236,42.54146],[45.41964,42.5523],[45.40519,42.5507],[45.39828,42.53942],[45.35704,42.52291],[45.33638,42.52531],[45.32874,42.54286],[45.3266,42.56647],[45.31526,42.57393],[45.30848,42.56921],[45.29551,42.57511],[45.2916,42.58476],[45.28357,42.58986],[45.28193,42.60006],[45.28362,42.60596],[45.25577,42.60642],[45.2518,42.62054],[45.22241,42.65285],[45.21885,42.66134],[45.19158,42.66804],[45.1856,42.67878],[45.17557,42.68225],[45.16691,42.69229],[45.15988,42.70782],[45.1415,42.7101],[45.12174,42.70986],[45.10283,42.70433],[45.08766,42.71092],[45.07929,42.71047],[45.09185,42.72921],[45.11633,42.74992],[45.14288,42.76407],[45.14579,42.77546],[45.15778,42.7826],[45.17146,42.78191],[45.18062,42.79738],[45.19447,42.80537],[45.1946,42.82344],[45.18166,42.82314],[45.16597,42.83191],[45.08588,42.84369],[45.08732,42.86974],[45.07089,42.89832],[45.08199,42.91422],[45.09457,42.94001],[45.06998,42.97125],[45.07072,42.9919],[45.08383,43.01455],[45.12668,43.03988],[45.1639,43.0687],[45.19729,43.10492],[45.19155,43.12309],[45.17476,43.14264],[45.18513,43.16621],[45.17222,43.16625],[45.16563,43.17588],[45.13883,43.17609],[45.14461,43.18323],[45.12555,43.19281],[45.12973,43.22066],[45.10715,43.27463],[45.11171,43.31969],[45.12306,43.32342],[45.127,43.34166],[45.1393,43.42065],[45.11397,43.45171],[45.06561,43.45481],[45.06544,43.46287],[45.00974,43.46293]]],[[[43.73872,42.16049],[43.73594,42.16185],[43.73507,42.16191],[43.73452,42.1623],[43.73268,42.16425],[43.73194,42.1655],[43.73188,42.16599],[43.72661,42.16825],[43.72586,42.16796],[43.7272,42.16399],[43.73264,42.16061],[43.73263,42.15958],[43.72981,42.15922],[43.72546,42.16058],[43.72459,42.1606],[43.72277,42.15972],[43.72133,42.15925],[43.71661,42.16049],[43.71307,42.16069],[43.71177,42.15993],[43.71138,42.15947],[43.71148,42.15864],[43.71238,42.15743],[43.71331,42.15687],[43.71375,42.15612],[43.71413,42.1558],[43.71527,42.15566],[43.71617,42.15488],[43.71658,42.15413],[43.71633,42.15137],[43.71566,42.15131],[43.71367,42.14832],[43.71076,42.148],[43.71132,42.14597],[43.70915,42.14534],[43.7073,42.14312],[43.70478,42.14395],[43.69966,42.14787],[43.69802,42.14981],[43.69796,42.15172],[43.69824,42.15263],[43.69604,42.15381],[43.69545,42.15476],[43.69406,42.15536],[43.69349,42.15645],[43.69248,42.15711],[43.69176,42.15799],[43.69171,42.15837],[43.69227,42.15884],[43.69226,42.1592],[43.69172,42.15972],[43.69019,42.1604],[43.68962,42.16113],[43.68894,42.16133],[43.68743,42.16215],[43.68653,42.16369],[43.68547,42.16436],[43.6846,42.16468],[43.68416,42.16535],[43.68364,42.16558],[43.68156,42.16548],[43.65485,42.168],[43.63446,42.18135],[43.63628,42.19082],[43.6302,42.20182],[43.59971,42.21056],[43.61728,42.27775],[43.67205,42.30844],[43.66786,42.33469],[43.61836,42.33911],[43.59396,42.35531],[43.60819,42.36468],[43.62423,42.38636],[43.59553,42.40607],[43.58598,42.4699],[43.60665,42.48254],[43.60314,42.52693],[43.61513,42.54154],[43.59298,42.54986],[43.57709,42.57678],[43.65018,42.6433],[43.69909,42.64723],[43.71841,42.67167],[43.70985,42.68529],[43.73526,42.6837],[43.7466,42.68392],[43.77132,42.70205],[43.78781,42.71242],[43.79948,42.74459],[43.80428,42.7438],[43.80908,42.73695],[43.80872,42.72078],[43.78932,42.69832],[43.77963,42.67725],[43.77292,42.67363],[43.76003,42.65435],[43.74234,42.64771],[43.73693,42.64868],[43.73354,42.64361],[43.71674,42.634],[43.72792,42.63047],[43.75547,42.61758],[43.75517,42.60002],[43.77527,42.58972],[43.78885,42.59788],[43.80942,42.60098],[43.81695,42.59469],[43.82775,42.59401],[43.83443,42.59919],[43.84078,42.59935],[43.86712,42.59045],[43.87496,42.58474],[43.87526,42.58109],[43.8821,42.58103],[43.88415,42.5786],[43.88963,42.57903],[43.89272,42.57747],[43.89787,42.57921],[43.90348,42.57631],[43.91047,42.57594],[43.91327,42.57041],[43.93699,42.56207],[43.94439,42.56385],[43.94808,42.55918],[43.94873,42.55595],[43.94459,42.55295],[43.94509,42.55044],[43.95221,42.55336],[43.95929,42.55279],[43.96283,42.54809],[43.97164,42.55294],[43.97252,42.56131],[43.98859,42.56904],[44.00847,42.59135],[44.02218,42.59833],[44.05221,42.60511],[44.06346,42.60162],[44.08856,42.60638],[44.09112,42.60992],[44.10621,42.61728],[44.11637,42.61907],[44.13965,42.61137],[44.14957,42.60588],[44.15589,42.6081],[44.16266,42.60699],[44.16677,42.61276],[44.17222,42.61396],[44.18053,42.621],[44.18399,42.62225],[44.18478,42.62906],[44.1899,42.63303],[44.1928,42.63325],[44.19287,42.63526],[44.1948,42.6355],[44.19808,42.63297],[44.20298,42.63227],[44.2038,42.63098],[44.21082,42.63065],[44.21253,42.63193],[44.21681,42.63201],[44.2199,42.63053],[44.22389,42.63107],[44.23005,42.62948],[44.2317,42.62759],[44.23171,42.62676],[44.23125,42.62472],[44.2325,42.62279],[44.22883,42.61655],[44.22673,42.61042],[44.23064,42.60619],[44.23434,42.60835],[44.24173,42.60153],[44.24646,42.59333],[44.24915,42.59166],[44.25115,42.59252],[44.25212,42.59651],[44.25555,42.59904],[44.26301,42.60139],[44.26788,42.60545],[44.27976,42.59772],[44.28893,42.59528],[44.30726,42.57875],[44.31011,42.56176],[44.32645,42.55116],[44.34507,42.54703],[44.34727,42.52739],[44.35477,42.52327],[44.3636,42.52489],[44.37163,42.51422],[44.38014,42.51007],[44.37656,42.50381],[44.35635,42.50395],[44.33448,42.49283],[44.33884,42.48855],[44.34239,42.47974],[44.35706,42.46921],[44.37506,42.4727],[44.39114,42.45994],[44.39995,42.46404],[44.42067,42.46437],[44.44904,42.45844],[44.4841,42.41184],[44.53272,42.4071],[44.54905,42.38713],[44.59748,42.37809],[44.60919,42.36408],[44.57902,42.32695],[44.61932,42.27443],[44.61563,42.22648],[44.62745,42.19259],[44.60306,42.19248],[44.56627,42.17433],[44.58099,42.15568],[44.56097,42.13414],[44.56694,42.11703],[44.54799,42.11593],[44.53688,42.10149],[44.52015,42.09173],[44.52636,42.06724],[44.54784,42.07395],[44.55887,42.06216],[44.54247,42.048],[44.53131,42.0411],[44.50866,42.05382],[44.49254,42.05911],[44.48776,42.06865],[44.48361,42.06803],[44.48286,42.06154],[44.48933,42.04257],[44.47722,42.04646],[44.41494,42.05217],[44.36463,42.05281],[44.34745,42.04414],[44.34553,42.04234],[44.33602,42.04297],[44.33416,42.03835],[44.31398,42.04263],[44.30864,42.05627],[44.31408,42.06547],[44.30815,42.07227],[44.29318,42.06954],[44.28386,42.05199],[44.27835,42.03643],[44.25935,42.05892],[44.27866,42.08732],[44.28145,42.11124],[44.26243,42.10943],[44.25715,42.10934],[44.2486,42.1206],[44.23261,42.11911],[44.22175,42.12873],[44.22354,42.13435],[44.22815,42.13617],[44.2281,42.14006],[44.22178,42.14626],[44.21312,42.15081],[44.20814,42.14658],[44.1951,42.14564],[44.18756,42.1498],[44.18611,42.14856],[44.18451,42.14686],[44.18277,42.14671],[44.18144,42.14621],[44.18023,42.14355],[44.16803,42.14613],[44.16748,42.14033],[44.15971,42.14033],[44.15599,42.13536],[44.14312,42.11177],[44.13775,42.1122],[44.1341,42.11477],[44.13693,42.12129],[44.13323,42.12752],[44.13519,42.12948],[44.13533,42.13244],[44.1368,42.13452],[44.13852,42.13512],[44.14294,42.1436],[44.14327,42.14675],[44.14466,42.15059],[44.14417,42.15147],[44.1424,42.15245],[44.13855,42.15353],[44.13681,42.15429],[44.13551,42.15506],[44.13559,42.15573],[44.13524,42.15593],[44.13406,42.15573],[44.1332,42.15611],[44.13242,42.15684],[44.13243,42.15709],[44.13336,42.15786],[44.13299,42.15828],[44.13169,42.15798],[44.1316,42.15818],[44.13197,42.15879],[44.13193,42.15897],[44.13148,42.15898],[44.13025,42.15854],[44.12943,42.15926],[44.12997,42.16023],[44.13045,42.17023],[44.12467,42.17099],[44.11827,42.17429],[44.11525,42.17682],[44.10904,42.17621],[44.10649,42.17938],[44.11203,42.18534],[44.10654,42.19726],[44.09461,42.19687],[44.0888,42.19876],[44.0866,42.20202],[44.09475,42.21727],[44.09533,42.22207],[44.09631,42.22443],[44.09176,42.2259],[44.09159,42.22805],[44.08695,42.23356],[44.08282,42.23381],[44.07902,42.23787],[44.07554,42.23854],[44.06065,42.23878],[44.06137,42.23539],[44.04668,42.23097],[44.04348,42.22671],[44.04233,42.21977],[44.03946,42.21651],[44.03656,42.21527],[44.03462,42.21507],[44.03275,42.21416],[44.03292,42.2168],[44.02846,42.21629],[44.02143,42.21737],[44.00849,42.21655],[44.00543,42.21554],[43.99628,42.21592],[43.98764,42.21522],[43.98948,42.20914],[43.98587,42.20898],[43.98242,42.20821],[43.98385,42.20395],[43.97915,42.20374],[43.97799,42.20321],[43.97671,42.20311],[43.9756,42.20099],[43.9648,42.20527],[43.96114,42.20508],[43.95906,42.20611],[43.94537,42.20985],[43.94129,42.21201],[43.93818,42.21091],[43.9257,42.20728],[43.9278,42.20479],[43.92947,42.20382],[43.92956,42.20257],[43.92631,42.20179],[43.92453,42.20175],[43.92113,42.20085],[43.91812,42.20135],[43.91758,42.20033],[43.91625,42.19964],[43.9178,42.19698],[43.91799,42.19529],[43.91647,42.19317],[43.91548,42.19276],[43.9139,42.1903],[43.91365,42.18813],[43.91625,42.18474],[43.91647,42.18342],[43.91462,42.18045],[43.91235,42.1785],[43.90651,42.17193],[43.90479,42.16915],[43.90351,42.1686],[43.899,42.16419],[43.89483,42.16313],[43.89006,42.15975],[43.88048,42.16225],[43.87891,42.16714],[43.87483,42.16891],[43.86906,42.16855],[43.86896,42.16676],[43.86862,42.16513],[43.86786,42.16367],[43.86599,42.1632],[43.86623,42.15996],[43.86974,42.15784],[43.87315,42.1546],[43.87181,42.14669],[43.87334,42.14339],[43.87227,42.14043],[43.86799,42.13674],[43.87334,42.13291],[43.86729,42.1306],[43.86292,42.13349],[43.85753,42.13311],[43.85816,42.12864],[43.84895,42.11029],[43.8386,42.10746],[43.83455,42.11135],[43.82473,42.11518],[43.82282,42.11377],[43.81973,42.11638],[43.81603,42.11569],[43.81328,42.12042],[43.80829,42.11943],[43.80594,42.12409],[43.79759,42.12378],[43.79684,42.12952],[43.79157,42.12962],[43.79116,42.13242],[43.79651,42.13407],[43.79593,42.14088],[43.79238,42.1417],[43.79129,42.14068],[43.78775,42.14149],[43.78288,42.14624],[43.7849,42.1488],[43.79068,42.14971],[43.79879,42.14886],[43.80264,42.14716],[43.81276,42.15089],[43.80938,42.15354],[43.80983,42.15986],[43.80891,42.16116],[43.80184,42.16245],[43.78546,42.15953],[43.77022,42.16134],[43.76959,42.16547],[43.74981,42.16621],[43.74304,42.16896],[43.73946,42.16699],[43.7393,42.16675],[43.73848,42.16645],[43.73705,42.16658],[43.73646,42.16392],[43.73713,42.16222],[43.73872,42.16049]]],[[[42.10201,43.21247],[42.10444,43.2095],[42.11008,43.20896],[42.11812,43.2113],[42.13024,43.21063],[42.13544,43.21717],[42.13784,43.21764],[42.14401,43.19817],[42.15003,43.18764],[42.14342,43.16475],[42.12948,43.16195],[42.12216,43.15779],[42.1173,43.14531],[42.10904,43.13481],[42.09839,43.12643],[42.09185,43.1131],[42.07111,43.0926],[42.057,43.08425],[42.0574,43.07627],[42.05243,43.06682],[42.04386,43.0573],[42.02433,43.0488],[42.00984,43.04843],[41.9953,43.04939],[41.97593,43.03824],[41.96528,43.03397],[41.95449,43.03235],[41.9421,43.0267],[41.92583,43.02492],[41.91132,43.02587],[41.89687,43.0255],[41.88796,43.02261],[41.88148,43.00779],[41.86945,42.99549],[41.86806,42.98744],[41.87763,42.97707],[41.90336,42.96976],[41.90571,42.96053],[41.89346,42.95089],[41.89632,42.93097],[41.90484,42.9059],[41.90859,42.90335],[41.93587,42.89695],[41.94718,42.89106],[41.94043,42.88156],[41.93682,42.88147],[41.928,42.87724],[41.91544,42.87558],[41.90488,42.86997],[41.8942,42.86702],[41.87878,42.85063],[41.87551,42.84389],[41.88141,42.83472],[41.8889,42.8296],[41.8954,42.80848],[41.90121,42.80065],[41.89968,42.7953],[41.90445,42.77278],[41.93126,42.77748],[41.95108,42.77801],[41.95496,42.77278],[41.95729,42.7622],[41.94917,42.74469],[41.94035,42.74045],[41.90628,42.73689],[41.90656,42.73155],[41.91228,42.72507],[41.9127,42.71709],[41.9263,42.69748],[41.93351,42.69768],[41.9391,42.69382],[41.94197,42.67261],[41.93878,42.66453],[41.94624,42.65939],[41.94849,42.65015],[41.9543,42.64231],[41.95166,42.63735],[41.93996,42.63103],[41.919,42.62976],[41.89711,42.62249],[41.88485,42.60848],[41.87634,42.60509],[41.86136,42.59664],[41.85489,42.59023],[41.85372,42.58741],[41.85091,42.58505],[41.85053,42.57597],[41.84468,42.56978],[41.83832,42.56486],[41.83107,42.56206],[41.82874,42.55833],[41.79667,42.54286],[41.78063,42.53488],[41.76875,42.53101],[41.76118,42.52199],[41.7217,42.50799],[41.71482,42.50061],[41.70761,42.50148],[41.69869,42.49672],[41.68564,42.49472],[41.68066,42.49043],[41.67097,42.49157],[41.66363,42.48221],[41.65472,42.48145],[41.64958,42.47575],[41.65379,42.46752],[41.65461,42.46258],[41.65163,42.45563],[41.65536,42.45192],[41.65622,42.45065],[41.65565,42.44855],[41.65178,42.44497],[41.65249,42.44184],[41.65511,42.44139],[41.65672,42.44256],[41.65729,42.44465],[41.65917,42.44544],[41.66088,42.4451],[41.66195,42.4431],[41.65896,42.43538],[41.66335,42.43181],[41.66294,42.42873],[41.65761,42.42325],[41.65327,42.42124],[41.64838,42.41968],[41.64189,42.41159],[41.63951,42.4116],[41.63777,42.41239],[41.63544,42.41285],[41.63256,42.41453],[41.62893,42.41405],[41.62553,42.41117],[41.62409,42.40523],[41.62276,42.40402],[41.6198,42.40296],[41.61839,42.40335],[41.61558,42.40636],[41.61001,42.415],[41.60728,42.41589],[41.6012,42.41404],[41.59475,42.40895],[41.56613,42.40362],[41.56016,42.39879],[41.55799,42.38873],[41.54306,42.38531],[41.52397,42.48937],[41.50773,42.55659],[41.48756,42.61716],[41.45947,42.67669],[41.42651,42.71802],[41.38517,42.74622],[41.30222,42.76425],[41.21287,42.79018],[41.18518,42.7815],[41.14614,42.78626],[41.09394,42.84523],[41.06842,42.94297],[41.03105,42.98853],[40.96995,42.97107],[40.85935,43.06641],[40.69496,43.07728],[40.64213,43.08992],[40.57762,43.08502],[40.5142,43.13831],[40.46859,43.13544],[40.38552,43.16973],[40.36494,43.16116],[40.34304,43.14098],[40.28439,43.17509],[40.27137,43.19216],[40.26382,43.26336],[40.24593,43.30569],[40.23208,43.31538],[40.15205,43.33973],[40.07446,43.37578],[40.05488,43.37513],[40.00746,43.38579],[40.00739,43.39036],[40.00818,43.39419],[40.00961,43.3968],[40.00955,43.40634],[40.01403,43.41301],[40.01522,43.41848],[40.017,43.42055],[40.01565,43.42177],[40.012,43.42243],[40.01059,43.4235],[40.013,43.42979],[40.01451,43.43091],[40.02085,43.432],[40.03174,43.44024],[40.03362,43.44315],[40.03576,43.44466],[40.03641,43.44909],[40.03883,43.45119],[40.0406,43.452],[40.04177,43.4534],[40.04246,43.45643],[40.04181,43.45974],[40.04488,43.46713],[40.04359,43.4717],[40.045,43.47613],[40.04501,43.47816],[40.04751,43.4789],[40.04861,43.4821],[40.05032,43.48304],[40.05109,43.48442],[40.05227,43.48563],[40.05248,43.48758],[40.05734,43.494],[40.05892,43.49852],[40.06104,43.49981],[40.06201,43.50301],[40.06387,43.50458],[40.0645,43.50586],[40.0722,43.50983],[40.07339,43.51163],[40.07612,43.51371],[40.07693,43.51696],[40.07957,43.51764],[40.09012,43.52353],[40.09228,43.52779],[40.0951,43.52938],[40.09565,43.53385],[40.09434,43.53845],[40.09265,43.53948],[40.09271,43.54241],[40.09351,43.54588],[40.09284,43.547],[40.09171,43.54726],[40.09184,43.54792],[40.09352,43.54913],[40.09149,43.55107],[40.09074,43.5554],[40.09495,43.55952],[40.09813,43.56139],[40.09775,43.56267],[40.09726,43.56307],[40.09793,43.56412],[40.09767,43.56533],[40.09831,43.56593],[40.1009,43.56658],[40.10344,43.56834],[40.10602,43.5683],[40.10669,43.56913],[40.10913,43.56993],[40.11026,43.56999],[40.11078,43.56918],[40.11192,43.56922],[40.11271,43.56886],[40.1145,43.56852],[40.11615,43.56925],[40.11716,43.56901],[40.11817,43.56932],[40.11934,43.56852],[40.12,43.56845],[40.12013,43.56773],[40.12101,43.56772],[40.1219,43.56797],[40.1229,43.5677],[40.12465,43.5661],[40.12874,43.56565],[40.12987,43.56497],[40.13104,43.56502],[40.13488,43.56722],[40.13601,43.56696],[40.13757,43.56744],[40.13804,43.56822],[40.14064,43.56938],[40.14189,43.56928],[40.14504,43.57034],[40.14704,43.57163],[40.14878,43.57168],[40.15045,43.57264],[40.15254,43.5724],[40.15495,43.57444],[40.15825,43.57503],[40.16128,43.57308],[40.16859,43.57447],[40.17143,43.57653],[40.17405,43.57585],[40.17562,43.57402],[40.18168,43.57469],[40.18844,43.57402],[40.19316,43.57523],[40.20019,43.57451],[40.20349,43.57582],[40.20746,43.57474],[40.20867,43.57491],[40.20962,43.57565],[40.21121,43.57571],[40.21312,43.5748],[40.21421,43.57594],[40.22016,43.57912],[40.22339,43.57928],[40.22449,43.58103],[40.22701,43.58067],[40.23004,43.58307],[40.24189,43.58672],[40.24887,43.58429],[40.25096,43.58618],[40.26042,43.58638],[40.26511,43.58257],[40.26499,43.58104],[40.26624,43.58071],[40.27229,43.57733],[40.27379,43.57812],[40.2802,43.57912],[40.28865,43.5759],[40.29845,43.57117],[40.30558,43.57913],[40.31533,43.58062],[40.32191,43.57614],[40.32349,43.57017],[40.34385,43.5637],[40.35575,43.56594],[40.41526,43.55263],[40.44193,43.55816],[40.45649,43.54736],[40.48478,43.54749],[40.51719,43.52225],[40.56402,43.5194],[40.62108,43.55174],[40.66469,43.5639],[40.69343,43.54803],[40.69402,43.53515],[40.73877,43.52921],[40.75812,43.51979],[40.82805,43.48958],[40.89108,43.49022],[40.89534,43.48728],[40.89197,43.48245],[40.8975,43.47891],[40.90061,43.4683],[40.89445,43.45794],[40.92394,43.44891],[40.92985,43.44457],[40.92748,43.43417],[40.93017,43.42633],[40.9366,43.42455],[40.94514,43.42577],[40.95095,43.41952],[40.98527,43.43149],[41.00501,43.43347],[41.02251,43.41634],[41.03726,43.40694],[41.04239,43.39866],[41.0513,43.39812],[41.07372,43.388],[41.07944,43.39069],[41.0821,43.39019],[41.096,43.3862],[41.10311,43.39358],[41.0974,43.39976],[41.10656,43.4056],[41.11527,43.39929],[41.15289,43.40482],[41.15661,43.39915],[41.15613,43.38886],[41.15984,43.3895],[41.16891,43.38384],[41.1821,43.38641],[41.2026,43.38196],[41.22258,43.38139],[41.24818,43.36153],[41.25935,43.36613],[41.27845,43.36046],[41.28793,43.33831],[41.30413,43.34131],[41.3179,43.34056],[41.32342,43.34905],[41.33953,43.3475],[41.34278,43.35434],[41.35599,43.35844],[41.36178,43.36882],[41.3658,43.37075],[41.37545,43.36638],[41.38475,43.36674],[41.39512,43.36598],[41.41404,43.3567],[41.41785,43.34954],[41.41232,43.33463],[41.41811,43.3306],[41.4225,43.31678],[41.44018,43.30712],[41.4553,43.31004],[41.46125,43.30934],[41.46867,43.30543],[41.4904,43.28724],[41.5056,43.28154],[41.54448,43.27103],[41.54842,43.26785],[41.56326,43.25038],[41.57672,43.25366],[41.58202,43.24872],[41.58775,43.2375],[41.59371,43.23752],[41.61591,43.22639],[41.61855,43.22202],[41.6344,43.22281],[41.64201,43.23036],[41.65243,43.23594],[41.65989,43.23916],[41.67812,43.22814],[41.68536,43.21899],[41.70233,43.221],[41.70618,43.22626],[41.72158,43.24152],[41.72739,43.24396],[41.73365,43.24262],[41.74591,43.23765],[41.76106,43.22511],[41.77089,43.22082],[41.77372,43.21889],[41.78401,43.22276],[41.78752,43.2192],[41.78808,43.21573],[41.79205,43.21437],[41.79497,43.20856],[41.79918,43.20621],[41.80369,43.2026],[41.80957,43.20375],[41.81438,43.20895],[41.82236,43.21293],[41.8285,43.21504],[41.83335,43.21491],[41.84605,43.21128],[41.85259,43.21657],[41.85878,43.22934],[41.86513,43.23391],[41.86084,43.23948],[41.86257,43.24387],[41.87352,43.24572],[41.87837,43.246],[41.88241,43.25185],[41.88598,43.2517],[41.8906,43.25023],[41.89873,43.24458],[41.8973,43.24211],[41.90328,43.23567],[41.89953,43.23236],[41.91066,43.2267],[41.94152,43.22572],[41.94516,43.22311],[41.9467,43.21459],[41.9509,43.21234],[41.95313,43.20596],[41.95725,43.20425],[41.9691,43.21393],[41.98552,43.21596],[41.9963,43.2136],[42.0107,43.2181],[42.0191,43.21836],[42.02456,43.21371],[42.03482,43.20293],[42.03719,43.19872],[42.04007,43.188],[42.0474,43.18968],[42.05713,43.19674],[42.06995,43.19772],[42.07504,43.20533],[42.09433,43.21493],[42.10201,43.21247]]],[[[35.7316,47.49071],[35.71853,47.49479],[35.7115,47.50554],[35.69952,47.50685],[35.68706,47.50976],[35.67048,47.50221],[35.65466,47.50096],[35.63463,47.50049],[35.6329,47.50298],[35.64084,47.50749],[35.63694,47.51096],[35.62363,47.50585],[35.62118,47.50767],[35.6165,47.50624],[35.61616,47.50431],[35.61313,47.5043],[35.59255,47.51932],[35.5903,47.52837],[35.59699,47.54082],[35.58307,47.55375],[35.56335,47.55818],[35.53519,47.54982],[35.53618,47.54622],[35.50965,47.54423],[35.50827,47.54691],[35.50475,47.54663],[35.50453,47.54417],[35.49455,47.5441],[35.49378,47.54542],[35.48836,47.54778],[35.4863,47.54735],[35.48561,47.54491],[35.47711,47.54368],[35.46084,47.54069],[35.44914,47.54241],[35.43152,47.53758],[35.41928,47.53504],[35.40297,47.53764],[35.39731,47.54028],[35.39776,47.54665],[35.40322,47.55864],[35.40251,47.56718],[35.39124,47.56704],[35.39092,47.5653],[35.37793,47.56569],[35.37648,47.57917],[35.34669,47.57784],[35.34907,47.57157],[35.34308,47.56957],[35.32641,47.56753],[35.32795,47.56391],[35.32178,47.56498],[35.31552,47.57108],[35.30411,47.57312],[35.293,47.57687],[35.28858,47.58328],[35.29154,47.59143],[35.2887,47.59611],[35.28291,47.60505],[35.2798,47.6085],[35.27874,47.63019],[35.29787,47.62964],[35.30017,47.62689],[35.31435,47.62732],[35.33795,47.6176],[35.33504,47.61447],[35.34598,47.60828],[35.35478,47.61077],[35.35997,47.60935],[35.35948,47.60289],[35.37638,47.59575],[35.3829,47.58812],[35.39037,47.5867],[35.39639,47.59395],[35.4117,47.60624],[35.42698,47.6067],[35.43366,47.60502],[35.44724,47.60566],[35.43137,47.59085],[35.40863,47.57777],[35.42391,47.56664],[35.44651,47.56649],[35.47701,47.58422],[35.50679,47.58608],[35.51584,47.59902],[35.54634,47.60009],[35.59276,47.5862],[35.61276,47.55506],[35.61248,47.54416],[35.61163,47.53371],[35.624,47.52943],[35.63345,47.52573],[35.65015,47.51225],[35.67412,47.5198],[35.69286,47.52342],[35.72004,47.51551],[35.73734,47.50305],[35.7409,47.4922],[35.77693,47.49093],[35.78907,47.49132],[35.79748,47.49119],[35.8068,47.50671],[35.80929,47.52546],[35.83079,47.52637],[35.83827,47.51303],[35.83203,47.49702],[35.84925,47.49611],[35.85164,47.49357],[35.88634,47.49204],[35.91442,47.48779],[35.91671,47.49546],[35.92756,47.50153],[35.93082,47.50738],[35.93031,47.51918],[35.91245,47.52425],[35.90215,47.52686],[35.9032,47.52896],[35.90781,47.54123],[35.92695,47.5363],[35.93969,47.53625],[35.95107,47.52919],[35.96677,47.52312],[35.97357,47.52726],[35.9891,47.53119],[36.00494,47.53097],[36.02747,47.54307],[36.04523,47.54766],[36.0484,47.55624],[36.03775,47.57596],[36.04015,47.58502],[36.06762,47.58555],[36.05747,47.59614],[36.07916,47.60805],[36.08379,47.62281],[36.09005,47.63266],[36.11454,47.63934],[36.11811,47.64733],[36.12027,47.6554],[36.13058,47.6678],[36.09209,47.68694],[36.09792,47.6992],[36.06323,47.70719],[36.0997,47.72794],[36.09774,47.74312],[36.12494,47.74941],[36.12517,47.7735],[36.13096,47.77286],[36.13144,47.76743],[36.1583,47.76782],[36.16149,47.77736],[36.16915,47.783],[36.12743,47.80836],[36.12562,47.82321],[36.14448,47.82809],[36.15821,47.81209],[36.19613,47.80281],[36.20847,47.81151],[36.2647,47.80994],[36.28924,47.80839],[36.29572,47.81335],[36.3241,47.81037],[36.3558,47.80657],[36.35583,47.81147],[36.38109,47.81257],[36.4093,47.81833],[36.44126,47.84108],[36.47376,47.8418],[36.47758,47.85419],[36.44414,47.87167],[36.46175,47.8735],[36.4994,47.86106],[36.53498,47.86012],[36.55572,47.87152],[36.55233,47.88334],[36.56371,47.90919],[36.60191,47.91917],[36.5999,47.93653],[36.60561,47.94503],[36.63163,47.94458],[36.65743,47.94746],[36.66108,47.96229],[36.68878,47.97183],[36.71446,47.97879],[36.71809,47.99525],[36.71012,48.0036],[36.70524,48.017],[36.72005,48.0288],[36.74963,48.036],[36.75804,48.04685],[36.7504,48.05849],[36.73131,48.06805],[36.71624,48.08383],[36.71776,48.09712],[36.74076,48.09899],[36.76548,48.09099],[36.78719,48.08826],[36.82587,48.09742],[36.84518,48.09299],[36.85428,48.09299],[36.88637,48.10262],[36.88973,48.11323],[36.88819,48.12097],[36.88604,48.13383],[36.89955,48.13418],[36.8861,48.16883],[36.90375,48.17285],[36.9111,48.17908],[36.91949,48.18109],[36.92462,48.18454],[36.9252,48.19139],[36.91977,48.20063],[36.91682,48.21319],[36.91993,48.22207],[36.92605,48.22954],[36.91618,48.23702],[36.91358,48.24197],[36.91425,48.24559],[36.9489,48.24472],[36.95884,48.24191],[36.96899,48.24392],[36.96656,48.25494],[36.95675,48.26008],[36.94249,48.26434],[36.9351,48.27248],[36.9473,48.27503],[36.96638,48.27186],[36.95899,48.28996],[36.97272,48.29025],[36.98611,48.29276],[36.98657,48.30537],[37.02923,48.29843],[37.04285,48.30792],[37.04335,48.31631],[37.04625,48.32035],[37.02924,48.32868],[37.03028,48.34094],[37.02266,48.35171],[37.02605,48.35695],[37.02287,48.36085],[37.01041,48.36453],[37.01138,48.36697],[37.00682,48.38524],[37.002,48.40009],[37.03727,48.40506],[37.05263,48.41437],[37.07669,48.41024],[37.09197,48.40379],[37.10302,48.39715],[37.11333,48.38765],[37.12455,48.38259],[37.13646,48.40039],[37.15578,48.41711],[37.16875,48.42158],[37.19264,48.42246],[37.19026,48.43646],[37.19182,48.43845],[37.19552,48.45118],[37.20531,48.4668],[37.21704,48.46813],[37.21714,48.47217],[37.23291,48.47371],[37.2473,48.47024],[37.26339,48.47639],[37.30552,48.48763],[37.31629,48.48895],[37.317,48.48345],[37.33273,48.47874],[37.33268,48.48264],[37.33916,48.48938],[37.33779,48.49496],[37.34498,48.51717],[37.37135,48.51643],[37.37788,48.51183],[37.38717,48.51575],[37.39292,48.53159],[37.39814,48.53002],[37.39575,48.51399],[37.41635,48.50728],[37.44355,48.4958],[37.46903,48.49199],[37.47349,48.48454],[37.48138,48.47063],[37.51005,48.45719],[37.54643,48.45831],[37.56239,48.4613],[37.59622,48.46607],[37.59251,48.48011],[37.57948,48.48302],[37.58296,48.49648],[37.59552,48.50344],[37.60784,48.50501],[37.60645,48.51663],[37.61836,48.5391],[37.62138,48.5512],[37.62567,48.55733],[37.64094,48.55736],[37.64042,48.5481],[37.65311,48.54169],[37.66812,48.53808],[37.67386,48.53083],[37.67977,48.53113],[37.68393,48.53376],[37.69049,48.52729],[37.70367,48.52285],[37.71351,48.5249],[37.72989,48.51909],[37.73824,48.52465],[37.71637,48.53522],[37.70631,48.53086],[37.69281,48.53605],[37.69466,48.54256],[37.70999,48.54816],[37.70445,48.55264],[37.68999,48.556],[37.6875,48.56914],[37.6996,48.57933],[37.72939,48.58227],[37.74281,48.57536],[37.76997,48.56266],[37.77712,48.56706],[37.78785,48.56693],[37.79169,48.57054],[37.79296,48.57562],[37.80192,48.57617],[37.79924,48.57904],[37.79091,48.5807],[37.77778,48.58026],[37.77658,48.58733],[37.77874,48.59392],[37.74873,48.59926],[37.74544,48.60801],[37.75289,48.62049],[37.77099,48.62299],[37.76614,48.62931],[37.77051,48.63512],[37.75371,48.6536],[37.74103,48.65438],[37.7356,48.65692],[37.7294,48.6653],[37.71853,48.66744],[37.71848,48.66857],[37.73537,48.66935],[37.76173,48.67019],[37.77945,48.67763],[37.78091,48.68788],[37.78065,48.69582],[37.7992,48.70288],[37.80181,48.71299],[37.79263,48.7146],[37.7753,48.71493],[37.7683,48.70972],[37.75649,48.7087],[37.74248,48.71109],[37.74245,48.71201],[37.77277,48.71724],[37.77196,48.72216],[37.78939,48.72388],[37.77917,48.73402],[37.76227,48.73441],[37.75516,48.73734],[37.74122,48.73756],[37.74102,48.74389],[37.78078,48.74319],[37.80353,48.74199],[37.80208,48.74819],[37.79155,48.75307],[37.8054,48.7532],[37.79361,48.76127],[37.77074,48.7644],[37.7707,48.76946],[37.7968,48.76674],[37.8035,48.77228],[37.79584,48.78334],[37.78749,48.7858],[37.77157,48.78186],[37.75391,48.77581],[37.74699,48.77746],[37.76843,48.78499],[37.78403,48.78893],[37.78702,48.791],[37.79036,48.78788],[37.79614,48.78746],[37.80124,48.78242],[37.80294,48.78294],[37.80997,48.77566],[37.81824,48.78373],[37.8324,48.78807],[37.84245,48.78631],[37.85941,48.78366],[37.87108,48.78932],[37.87382,48.79271],[37.86867,48.79836],[37.85522,48.79663],[37.83628,48.79897],[37.8184,48.805],[37.83245,48.81668],[37.82332,48.82],[37.81202,48.82753],[37.79293,48.82939],[37.7941,48.8351],[37.81447,48.83563],[37.81458,48.83843],[37.82442,48.8395],[37.82325,48.84906],[37.82672,48.8511],[37.83546,48.84921],[37.84222,48.86047],[37.83383,48.86495],[37.83744,48.87695],[37.83284,48.88531],[37.84679,48.88707],[37.85153,48.88597],[37.85746,48.88569],[37.8589,48.88611],[37.85999,48.88701],[37.86165,48.88708],[37.86391,48.88628],[37.86482,48.88492],[37.8645,48.88374],[37.86358,48.88311],[37.8616,48.88247],[37.86113,48.88152],[37.86325,48.88061],[37.86704,48.87981],[37.86966,48.87811],[37.87381,48.8772],[37.8802,48.87732],[37.88421,48.87901],[37.88467,48.8811],[37.88276,48.88251],[37.88226,48.88515],[37.88316,48.88591],[37.88629,48.88661],[37.8897,48.88675],[37.89233,48.88814],[37.89462,48.88882],[37.8969,48.88862],[37.89968,48.88791],[37.90136,48.8863],[37.90365,48.88481],[37.91209,48.88783],[37.91614,48.89754],[37.90243,48.89916],[37.88016,48.90441],[37.84424,48.91152],[37.84423,48.92487],[37.86165,48.94081],[37.87055,48.95128],[37.86047,48.95577],[37.85398,48.96466],[37.84889,48.96834],[37.8411,48.96895],[37.83686,48.97117],[37.83761,48.97149],[37.84001,48.97114],[37.8418,48.97159],[37.8649,48.97249],[37.87912,48.97489],[37.89085,48.98226],[37.91993,48.98308],[37.91733,49.00463],[37.85372,49.00594],[37.83701,49.01943],[37.84686,49.02404],[37.85979,49.01829],[37.91891,49.02508],[37.91526,49.03505],[37.91998,49.04081],[37.93921,49.04963],[37.93646,49.05605],[37.91843,49.07104],[37.91337,49.07832],[37.89031,49.07556],[37.8686,49.06818],[37.85616,49.07497],[37.84088,49.07313],[37.82104,49.06597],[37.78943,49.06707],[37.78054,49.07676],[37.78557,49.08391],[37.78122,49.08906],[37.77364,49.09],[37.77073,49.09305],[37.78617,49.0991],[37.77208,49.10669],[37.75477,49.10896],[37.7465,49.1075],[37.73752,49.10095],[37.72502,49.10598],[37.72668,49.11905],[37.73058,49.12492],[37.72577,49.12976],[37.72813,49.13375],[37.74105,49.13213],[37.74517,49.13419],[37.7451,49.13732],[37.74131,49.14081],[37.74739,49.14715],[37.75049,49.15421],[37.76123,49.16294],[37.7453,49.17076],[37.74676,49.17881],[37.75407,49.18246],[37.75985,49.18666],[37.77694,49.1837],[37.78341,49.18882],[37.79626,49.18604],[37.79597,49.18417],[37.8057,49.18175],[37.81229,49.18647],[37.80058,49.19477],[37.77132,49.20398],[37.77901,49.21082],[37.80627,49.20398],[37.83697,49.20173],[37.85176,49.19749],[37.86599,49.19814],[37.88366,49.19609],[37.88411,49.20115],[37.87487,49.20524],[37.88091,49.21741],[37.87531,49.22135],[37.87403,49.22731],[37.88615,49.23082],[37.91384,49.2286],[37.91138,49.24432],[37.91803,49.2489],[37.93486,49.24617],[37.94354,49.25053],[37.96969,49.25087],[37.97446,49.25648],[37.9832,49.25799],[37.994,49.25646],[38.00665,49.2659],[37.99928,49.26985],[38.00478,49.27611],[38.00861,49.28103],[38.00771,49.28399],[38.00592,49.28427],[38.00306,49.28234],[38.00273,49.28042],[37.99726,49.2811],[37.99337,49.27922],[37.98164,49.27983],[37.97276,49.27657],[37.95664,49.28668],[37.94908,49.29902],[37.94909,49.30246],[37.95573,49.30258],[37.95901,49.31103],[37.95784,49.31745],[37.96191,49.32219],[37.96229,49.32584],[37.96128,49.32943],[37.95769,49.33229],[37.95197,49.33269],[37.94651,49.3337],[37.941,49.33568],[37.93893,49.339],[37.93625,49.34495],[37.93628,49.34811],[37.94219,49.3516],[37.94364,49.35385],[37.94903,49.35704],[37.94944,49.35949],[37.94822,49.36095],[37.94581,49.36194],[37.93524,49.36184],[37.93899,49.36978],[37.9352,49.37083],[37.93402,49.37413],[37.92978,49.3764],[37.90824,49.37191],[37.90227,49.37533],[37.87492,49.3722],[37.86289,49.37298],[37.85765,49.37041],[37.85366,49.37024],[37.84366,49.37287],[37.84331,49.38449],[37.81478,49.38443],[37.76943,49.40035],[37.76555,49.39534],[37.71095,49.41305],[37.67797,49.40805],[37.66662,49.41912],[37.65132,49.43963],[37.66143,49.44652],[37.68503,49.46691],[37.73668,49.46363],[37.75194,49.4713],[37.74224,49.48009],[37.72347,49.49297],[37.71964,49.5074],[37.71056,49.50697],[37.69659,49.49833],[37.69043,49.50107],[37.69372,49.51291],[37.69053,49.52675],[37.69256,49.54202],[37.69903,49.55686],[37.70146,49.55986],[37.70779,49.56096],[37.71321,49.56377],[37.72318,49.56597],[37.7394,49.57231],[37.76092,49.57197],[37.77014,49.5738],[37.7775,49.58796],[37.78271,49.59704],[37.77613,49.60509],[37.79178,49.61106],[37.78609,49.61985],[37.76372,49.62103],[37.75456,49.63621],[37.72487,49.63983],[37.70429,49.63225],[37.69863,49.63157],[37.69847,49.63446],[37.68898,49.64943],[37.69166,49.66133],[37.66425,49.65756],[37.66453,49.66229],[37.67735,49.67023],[37.69462,49.67169],[37.70262,49.67859],[37.70203,49.68778],[37.74087,49.69532],[37.75806,49.72092],[37.73082,49.72551],[37.72231,49.71955],[37.70281,49.72092],[37.68712,49.73172],[37.67835,49.73333],[37.67363,49.73839],[37.66775,49.74133],[37.65508,49.7435],[37.64404,49.74329],[37.63413,49.73826],[37.62366,49.72084],[37.62319,49.71939],[37.62373,49.71414],[37.62193,49.70867],[37.61686,49.70988],[37.60951,49.70951],[37.60967,49.71257],[37.60086,49.71615],[37.59317,49.72047],[37.60238,49.72543],[37.61502,49.72729],[37.61652,49.72576],[37.62016,49.72578],[37.62409,49.72822],[37.61994,49.73697],[37.62682,49.74174],[37.6217,49.74928],[37.62832,49.75653],[37.62497,49.76152],[37.62497,49.77178],[37.62114,49.77402],[37.6129,49.77702],[37.61912,49.7918],[37.6109,49.79433],[37.61235,49.8038],[37.61574,49.80709],[37.62007,49.80679],[37.62805,49.81377],[37.63729,49.81701],[37.64702,49.81832],[37.66241,49.81377],[37.66766,49.8159],[37.6633,49.825],[37.65327,49.82846],[37.64891,49.8338],[37.65292,49.84191],[37.64928,49.8502],[37.65845,49.85113],[37.6611,49.8546],[37.64533,49.85805],[37.63749,49.8629],[37.62716,49.86337],[37.63331,49.87155],[37.64449,49.87212],[37.6446,49.8922],[37.66317,49.89186],[37.67127,49.88508],[37.68126,49.89759],[37.70143,49.89476],[37.70991,49.89652],[37.71015,49.90234],[37.72049,49.90261],[37.72916,49.90143],[37.73791,49.90301],[37.74562,49.91625],[37.75564,49.92063],[37.76,49.926],[37.75328,49.92994],[37.74429,49.94987],[37.72682,49.95469],[37.72348,49.96412],[37.74143,49.97026],[37.75936,49.991],[37.76566,50.00511],[37.76692,50.02087],[37.7573,50.03132],[37.75282,50.05164],[37.75808,50.05682],[37.74714,50.0657],[37.73635,50.06539],[37.72632,50.06888],[37.72917,50.07115],[37.72139,50.07891],[37.70205,50.08648],[37.68929,50.08379],[37.68452,50.07884],[37.67156,50.07722],[37.6556,50.09334],[37.6496,50.11113],[37.645,50.11865],[37.64969,50.12247],[37.64718,50.12666],[37.65498,50.13184],[37.65784,50.13779],[37.64835,50.14109],[37.64327,50.13637],[37.62844,50.13212],[37.61223,50.13034],[37.60077,50.13728],[37.59887,50.14774],[37.59451,50.15183],[37.60279,50.16746],[37.61486,50.17804],[37.63985,50.18142],[37.63913,50.17873],[37.62626,50.17642],[37.62763,50.1674],[37.61561,50.16531],[37.60489,50.15926],[37.60351,50.14848],[37.61785,50.13781],[37.62694,50.13737],[37.63647,50.14034],[37.64703,50.14244],[37.65286,50.14486],[37.66316,50.14012],[37.6617,50.13165],[37.65656,50.12857],[37.65098,50.11894],[37.65681,50.11657],[37.66213,50.10799],[37.6654,50.10094],[37.66351,50.09951],[37.67209,50.08266],[37.67624,50.08793],[37.68097,50.091],[37.68557,50.09044],[37.68912,50.09198],[37.69904,50.09339],[37.70881,50.09058],[37.70699,50.08663],[37.71693,50.08587],[37.72327,50.0824],[37.73313,50.08012],[37.73223,50.07281],[37.74162,50.06924],[37.75146,50.0703],[37.76286,50.06892],[37.76238,50.06675],[37.75814,50.0658],[37.75804,50.06369],[37.76316,50.06158],[37.76826,50.05801],[37.76992,50.05477],[37.76249,50.05043],[37.76317,50.04008],[37.76493,50.03895],[37.77563,50.0227],[37.78042,49.99381],[37.77599,49.98212],[37.76827,49.97985],[37.76176,49.96975],[37.75069,49.97217],[37.73473,49.96604],[37.72729,49.961],[37.7349,49.95601],[37.74891,49.9532],[37.75274,49.93996],[37.77371,49.92933],[37.77502,49.92152],[37.77112,49.91348],[37.76859,49.91258],[37.75353,49.91356],[37.74718,49.91257],[37.74924,49.90827],[37.74435,49.90055],[37.73852,49.89771],[37.73293,49.90052],[37.70823,49.89262],[37.70199,49.89014],[37.69664,49.89027],[37.69402,49.89102],[37.68289,49.88881],[37.67793,49.88244],[37.66352,49.88254],[37.65537,49.88958],[37.64962,49.89078],[37.65001,49.87154],[37.64069,49.86897],[37.63818,49.86459],[37.65537,49.86166],[37.66748,49.85373],[37.66298,49.84968],[37.66628,49.84612],[37.66687,49.83877],[37.66888,49.82655],[37.67596,49.81892],[37.66995,49.81202],[37.66051,49.80922],[37.64343,49.81527],[37.63699,49.80987],[37.63133,49.80181],[37.62847,49.80817],[37.62463,49.80695],[37.62674,49.80062],[37.61503,49.80282],[37.61557,49.79956],[37.62936,49.78972],[37.62687,49.7829],[37.62327,49.77672],[37.63812,49.77389],[37.64665,49.75888],[37.65577,49.75308],[37.66205,49.75168],[37.6692,49.75171],[37.67461,49.75475],[37.68537,49.74774],[37.70073,49.73697],[37.71929,49.73698],[37.73344,49.74014],[37.74944,49.74148],[37.77685,49.73272],[37.76957,49.70403],[37.7756,49.69538],[37.77087,49.68922],[37.77781,49.67318],[37.76741,49.66715],[37.73985,49.66835],[37.7123,49.66544],[37.71375,49.65868],[37.71726,49.65637],[37.71674,49.654],[37.70798,49.64874],[37.70832,49.64209],[37.72506,49.64215],[37.72858,49.65144],[37.75174,49.6544],[37.77844,49.65137],[37.77822,49.64268],[37.80122,49.6409],[37.799,49.62737],[37.81006,49.62418],[37.81669,49.61497],[37.80873,49.60789],[37.78794,49.6077],[37.78902,49.60315],[37.80302,49.60321],[37.80407,49.59433],[37.79089,49.59466],[37.79062,49.5922],[37.79633,49.59054],[37.79249,49.58029],[37.77216,49.57491],[37.77057,49.57214],[37.76125,49.56959],[37.75383,49.5635],[37.75384,49.56178],[37.76067,49.5592],[37.7596,49.55618],[37.73183,49.55717],[37.71537,49.55636],[37.70175,49.55293],[37.70085,49.54433],[37.69602,49.54114],[37.69532,49.53032],[37.69283,49.52689],[37.69697,49.52533],[37.70076,49.51486],[37.69672,49.50883],[37.69503,49.50269],[37.69763,49.5024],[37.7063,49.50739],[37.71327,49.51349],[37.72357,49.51462],[37.73375,49.51082],[37.72893,49.502],[37.74352,49.49108],[37.77835,49.48235],[37.77171,49.46824],[37.75793,49.45791],[37.74328,49.45993],[37.7125,49.44177],[37.7084,49.43078],[37.67674,49.42126],[37.68422,49.41218],[37.71151,49.41706],[37.76451,49.39738],[37.76893,49.40528],[37.81569,49.39096],[37.82396,49.39464],[37.82996,49.4012],[37.84664,49.38666],[37.84714,49.38127],[37.86223,49.38042],[37.87565,49.3776],[37.89061,49.38205],[37.91637,49.3828],[37.91607,49.37856],[37.93251,49.38069],[37.93852,49.3792],[37.94907,49.36271],[37.95431,49.36159],[37.94957,49.35312],[37.94763,49.3514],[37.94192,49.34969],[37.94387,49.3469],[37.94118,49.34457],[37.94233,49.34185],[37.94179,49.33884],[37.95005,49.3377],[37.95343,49.33662],[37.9573,49.33485],[37.96282,49.33417],[37.96494,49.33248],[37.96552,49.33028],[37.96639,49.32225],[37.96186,49.31732],[37.96158,49.31149],[37.96938,49.31115],[37.96961,49.30304],[37.96201,49.30327],[37.96772,49.28655],[37.98373,49.28089],[37.98938,49.28359],[37.99785,49.28312],[37.99928,49.28581],[38.00259,49.28828],[38.00879,49.28801],[38.01292,49.28505],[38.00673,49.2739],[38.01402,49.26843],[38.0098,49.26151],[37.99788,49.25213],[37.96701,49.24389],[37.95592,49.24825],[37.95003,49.24791],[37.95003,49.24668],[37.95382,49.24544],[37.95026,49.24415],[37.94917,49.24172],[37.95649,49.24029],[37.95101,49.23638],[37.93556,49.23931],[37.91948,49.24585],[37.91559,49.24275],[37.91873,49.22681],[37.89831,49.22446],[37.89511,49.22601],[37.88753,49.22646],[37.8764,49.2261],[37.8783,49.22161],[37.88415,49.22047],[37.88347,49.21358],[37.88074,49.20809],[37.89268,49.2004],[37.8839,49.19281],[37.84228,49.1906],[37.83922,49.18605],[37.81442,49.1858],[37.80597,49.18085],[37.79479,49.18388],[37.79455,49.18567],[37.78394,49.18813],[37.78056,49.18523],[37.77654,49.18291],[37.75991,49.18563],[37.75534,49.18157],[37.74905,49.17869],[37.75001,49.17449],[37.76385,49.16681],[37.76448,49.16318],[37.74892,49.14743],[37.74568,49.14289],[37.7475,49.13799],[37.7536,49.13617],[37.7473,49.12972],[37.73095,49.11945],[37.72882,49.10849],[37.73666,49.10383],[37.7417,49.10796],[37.75293,49.11119],[37.77348,49.10778],[37.79007,49.09939],[37.77272,49.09231],[37.77481,49.09116],[37.78257,49.09091],[37.78847,49.08418],[37.78398,49.07756],[37.7944,49.06859],[37.8204,49.06987],[37.83998,49.07849],[37.86089,49.08141],[37.86619,49.07413],[37.86666,49.07219],[37.86952,49.07116],[37.88384,49.07753],[37.9009,49.08101],[37.91771,49.0818],[37.93557,49.07338],[37.95577,49.06782],[37.96811,49.06099],[37.9661,49.04827],[37.95489,49.03888],[37.96128,49.03336],[37.95123,49.02434],[37.94027,49.02342],[37.94156,49.01981],[37.93839,49.01929],[37.94045,49.01369],[37.94569,49.00908],[37.95642,49.00921],[37.96744,49.00218],[37.98064,48.9899],[37.97583,48.98647],[37.96544,48.98459],[37.96838,48.97654],[37.96698,48.96976],[37.92471,48.96596],[37.8829,48.95995],[37.87895,48.95145],[37.8816,48.92995],[37.91926,48.9124],[37.93071,48.91501],[37.93563,48.92732],[37.9338,48.93683],[37.93575,48.94132],[37.95024,48.94074],[37.95374,48.94595],[37.96533,48.94191],[37.9662,48.93781],[37.95486,48.92969],[37.94044,48.91877],[37.93705,48.90875],[37.92999,48.90051],[37.93225,48.89834],[37.93151,48.89091],[37.92694,48.88544],[37.91635,48.87961],[37.91037,48.87969],[37.90646,48.87774],[37.90121,48.87802],[37.89871,48.87537],[37.90779,48.87007],[37.90241,48.86573],[37.89205,48.86483],[37.88858,48.85857],[37.89255,48.85171],[37.8751,48.84654],[37.87978,48.83903],[37.87055,48.83812],[37.8675,48.82773],[37.85779,48.82852],[37.85622,48.8197],[37.8598,48.81982],[37.89035,48.82677],[37.90716,48.83304],[37.91785,48.81009],[37.92891,48.81154],[37.93561,48.80185],[37.94044,48.79842],[37.93738,48.79601],[37.92941,48.79792],[37.92041,48.79508],[37.92267,48.78527],[37.91345,48.78343],[37.90042,48.77406],[37.89109,48.77829],[37.88128,48.78125],[37.87269,48.78265],[37.87063,48.78206],[37.87139,48.77989],[37.87053,48.77563],[37.84788,48.77545],[37.84205,48.78353],[37.826,48.78223],[37.81225,48.76962],[37.81858,48.76232],[37.82501,48.75655],[37.83834,48.75767],[37.8347,48.75206],[37.83181,48.74572],[37.82707,48.74687],[37.82033,48.74055],[37.81095,48.74373],[37.80814,48.74032],[37.81715,48.73709],[37.80975,48.73286],[37.81589,48.72193],[37.79846,48.72189],[37.79867,48.71989],[37.80747,48.71517],[37.80865,48.71044],[37.80467,48.70104],[37.80335,48.69272],[37.78659,48.69076],[37.79317,48.67884],[37.78182,48.67337],[37.75394,48.66448],[37.75173,48.66089],[37.75483,48.65608],[37.75973,48.65433],[37.77048,48.65276],[37.77869,48.64432],[37.78175,48.6279],[37.788,48.62353],[37.77646,48.61981],[37.76311,48.61923],[37.75839,48.61561],[37.76184,48.60245],[37.78202,48.59913],[37.78342,48.59732],[37.78686,48.59739],[37.78622,48.59625],[37.78343,48.59563],[37.7845,48.58907],[37.81754,48.59302],[37.81814,48.59059],[37.81441,48.58816],[37.81963,48.58246],[37.81583,48.5755],[37.80335,48.57228],[37.80337,48.56464],[37.79198,48.56395],[37.79215,48.56285],[37.79048,48.56062],[37.78729,48.56035],[37.78792,48.55863],[37.79379,48.55941],[37.7981,48.55698],[37.79683,48.5491],[37.77026,48.5436],[37.74127,48.54089],[37.74463,48.53194],[37.74238,48.52994],[37.74513,48.52361],[37.75681,48.51932],[37.77088,48.52236],[37.76894,48.5184],[37.77381,48.51142],[37.76862,48.50015],[37.77997,48.49175],[37.76195,48.48311],[37.74654,48.48638],[37.74068,48.49541],[37.7286,48.49526],[37.71615,48.48442],[37.7002,48.4915],[37.68949,48.49192],[37.68634,48.49645],[37.67985,48.49569],[37.66469,48.50368],[37.64949,48.50816],[37.63977,48.52626],[37.62395,48.52551],[37.62035,48.49756],[37.61357,48.4944],[37.61181,48.49237],[37.61537,48.48823],[37.62216,48.48564],[37.62839,48.46541],[37.61994,48.45962],[37.60757,48.45797],[37.60452,48.44228],[37.58701,48.44412],[37.52442,48.44522],[37.50888,48.44483],[37.49135,48.45111],[37.48133,48.45671],[37.47405,48.45901],[37.46144,48.47367],[37.46604,48.47922],[37.45192,48.48477],[37.44617,48.49068],[37.43708,48.48813],[37.41674,48.4949],[37.39242,48.49678],[37.38679,48.49337],[37.38064,48.49339],[37.37512,48.48898],[37.37556,48.48428],[37.36741,48.48243],[37.36486,48.47782],[37.33935,48.47373],[37.31838,48.47393],[37.30784,48.47472],[37.29887,48.47602],[37.28121,48.47303],[37.27444,48.46839],[37.24667,48.45979],[37.24964,48.4557],[37.23956,48.45435],[37.24049,48.44834],[37.23722,48.44842],[37.23085,48.43943],[37.21902,48.42985],[37.22316,48.41946],[37.20126,48.41477],[37.18932,48.41589],[37.18939,48.40997],[37.19362,48.40242],[37.17432,48.39103],[37.17039,48.37909],[37.16466,48.36998],[37.15679,48.36617],[37.15145,48.36863],[37.13237,48.36795],[37.11658,48.37973],[37.10765,48.37903],[37.10284,48.36528],[37.08477,48.36258],[37.06992,48.36156],[37.04792,48.35725],[37.04084,48.34923],[37.03701,48.34886],[37.0501,48.33798],[37.0467,48.33202],[37.04744,48.32867],[37.05178,48.32901],[37.05301,48.32433],[37.05526,48.32107],[37.06282,48.32202],[37.06102,48.30629],[37.06506,48.28316],[37.05438,48.28069],[37.05694,48.2701],[37.04603,48.27117],[37.04507,48.2688],[37.02986,48.26768],[37.03147,48.2593],[37.01252,48.25993],[37.01045,48.25978],[37.00882,48.26105],[37.00307,48.26091],[36.99545,48.2634],[36.98834,48.26291],[36.98745,48.25915],[36.98064,48.25806],[36.98165,48.24886],[36.97292,48.24566],[36.97099,48.23845],[36.94195,48.2398],[36.94208,48.23762],[36.95183,48.23612],[36.95159,48.2206],[36.92721,48.2201],[36.93073,48.19625],[36.93585,48.18601],[36.91598,48.16669],[36.90701,48.16466],[36.9061,48.14338],[36.90663,48.1394],[36.90453,48.1348],[36.91222,48.12969],[36.91591,48.11383],[36.90306,48.11353],[36.90497,48.10384],[36.90153,48.09779],[36.89269,48.09512],[36.89316,48.08738],[36.87624,48.08334],[36.86343,48.08198],[36.84209,48.07813],[36.83774,48.07778],[36.83798,48.07157],[36.82626,48.06994],[36.80585,48.05953],[36.77619,48.06678],[36.76473,48.05498],[36.7636,48.03392],[36.74857,48.0267],[36.73554,48.00924],[36.74244,47.97461],[36.73217,47.9607],[36.66097,47.94367],[36.63615,47.93933],[36.60794,47.93742],[36.60571,47.93039],[36.60939,47.92479],[36.62102,47.92379],[36.6293,47.92106],[36.63675,47.91257],[36.62893,47.90374],[36.57402,47.89654],[36.58901,47.87397],[36.58236,47.86015],[36.57219,47.84909],[36.52565,47.84114],[36.49098,47.83039],[36.45511,47.82459],[36.45174,47.80728],[36.42562,47.80975],[36.38099,47.79511],[36.36816,47.79591],[36.34811,47.8057],[36.30291,47.80298],[36.30583,47.79143],[36.27144,47.78628],[36.23508,47.78758],[36.21056,47.77857],[36.20228,47.7651],[36.1906,47.76315],[36.19196,47.75773],[36.17493,47.7546],[36.16346,47.74594],[36.16435,47.72631],[36.14772,47.72357],[36.1352,47.71367],[36.14226,47.70203],[36.1671,47.69232],[36.17244,47.68045],[36.16607,47.67461],[36.16026,47.66886],[36.17061,47.65487],[36.16457,47.65167],[36.15938,47.65304],[36.15418,47.65087],[36.14208,47.64064],[36.10508,47.63136],[36.09738,47.62622],[36.10581,47.60224],[36.10849,47.58478],[36.07329,47.59496],[36.06809,47.59032],[36.08967,47.58198],[36.0817,47.57055],[36.0642,47.56226],[36.06382,47.55287],[36.05615,47.53356],[36.03168,47.52612],[36.03001,47.52229],[36.02078,47.5159],[35.99878,47.5257],[35.99445,47.52565],[35.99214,47.52324],[35.98968,47.51452],[35.96796,47.51757],[35.9497,47.5236],[35.94324,47.53013],[35.93677,47.52716],[35.9362,47.5233],[35.94089,47.51199],[35.94164,47.49389],[35.93259,47.4935],[35.92406,47.49473],[35.92149,47.47523],[35.91161,47.46892],[35.89611,47.46596],[35.84211,47.47099],[35.81808,47.46959],[35.79937,47.47352],[35.79068,47.48089],[35.78226,47.48567],[35.74514,47.48682],[35.74639,47.48989],[35.7316,47.49071]]],[[[37.62694,50.2672],[37.6278,50.26178],[37.62681,50.25479],[37.61076,50.2558],[37.59496,50.25079],[37.5886,50.2456],[37.586,50.23913],[37.57001,50.23683],[37.54237,50.24416],[37.52743,50.24315],[37.52845,50.2362],[37.52236,50.22905],[37.52772,50.22076],[37.54578,50.22673],[37.56928,50.22982],[37.59884,50.22137],[37.61484,50.22237],[37.61481,50.21698],[37.63386,50.19872],[37.61275,50.1998],[37.58562,50.20338],[37.57634,50.21586],[37.5614,50.22296],[37.5298,50.20591],[37.52396,50.20442],[37.50783,50.20788],[37.51666,50.2239],[37.51318,50.2279],[37.48412,50.22476],[37.47832,50.23098],[37.50256,50.24039],[37.48513,50.2491],[37.49179,50.25466],[37.52843,50.25365],[37.57495,50.24681],[37.58746,50.25144],[37.60194,50.26493],[37.62694,50.2672]]],[[[37.42131,50.43495],[37.43252,50.44369],[37.44047,50.4336],[37.46243,50.4189],[37.46374,50.41606],[37.45791,50.41579],[37.42157,50.42949],[37.38996,50.4235],[37.37581,50.42907],[37.37694,50.43275],[37.39686,50.43114],[37.42131,50.43495]]],[[[37.08089,50.33948],[37.07512,50.33857],[37.07313,50.3358],[37.07606,50.33218],[37.0832,50.33343],[37.08347,50.3476],[37.10551,50.35161],[37.1056,50.35341],[37.10252,50.35735],[37.13838,50.36095],[37.13478,50.3475],[37.12535,50.3412],[37.13025,50.33444],[37.13721,50.33183],[37.15765,50.33507],[37.16136,50.34378],[37.18828,50.35397],[37.18034,50.36317],[37.20293,50.37168],[37.22072,50.37537],[37.22334,50.37794],[37.21707,50.35865],[37.22696,50.33825],[37.20306,50.33208],[37.1678,50.31228],[37.15039,50.30701],[37.13573,50.2848],[37.12161,50.28729],[37.12357,50.30279],[37.13126,50.31501],[37.10654,50.31244],[37.09113,50.28684],[37.08445,50.27799],[37.07298,50.28712],[37.08002,50.31549],[37.0598,50.33708],[37.0532,50.33686],[37.05151,50.33302],[37.04715,50.32955],[37.05677,50.32485],[37.05751,50.32026],[37.05464,50.31555],[37.03692,50.30975],[37.02675,50.3035],[37.01291,50.30209],[36.99316,50.29411],[36.99433,50.28453],[37.00263,50.27237],[36.9996,50.26953],[36.97825,50.27308],[36.95327,50.25419],[36.95187,50.24359],[36.93932,50.23648],[36.9309,50.23578],[36.92807,50.23905],[36.9387,50.24216],[36.93726,50.24536],[36.92606,50.24389],[36.92484,50.24661],[36.92998,50.24803],[36.93152,50.25438],[36.92681,50.25467],[36.92227,50.24984],[36.91096,50.24997],[36.90417,50.23756],[36.89194,50.23843],[36.8938,50.22824],[36.89865,50.21938],[36.89797,50.21277],[36.89017,50.21253],[36.89113,50.22062],[36.8876,50.22816],[36.88139,50.23508],[36.86639,50.23302],[36.84388,50.22785],[36.84045,50.23243],[36.84243,50.24201],[36.82947,50.24462],[36.80304,50.24205],[36.77713,50.23849],[36.76108,50.24433],[36.74297,50.25696],[36.70403,50.26421],[36.70512,50.26595],[36.70534,50.26888],[36.7105,50.27124],[36.72013,50.27744],[36.72712,50.26779],[36.73977,50.26566],[36.75546,50.26029],[36.77223,50.25527],[36.78925,50.2458],[36.82183,50.24955],[36.82342,50.24998],[36.83314,50.25647],[36.83761,50.25883],[36.83778,50.26135],[36.8443,50.26423],[36.85593,50.25722],[36.86843,50.26005],[36.88094,50.25043],[36.8888,50.24823],[36.90423,50.24922],[36.90482,50.25196],[36.90864,50.25451],[36.90484,50.25686],[36.90023,50.25682],[36.89928,50.25407],[36.89399,50.25207],[36.89443,50.2582],[36.89882,50.263],[36.90538,50.26054],[36.90601,50.26235],[36.90905,50.26219],[36.90918,50.26417],[36.90806,50.26727],[36.906,50.26732],[36.90445,50.2684],[36.89673,50.26782],[36.89638,50.27467],[36.91511,50.28132],[36.9227,50.27945],[36.92858,50.2715],[36.93361,50.2675],[36.93558,50.26798],[36.94258,50.26535],[36.94263,50.26306],[36.94717,50.26299],[36.95145,50.27016],[36.95578,50.27453],[36.95487,50.27869],[36.94987,50.28782],[36.9624,50.29112],[36.97605,50.29744],[36.97386,50.29907],[36.97658,50.30114],[36.98167,50.30278],[36.98883,50.30107],[36.99802,50.30365],[37.00606,50.30166],[37.01306,50.30477],[37.0221,50.30632],[37.03422,50.31209],[37.04367,50.31752],[37.05302,50.31928],[37.0538,50.32257],[37.04059,50.32723],[37.04437,50.33134],[37.04898,50.33321],[37.04678,50.3339],[37.04826,50.33451],[37.04887,50.33568],[37.0381,50.33442],[37.03131,50.33909],[37.03299,50.34882],[37.03796,50.34866],[37.04487,50.34502],[37.05951,50.34719],[37.07019,50.34644],[37.08041,50.34742],[37.08089,50.33948]]],[[[36.35097,50.27301],[36.35436,50.28878],[36.3638,50.28749],[36.36569,50.27183],[36.39007,50.2697],[36.40536,50.26113],[36.41592,50.25973],[36.41836,50.25687],[36.4233,50.25399],[36.44398,50.24834],[36.44825,50.25359],[36.46636,50.2514],[36.48103,50.24164],[36.48549,50.24221],[36.5054,50.23868],[36.5328,50.24242],[36.5692,50.24454],[36.57641,50.24158],[36.57803,50.2396],[36.58678,50.23514],[36.59816,50.23091],[36.59638,50.22954],[36.61349,50.22373],[36.5882,50.22189],[36.57843,50.22443],[36.56952,50.23005],[36.54034,50.23499],[36.53478,50.23513],[36.53092,50.23355],[36.5182,50.22359],[36.49337,50.2105],[36.48194,50.21495],[36.47563,50.21606],[36.45901,50.22256],[36.45887,50.22837],[36.46471,50.22907],[36.46644,50.23055],[36.4689,50.2373],[36.46692,50.24239],[36.46016,50.24622],[36.4517,50.24735],[36.44582,50.24332],[36.43745,50.24491],[36.42806,50.24711],[36.4056,50.25346],[36.40066,50.2534],[36.38544,50.25691],[36.35762,50.25723],[36.35607,50.26577],[36.35097,50.27301]]],[[[36.54911,45.26131],[36.54585,45.26808],[36.53778,45.274],[36.53332,45.2798],[36.50714,45.29556],[36.51924,45.29399],[36.53177,45.2862],[36.54705,45.27968],[36.55701,45.26705],[36.57829,45.24905],[36.5716,45.25008],[36.54911,45.26131]]],[[[36.21102,50.33893],[36.19305,50.34071],[36.19498,50.3567],[36.20511,50.36068],[36.213,50.3671],[36.2209,50.3778],[36.23034,50.37178],[36.21909,50.36496],[36.22385,50.35827],[36.242,50.35838],[36.21102,50.33893]]],[[[36.19834,50.39141],[36.20133,50.38924],[36.20758,50.39148],[36.21429,50.38352],[36.18974,50.38836],[36.18135,50.39773],[36.18505,50.4066],[36.19891,50.40028],[36.18973,50.39848],[36.18767,50.39432],[36.19179,50.39038],[36.19834,50.39141]]],[[[35.37543,50.78022],[35.38919,50.78989],[35.37591,50.79595],[35.36922,50.79833],[35.36767,50.80658],[35.37248,50.81677],[35.38741,50.81786],[35.38031,50.84767],[35.36062,50.87752],[35.36277,50.89019],[35.36603,50.89354],[35.3626,50.90004],[35.35213,50.90621],[35.33838,50.91761],[35.32327,50.91372],[35.29456,50.93287],[35.27821,50.95199],[35.24331,50.95072],[35.29687,50.99828],[35.32962,50.99599],[35.33532,50.99056],[35.32214,50.98524],[35.30758,50.97668],[35.30013,50.9597],[35.30814,50.95321],[35.31531,50.94953],[35.31318,50.94475],[35.32014,50.94322],[35.32572,50.94677],[35.33313,50.93449],[35.3318,50.93009],[35.33408,50.92763],[35.34097,50.92456],[35.34563,50.9256],[35.34719,50.91988],[35.3546,50.9161],[35.36272,50.91976],[35.37675,50.91956],[35.38886,50.9148],[35.40054,50.91479],[35.40206,50.91055],[35.39682,50.90912],[35.39672,50.9067],[35.40267,50.90366],[35.40355,50.90266],[35.37984,50.89576],[35.38781,50.88601],[35.40133,50.87977],[35.38564,50.87498],[35.38173,50.87018],[35.39038,50.86577],[35.39277,50.83948],[35.39883,50.83586],[35.39533,50.81729],[35.37869,50.80755],[35.3823,50.79963],[35.39423,50.79187],[35.3938,50.78126],[35.41555,50.75891],[35.41789,50.74865],[35.42007,50.74045],[35.41151,50.74082],[35.40468,50.73727],[35.40869,50.73105],[35.42268,50.72736],[35.43195,50.71915],[35.42363,50.7078],[35.40818,50.70323],[35.39631,50.70731],[35.38849,50.70752],[35.38762,50.70388],[35.39205,50.69877],[35.40127,50.69855],[35.40595,50.68839],[35.41384,50.67898],[35.41759,50.67203],[35.41756,50.66367],[35.40949,50.65548],[35.40014,50.6561],[35.38559,50.67074],[35.38649,50.68581],[35.39331,50.68866],[35.39215,50.69516],[35.3858,50.69364],[35.37482,50.70983],[35.37745,50.73046],[35.37947,50.75335],[35.37101,50.76983],[35.37543,50.78022]]],[[[35.21344,51.04651],[35.22781,51.05508],[35.24207,51.06024],[35.24363,51.06382],[35.24885,51.06437],[35.25241,51.06149],[35.25845,51.05875],[35.27456,51.05862],[35.27626,51.06513],[35.28689,51.06754],[35.2953,51.06345],[35.30568,51.06216],[35.32156,51.06696],[35.328,51.07111],[35.33785,51.06721],[35.31854,51.05712],[35.28112,51.05038],[35.27142,51.05076],[35.26103,51.04746],[35.2393,51.05087],[35.21344,51.04651]]],[[[34.78738,51.12964],[34.78798,51.13324],[34.77543,51.13939],[34.76838,51.14672],[34.75388,51.14754],[34.74632,51.16423],[34.73241,51.1639],[34.72653,51.17887],[34.73148,51.18242],[34.73712,51.1793],[34.74509,51.16679],[34.75192,51.16789],[34.75738,51.15098],[34.77177,51.15269],[34.78813,51.15231],[34.79866,51.1424],[34.80495,51.14294],[34.81483,51.13475],[34.8119,51.1293],[34.82614,51.12131],[34.8286,51.12229],[34.8351,51.11779],[34.84429,51.11685],[34.85176,51.1193],[34.86775,51.12259],[34.87831,51.12941],[34.88488,51.13874],[34.90206,51.12934],[34.91562,51.14291],[34.92747,51.14043],[34.93627,51.1308],[34.95453,51.12702],[34.9552,51.12202],[34.96531,51.11564],[34.97283,51.10859],[34.9731,51.10536],[34.97964,51.10882],[35.00541,51.10943],[34.9965,51.10256],[34.9996,51.10096],[35.0194,51.10688],[35.02829,51.10606],[35.03019,51.10878],[35.03056,51.11224],[35.0333,51.11353],[35.03741,51.1104],[35.03986,51.11038],[35.04148,51.11225],[35.04284,51.1165],[35.04767,51.11579],[35.04762,51.11281],[35.05505,51.11248],[35.09724,51.12783],[35.11595,51.12453],[35.14209,51.13361],[35.15365,51.1313],[35.1683,51.1264],[35.17459,51.12157],[35.16829,51.11987],[35.16289,51.10958],[35.15448,51.11022],[35.15053,51.1064],[35.15465,51.103],[35.15646,51.10376],[35.16435,51.10074],[35.1684,51.10038],[35.1703,51.10282],[35.17675,51.09871],[35.17362,51.08752],[35.15555,51.09093],[35.14755,51.08254],[35.13836,51.08924],[35.14417,51.09575],[35.14381,51.10219],[35.14791,51.11118],[35.13772,51.11655],[35.10574,51.11912],[35.08395,51.11342],[35.07949,51.10683],[35.04327,51.10399],[35.01819,51.1048],[34.99887,51.098],[34.96561,51.09941],[34.95383,51.1057],[34.9468,51.11036],[34.93439,51.10806],[34.91915,51.10904],[34.91305,51.12133],[34.86659,51.11801],[34.84626,51.11504],[34.83312,51.11568],[34.81101,51.11524],[34.79051,51.12091],[34.78738,51.12964]]],[[[34.52967,51.25906],[34.53534,51.25971],[34.55044,51.25799],[34.55422,51.25294],[34.57207,51.24681],[34.59662,51.25047],[34.59765,51.25659],[34.60795,51.26014],[34.6155,51.25616],[34.61885,51.25074],[34.60984,51.25154],[34.60503,51.25444],[34.60125,51.2539],[34.60194,51.24617],[34.59765,51.24628],[34.58048,51.23359],[34.55525,51.24456],[34.54083,51.25315],[34.52332,51.25294],[34.51268,51.24198],[34.498,51.24321],[34.49843,51.25047],[34.51628,51.25165],[34.51851,51.25584],[34.52898,51.25595],[34.52967,51.25906]]],[[[34.43658,51.73258],[34.43263,51.72981],[34.428,51.72976],[34.42508,51.72854],[34.42126,51.72272],[34.41126,51.7271],[34.41735,51.73013],[34.41924,51.73555],[34.43297,51.73407],[34.43658,51.73258]]],[[[34.40685,51.77887],[34.40942,51.78216],[34.41423,51.7811],[34.41629,51.77908],[34.42298,51.77727],[34.42161,51.77515],[34.41423,51.77557],[34.40685,51.77887]]],[[[34.31742,51.72337],[34.34152,51.72584],[34.36027,51.72421],[34.39431,51.72422],[34.41183,51.7213],[34.40634,51.71814],[34.39982,51.71518],[34.39296,51.71817],[34.36792,51.71318],[34.36545,51.71244],[34.36353,51.71217],[34.36122,51.71348],[34.35756,51.71351],[34.35467,51.71298],[34.35011,51.71474],[34.34641,51.71501],[34.34245,51.71396],[34.33574,51.71366],[34.33286,51.7151],[34.32689,51.71569],[34.31838,51.71602],[34.31535,51.71676],[34.31271,51.71963],[34.30905,51.72016],[34.3051,51.72146],[34.30321,51.72383],[34.29971,51.72369],[34.29707,51.71695],[34.29918,51.7121],[34.2972,51.70824],[34.29609,51.70731],[34.29446,51.70723],[34.29051,51.70495],[34.28579,51.70487],[34.28244,51.70569],[34.28115,51.71234],[34.28442,51.7167],[34.29008,51.71941],[34.29332,51.72562],[34.30133,51.7291],[34.31742,51.72337]]],[[[34.37194,51.83736],[34.37924,51.83982],[34.37924,51.84406],[34.38756,51.84388],[34.38799,51.83765],[34.37718,51.83457],[34.35641,51.836],[34.34207,51.83733],[34.32816,51.83335],[34.32626,51.83509],[34.33757,51.84112],[34.33134,51.85541],[34.31847,51.86373],[34.30422,51.85345],[34.28079,51.85929],[34.28186,51.86423],[34.29921,51.8727],[34.31948,51.87915],[34.32183,51.8773],[34.32555,51.87608],[34.32673,51.87506],[34.32648,51.87311],[34.32722,51.87213],[34.34628,51.864],[34.35598,51.86082],[34.35357,51.85568],[34.34817,51.85165],[34.34593,51.84242],[34.35971,51.84201],[34.37194,51.83736]]],[[[34.30997,51.33494],[34.31541,51.32918],[34.31733,51.32599],[34.31158,51.31575],[34.30969,51.30378],[34.30263,51.29522],[34.29446,51.29364],[34.28807,51.28892],[34.28145,51.28834],[34.27534,51.28722],[34.27224,51.28272],[34.26237,51.2754],[34.25245,51.27393],[34.25576,51.26452],[34.26165,51.25646],[34.25777,51.25701],[34.25672,51.25861],[34.2438,51.26356],[34.22488,51.26525],[34.23081,51.27185],[34.23558,51.27504],[34.24652,51.2763],[34.25085,51.2755],[34.25453,51.28207],[34.26056,51.28263],[34.28025,51.29371],[34.29984,51.30708],[34.30384,51.31986],[34.30552,51.32229],[34.31192,51.32622],[34.30997,51.33494]]],[[[34.23827,51.69753],[34.23175,51.69796],[34.22008,51.70349],[34.23141,51.70849],[34.24188,51.70785],[34.25372,51.70636],[34.25647,51.70253],[34.24737,51.70136],[34.23827,51.69753]]],[[[33.32845,46.75801],[33.32193,46.75566],[33.29755,46.75378],[33.27987,46.75566],[33.26863,46.7546],[33.25797,46.75678],[33.25074,46.76177],[33.24794,46.76565],[33.24005,46.76848],[33.23155,46.77],[33.21888,46.77014],[33.20346,46.77309],[33.18876,46.77875],[33.18785,46.77551],[33.15718,46.78546],[33.16068,46.7865],[33.1832,46.78725],[33.20642,46.78685],[33.20894,46.78383],[33.21214,46.78198],[33.2218,46.78381],[33.23281,46.78484],[33.24794,46.78211],[33.2591,46.78188],[33.27112,46.78129],[33.28073,46.78294],[33.29481,46.77612],[33.30288,46.77306],[33.31369,46.7733],[33.32622,46.77541],[33.33257,46.77765],[33.33875,46.77518],[33.34339,46.77624],[33.34493,46.77424],[33.34236,46.76706],[33.32845,46.75801]]],[[[32.91273,46.72583],[32.93634,46.73148],[32.95983,46.73399],[32.98316,46.73783],[33.00943,46.73622],[33.03225,46.73742],[33.04701,46.7406],[33.06793,46.74898],[33.09299,46.76276],[33.13041,46.77901],[33.14484,46.78167],[33.15436,46.78076],[33.17156,46.77447],[33.19787,46.7675],[33.15335,46.76279],[33.14146,46.75937],[33.14019,46.75669],[33.13717,46.75576],[33.13206,46.75513],[33.09041,46.74365],[33.08198,46.73801],[33.07331,46.7384],[33.06219,46.73226],[33.05417,46.73143],[33.04844,46.7376],[33.04417,46.73848],[33.04335,46.73723],[33.04052,46.72923],[33.02489,46.72457],[33.01958,46.71775],[32.99109,46.71454],[32.97985,46.71047],[32.95423,46.71154],[32.94278,46.7133],[32.93339,46.71721],[32.92856,46.71837],[32.92336,46.71833],[32.90531,46.71128],[32.89177,46.69824],[32.89102,46.6932],[32.88573,46.68905],[32.87996,46.68647],[32.87505,46.68684],[32.87011,46.68251],[32.84593,46.66328],[32.83363,46.65495],[32.81703,46.64589],[32.80358,46.64089],[32.79871,46.63212],[32.78439,46.62802],[32.76752,46.63558],[32.75112,46.63031],[32.71999,46.63176],[32.68446,46.62125],[32.67874,46.61415],[32.68908,46.60642],[32.69178,46.60126],[32.6665,46.58253],[32.58233,46.55513],[32.5538,46.54127],[32.53186,46.53687],[32.52069,46.54036],[32.51458,46.54101],[32.50899,46.54001],[32.50733,46.54827],[32.49613,46.5482],[32.49647,46.55273],[32.492,46.55512],[32.47844,46.55058],[32.46934,46.55266],[32.45801,46.56176],[32.47216,46.56875],[32.48065,46.57079],[32.48287,46.57412],[32.51289,46.59103],[32.53906,46.59149],[32.54738,46.59317],[32.55871,46.59674],[32.56712,46.59479],[32.58187,46.59286],[32.58938,46.5923],[32.61951,46.61891],[32.64447,46.63823],[32.65434,46.64376],[32.65836,46.64382],[32.67204,46.65051],[32.69802,46.65863],[32.71921,46.66108],[32.72216,46.65866],[32.72594,46.65904],[32.7289,46.6561],[32.73565,46.65724],[32.73293,46.66096],[32.73059,46.66191],[32.7297,46.66439],[32.75907,46.66475],[32.78377,46.66893],[32.79973,46.67458],[32.81406,46.67616],[32.82466,46.67866],[32.84951,46.69064],[32.87148,46.70241],[32.89397,46.71742],[32.91273,46.72583]]],[[[28.36572,60.86991],[28.50855,60.94203],[28.65686,60.94736],[28.72827,61.04591],[28.84912,61.12426],[29.21348,61.25602],[29.32565,61.34762],[29.5083,61.45805],[29.60718,61.5105],[29.76099,61.59162],[29.8239,61.65816],[30.04663,61.77175],[30.08234,61.82205],[30.69483,62.19971],[30.91455,62.31223],[31.17134,62.46092],[31.38147,62.6851],[31.55176,62.89859],[32.13403,62.80334],[32.78223,62.51066],[33.10083,62.26114],[33.08984,62.025],[32.87012,61.7922],[32.62842,61.63602],[32.73401,61.38328],[32.59271,61.08843],[32.00494,61.27643],[31.5545,61.26719],[31.45151,61.55501],[31.12192,61.59685],[30.79508,61.57398],[30.60831,61.48405],[30.2952,61.40815],[30.4057,61.37522],[30.2897,61.28435],[30.05625,61.21829],[30.11667,61.09972],[30.20241,61.07977],[30.46411,60.8913],[30.53827,60.81304],[30.55128,60.72945],[30.52454,60.64097],[30.70409,60.56969],[30.30241,60.56311],[30.23937,60.5396],[30.08165,60.52765],[30.00269,60.47643],[29.78674,60.38147],[29.77334,60.34593],[29.65855,60.26891],[29.61405,60.19847],[29.44238,60.1592],[29.27759,60.15612],[29.14647,60.15823],[29.03589,60.17252],[28.90405,60.21621],[28.68433,60.32517],[28.58623,60.36013],[28.54837,60.42699],[28.40006,60.53931],[27.72852,60.39105],[27.77479,60.52698],[27.93811,60.63424],[28.1405,60.73593],[28.17896,60.76814],[28.36572,60.86991]]],[[[32.35394,46.53834],[32.35604,46.53998],[32.36231,46.54423],[32.36402,46.54472],[32.37338,46.54541],[32.37422,46.54374],[32.38057,46.54315],[32.38314,46.5399],[32.38452,46.5376],[32.38743,46.53642],[32.39018,46.5379],[32.39585,46.5415],[32.39945,46.54297],[32.40271,46.54587],[32.4046,46.54953],[32.40316,46.55273],[32.41385,46.55748],[32.41715,46.55816],[32.42282,46.55804],[32.42578,46.55692],[32.42831,46.55521],[32.41617,46.54698],[32.41097,46.54447],[32.39604,46.53901],[32.39544,46.5392],[32.39757,46.5405],[32.40264,46.5427],[32.40134,46.54253],[32.39895,46.54174],[32.39278,46.53892],[32.38849,46.53603],[32.38308,46.5316],[32.37716,46.52918],[32.37046,46.52764],[32.36668,46.52788],[32.36411,46.53059],[32.36162,46.53154],[32.35724,46.53195],[32.3533,46.53172],[32.35076,46.53222],[32.34832,46.53296],[32.35003,46.53349],[32.35278,46.5329],[32.35681,46.53331],[32.35767,46.53473],[32.36119,46.53561],[32.36325,46.53561],[32.36651,46.53414],[32.36986,46.53231],[32.37304,46.53189],[32.38089,46.53334],[32.38213,46.53437],[32.38235,46.53637],[32.38192,46.53791],[32.38231,46.53957],[32.3814,46.54062],[32.37947,46.54146],[32.37656,46.54234],[32.37531,46.54189],[32.37441,46.54122],[32.37407,46.5388],[32.37424,46.53733],[32.3702,46.53473],[32.3672,46.53484],[32.36445,46.53662],[32.36555,46.53765],[32.36311,46.5379],[32.36051,46.53755],[32.35763,46.53766],[32.35559,46.53749],[32.35433,46.53715],[32.35405,46.53675],[32.35417,46.53641],[32.3558,46.53661],[32.35577,46.53629],[32.35368,46.53555],[32.35291,46.53492],[32.35139,46.53538],[32.34784,46.53464],[32.34784,46.53366],[32.34626,46.53331],[32.34227,46.53346],[32.34464,46.53452],[32.35066,46.53606],[32.35747,46.53916],[32.36028,46.54087],[32.35997,46.54111],[32.35702,46.53958],[32.35394,46.53834]]],[[[30.12897,69.52228],[30.1432,69.5264],[30.14778,69.5296],[30.14966,69.53073],[30.17138,69.53356],[30.18838,69.56846],[30.15814,69.60703],[30.15428,69.6079],[30.15256,69.60943],[30.14928,69.6266],[30.13783,69.64327],[30.09125,69.64284],[30.08528,69.65811],[30.11193,69.66375],[30.15162,69.66937],[30.22398,69.65312],[30.41768,69.58992],[30.5075,69.54796],[30.51593,69.54042],[30.56611,69.54208],[30.66417,69.54068],[30.70897,69.53658],[30.74455,69.53285],[30.7875,69.53241],[30.80384,69.52877],[30.81837,69.52876],[30.93893,69.5608],[30.95273,69.63798],[30.93509,69.64703],[30.9239,69.66907],[30.92841,69.67379],[30.94701,69.6741],[30.94413,69.68381],[30.87456,69.71595],[30.89075,69.71975],[30.89071,69.73729],[30.85305,69.76962],[30.83987,69.77263],[30.83981,69.77599],[30.84279,69.77769],[30.83152,69.78187],[30.822,69.7878],[30.80581,69.79974],[31.90752,70.04689],[32.1565,69.81481],[28.64689,68.19661],[28.43396,68.53938],[28.70738,68.73251],[28.80087,68.86939],[28.66131,68.88637],[28.46862,68.88528],[28.41631,68.91507],[28.49526,68.92993],[28.92886,69.05169],[29.01991,69.02518],[29.0415,69.01083],[29.05672,69.01522],[29.09448,69.03952],[29.14237,69.06309],[29.16138,69.06677],[29.24224,69.11306],[29.23845,69.11688],[29.23606,69.11981],[29.23228,69.12084],[29.23233,69.12401],[29.23598,69.12504],[29.23942,69.12509],[29.24258,69.12714],[29.24415,69.12952],[29.24217,69.13353],[29.2395,69.13603],[29.23951,69.13741],[29.24285,69.14209],[29.24793,69.14776],[29.25281,69.15126],[29.25791,69.15348],[29.25812,69.15444],[29.25658,69.15623],[29.25462,69.15721],[29.2517,69.15934],[29.24913,69.16057],[29.2486,69.16149],[29.2501,69.16214],[29.2521,69.16256],[29.26241,69.16331],[29.26745,69.1642],[29.27052,69.16531],[29.28612,69.17582],[29.29462,69.18519],[29.29491,69.18694],[29.29414,69.18806],[29.29026,69.19191],[29.29027,69.19275],[29.29545,69.19603],[29.29588,69.19677],[29.29587,69.19804],[29.29256,69.20414],[29.2938,69.20655],[29.29689,69.20746],[29.30465,69.20925],[29.3056,69.21055],[29.30327,69.21161],[29.30021,69.2157],[29.30302,69.22134],[29.31348,69.22851],[29.31336,69.23756],[29.28834,69.24615],[29.27658,69.25871],[29.27697,69.27698],[29.28227,69.28101],[29.28611,69.29411],[29.32139,69.30234],[29.33592,69.30768],[29.34665,69.30908],[29.36678,69.31356],[29.37253,69.31661],[29.38258,69.31881],[29.38584,69.32117],[29.39601,69.32386],[29.4006,69.32152],[29.41622,69.31859],[29.48542,69.32198],[29.49996,69.32536],[29.526,69.32858],[29.53469,69.31795],[29.5486,69.31621],[29.57297,69.31854],[29.64378,69.34753],[29.6977,69.36463],[29.69667,69.36935],[29.69807,69.37189],[29.70325,69.37539],[29.70896,69.37711],[29.71372,69.37814],[29.71392,69.37914],[29.71204,69.38382],[29.72259,69.38908],[29.74482,69.39095],[29.75808,69.39396],[29.76788,69.39402],[29.7761,69.39577],[29.77878,69.39801],[29.78639,69.39743],[29.78795,69.39754],[29.79697,69.40412],[29.79697,69.4065],[29.80782,69.40899],[29.81469,69.4119],[29.82555,69.41385],[29.83815,69.41792],[29.84207,69.42059],[29.86185,69.4241],[29.87922,69.42282],[29.90143,69.41788],[29.91493,69.41868],[29.9323,69.41298],[29.93326,69.40783],[29.94239,69.4052],[29.97044,69.40789],[30.00881,69.41592],[30.0754,69.45269],[30.11724,69.46989],[30.11217,69.4798],[30.11784,69.48882],[30.11676,69.49869],[30.12897,69.52228]]],[[[30.59506,66.66199],[30.30804,66.54803],[30.33966,66.36122],[30.49735,66.22874],[30.49806,66.05608],[30.5782,65.96926],[30.62561,65.92683],[30.65093,65.88999],[30.72326,65.82864],[30.71648,65.75834],[30.13864,65.66902],[30.0913,65.83883],[30.02466,65.96663],[29.92416,66.12673],[29.69786,66.27709],[29.52187,66.49468],[29.12089,66.80189],[29.06038,66.8543],[29.03381,66.92406],[29.0342,66.94307],[29.04155,66.96161],[29.07028,66.99291],[29.361,67.17782],[29.51705,67.28033],[29.50551,67.28519],[29.5248,67.31048],[29.53998,67.30782],[29.55588,67.31207],[29.57041,67.31077],[29.58094,67.3153],[29.56559,67.31855],[29.56924,67.32161],[29.57859,67.32322],[29.58564,67.32988],[29.61416,67.32572],[29.61833,67.32906],[29.64524,67.33572],[29.64688,67.34085],[29.61857,67.34557],[29.6224,67.3513],[29.63349,67.35376],[29.64195,67.35393],[29.65203,67.36035],[29.65022,67.36395],[29.65968,67.37009],[29.67589,67.37232],[29.69118,67.38233],[29.71978,67.39285],[29.71452,67.39805],[29.75313,67.41936],[29.76798,67.42832],[29.84028,67.47921],[29.86261,67.49175],[29.93019,67.52231],[30.01718,67.67359],[30.72648,67.03348],[30.50712,66.69544],[30.59506,66.66199]]],[[[30.22822,45.25661],[30.2277,45.25574],[30.2236,45.25688],[30.21675,45.25499],[30.21903,45.24584],[30.20529,45.24121],[30.19808,45.24517],[30.1895,45.24573],[30.18263,45.25702],[30.19499,45.26729],[30.2022,45.2627],[30.22109,45.26886],[30.22723,45.2649],[30.22549,45.25881],[30.22822,45.25661]]],[[[27.72966,58.98666],[27.7444,58.99322],[27.73941,59.00915],[27.74469,59.01741],[27.74428,59.02491],[27.74568,59.02808],[27.75142,59.03097],[27.76752,59.03276],[27.77589,59.04587],[27.7717,59.05228],[27.77328,59.05824],[27.77917,59.06432],[27.7924,59.06994],[27.79128,59.07291],[27.79232,59.07859],[27.78942,59.08096],[27.7891,59.08586],[27.7883,59.09177],[27.8006,59.1037],[27.80755,59.10531],[27.80944,59.1067],[27.8096,59.1086],[27.80445,59.11178],[27.80391,59.1199],[27.808,59.12945],[27.81961,59.13391],[27.82532,59.14144],[27.83395,59.14661],[27.84442,59.15364],[27.8664,59.16251],[27.87001,59.16986],[27.89063,59.18545],[27.89012,59.19341],[27.90162,59.20902],[27.89457,59.21703],[27.90006,59.22646],[27.90485,59.2362],[27.90242,59.23988],[27.90889,59.24337],[27.92193,59.25409],[27.9329,59.25823],[27.93786,59.26151],[27.94609,59.26408],[27.95424,59.27047],[27.96262,59.2735],[27.97957,59.27282],[27.99836,59.27654],[28.02601,59.28713],[28.13628,59.29406],[28.16861,59.3344],[28.19227,59.3463],[28.19092,59.35257],[28.19747,59.35516],[28.19975,59.35685],[28.2007,59.35822],[28.19935,59.36033],[28.19914,59.36129],[28.20609,59.36446],[28.20591,59.36671],[28.20692,59.36796],[28.20946,59.36906],[28.20975,59.37113],[28.20301,59.37493],[28.2089,59.38197],[28.19225,59.39979],[28.16456,59.41138],[28.13834,59.41951],[28.13136,59.43115],[28.11995,59.44064],[28.08254,59.45923],[28.0549,59.46301],[28.04571,59.46657],[28.04173,59.47175],[28.03292,59.47977],[28.0657,59.53985],[28.07901,59.58405],[28.19682,59.58564],[28.19803,59.57667],[28.22404,59.55931],[28.23652,59.55542],[28.24616,59.54971],[28.24964,59.54216],[28.25162,59.53456],[28.25948,59.52464],[28.25893,59.52106],[28.25293,59.51113],[28.24907,59.50878],[28.24518,59.50776],[28.24539,59.50535],[28.25012,59.50297],[28.24875,59.49849],[28.24119,59.49312],[28.23441,59.48662],[28.23564,59.48415],[28.2411,59.48333],[28.2504,59.48497],[28.25565,59.48261],[28.2611,59.47273],[28.26589,59.46875],[28.26803,59.46506],[28.28214,59.45745],[28.29495,59.45304],[28.30384,59.45136],[28.30777,59.44864],[28.30785,59.44441],[28.30583,59.4384],[28.30851,59.43221],[28.3341,59.42059],[28.34043,59.41898],[28.34643,59.41946],[28.35329,59.42317],[28.35878,59.42249],[28.3677,59.41997],[28.37792,59.4216],[28.39127,59.42883],[28.39846,59.43004],[28.41081,59.42807],[28.42719,59.42271],[28.43659,59.42327],[28.45381,59.4287],[28.46743,59.42745],[28.4821,59.42731],[28.48661,59.42592],[28.49427,59.42016],[28.49911,59.41924],[28.51046,59.41867],[28.52551,59.41051],[28.52608,59.40634],[28.52817,59.405],[28.53243,59.40606],[28.5376,59.40917],[28.54646,59.41113],[28.56054,59.41146],[28.56806,59.40951],[28.5734,59.40574],[28.58079,59.39773],[28.57745,59.38973],[28.58389,59.38667],[28.58738,59.38345],[28.59907,59.38328],[28.60089,59.38239],[28.60037,59.38028],[28.59321,59.37916],[28.59165,59.37648],[28.58619,59.37337],[28.58458,59.36959],[28.58145,59.36828],[28.5798,59.36415],[28.59756,59.35844],[28.60884,59.35964],[28.62512,59.35622],[28.62682,59.35223],[28.62243,59.34692],[28.61973,59.34076],[28.61091,59.33728],[28.60599,59.32951],[28.59503,59.3229],[28.59608,59.31728],[28.60657,59.30815],[28.61916,59.30725],[28.62075,59.30647],[28.61337,59.30617],[28.60814,59.30156],[28.60306,59.29946],[28.59955,59.29921],[28.5991,59.29869],[28.59908,59.29819],[28.60234,59.29769],[28.60314,59.29735],[28.60342,59.29654],[28.60089,59.29346],[28.60031,59.29218],[28.60191,59.29104],[28.60205,59.29034],[28.60054,59.28809],[28.59852,59.28691],[28.59833,59.28607],[28.59691,59.28597],[28.59249,59.28418],[28.59128,59.28415],[28.58916,59.28445],[28.58612,59.28433],[28.58501,59.28333],[28.58409,59.2832],[28.58219,59.2833],[28.58185,59.28304],[28.57676,59.28341],[28.5752,59.28315],[28.57326,59.28251],[28.57107,59.28085],[28.56991,59.28033],[28.56722,59.27806],[28.5672,59.27764],[28.56531,59.27631],[28.56404,59.27265],[28.55374,59.2593],[28.5486,59.25109],[28.5468,59.24001],[28.54751,59.23884],[28.54638,59.23586],[28.55813,59.23362],[28.55912,59.22819],[28.5609,59.2266],[28.56066,59.22601],[28.55871,59.22444],[28.55872,59.22391],[28.55722,59.2222],[28.55708,59.22165],[28.55478,59.21939],[28.55439,59.21798],[28.5548,59.21708],[28.55735,59.21604],[28.55768,59.21579],[28.55755,59.21546],[28.55357,59.21321],[28.54867,59.21185],[28.54673,59.20963],[28.54388,59.20775],[28.54422,59.20639],[28.54382,59.2042],[28.21126,59.08115],[28.04254,59.01854],[27.92024,59.02157],[27.72966,58.98666]]],[[[27.8778,57.3943],[27.87579,57.39275],[27.88137,57.3902],[27.89734,57.38963],[27.89992,57.3846],[27.90284,57.38501],[27.90011,57.3799],[27.90323,57.3771],[27.91083,57.37555],[27.91797,57.3781],[27.92228,57.37405],[27.9223,57.36959],[27.92422,57.36867],[27.92533,57.36929],[27.92642,57.36594],[27.9322,57.36605],[27.93553,57.36812],[27.94398,57.36615],[27.94939,57.36767],[27.95025,57.36835],[27.95198,57.36846],[27.95302,57.369],[27.9527,57.36985],[27.95009,57.37109],[27.9508,57.3732],[27.95011,57.37426],[27.95024,57.37472],[27.95255,57.37471],[27.95383,57.3759],[27.9564,57.37565],[27.95607,57.37641],[27.95691,57.37681],[27.96469,57.37497],[27.96866,57.37596],[27.97747,57.37622],[27.98564,57.37313],[27.98927,57.36631],[27.99464,57.36691],[27.99885,57.36183],[28.01055,57.35985],[28.00571,57.35503],[28.01006,57.35409],[28.0124,57.35612],[28.01742,57.35536],[28.02146,57.35781],[28.03004,57.35734],[28.02731,57.35345],[28.03676,57.35158],[28.03989,57.35248],[28.04472,57.35143],[28.05213,57.34806],[28.05631,57.34595],[28.15931,57.33596],[28.16009,57.33262],[28.15788,57.33168],[28.15783,57.3304],[28.16233,57.32753],[28.17497,57.32674],[28.18154,57.32303],[28.18665,57.3239],[28.1928,57.32218],[28.19583,57.32225],[28.19741,57.32464],[28.19522,57.32887],[28.1922,57.33169],[28.19406,57.33362],[28.20344,57.33562],[28.20882,57.33565],[28.21134,57.33413],[28.21225,57.32932],[28.21625,57.32576],[28.21888,57.32433],[28.22013,57.3228],[28.218,57.3214],[28.21133,57.32018],[28.21005,57.31789],[28.21728,57.31404],[28.22298,57.30977],[28.22735,57.30968],[28.23163,57.308],[28.23057,57.30289],[28.23205,57.2985],[28.22934,57.29678],[28.22393,57.29631],[28.21567,57.29333],[28.21467,57.29157],[28.21658,57.2892],[28.21576,57.28772],[28.20967,57.28541],[28.21002,57.28366],[28.21227,57.28266],[28.21778,57.28299],[28.21938,57.28189],[28.2157,57.28014],[28.21478,57.27813],[28.21724,57.27494],[28.21614,57.27311],[28.21189,57.27213],[28.21094,57.27084],[28.2135,57.26873],[28.20746,57.267],[28.20345,57.26967],[28.2011,57.27018],[28.19709,57.26776],[28.19078,57.26525],[28.1876,57.25893],[28.19119,57.25409],[28.19786,57.25249],[28.19386,57.24687],[28.19705,57.24449],[28.20281,57.24346],[28.2054,57.23731],[28.21059,57.2343],[28.20895,57.23143],[28.21082,57.22699],[28.20788,57.22481],[28.2085,57.22231],[28.21112,57.22139],[28.21002,57.22002],[28.20711,57.22032],[28.20421,57.22137],[28.20099,57.22081],[28.20006,57.21914],[28.20248,57.21681],[28.20097,57.2144],[28.18989,57.21422],[28.18403,57.21766],[28.173,57.21823],[28.16965,57.22049],[28.16227,57.22072],[28.15446,57.2236],[28.15095,57.22286],[28.15155,57.21891],[28.14898,57.21822],[28.14444,57.21957],[28.14119,57.21906],[28.14267,57.21605],[28.14064,57.21466],[28.13774,57.21402],[28.14122,57.20947],[28.14366,57.20947],[28.14443,57.21088],[28.14253,57.21249],[28.14414,57.21339],[28.15182,57.2097],[28.15827,57.20946],[28.15553,57.20677],[28.16207,57.20529],[28.16227,57.20316],[28.15873,57.2017],[28.16246,57.19962],[28.167,57.19917],[28.16663,57.19651],[28.17105,57.19582],[28.16804,57.19223],[28.16511,57.19136],[28.16476,57.1887],[28.16783,57.18747],[28.17054,57.18929],[28.17476,57.18818],[28.17306,57.18638],[28.18083,57.18618],[28.17711,57.18211],[28.17253,57.17967],[28.17933,57.1779],[28.17955,57.17584],[28.18217,57.17379],[28.17827,57.17444],[28.1721,57.17283],[28.17143,57.17055],[28.17429,57.16765],[28.18069,57.16875],[28.1921,57.15603],[28.20456,57.11565],[28.21505,57.115],[28.22435,57.1096],[28.19556,57.10552],[28.19355,57.09883],[28.17183,57.09748],[28.18222,57.08781],[28.19132,57.08898],[28.19167,57.08535],[28.16387,57.07009],[28.15771,57.07405],[28.14399,57.07673],[28.13099,57.0724],[28.1201,57.07717],[28.1141,57.0729],[28.11931,57.06853],[28.11736,57.06127],[28.12514,57.04825],[28.1194,57.03862],[28.12578,57.03841],[28.13645,57.02791],[28.12211,57.02597],[28.12673,57.01928],[28.11676,57.01376],[28.11946,57.00531],[28.10221,57.0032],[28.09859,56.99616],[28.08311,56.9907],[28.081,56.98239],[28.06647,56.98223],[28.06627,56.97517],[28.08405,56.97377],[28.06588,56.96284],[28.06888,56.95418],[28.08689,56.95126],[28.08893,56.94073],[28.07479,56.93034],[28.08324,56.91911],[28.06719,56.91314],[28.06185,56.8892],[28.03265,56.88127],[28.03673,56.87573],[28.02155,56.86578],[27.99705,56.86425],[28.00054,56.84757],[27.98721,56.84195],[27.96707,56.84068],[27.96663,56.83738],[27.94378,56.82933],[27.90171,56.82052],[27.89917,56.83804],[27.8852,56.85168],[27.88456,56.85682],[27.87171,56.86708],[27.87695,56.87728],[27.84821,56.87894],[27.84508,56.87463],[27.83596,56.87303],[27.82334,56.86642],[27.79506,56.86226],[27.78951,56.86468],[27.78597,56.86477],[27.77866,56.86204],[27.7741,56.86297],[27.75517,56.86043],[27.75325,56.85691],[27.74869,56.85768],[27.74247,56.8544],[27.73815,56.85643],[27.73204,56.85687],[27.73053,56.85316],[27.72618,56.85345],[27.72062,56.85113],[27.71885,56.84769],[27.70437,56.84734],[27.70236,56.84125],[27.69407,56.83952],[27.69163,56.83687],[27.6802,56.83699],[27.65898,56.83429],[27.65803,56.84768],[27.65559,56.8525],[27.67102,56.87039],[27.67238,56.89575],[27.68678,56.9163],[27.7074,56.91207],[27.71975,56.91329],[27.73829,56.92033],[27.74333,56.95584],[27.76952,57.00556],[27.73183,57.00152],[27.71727,57.00283],[27.7148,57.0076],[27.72919,57.02765],[27.72849,57.03776],[27.73586,57.04674],[27.74745,57.05197],[27.74392,57.06878],[27.76932,57.08376],[27.76558,57.08677],[27.74602,57.08328],[27.73959,57.09165],[27.71869,57.09355],[27.71519,57.09786],[27.71954,57.10379],[27.7212,57.10359],[27.72203,57.10059],[27.73463,57.10138],[27.73758,57.10313],[27.74524,57.10162],[27.75204,57.10702],[27.73396,57.11128],[27.73454,57.11864],[27.74754,57.1227],[27.7478,57.12702],[27.75247,57.12666],[27.7579,57.13109],[27.76799,57.13196],[27.77371,57.13431],[27.7753,57.13356],[27.77866,57.13416],[27.7815,57.13542],[27.78314,57.1354],[27.78443,57.13295],[27.78856,57.13297],[27.79942,57.13971],[27.8175,57.14263],[27.82032,57.15189],[27.82257,57.15809],[27.82654,57.16378],[27.82589,57.19289],[27.83018,57.19931],[27.82555,57.20054],[27.84168,57.21141],[27.8386,57.22094],[27.85921,57.24493],[27.86746,57.24449],[27.8675,57.25454],[27.85979,57.26263],[27.86204,57.27596],[27.869,57.28058],[27.86703,57.29671],[27.85825,57.30244],[27.84673,57.30334],[27.84275,57.31092],[27.82633,57.32212],[27.81692,57.32439],[27.78251,57.32005],[27.77311,57.33002],[27.77968,57.34361],[27.7564,57.35087],[27.75264,57.35709],[27.72194,57.36114],[27.68312,57.37353],[27.66961,57.39525],[27.62408,57.40165],[27.60356,57.41555],[27.59389,57.41714],[27.58107,57.41604],[27.5605,57.41101],[27.55708,57.41574],[27.52709,57.426],[27.51847,57.42445],[27.51591,57.42446],[27.53667,57.46111],[27.54707,57.45932],[27.5567,57.49857],[27.56769,57.51045],[27.56616,57.51491],[27.55526,57.51954],[27.54715,57.51937],[27.55672,57.53781],[27.50062,57.54034],[27.49843,57.53845],[27.49287,57.53819],[27.48807,57.53546],[27.4808,57.5352],[27.47852,57.53556],[27.47512,57.53548],[27.46883,57.53478],[27.46931,57.53246],[27.47127,57.53184],[27.47216,57.53069],[27.46902,57.52932],[27.46071,57.52878],[27.45232,57.532],[27.44396,57.53187],[27.43308,57.52572],[27.42952,57.52684],[27.4267,57.5249],[27.41505,57.52271],[27.40971,57.52519],[27.39821,57.52532],[27.39362,57.52677],[27.39432,57.52846],[27.38925,57.52946],[27.38577,57.53239],[27.38278,57.53295],[27.38049,57.53535],[27.37484,57.53549],[27.36966,57.53383],[27.36526,57.53007],[27.36783,57.52686],[27.35158,57.51821],[27.35253,57.52173],[27.35138,57.52303],[27.35312,57.52548],[27.34978,57.5256],[27.35035,57.52842],[27.34754,57.52877],[27.34596,57.52987],[27.34947,57.53097],[27.3483,57.53249],[27.34909,57.53509],[27.34751,57.53573],[27.34754,57.53643],[27.34626,57.53633],[27.34425,57.53761],[27.34496,57.53901],[27.34352,57.53967],[27.34425,57.54128],[27.34308,57.54205],[27.34347,57.54303],[27.34243,57.54338],[27.34247,57.54436],[27.34079,57.54411],[27.33999,57.54468],[27.34079,57.54552],[27.34004,57.54568],[27.33867,57.54537],[27.3364,57.54605],[27.33647,57.54724],[27.33551,57.54846],[27.338,57.55003],[27.33626,57.55106],[27.33667,57.55309],[27.33761,57.55333],[27.33654,57.55621],[27.3348,57.55672],[27.33594,57.55849],[27.3354,57.55924],[27.3326,57.55957],[27.33036,57.55963],[27.32997,57.56088],[27.33029,57.56341],[27.33277,57.5653],[27.33057,57.56694],[27.33008,57.56851],[27.3313,57.56936],[27.32997,57.57073],[27.32828,57.57115],[27.32692,57.572],[27.32615,57.57348],[27.32337,57.57538],[27.32489,57.57936],[27.32872,57.5819],[27.33149,57.58276],[27.3373,57.58589],[27.33898,57.59014],[27.35689,57.59907],[27.36595,57.60104],[27.38018,57.59881],[27.38261,57.6008],[27.38417,57.60367],[27.40479,57.6123],[27.40455,57.61612],[27.39173,57.61693],[27.39218,57.62102],[27.39704,57.62214],[27.4017,57.62895],[27.39768,57.63686],[27.38915,57.63843],[27.38559,57.64227],[27.38101,57.64335],[27.38133,57.64783],[27.3777,57.64842],[27.38448,57.6556],[27.37859,57.6591],[27.3784,57.66599],[27.37075,57.66668],[27.38443,57.67759],[27.39265,57.67817],[27.38988,57.68592],[27.40136,57.68626],[27.41259,57.7002],[27.4268,57.70028],[27.43047,57.7094],[27.44982,57.71772],[27.46212,57.70789],[27.47034,57.71048],[27.47161,57.71782],[27.48856,57.72094],[27.49858,57.707],[27.52478,57.70962],[27.52095,57.71608],[27.5242,57.72106],[27.52669,57.73051],[27.54613,57.73304],[27.52815,57.74014],[27.52776,57.75702],[27.50834,57.76345],[27.51288,57.77564],[27.50175,57.78576],[27.51525,57.7931],[27.52205,57.7891],[27.53701,57.79457],[27.53677,57.80682],[27.54489,57.81715],[27.55541,57.83186],[27.58137,57.83259],[27.62381,57.84018],[27.66102,57.83946],[27.68421,57.83506],[27.7062,57.84262],[27.73333,57.82902],[27.7597,57.8347],[27.7777,57.83424],[27.79399,57.85149],[27.81595,57.8621],[27.80863,57.87306],[27.81492,57.88211],[27.81916,57.89051],[27.81661,57.8964],[27.7889,57.89989],[27.76908,57.8939],[27.75999,57.89518],[27.75553,57.90194],[27.72724,57.90609],[27.70587,57.90168],[27.69623,57.90684],[27.71682,57.91289],[27.71716,57.92101],[27.70909,57.92307],[27.68179,57.92385],[27.68176,57.93536],[27.66839,57.94248],[27.67098,57.94678],[27.65687,57.95517],[27.66235,57.95782],[27.68449,57.95887],[27.68663,57.97051],[27.68122,57.97085],[27.6792,57.9747],[27.69569,57.98864],[27.69605,57.99598],[27.69915,57.99958],[27.69302,58.00411],[27.67777,58.00856],[27.66824,58.00924],[27.66091,58.01689],[27.65374,58.02055],[27.64564,58.01388],[27.65361,58.00941],[27.65605,58.00417],[27.65152,58.00128],[27.65217,57.99851],[27.65753,57.99766],[27.65413,57.99462],[27.64447,58.00027],[27.62132,58.00484],[27.60666,58.0534],[27.63598,58.09996],[27.9191,57.96119],[28.02756,57.86577],[28.03923,57.77618],[28.01758,57.75091],[28.01139,57.73138],[27.92268,57.68548],[27.88899,57.66119],[27.78641,57.61891],[27.77808,57.5882],[27.75769,57.56969],[27.75529,57.56965],[27.75544,57.57138],[27.75178,57.57247],[27.75021,57.57145],[27.74857,57.57324],[27.75053,57.57485],[27.74646,57.57639],[27.746,57.57968],[27.73942,57.58154],[27.73695,57.58709],[27.72891,57.58999],[27.72799,57.58764],[27.7184,57.58955],[27.71257,57.58802],[27.70872,57.58969],[27.70658,57.5898],[27.70329,57.58717],[27.70386,57.58559],[27.706,57.58547],[27.70773,57.58423],[27.70642,57.58368],[27.69997,57.58468],[27.69943,57.58335],[27.69659,57.58259],[27.69465,57.58377],[27.69327,57.58372],[27.6918,57.58298],[27.6903,57.58383],[27.68416,57.58353],[27.68466,57.58097],[27.68302,57.5785],[27.6804,57.57859],[27.68168,57.57747],[27.67994,57.57659],[27.68126,57.57578],[27.68025,57.57453],[27.67846,57.57589],[27.67657,57.57483],[27.67813,57.57361],[27.67694,57.57249],[27.67462,57.57349],[27.67115,57.57225],[27.67268,57.5713],[27.67163,57.57032],[27.6688,57.57061],[27.66141,57.56954],[27.65922,57.57041],[27.65618,57.57061],[27.6551,57.56996],[27.65026,57.57097],[27.64879,57.56692],[27.64445,57.56659],[27.6416,57.565],[27.63562,57.56646],[27.634,57.56581],[27.62719,57.56774],[27.62567,57.56645],[27.62506,57.56633],[27.62383,57.56665],[27.6212,57.56578],[27.62104,57.56632],[27.61749,57.56532],[27.61335,57.56593],[27.60957,57.56532],[27.61123,57.56245],[27.61001,57.56143],[27.60673,57.56207],[27.60166,57.56027],[27.60359,57.55974],[27.60378,57.55791],[27.60139,57.5563],[27.59487,57.55421],[27.59466,57.55362],[27.59584,57.55311],[27.59616,57.55197],[27.59466,57.55144],[27.59185,57.55178],[27.59182,57.55114],[27.59313,57.55096],[27.59173,57.54974],[27.59343,57.5493],[27.59265,57.54687],[27.76011,57.45695],[27.86831,57.40177],[27.86772,57.3996],[27.87227,57.39512],[27.87624,57.39531],[27.8778,57.3943]]],[[[19.95687,54.77128],[19.95654,54.80649],[19.92872,54.85832],[19.92597,54.90375],[19.94415,54.9289],[19.96183,54.94246],[19.97541,54.96352],[19.99464,54.96204],[20.02073,54.94893],[20.09386,54.94991],[20.12594,54.9456],[20.15914,54.94886],[20.21764,54.9628],[20.27015,54.9644],[20.29865,54.94518],[20.35032,54.93848],[20.38034,54.93987],[20.44642,54.95427],[20.48164,54.9649],[20.54846,54.98966],[20.6005,55.01305],[20.64616,55.04185],[20.6965,55.07198],[20.78232,55.1443],[20.85148,55.1956],[20.93191,55.2923],[20.97585,55.27979],[21.09915,55.25617],[21.273,55.24536],[21.2821,55.24908],[21.29753,55.2527],[21.30267,55.256],[21.3061,55.26038],[21.31143,55.26304],[21.32079,55.26633],[21.33165,55.27462],[21.33674,55.27682],[21.34684,55.27889],[21.35755,55.28521],[21.37398,55.287],[21.37646,55.28891],[21.37859,55.29376],[21.3832,55.29485],[21.40535,55.27823],[21.41552,55.26296],[21.43055,55.25259],[21.43796,55.2362],[21.45235,55.21868],[21.48757,55.20169],[21.49384,55.19209],[21.50255,55.18563],[21.51506,55.18514],[21.52457,55.18793],[21.54135,55.19667],[21.5734,55.19797],[21.59513,55.18768],[21.61852,55.18636],[21.65098,55.1803],[21.67047,55.16767],[21.6876,55.16233],[21.71367,55.14887],[21.7171,55.14401],[21.71743,55.136],[21.72378,55.13267],[21.7473,55.12854],[21.76069,55.12295],[21.78043,55.11873],[21.80903,55.12011],[21.82109,55.11657],[21.84514,55.09899],[21.85201,55.09639],[21.87948,55.09342],[21.91673,55.08033],[21.94977,55.07694],[21.96303,55.07416],[21.97001,55.07513],[21.98162,55.08357],[22.0035,55.0875],[22.03333,55.08396],[22.03964,55.07944],[22.04006,55.06912],[22.03135,55.05816],[22.03094,55.0512],[22.03775,55.041],[22.04926,55.03249],[22.06497,55.02725],[22.08183,55.02405],[22.10108,55.02412],[22.11997,55.0272],[22.12718,55.03267],[22.1325,55.04564],[22.15662,55.05537],[22.18542,55.05379],[22.20031,55.05565],[22.21739,55.06027],[22.24923,55.06136],[22.28889,55.0647],[22.31472,55.06187],[22.34721,55.06143],[22.39409,55.05305],[22.4223,55.05406],[22.43584,55.052],[22.45275,55.04606],[22.46501,55.04425],[22.47624,55.04456],[22.48856,55.04687],[22.54364,55.06464],[22.57256,55.06949],[22.5905,55.07001],[22.59445,55.03116],[22.60433,55.0128],[22.61716,55.01209],[22.62804,54.99549],[22.64206,54.98275],[22.64011,54.97071],[22.65289,54.96386],[22.66512,54.96359],[22.66969,54.96897],[22.66082,54.98112],[22.67235,54.98769],[22.68035,54.98545],[22.68577,54.98027],[22.68775,54.97041],[22.69853,54.96982],[22.70117,54.97258],[22.70695,54.97278],[22.71224,54.96746],[22.72467,54.96322],[22.72883,54.95943],[22.72661,54.95467],[22.73383,54.94627],[22.73891,54.94474],[22.74059,54.93845],[22.76254,54.93699],[22.7663,54.93369],[22.75291,54.92997],[22.74724,54.92298],[22.7535,54.91771],[22.76229,54.91577],[22.76823,54.92121],[22.77756,54.92452],[22.78291,54.92341],[22.78644,54.91871],[22.78666,54.90728],[22.79312,54.90256],[22.80098,54.90147],[22.80406,54.90557],[22.81297,54.91036],[22.81694,54.91139],[22.82051,54.91125],[22.82521,54.90625],[22.83475,54.90378],[22.83456,54.89896],[22.83738,54.89793],[22.84103,54.89851],[22.84474,54.89761],[22.84659,54.89558],[22.84632,54.89052],[22.84798,54.88956],[22.85045,54.88988],[22.85314,54.88875],[22.855,54.8871],[22.85403,54.88535],[22.8474,54.88137],[22.84341,54.87523],[22.8427,54.87083],[22.83951,54.86873],[22.83903,54.86392],[22.84094,54.86191],[22.84446,54.86047],[22.84812,54.86078],[22.85569,54.85802],[22.85854,54.85778],[22.86305,54.85607],[22.86376,54.85384],[22.86798,54.85356],[22.86923,54.85214],[22.86807,54.85022],[22.86451,54.84948],[22.86351,54.84807],[22.86386,54.84667],[22.86009,54.84439],[22.85855,54.84221],[22.85812,54.83846],[22.86379,54.83574],[22.87134,54.83507],[22.87615,54.8335],[22.87666,54.8293],[22.87838,54.82809],[22.87966,54.82551],[22.87711,54.82311],[22.87508,54.82391],[22.87295,54.82406],[22.87137,54.8233],[22.86998,54.82044],[22.87108,54.81907],[22.87602,54.81913],[22.87788,54.81856],[22.8801,54.8155],[22.88362,54.81566],[22.88546,54.81524],[22.88644,54.81428],[22.88584,54.81214],[22.88425,54.81134],[22.88234,54.81204],[22.87988,54.81223],[22.87762,54.81176],[22.87259,54.80511],[22.87436,54.80063],[22.87347,54.79966],[22.87121,54.79868],[22.87101,54.7967],[22.87263,54.79521],[22.87627,54.79392],[22.87766,54.79283],[22.87776,54.7911],[22.87328,54.78911],[22.87,54.78892],[22.86638,54.78938],[22.86083,54.78858],[22.8567,54.79029],[22.85361,54.79005],[22.85215,54.78775],[22.85101,54.78688],[22.84798,54.7862],[22.84775,54.78465],[22.85063,54.78395],[22.85289,54.78222],[22.85542,54.78073],[22.85603,54.77976],[22.85827,54.77846],[22.85927,54.77749],[22.85882,54.77666],[22.84936,54.77531],[22.84747,54.77404],[22.84799,54.77216],[22.84919,54.77172],[22.84928,54.7714],[22.84765,54.77082],[22.84378,54.76694],[22.84316,54.76686],[22.84198,54.76875],[22.8315,54.76987],[22.82961,54.76879],[22.82922,54.76723],[22.82678,54.76439],[22.82375,54.76559],[22.82227,54.76729],[22.81238,54.76671],[22.81216,54.76285],[22.80983,54.76181],[22.8069,54.75959],[22.80693,54.75617],[22.80205,54.75387],[22.79601,54.75366],[22.79007,54.75484],[22.78418,54.75078],[22.77798,54.75261],[22.77273,54.7513],[22.77572,54.74899],[22.7655,54.73744],[22.74425,54.73108],[22.7393,54.72581],[22.73888,54.72001],[22.74194,54.71343],[22.74896,54.71104],[22.74732,54.70538],[22.73418,54.69873],[22.72603,54.68681],[22.73122,54.67986],[22.73794,54.67957],[22.74061,54.67386],[22.73044,54.66892],[22.7372,54.66407],[22.74213,54.65778],[22.75558,54.65433],[22.75745,54.65161],[22.75502,54.64723],[22.74636,54.64724],[22.74473,54.64631],[22.74186,54.64309],[22.74209,54.64207],[22.74393,54.64159],[22.74519,54.64087],[22.74715,54.64012],[22.74813,54.63942],[22.75025,54.63885],[22.75063,54.63657],[22.74854,54.63506],[22.74883,54.6311],[22.74459,54.62684],[22.72851,54.62357],[22.71905,54.60571],[22.70609,54.60275],[22.69858,54.59471],[22.68694,54.59069],[22.68455,54.58629],[22.68507,54.58281],[22.68988,54.57912],[22.70061,54.57663],[22.70152,54.56912],[22.71261,54.56437],[22.70648,54.5603],[22.70394,54.55428],[22.69408,54.55058],[22.69018,54.54116],[22.68265,54.53764],[22.68026,54.5328],[22.68353,54.53027],[22.68362,54.52781],[22.68126,54.52519],[22.68498,54.5181],[22.68906,54.51695],[22.69111,54.51497],[22.69144,54.512],[22.69934,54.50762],[22.69539,54.50523],[22.69684,54.50224],[22.69586,54.49915],[22.69742,54.49282],[22.69512,54.48975],[22.69894,54.48204],[22.70291,54.47169],[22.70296,54.45378],[22.70366,54.45306],[22.7047,54.45259],[22.73672,54.44251],[22.76589,54.38705],[22.76643,54.3853],[22.77073,54.38232],[22.77486,54.37783],[22.7752,54.37554],[22.79132,54.36342],[22.71086,54.36142],[22.67991,54.36031],[22.65053,54.35424],[22.62356,54.35578],[22.29801,54.34123],[22.22577,54.34366],[22.18169,54.33866],[22.0973,54.3374],[21.50999,54.32588],[21.44614,54.31824],[21.43365,54.3269],[20.6912,54.37232],[20.66032,54.37164],[20.62429,54.37165],[20.58125,54.37811],[20.33212,54.40038],[20.06846,54.42128],[19.81267,54.44239],[19.63277,54.45476],[19.82229,54.60299],[19.8882,54.65387],[19.93764,54.70944],[19.95687,54.77128]]]]},"properties":{"source":"deepstate","source_name":"DeepStateMap","source_url":"https://deepstatemap.live/en","category":"unmapped","category_label":"Unmapped source type (needs a rule)","snapshot_time":"24.09 o 16:24","fetched_at_utc":"2026-09-26T09:55:55+00:00","source_labels":["East Prussia is temporarily occupied.","Occupied Abkhazia.","Occupied Latvia territories.","Occupied Pechorsky district (Saaste Boot).","Occupied Petsamo","Occupied Salla","Occupied Southern Kuril islands.","Occupied Tskhinvali district","Occupied Tuzla Island","Snake Island","The temporarily occupied territory of Karelia.","The temporarily occupied territory of the Republic of Ichkeria.","Unknown status","occupied Estonia territories."],"source_polygons":44,"area_km2_approx":137645,"processing":"merged and simplified"}},{"type":"Feature","geometry":{"type":"MultiPolygon","coordinates":[[[[35.49876,45.30618],[35.52582,45.29119],[35.6329,45.32458],[35.71557,45.33846],[35.72485,45.35159],[35.75373,45.36655],[35.76098,45.38126],[35.74889,45.38463],[35.74573,45.39066],[35.74893,45.39633],[35.80236,45.42429],[35.82648,45.44013],[35.81837,45.45142],[35.81775,45.45887],[35.82365,45.46632],[35.84177,45.47447],[35.86783,45.47325],[35.87606,45.46386],[35.86369,45.45422],[35.84651,45.44651],[35.88684,45.40777],[35.94122,45.38004],[35.99701,45.37149],[36.04285,45.38401],[36.06894,45.40437],[36.06878,45.44546],[36.12387,45.46362],[36.17039,45.47236],[36.26535,45.47857],[36.29368,45.48386],[36.30798,45.47541],[36.32287,45.4713],[36.3363,45.47422],[36.34005,45.47758],[36.33933,45.48251],[36.34485,45.48431],[36.34551,45.48089],[36.35756,45.47162],[36.37289,45.47138],[36.3766,45.46369],[36.40184,45.45018],[36.41546,45.44682],[36.42142,45.446],[36.43247,45.44788],[36.43401,45.45068],[36.44206,45.45328],[36.44154,45.45541],[36.44717,45.46014],[36.46109,45.45643],[36.47055,45.45851],[36.48206,45.45577],[36.49546,45.45051],[36.49975,45.44548],[36.50695,45.44226],[36.51883,45.43352],[36.53267,45.42719],[36.54783,45.42561],[36.55447,45.42437],[36.56594,45.42844],[36.56567,45.43662],[36.57528,45.44225],[36.58704,45.44127],[36.59828,45.43866],[36.60635,45.42872],[36.61553,45.42227],[36.6115,45.41492],[36.60759,45.41257],[36.61127,45.40754],[36.63464,45.39174],[36.6412,45.39067],[36.64873,45.38292],[36.64321,45.37781],[36.6335,45.37565],[36.63011,45.37379],[36.63322,45.36281],[36.63057,45.36052],[36.62564,45.36076],[36.61203,45.35594],[36.60599,45.34773],[36.59655,45.34503],[36.59234,45.3465],[36.56444,45.34711],[36.54435,45.34474],[36.53498,45.34564],[36.53522,45.34992],[36.51829,45.35154],[36.48364,45.35086],[36.47781,45.34913],[36.47204,45.34123],[36.47329,45.33074],[36.48884,45.32461],[36.4995,45.31867],[36.48444,45.30548],[36.43518,45.29507],[36.42166,45.28658],[36.42601,45.27864],[36.43633,45.27624],[36.43962,45.27162],[36.43578,45.25807],[36.42371,45.24526],[36.42305,45.23723],[36.41202,45.22588],[36.40391,45.21416],[36.40773,45.1934],[36.40778,45.17289],[36.41778,45.16429],[36.42143,45.15292],[36.42254,45.13694],[36.4258,45.1344],[36.42563,45.12889],[36.43318,45.11769],[36.4397,45.11673],[36.45461,45.10556],[36.45602,45.09562],[36.4401,45.08333],[36.39098,45.06536],[36.37288,45.05747],[36.33772,45.0583],[36.30933,45.05792],[36.28214,45.05499],[36.24915,45.04769],[36.24793,45.04068],[36.22568,45.02682],[36.21349,45.02807],[36.20105,45.03302],[36.16004,45.03592],[36.07129,45.04825],[36.0354,45.04922],[36.01256,45.04493],[35.99495,45.03511],[35.98421,45.02286],[35.95408,45.01122],[35.92585,45.01911],[35.90766,45.01808],[35.90029,45.01419],[35.87934,45.00977],[35.87059,45.00419],[35.8421,44.99837],[35.8348,44.99921],[35.82828,45.00455],[35.83411,45.0091],[35.82978,45.01408],[35.82195,45.0192],[35.81016,45.02142],[35.81448,45.03331],[35.80489,45.04556],[35.78533,45.05763],[35.77788,45.0663],[35.74879,45.08147],[35.69214,45.10463],[35.62977,45.1223],[35.58496,45.12936],[35.54135,45.12586],[35.45106,45.09737],[35.41464,45.07541],[35.3894,45.04944],[35.38597,45.03525],[35.41265,45.02578],[35.42869,45.01291],[35.39522,44.99934],[35.36674,44.99256],[35.35842,44.98555],[35.3561,44.97733],[35.39404,44.95493],[35.38297,44.94389],[35.3518,44.95495],[35.34432,44.96419],[35.32247,44.95921],[35.32281,44.96644],[35.30152,44.96578],[35.29499,44.95971],[35.28364,44.96616],[35.27128,44.9676],[35.25841,44.9609],[35.24983,44.95282],[35.25652,44.93842],[35.24365,44.91679],[35.21661,44.90901],[35.2056,44.91022],[35.19056,44.90789],[35.17757,44.90094],[35.16931,44.90025],[35.15624,44.88691],[35.14415,44.867],[35.13939,44.86125],[35.13057,44.82931],[35.1331,44.82281],[35.11845,44.81723],[35.11102,44.80702],[35.09398,44.80138],[35.08106,44.79061],[35.06442,44.79711],[35.04367,44.79946],[35.04727,44.81484],[35.0295,44.82825],[35.0007,44.83203],[34.9887,44.82807],[34.98099,44.83447],[34.96782,44.83803],[34.94253,44.83384],[34.93503,44.83004],[34.92099,44.82875],[34.92032,44.82153],[34.9121,44.81577],[34.84517,44.8133],[34.83093,44.81691],[34.76373,44.81506],[34.74799,44.80706],[34.72881,44.80783],[34.67786,44.78786],[34.62563,44.77396],[34.54461,44.74101],[34.47496,44.71507],[34.43215,44.68277],[34.41218,44.65881],[34.40392,44.63975],[34.38968,44.62888],[34.38342,44.61588],[34.37789,44.61231],[34.37582,44.5917],[34.35435,44.58568],[34.34981,44.57185],[34.34904,44.54677],[34.33484,44.54551],[34.32014,44.55109],[34.30895,44.55209],[34.26036,44.50756],[34.17198,44.49101],[34.12894,44.42788],[34.05723,44.41652],[34.03499,44.40367],[33.96341,44.38885],[33.93941,44.38965],[33.88242,44.40027],[33.84603,44.40114],[33.77874,44.38145],[33.75901,44.38693],[33.73309,44.38333],[33.70289,44.41693],[33.67387,44.41281],[33.64553,44.42192],[33.63834,44.45869],[33.62701,44.47958],[33.60195,44.49174],[33.55405,44.48688],[33.50607,44.50085],[33.48624,44.49497],[33.47273,44.51114],[33.46013,44.52289],[33.40369,44.55324],[33.37331,44.58406],[33.45016,44.61595],[33.49462,44.61777],[33.50827,44.63192],[33.51247,44.63315],[33.52105,44.64026],[33.52569,44.63836],[33.53119,44.64111],[33.53567,44.64599],[33.54186,44.65893],[33.54636,44.67798],[33.54744,44.69856],[33.54577,44.7078],[33.54758,44.72445],[33.53978,44.74432],[33.54072,44.76176],[33.53351,44.79261],[33.54063,44.80265],[33.54552,44.80417],[33.54714,44.81013],[33.54955,44.81083],[33.55023,44.82224],[33.54851,44.8346],[33.55297,44.84166],[33.55691,44.84059],[33.56103,44.84232],[33.56969,44.83884],[33.57896,44.84049],[33.58686,44.847],[33.59064,44.84572],[33.59464,44.84758],[33.60086,44.85766],[33.6052,44.86639],[33.60645,44.8717],[33.61059,44.89932],[33.61096,44.92572],[33.59765,44.97655],[33.60438,44.98047],[33.6026,44.99797],[33.58086,45.05088],[33.56149,45.08107],[33.53638,45.10955],[33.50926,45.13445],[33.48076,45.15589],[33.45085,45.17424],[33.43265,45.18409],[33.41599,45.1914],[33.40855,45.19344],[33.40077,45.19606],[33.3912,45.19738],[33.38275,45.19647],[33.37644,45.19185],[33.37629,45.18766],[33.38028,45.18591],[33.37497,45.18368],[33.35843,45.17825],[33.35001,45.1737],[33.33155,45.17188],[33.32514,45.17412],[33.31839,45.17458],[33.31006,45.1741],[33.30524,45.17277],[33.30122,45.17064],[33.29896,45.16779],[33.29792,45.16563],[33.30014,45.16203],[33.29604,45.15772],[33.28829,45.15411],[33.28429,45.14828],[33.27516,45.1459],[33.26804,45.14563],[33.25729,45.1478],[33.24594,45.15694],[33.23435,45.16822],[33.22529,45.17469],[33.20198,45.18323],[33.18524,45.18372],[33.17982,45.18765],[33.16583,45.19347],[33.15733,45.19877],[33.14883,45.20214],[33.1434,45.20709],[33.13891,45.21632],[33.12409,45.22571],[33.10791,45.23151],[33.0932,45.24883],[33.08123,45.25842],[33.06278,45.27566],[33.03524,45.29016],[32.99185,45.3225],[32.96677,45.33669],[32.90702,45.35944],[32.84671,45.36526],[32.76522,45.36384],[32.73539,45.35497],[32.71216,45.34131],[32.6855,45.3321],[32.67569,45.32061],[32.65299,45.31332],[32.62211,45.31763],[32.59946,45.32532],[32.57854,45.32764],[32.56982,45.33289],[32.55185,45.33239],[32.48945,45.34614],[32.51038,45.36088],[32.51346,45.37204],[32.50744,45.38196],[32.48864,45.38499],[32.47894,45.38916],[32.4797,45.40426],[32.48807,45.40796],[32.50039,45.42466],[32.52427,45.43887],[32.53821,45.45488],[32.56214,45.47022],[32.59058,45.48558],[32.69178,45.52388],[32.72322,45.53303],[32.73688,45.54301],[32.77211,45.55787],[32.79318,45.56389],[32.82032,45.55982],[32.82597,45.55733],[32.83396,45.56023],[32.84065,45.56511],[32.84314,45.5706],[32.84356,45.57683],[32.84101,45.58241],[32.83729,45.58335],[32.82925,45.5836],[32.8213,45.58301],[32.82013,45.58439],[32.82018,45.58684],[32.82504,45.59061],[32.90869,45.64034],[32.99939,45.68115],[33.00634,45.67938],[33.01715,45.68701],[33.05014,45.69696],[33.0691,45.70683],[33.07768,45.70739],[33.0957,45.7155],[33.11464,45.71278],[33.12791,45.71984],[33.1378,45.71981],[33.15292,45.73336],[33.15918,45.74918],[33.16574,45.78827],[33.17584,45.80574],[33.18234,45.80993],[33.18583,45.80795],[33.18062,45.79721],[33.17249,45.7866],[33.18211,45.7739],[33.21192,45.75773],[33.23866,45.7528],[33.28061,45.76267],[33.32241,45.77504],[33.37349,45.79719],[33.41709,45.8302],[33.43221,45.83858],[33.48297,45.8544],[33.51795,45.86778],[33.54059,45.88491],[33.5441,45.88034],[33.52006,45.85771],[33.50089,45.84835],[33.50762,45.84107],[33.51765,45.84659],[33.52717,45.84972],[33.53712,45.8458],[33.54213,45.84026],[33.54821,45.84353],[33.55172,45.85163],[33.55864,45.86172],[33.56872,45.87401],[33.58165,45.87121],[33.59372,45.88529],[33.61627,45.89214],[33.6341,45.88261],[33.64223,45.87633],[33.65466,45.87523],[33.66223,45.87152],[33.6616,45.86426],[33.67413,45.85743],[33.68419,45.8501],[33.68472,45.85889],[33.67908,45.86731],[33.67995,45.87505],[33.67837,45.88514],[33.67511,45.89887],[33.67621,45.90395],[33.68009,45.90854],[33.68777,45.91275],[33.69197,45.91347],[33.69754,45.91137],[33.70199,45.911],[33.72024,45.92464],[33.73093,45.93019],[33.74951,45.92828],[33.75603,45.93111],[33.75799,45.93449],[33.75108,45.9488],[33.74728,45.94669],[33.74494,45.95033],[33.72296,45.95016],[33.69231,45.95526],[33.68286,45.9528],[33.65976,45.95459],[33.64014,45.94936],[33.6475,45.94517],[33.64208,45.94288],[33.63499,45.94133],[33.6245,45.94252],[33.61761,45.94424],[33.61648,45.94907],[33.62776,45.95885],[33.62969,45.96743],[33.62938,45.97746],[33.62854,45.9876],[33.62287,45.99762],[33.61872,46.01252],[33.61134,46.05482],[33.6237,46.07172],[33.63728,46.08135],[33.63304,46.09738],[33.61656,46.11536],[33.61296,46.12915],[33.61253,46.13824],[33.60668,46.14688],[33.58057,46.15718],[33.54537,46.12331],[33.51398,46.10751],[33.56169,46.07406],[33.51512,46.08243],[33.4967,46.07031],[33.49314,46.05272],[33.51018,46.02845],[33.49114,46.03224],[33.46042,46.04603],[33.43709,46.04017],[33.40758,46.04096],[33.36646,46.07525],[33.34995,46.09314],[33.31831,46.09911],[33.31823,46.0763],[33.28855,46.07496],[33.27804,46.09452],[33.303,46.0936],[33.30861,46.11432],[33.28401,46.12504],[33.25666,46.13865],[33.20802,46.12703],[33.22289,46.15704],[33.19531,46.17014],[33.18145,46.14756],[33.14047,46.12764],[33.10157,46.13187],[33.06265,46.15559],[33.03148,46.14973],[33.0296,46.11324],[32.91328,46.10679],[32.86372,46.11572],[32.82898,46.11137],[32.75845,46.11903],[32.73285,46.10979],[32.70374,46.10623],[32.67705,46.09982],[32.64666,46.10786],[32.59614,46.09585],[32.54428,46.08048],[32.53963,46.0735],[32.54185,46.06819],[32.55212,46.06828],[32.62006,46.0604],[32.71936,46.03907],[32.79528,46.03031],[32.87857,46.02592],[32.90804,46.02662],[32.92652,46.0312],[32.93628,46.03969],[32.94141,46.04609],[32.97288,46.03074],[33.01745,46.02567],[33.04966,46.02775],[33.07006,46.0142],[33.03638,46.00803],[32.96804,46.01257],[32.91207,46.0104],[32.73962,46.03361],[32.63788,46.0537],[32.5749,46.06373],[32.54654,46.06529],[32.38922,46.09455],[32.22604,46.13189],[32.23839,46.14981],[32.22794,46.16838],[32.23988,46.17854],[32.22181,46.18774],[32.2081,46.18683],[32.20613,46.17221],[32.18702,46.17569],[32.16596,46.19692],[32.12115,46.20442],[32.08783,46.22149],[32.07775,46.23895],[32.05142,46.24981],[32.02854,46.24562],[31.96951,46.25724],[31.9556,46.26593],[31.94374,46.28559],[31.93682,46.29217],[31.90449,46.29747],[31.89507,46.28077],[31.88329,46.27345],[31.874,46.26529],[31.87083,46.2658],[31.86122,46.27217],[31.85074,46.26828],[31.8477,46.26795],[31.83519,46.27286],[31.83314,46.26982],[31.83469,46.26617],[31.8183,46.26434],[31.81324,46.26477],[31.81436,46.26948],[31.80972,46.27212],[31.7917,46.27392],[31.78451,46.26889],[31.78441,46.26511],[31.7796,46.2645],[31.7772,46.26816],[31.78329,46.27254],[31.78213,46.27687],[31.77511,46.28229],[31.77554,46.28549],[31.77121,46.28887],[31.77451,46.29395],[31.76802,46.29655],[31.75809,46.29487],[31.74774,46.29817],[31.74559,46.30605],[31.77254,46.32717],[31.82345,46.33713],[31.86828,46.33438],[31.96977,46.34839],[32.00905,46.36414],[32.03557,46.41659],[32.02904,46.43757],[32.00224,46.45346],[31.97484,46.43923],[31.95282,46.43748],[31.89212,46.45683],[31.79702,46.47814],[31.7709,46.48458],[31.74204,46.48534],[31.71645,46.47868],[31.70426,46.46658],[31.69692,46.45751],[31.69712,46.44726],[31.70698,46.44546],[31.72026,46.43335],[31.73767,46.42622],[31.77689,46.37412],[31.77384,46.37116],[31.74521,46.38643],[31.72495,46.41447],[31.6943,46.44034],[31.65675,46.46892],[31.61425,46.50195],[31.54695,46.53873],[31.52162,46.56161],[31.5113,46.57669],[31.51342,46.58083],[31.53052,46.55763],[31.55408,46.54547],[31.58167,46.53725],[31.6315,46.54052],[31.66286,46.53641],[31.69765,46.54503],[31.75692,46.54796],[31.80707,46.52946],[31.86491,46.51762],[31.88156,46.5183],[31.89875,46.51861],[31.90491,46.51796],[31.91091,46.51156],[31.99939,46.48803],[32.04639,46.48894],[32.07888,46.49923],[32.12638,46.49866],[32.1647,46.48953],[32.2085,46.47816],[32.23693,46.48028],[32.25644,46.4772],[32.3021,46.4678],[32.34392,46.46249],[32.4013,46.47199],[32.41764,46.47946],[32.41784,46.48504],[32.42826,46.48539],[32.43168,46.48919],[32.43269,46.49476],[32.43772,46.50336],[32.44832,46.50287],[32.45707,46.50381],[32.46478,46.50806],[32.48913,46.52738],[32.50026,46.53345],[32.5057,46.53796],[32.50899,46.54001],[32.51458,46.54101],[32.52069,46.54036],[32.53186,46.53687],[32.5538,46.54127],[32.58233,46.55513],[32.6665,46.58253],[32.69178,46.60126],[32.68908,46.60642],[32.67874,46.61415],[32.68446,46.62125],[32.71999,46.63176],[32.75112,46.63031],[32.76752,46.63558],[32.78439,46.62802],[32.79871,46.63212],[32.80358,46.64089],[32.81703,46.64589],[32.83363,46.65495],[32.84593,46.66328],[32.87011,46.68251],[32.87505,46.68684],[32.87996,46.68647],[32.88573,46.68905],[32.89102,46.6932],[32.89177,46.69824],[32.90531,46.71128],[32.92336,46.71833],[32.92856,46.71837],[32.93339,46.71721],[32.94278,46.7133],[32.95423,46.71154],[32.97985,46.71047],[32.99109,46.71454],[33.01958,46.71775],[33.02489,46.72457],[33.04052,46.72923],[33.04335,46.73723],[33.04417,46.73848],[33.04844,46.7376],[33.05417,46.73143],[33.06219,46.73226],[33.07331,46.7384],[33.08198,46.73801],[33.09041,46.74365],[33.13206,46.75513],[33.13717,46.75576],[33.14019,46.75669],[33.14146,46.75937],[33.15335,46.76279],[33.19787,46.7675],[33.23988,46.76354],[33.25438,46.75257],[33.28631,46.7494],[33.3134,46.75148],[33.34016,46.75704],[33.3589,46.76402],[33.35744,46.76703],[33.37161,46.77573],[33.37056,46.77684],[33.37141,46.77714],[33.37247,46.77612],[33.37337,46.77649],[33.37718,46.77631],[33.38953,46.78273],[33.40294,46.7736],[33.47027,46.82096],[33.56347,46.81821],[33.6203,46.82903],[33.63746,46.84718],[33.63403,46.86626],[33.63382,46.89951],[33.65682,46.90468],[33.67845,46.90093],[33.68816,46.92045],[33.69561,46.95542],[33.69767,46.99513],[33.80232,47.05902],[33.84079,47.09852],[33.84995,47.13779],[33.90313,47.15998],[33.92981,47.17722],[33.94484,47.19725],[33.96786,47.21128],[33.98273,47.23066],[34.04223,47.41043],[34.04668,47.41765],[34.06487,47.42432],[34.11834,47.42057],[34.14572,47.42447],[34.19929,47.4121],[34.26968,47.43955],[34.2961,47.42869],[34.33491,47.447],[34.33837,47.46776],[34.37413,47.5072],[34.38695,47.51387],[34.40522,47.50076],[34.43584,47.49691],[34.50062,47.49967],[34.53314,47.53046],[34.54453,47.53271],[34.58625,47.52181],[34.59904,47.53467],[34.61803,47.54449],[34.62838,47.54583],[34.64207,47.54442],[34.6802,47.51073],[34.68941,47.49489],[34.70898,47.49058],[34.74915,47.4926],[34.7923,47.46775],[34.8252,47.4648],[34.85992,47.45125],[34.87418,47.44953],[34.87474,47.43756],[34.86337,47.42088],[34.88371,47.40612],[34.93544,47.39163],[34.96869,47.38923],[35.02882,47.41814],[35.04616,47.43776],[35.06243,47.44869],[35.10223,47.45104],[35.14866,47.44569],[35.20264,47.445],[35.26442,47.47391],[35.2808,47.47219],[35.27365,47.49372],[35.2809,47.5034],[35.29938,47.51098],[35.3135,47.51268],[35.32643,47.51682],[35.33472,47.52528],[35.33715,47.53016],[35.3319,47.54714],[35.32795,47.56391],[35.32641,47.56753],[35.34308,47.56957],[35.34907,47.57157],[35.34669,47.57784],[35.37648,47.57917],[35.37793,47.56569],[35.39092,47.5653],[35.39124,47.56704],[35.40251,47.56718],[35.40322,47.55864],[35.39776,47.54665],[35.39731,47.54028],[35.40297,47.53764],[35.41928,47.53504],[35.43152,47.53758],[35.44914,47.54241],[35.46084,47.54069],[35.47711,47.54368],[35.48561,47.54491],[35.4863,47.54735],[35.48836,47.54778],[35.49378,47.54542],[35.49455,47.5441],[35.50453,47.54417],[35.50475,47.54663],[35.50827,47.54691],[35.50965,47.54423],[35.53618,47.54622],[35.53519,47.54982],[35.56335,47.55818],[35.58307,47.55375],[35.59699,47.54082],[35.5903,47.52837],[35.59255,47.51932],[35.61313,47.5043],[35.61616,47.50431],[35.6165,47.50624],[35.62118,47.50767],[35.62363,47.50585],[35.63694,47.51096],[35.64084,47.50749],[35.6329,47.50298],[35.63463,47.50049],[35.65466,47.50096],[35.67048,47.50221],[35.68706,47.50976],[35.69952,47.50685],[35.7115,47.50554],[35.71853,47.49479],[35.7316,47.49071],[35.74639,47.48989],[35.74514,47.48682],[35.78226,47.48567],[35.79068,47.48089],[35.79937,47.47352],[35.81808,47.46959],[35.84211,47.47099],[35.89611,47.46596],[35.91161,47.46892],[35.92149,47.47523],[35.92406,47.49473],[35.93259,47.4935],[35.94164,47.49389],[35.94089,47.51199],[35.9362,47.5233],[35.93677,47.52716],[35.94324,47.53013],[35.9497,47.5236],[35.96796,47.51757],[35.98968,47.51452],[35.99214,47.52324],[35.99445,47.52565],[35.99878,47.5257],[36.02078,47.5159],[36.03001,47.52229],[36.03168,47.52612],[36.05615,47.53356],[36.06382,47.55287],[36.0642,47.56226],[36.0817,47.57055],[36.08967,47.58198],[36.06809,47.59032],[36.07329,47.59496],[36.10849,47.58478],[36.10581,47.60224],[36.09738,47.62622],[36.10508,47.63136],[36.14208,47.64064],[36.15418,47.65087],[36.15938,47.65304],[36.16457,47.65167],[36.17061,47.65487],[36.16026,47.66886],[36.16607,47.67461],[36.17244,47.68045],[36.1671,47.69232],[36.14226,47.70203],[36.1352,47.71367],[36.14772,47.72357],[36.16435,47.72631],[36.16346,47.74594],[36.17493,47.7546],[36.19196,47.75773],[36.1906,47.76315],[36.20228,47.7651],[36.21056,47.77857],[36.23508,47.78758],[36.27144,47.78628],[36.30583,47.79143],[36.30291,47.80298],[36.34811,47.8057],[36.36816,47.79591],[36.38099,47.79511],[36.42562,47.80975],[36.45174,47.80728],[36.45511,47.82459],[36.49098,47.83039],[36.52565,47.84114],[36.57219,47.84909],[36.58236,47.86015],[36.58901,47.87397],[36.57402,47.89654],[36.62893,47.90374],[36.63675,47.91257],[36.6293,47.92106],[36.62102,47.92379],[36.60939,47.92479],[36.60571,47.93039],[36.60794,47.93742],[36.63615,47.93933],[36.66097,47.94367],[36.73217,47.9607],[36.74244,47.97461],[36.73554,48.00924],[36.74857,48.0267],[36.7636,48.03392],[36.76473,48.05498],[36.77619,48.06678],[36.80585,48.05953],[36.82626,48.06994],[36.83798,48.07157],[36.83774,48.07778],[36.84209,48.07813],[36.86343,48.08198],[36.87624,48.08334],[36.89316,48.08738],[36.89269,48.09512],[36.90153,48.09779],[36.90497,48.10384],[36.90306,48.11353],[36.91591,48.11383],[36.91222,48.12969],[36.90453,48.1348],[36.90663,48.1394],[36.9061,48.14338],[36.90701,48.16466],[36.91598,48.16669],[36.93585,48.18601],[36.93073,48.19625],[36.92721,48.2201],[36.95159,48.2206],[36.95183,48.23612],[36.94208,48.23762],[36.94195,48.2398],[36.97099,48.23845],[36.97292,48.24566],[36.98165,48.24886],[36.98064,48.25806],[36.98745,48.25915],[36.98834,48.26291],[36.99545,48.2634],[37.00307,48.26091],[37.00882,48.26105],[37.01045,48.25978],[37.01252,48.25993],[37.03147,48.2593],[37.02986,48.26768],[37.04507,48.2688],[37.04603,48.27117],[37.05694,48.2701],[37.05438,48.28069],[37.06506,48.28316],[37.06102,48.30629],[37.06282,48.32202],[37.05526,48.32107],[37.05301,48.32433],[37.05178,48.32901],[37.04744,48.32867],[37.0467,48.33202],[37.0501,48.33798],[37.03701,48.34886],[37.04084,48.34923],[37.04792,48.35725],[37.06992,48.36156],[37.08477,48.36258],[37.10284,48.36528],[37.10765,48.37903],[37.11658,48.37973],[37.13237,48.36795],[37.15145,48.36863],[37.15679,48.36617],[37.16466,48.36998],[37.17039,48.37909],[37.17432,48.39103],[37.19362,48.40242],[37.18939,48.40997],[37.18932,48.41589],[37.20126,48.41477],[37.22316,48.41946],[37.21902,48.42985],[37.23085,48.43943],[37.23722,48.44842],[37.24049,48.44834],[37.23956,48.45435],[37.24964,48.4557],[37.24667,48.45979],[37.27444,48.46839],[37.28121,48.47303],[37.29887,48.47602],[37.30784,48.47472],[37.31838,48.47393],[37.33935,48.47373],[37.36486,48.47782],[37.36741,48.48243],[37.37556,48.48428],[37.37512,48.48898],[37.38064,48.49339],[37.38679,48.49337],[37.39242,48.49678],[37.41674,48.4949],[37.43708,48.48813],[37.44617,48.49068],[37.45192,48.48477],[37.46604,48.47922],[37.46144,48.47367],[37.47405,48.45901],[37.48133,48.45671],[37.49135,48.45111],[37.50888,48.44483],[37.52442,48.44522],[37.58701,48.44412],[37.60452,48.44228],[37.60757,48.45797],[37.61994,48.45962],[37.62839,48.46541],[37.62216,48.48564],[37.61537,48.48823],[37.61181,48.49237],[37.61357,48.4944],[37.62035,48.49756],[37.62395,48.52551],[37.63977,48.52626],[37.64949,48.50816],[37.66469,48.50368],[37.67985,48.49569],[37.68634,48.49645],[37.68949,48.49192],[37.7002,48.4915],[37.71615,48.48442],[37.7286,48.49526],[37.74068,48.49541],[37.74654,48.48638],[37.76195,48.48311],[37.77997,48.49175],[37.76865,48.50018],[37.77381,48.51142],[37.76894,48.5184],[37.77088,48.52236],[37.75681,48.51932],[37.74513,48.52361],[37.74238,48.52994],[37.74463,48.53194],[37.74127,48.54089],[37.77026,48.5436],[37.79683,48.5491],[37.7981,48.55698],[37.79379,48.55941],[37.78792,48.55863],[37.78729,48.56035],[37.79048,48.56062],[37.79215,48.56285],[37.79198,48.56395],[37.80337,48.56464],[37.80335,48.57228],[37.81583,48.5755],[37.81963,48.58246],[37.81441,48.58816],[37.81814,48.59059],[37.81754,48.59302],[37.7845,48.58907],[37.78343,48.59563],[37.78622,48.59625],[37.78686,48.59739],[37.78342,48.59732],[37.78202,48.59913],[37.76184,48.60245],[37.75839,48.61561],[37.76311,48.61923],[37.77646,48.61981],[37.788,48.62353],[37.78175,48.6279],[37.77869,48.64432],[37.77048,48.65276],[37.75973,48.65433],[37.75483,48.65608],[37.75173,48.66089],[37.75394,48.66448],[37.78182,48.67337],[37.79317,48.67884],[37.78659,48.69076],[37.80335,48.69272],[37.80467,48.70104],[37.80865,48.71044],[37.80747,48.71517],[37.79867,48.71989],[37.79846,48.72189],[37.81589,48.72193],[37.80975,48.73286],[37.81715,48.73709],[37.80814,48.74032],[37.81095,48.74373],[37.82033,48.74055],[37.82707,48.74687],[37.83181,48.74572],[37.8347,48.75206],[37.83834,48.75767],[37.82501,48.75655],[37.81858,48.76232],[37.81225,48.76962],[37.826,48.78223],[37.84205,48.78353],[37.84788,48.77545],[37.87053,48.77563],[37.87139,48.77989],[37.87063,48.78206],[37.87269,48.78265],[37.88128,48.78125],[37.89109,48.77829],[37.90042,48.77406],[37.91345,48.78343],[37.92267,48.78527],[37.92041,48.79508],[37.92941,48.79792],[37.93738,48.79601],[37.94044,48.79842],[37.93561,48.80185],[37.92891,48.81154],[37.91785,48.81009],[37.90716,48.83304],[37.89035,48.82677],[37.8598,48.81982],[37.85622,48.8197],[37.85779,48.82852],[37.8675,48.82773],[37.87055,48.83812],[37.87978,48.83903],[37.8751,48.84654],[37.89255,48.85171],[37.88858,48.85857],[37.89205,48.86483],[37.90241,48.86573],[37.90779,48.87007],[37.89871,48.87537],[37.90121,48.87802],[37.90646,48.87774],[37.91037,48.87969],[37.91635,48.87961],[37.92694,48.88544],[37.93151,48.89091],[37.93225,48.89834],[37.92999,48.90051],[37.93705,48.90875],[37.94044,48.91877],[37.95486,48.92969],[37.9662,48.93781],[37.96533,48.94191],[37.95374,48.94595],[37.95024,48.94074],[37.93575,48.94132],[37.9338,48.93683],[37.93563,48.92732],[37.93071,48.91501],[37.91926,48.9124],[37.8816,48.92995],[37.87895,48.95145],[37.8829,48.95995],[37.92471,48.96596],[37.96698,48.96976],[37.96838,48.97654],[37.96544,48.98459],[37.97583,48.98647],[37.98064,48.9899],[37.96744,49.00218],[37.95642,49.00921],[37.94569,49.00908],[37.94045,49.01369],[37.93839,49.01929],[37.94156,49.01981],[37.94027,49.02342],[37.95123,49.02434],[37.96128,49.03336],[37.95489,49.03888],[37.9661,49.04827],[37.96811,49.06099],[37.95577,49.06782],[37.93557,49.07338],[37.91771,49.0818],[37.9009,49.08101],[37.88384,49.07753],[37.86952,49.07116],[37.86666,49.07219],[37.86619,49.07413],[37.86089,49.08141],[37.83998,49.07849],[37.8204,49.06987],[37.7944,49.06859],[37.78398,49.07756],[37.78847,49.08418],[37.78257,49.09091],[37.77481,49.09116],[37.77272,49.09231],[37.79007,49.09939],[37.77348,49.10778],[37.75293,49.11119],[37.7417,49.10796],[37.73666,49.10383],[37.72882,49.10849],[37.73095,49.11945],[37.7473,49.12972],[37.7536,49.13617],[37.7475,49.13799],[37.74568,49.14289],[37.74892,49.14743],[37.76448,49.16318],[37.76385,49.16681],[37.75001,49.17449],[37.74905,49.17869],[37.75534,49.18157],[37.75991,49.18563],[37.77654,49.18291],[37.78056,49.18523],[37.78394,49.18813],[37.79455,49.18567],[37.79479,49.18388],[37.80597,49.18085],[37.81442,49.1858],[37.83922,49.18605],[37.84228,49.1906],[37.8839,49.19281],[37.89268,49.2004],[37.88074,49.20809],[37.88347,49.21358],[37.88415,49.22047],[37.8783,49.22161],[37.8764,49.2261],[37.88753,49.22646],[37.89511,49.22601],[37.89831,49.22446],[37.91873,49.22681],[37.91559,49.24275],[37.91948,49.24585],[37.93556,49.23931],[37.95101,49.23638],[37.95649,49.24029],[37.94917,49.24172],[37.95026,49.24415],[37.95382,49.24544],[37.95003,49.24668],[37.95003,49.24791],[37.95592,49.24825],[37.96701,49.24389],[37.99788,49.25213],[38.0098,49.26151],[38.01402,49.26843],[38.00673,49.2739],[38.01292,49.28505],[38.00879,49.28801],[38.00259,49.28828],[37.99928,49.28581],[37.99785,49.28312],[37.98938,49.28359],[37.98373,49.28089],[37.97957,49.28225],[37.96772,49.28655],[37.96201,49.30327],[37.96961,49.30304],[37.96938,49.31115],[37.96158,49.31149],[37.96186,49.31732],[37.96639,49.32225],[37.96552,49.33028],[37.96494,49.33248],[37.96282,49.33417],[37.9573,49.33485],[37.95343,49.33662],[37.95005,49.3377],[37.94179,49.33884],[37.94233,49.34185],[37.94118,49.34457],[37.94387,49.3469],[37.94192,49.34969],[37.94763,49.3514],[37.94957,49.35312],[37.95431,49.36159],[37.94907,49.36271],[37.93852,49.3792],[37.93251,49.38069],[37.91607,49.37856],[37.91637,49.3828],[37.89061,49.38205],[37.87565,49.3776],[37.86223,49.38042],[37.84714,49.38127],[37.84664,49.38666],[37.82996,49.4012],[37.82396,49.39464],[37.81569,49.39096],[37.76893,49.40528],[37.76451,49.39738],[37.71151,49.41706],[37.68422,49.41218],[37.67674,49.42126],[37.7084,49.43078],[37.7125,49.44177],[37.74328,49.45993],[37.75793,49.45791],[37.77171,49.46824],[37.77835,49.48235],[37.74352,49.49108],[37.72893,49.502],[37.73375,49.51082],[37.72357,49.51462],[37.71327,49.51349],[37.7063,49.50739],[37.69763,49.5024],[37.69503,49.50269],[37.69672,49.50883],[37.70076,49.51486],[37.69697,49.52533],[37.69283,49.52689],[37.69532,49.53032],[37.69602,49.54114],[37.70085,49.54433],[37.70175,49.55293],[37.71537,49.55636],[37.73183,49.55717],[37.7596,49.55618],[37.76067,49.5592],[37.75384,49.56178],[37.75383,49.5635],[37.76125,49.56959],[37.77057,49.57214],[37.77216,49.57491],[37.79249,49.58029],[37.79633,49.59054],[37.79062,49.5922],[37.79089,49.59466],[37.80407,49.59433],[37.80302,49.60321],[37.78902,49.60315],[37.78794,49.6077],[37.80873,49.60789],[37.81669,49.61497],[37.81006,49.62418],[37.799,49.62737],[37.80122,49.6409],[37.77822,49.64268],[37.77844,49.65137],[37.75174,49.6544],[37.72858,49.65144],[37.72506,49.64215],[37.70832,49.64209],[37.70798,49.64874],[37.71674,49.654],[37.71726,49.65637],[37.71375,49.65868],[37.7123,49.66544],[37.73985,49.66835],[37.76741,49.66715],[37.77781,49.67318],[37.77087,49.68922],[37.7756,49.69538],[37.76957,49.70403],[37.77685,49.73272],[37.74944,49.74148],[37.73344,49.74014],[37.71929,49.73698],[37.70073,49.73697],[37.68537,49.74774],[37.67461,49.75475],[37.6692,49.75171],[37.66205,49.75168],[37.65577,49.75308],[37.64665,49.75888],[37.63812,49.77389],[37.62327,49.77672],[37.62712,49.78334],[37.62936,49.78972],[37.61557,49.79956],[37.61503,49.80282],[37.62674,49.80062],[37.62463,49.80695],[37.62847,49.80817],[37.63133,49.80181],[37.63699,49.80987],[37.64343,49.81527],[37.66051,49.80922],[37.66995,49.81202],[37.67596,49.81892],[37.66888,49.82655],[37.66687,49.83877],[37.66628,49.84612],[37.66298,49.84968],[37.66748,49.85373],[37.65537,49.86166],[37.63818,49.86459],[37.64069,49.86897],[37.65001,49.87154],[37.64962,49.89078],[37.65537,49.88958],[37.66352,49.88254],[37.67793,49.88244],[37.68289,49.88881],[37.69402,49.89102],[37.69664,49.89027],[37.70199,49.89014],[37.70823,49.89262],[37.73293,49.90052],[37.73852,49.89771],[37.74435,49.90055],[37.74924,49.90827],[37.74718,49.91257],[37.75353,49.91356],[37.76859,49.91258],[37.77112,49.91348],[37.77502,49.92152],[37.77371,49.92933],[37.75274,49.93996],[37.74891,49.9532],[37.7349,49.95601],[37.72729,49.961],[37.73473,49.96604],[37.75069,49.97217],[37.76176,49.96975],[37.76827,49.97985],[37.77599,49.98212],[37.78042,49.99381],[37.77563,50.0227],[37.76493,50.03895],[37.76317,50.04008],[37.76249,50.05043],[37.76992,50.05477],[37.76826,50.05801],[37.76316,50.06158],[37.75804,50.06369],[37.75814,50.0658],[37.76238,50.06675],[37.76286,50.06892],[37.75146,50.0703],[37.74162,50.06924],[37.73223,50.07281],[37.73313,50.08012],[37.72327,50.0824],[37.71693,50.08587],[37.70699,50.08663],[37.70881,50.09058],[37.69904,50.09339],[37.68912,50.09198],[37.68557,50.09044],[37.68097,50.091],[37.67624,50.08793],[37.67209,50.08266],[37.66351,50.09951],[37.6654,50.10094],[37.66213,50.10799],[37.65681,50.11657],[37.65098,50.11894],[37.65656,50.12857],[37.6617,50.13165],[37.66316,50.14012],[37.65286,50.14486],[37.64703,50.14244],[37.63647,50.14034],[37.62694,50.13737],[37.61785,50.13781],[37.60351,50.14848],[37.60489,50.15926],[37.61561,50.16531],[37.62763,50.1674],[37.62626,50.17642],[37.63913,50.17873],[37.64342,50.17433],[37.64703,50.17455],[37.66883,50.15266],[37.68479,50.14596],[37.69441,50.14035],[37.70076,50.13418],[37.70883,50.13396],[37.70763,50.12769],[37.71329,50.12153],[37.72626,50.10672],[37.7337,50.10285],[37.74406,50.0937],[37.75568,50.07848],[37.79761,50.08424],[37.8184,50.07184],[37.82929,50.06656],[37.85541,50.05757],[37.86308,50.05473],[37.87659,50.05333],[37.89391,50.05031],[37.92673,50.03425],[37.93012,50.0274],[37.93944,50.01558],[37.96581,49.9793],[37.98056,49.97679],[37.99907,49.9636],[38.00537,49.96724],[38.04369,49.9329],[38.02094,49.92581],[38.03278,49.90005],[38.05646,49.92325],[38.12499,49.94255],[38.12668,49.92215],[38.17157,49.9419],[38.1624,49.9515],[38.19633,49.96976],[38.21713,49.98718],[38.18582,50.02255],[38.18882,50.033],[38.18383,50.04583],[38.18507,50.05569],[38.17857,50.07997],[38.27569,50.07312],[38.29131,50.07918],[38.30115,50.08714],[38.3132,50.08834],[38.32944,50.08551],[38.33398,50.05909],[38.3512,50.03474],[38.35416,50.01905],[38.34958,50.00644],[38.39756,49.99059],[38.41601,49.98134],[38.43409,50.00102],[38.46804,49.99525],[38.46591,49.98396],[38.47752,49.98327],[38.48771,49.9636],[38.5079,49.96403],[38.52672,49.95827],[38.58157,49.97742],[38.61608,49.97439],[38.6462,49.95594],[38.66694,49.97216],[38.67973,49.97449],[38.67605,49.99281],[38.67905,50.00545],[38.68755,50.00815],[38.71514,49.98771],[38.71531,49.98238],[38.6853,49.96034],[38.6929,49.93477],[38.72325,49.92701],[38.73385,49.90503],[38.74385,49.89731],[38.76823,49.89604],[38.77768,49.88532],[38.79015,49.87851],[38.79496,49.88331],[38.83202,49.8767],[38.83635,49.86737],[38.8491,49.8651],[38.85671,49.86914],[38.8694,49.86449],[38.87642,49.86942],[38.89847,49.87042],[38.90934,49.8601],[38.91865,49.8579],[38.90505,49.84915],[38.91222,49.84432],[38.91057,49.83328],[38.91366,49.82979],[38.90739,49.82841],[38.90937,49.81917],[38.91912,49.81466],[38.91616,49.81272],[38.92036,49.80495],[38.9287,49.80389],[38.93075,49.79717],[38.94035,49.80089],[38.94909,49.7961],[38.97114,49.80722],[38.98491,49.80778],[39.02567,49.82248],[39.06623,49.81535],[39.06976,49.81873],[39.11037,49.83777],[39.13074,49.86157],[39.1784,49.888],[39.18839,49.88622],[39.22566,49.84018],[39.22811,49.8165],[39.25037,49.7778],[39.26464,49.76848],[39.27547,49.76803],[39.28556,49.75567],[39.30792,49.75304],[39.37696,49.73842],[39.41206,49.75311],[39.4382,49.76001],[39.47876,49.75648],[39.53384,49.74085],[39.61011,49.7338],[39.59136,49.71913],[39.6133,49.69136],[39.63838,49.6351],[39.66,49.61481],[39.75023,49.59672],[39.80531,49.55805],[39.89022,49.55836],[39.93513,49.57399],[39.95195,49.59747],[40.05673,49.60657],[40.06354,49.59923],[40.13526,49.61625],[40.16844,49.56892],[40.0376,49.51989],[40.04176,49.4991],[40.02919,49.4536],[40.06027,49.43587],[40.07812,49.41019],[40.10563,49.39129],[40.13683,49.38181],[40.1626,49.36784],[40.1598,49.36602],[40.17018,49.3564],[40.17643,49.35662],[40.19681,49.34523],[40.18853,49.30744],[40.18404,49.30398],[40.18574,49.28429],[40.21926,49.26517],[40.21437,49.24489],[40.18823,49.23863],[40.13723,49.23989],[40.10829,49.21088],[40.07613,49.18683],[40.03157,49.18024],[39.97211,49.12449],[39.93817,49.0828],[39.94253,49.07135],[39.93795,49.05628],[39.91026,49.05746],[39.8803,49.06432],[39.80314,49.0592],[39.7681,49.03989],[39.69337,49.05054],[39.67232,49.04057],[39.68358,49.03692],[39.68174,49.02873],[39.67566,49.02689],[39.67366,49.01493],[39.6792,49.01289],[39.67028,49.00315],[39.66341,49.00087],[39.67693,48.98954],[39.69929,49.00097],[39.71677,48.98707],[39.71762,48.98235],[39.73038,48.9782],[39.74727,48.98741],[39.75208,48.98659],[39.74841,48.97927],[39.77671,48.95268],[39.78237,48.91575],[39.82267,48.90324],[39.82377,48.88886],[39.83537,48.89209],[39.83496,48.90096],[39.8458,48.90291],[39.85316,48.89074],[39.92434,48.89572],[39.95683,48.87388],[39.99343,48.86829],[40.00398,48.90079],[40.03119,48.9158],[40.06133,48.90886],[40.07883,48.86987],[39.9764,48.7939],[39.94751,48.79648],[39.88598,48.82156],[39.82989,48.83214],[39.8075,48.83858],[39.80804,48.83948],[39.80467,48.84358],[39.79713,48.84058],[39.78585,48.79916],[39.78019,48.78608],[39.77349,48.78442],[39.76545,48.77808],[39.77016,48.76701],[39.76343,48.76279],[39.7553,48.76798],[39.74008,48.76642],[39.73638,48.75218],[39.74028,48.74431],[39.73731,48.74319],[39.73219,48.74433],[39.73165,48.7421],[39.72501,48.74045],[39.72662,48.72937],[39.71226,48.71592],[39.71788,48.70336],[39.72021,48.6972],[39.71596,48.69521],[39.71883,48.69332],[39.71668,48.68993],[39.72255,48.68496],[39.72199,48.68273],[39.7142,48.68023],[39.71211,48.67465],[39.70403,48.67148],[39.70172,48.6694],[39.70458,48.66662],[39.71096,48.66807],[39.71106,48.65479],[39.69371,48.64941],[39.69153,48.64496],[39.69454,48.64219],[39.6945,48.63648],[39.66799,48.62131],[39.66145,48.6109],[39.66494,48.60525],[39.67109,48.60487],[39.67094,48.60322],[39.66816,48.60131],[39.66957,48.59594],[39.67893,48.59829],[39.68727,48.58708],[39.69163,48.58638],[39.70255,48.58778],[39.71489,48.58525],[39.72124,48.58483],[39.72338,48.58622],[39.72625,48.58662],[39.73018,48.58592],[39.73463,48.58585],[39.73874,48.58684],[39.74432,48.59006],[39.74672,48.59067],[39.74904,48.59024],[39.75105,48.58884],[39.75055,48.58334],[39.75129,48.58209],[39.75476,48.583],[39.77037,48.58799],[39.77206,48.5916],[39.77343,48.59233],[39.78999,48.59337],[39.79612,48.59185],[39.80022,48.58955],[39.8045,48.58545],[39.80861,48.58397],[39.81285,48.58385],[39.82236,48.58664],[39.82505,48.58615],[39.82631,48.58421],[39.82548,48.58165],[39.8206,48.57928],[39.82169,48.57833],[39.84683,48.57293],[39.85763,48.56141],[39.85453,48.553],[39.85804,48.54537],[39.85749,48.5374],[39.86676,48.50888],[39.86613,48.50478],[39.86188,48.50192],[39.85666,48.50164],[39.85319,48.50343],[39.84871,48.50284],[39.84647,48.49931],[39.84788,48.49511],[39.84775,48.48568],[39.84634,48.47371],[39.85775,48.46336],[39.89733,48.44811],[39.89856,48.44597],[39.89677,48.44422],[39.88986,48.44357],[39.88882,48.44199],[39.89593,48.42924],[39.9103,48.42196],[39.91276,48.41558],[39.90648,48.40749],[39.90631,48.40356],[39.90846,48.40205],[39.91605,48.40061],[39.91864,48.39761],[39.91741,48.39481],[39.90674,48.39227],[39.90596,48.39032],[39.9078,48.38871],[39.91456,48.38683],[39.91631,48.38423],[39.91752,48.37923],[39.92122,48.37593],[39.92685,48.37508],[39.93189,48.37693],[39.93527,48.3847],[39.93831,48.38756],[39.94154,48.38707],[39.94328,48.38379],[39.93475,48.37227],[39.93675,48.36714],[39.94067,48.36502],[39.93945,48.36077],[39.94442,48.35717],[39.94253,48.35496],[39.94751,48.35523],[39.94364,48.34812],[39.93073,48.34896],[39.9186,48.34721],[39.91858,48.34169],[39.87793,48.33407],[39.8597,48.33457],[39.84559,48.33277],[39.84522,48.3295],[39.84039,48.32912],[39.84189,48.31882],[39.84083,48.31039],[39.8589,48.30924],[39.88795,48.30943],[39.88784,48.30459],[39.90134,48.29433],[39.91003,48.29106],[39.90975,48.28753],[39.9111,48.28502],[39.91075,48.28291],[39.90938,48.28077],[39.91006,48.27901],[39.90843,48.27813],[39.90822,48.27701],[39.90951,48.27672],[39.90969,48.27601],[39.91042,48.27603],[39.91139,48.27527],[39.91225,48.27375],[39.91183,48.27277],[39.91059,48.27215],[39.91027,48.27164],[39.91114,48.27102],[39.91308,48.27119],[39.91407,48.27196],[39.91475,48.27189],[39.91505,48.27134],[39.91458,48.27076],[39.91426,48.26985],[39.91483,48.26968],[39.9175,48.27009],[39.91898,48.2706],[39.91966,48.2713],[39.92107,48.27166],[39.92296,48.27131],[39.92491,48.27148],[39.92597,48.27216],[39.9259,48.27297],[39.92563,48.27359],[39.92584,48.27397],[39.92729,48.27539],[39.92787,48.27658],[39.92964,48.27778],[39.9316,48.27799],[39.93288,48.27924],[39.93469,48.27907],[39.93498,48.27975],[39.93411,48.28073],[39.93218,48.28121],[39.93029,48.28238],[39.93016,48.28276],[39.93059,48.28328],[39.93211,48.28373],[39.93328,48.28375],[39.9341,48.28348],[39.93502,48.28377],[39.93621,48.28506],[39.93702,48.28812],[39.93662,48.28996],[39.93688,48.29156],[39.9377,48.29223],[39.93852,48.29213],[39.94161,48.29285],[39.94372,48.29191],[39.94481,48.29203],[39.94596,48.29274],[39.94653,48.29378],[39.94723,48.29416],[39.94841,48.29429],[39.94843,48.2961],[39.94904,48.29671],[39.95074,48.29722],[39.95084,48.29773],[39.94962,48.29885],[39.94985,48.2994],[39.95196,48.30009],[39.95222,48.30104],[39.95177,48.30213],[39.95199,48.30239],[39.95172,48.30305],[39.95197,48.30355],[39.95298,48.30392],[39.95406,48.30401],[39.95561,48.30375],[39.95666,48.30318],[39.95692,48.30148],[39.96374,48.30342],[39.96544,48.30468],[39.96581,48.30566],[39.96568,48.3064],[39.96638,48.30678],[39.96764,48.3068],[39.96874,48.30713],[39.97081,48.30708],[39.97127,48.3073],[39.97124,48.3078],[39.97079,48.30897],[39.97188,48.30972],[39.97103,48.31163],[39.97249,48.31297],[39.97442,48.31347],[39.9755,48.31432],[39.9789,48.31571],[39.98252,48.3157],[39.98418,48.31621],[39.98531,48.317],[39.98695,48.31751],[39.99081,48.31708],[39.99107,48.31658],[39.99099,48.31606],[39.99322,48.3136],[39.99392,48.30071],[40.00965,48.27011],[40.01405,48.27013],[40.0157,48.2674],[40.01289,48.26614],[40.02078,48.25378],[40.00578,48.24103],[40.00956,48.22457],[40.00293,48.2233],[39.94262,48.22897],[39.93699,48.18035],[39.91011,48.17939],[39.90695,48.16876],[39.90736,48.14815],[39.87154,48.1162],[39.86858,48.07944],[39.8322,48.0665],[39.88589,48.04787],[39.87721,48.04138],[39.77966,48.03934],[39.78678,48.02503],[39.78508,48.02313],[39.79522,48.0107],[39.79769,48.00931],[39.803,48.00795],[39.80454,48.00646],[39.81097,48.00486],[39.81672,48.00146],[39.81652,48.00012],[39.81374,47.9985],[39.81377,47.9967],[39.81792,47.99478],[39.81618,47.9928],[39.81672,47.98454],[39.82303,47.98354],[39.8228,47.97953],[39.81985,47.97745],[39.81754,47.97665],[39.81512,47.97362],[39.81541,47.97087],[39.81984,47.96776],[39.82739,47.95083],[39.80589,47.95056],[39.80659,47.93367],[39.7939,47.9159],[39.79494,47.86683],[39.7625,47.87015],[39.76318,47.84654],[39.73791,47.82773],[39.56559,47.83656],[39.54217,47.82498],[39.53449,47.83253],[39.52031,47.82514],[39.47847,47.85947],[39.44625,47.85064],[39.43735,47.83983],[39.41253,47.8309],[39.39045,47.86619],[39.24173,47.86701],[39.23621,47.85395],[39.14968,47.84258],[39.10954,47.84275],[39.10939,47.85175],[39.08289,47.8516],[39.08278,47.86993],[38.8394,47.86425],[38.8351,47.81606],[38.78868,47.81597],[38.79816,47.77844],[38.78894,47.73701],[38.77087,47.72063],[38.77316,47.68576],[38.75407,47.68489],[38.73031,47.68036],[38.72912,47.69881],[38.6708,47.69895],[38.65921,47.70006],[38.66562,47.69718],[38.66589,47.66942],[38.62927,47.66928],[38.62959,47.65334],[38.62009,47.64487],[38.45627,47.64425],[38.45669,47.617],[38.35012,47.61669],[38.35074,47.57621],[38.31097,47.57603],[38.31115,47.55362],[38.30511,47.54485],[38.2848,47.54447],[38.28491,47.50838],[38.29507,47.50806],[38.2941,47.49074],[38.2894,47.47675],[38.30202,47.47512],[38.30208,47.39287],[38.30041,47.39151],[38.28642,47.39148],[38.28649,47.37356],[38.25873,47.37335],[38.24556,47.36319],[38.24736,47.36174],[38.25046,47.35771],[38.24679,47.35144],[38.24024,47.34622],[38.23069,47.34317],[38.23049,47.3389],[38.22208,47.33285],[38.22579,47.33212],[38.22721,47.32971],[38.22147,47.32735],[38.22098,47.30538],[38.3363,47.30641],[38.33451,47.30141],[38.3282,47.3004],[38.32709,47.29901],[38.32755,47.29753],[38.33329,47.29698],[38.33374,47.29625],[38.33335,47.29213],[38.32969,47.28961],[38.32844,47.28481],[38.32577,47.2846],[38.32339,47.28113],[38.32719,47.27954],[38.32619,47.27748],[38.32763,47.27668],[38.33081,47.27593],[38.33373,47.26894],[38.33329,47.26827],[38.32914,47.2665],[38.331,47.26458],[38.33078,47.26345],[38.32449,47.25682],[38.28804,47.2565],[38.28819,47.23856],[38.2605,47.23832],[38.25354,47.23362],[38.2477,47.23342],[38.24609,47.23411],[38.24277,47.23268],[38.24165,47.23281],[38.24075,47.23215],[38.23989,47.23241],[38.23781,47.23204],[38.23735,47.23122],[38.23625,47.23082],[38.23512,47.2311],[38.23433,47.23099],[38.23291,47.22919],[38.23286,47.22841],[38.23367,47.22802],[38.23401,47.22711],[38.23387,47.2258],[38.23465,47.22541],[38.23615,47.22561],[38.23641,47.22541],[38.23627,47.2245],[38.23644,47.22426],[38.23852,47.22364],[38.23871,47.22322],[38.23826,47.22241],[38.23876,47.22174],[38.23976,47.22162],[38.24005,47.22136],[38.24008,47.22015],[38.2399,47.21992],[38.23983,47.21873],[38.24051,47.21834],[38.24129,47.21848],[38.24251,47.21781],[38.24279,47.21712],[38.24228,47.21621],[38.24228,47.2153],[38.24189,47.21484],[38.24154,47.21253],[38.24185,47.21217],[38.24122,47.21175],[38.24083,47.21086],[38.24115,47.21054],[38.24106,47.21011],[38.23966,47.20871],[38.23738,47.20839],[38.23478,47.20259],[38.23559,47.19613],[38.23631,47.13953],[38.23407,47.13555],[38.23191,47.12969],[38.22925,47.12709],[38.22845,47.12267],[38.23012,47.11941],[38.2115,47.10718],[38.18656,47.09371],[38.16327,47.06546],[38.08499,47.02042],[38.08041,47.02654],[38.10605,47.04718],[38.1318,47.05373],[38.13283,47.06402],[38.12287,47.08062],[38.10466,47.09563],[38.08885,47.10596],[38.06267,47.1108],[38.05433,47.1083],[38.04078,47.09626],[38.04001,47.09188],[38.03254,47.08907],[37.99306,47.099],[37.97588,47.09568],[37.97907,47.09281],[37.99023,47.09147],[37.98396,47.08358],[37.89547,47.11092],[37.87958,47.10667],[37.86217,47.10625],[37.83831,47.0997],[37.82199,47.09092],[37.79409,47.08381],[37.77439,47.08758],[37.71388,47.07986],[37.68589,47.08053],[37.68403,47.07671],[37.67581,47.07792],[37.62738,47.09413],[37.62046,47.0866],[37.57416,47.08536],[37.52855,47.07753],[37.47807,47.03143],[37.34189,46.89505],[37.30892,46.87012],[37.28557,46.8669],[37.28418,46.87255],[37.29785,46.87276],[37.32401,46.89182],[37.31617,46.91427],[37.28285,46.93735],[37.23816,46.95103],[37.03617,46.87065],[37.00613,46.8693],[36.89749,46.81093],[36.86852,46.76572],[36.83805,46.70579],[36.80499,46.65918],[36.76977,46.63222],[36.75035,46.63118],[36.74923,46.64305],[36.78761,46.66415],[36.81829,46.70213],[36.81088,46.73037],[36.7761,46.75426],[36.71106,46.78141],[36.53664,46.75858],[36.41496,46.72601],[36.3322,46.67703],[36.2328,46.5559],[36.1717,46.49818],[36.14314,46.50331],[36.15507,46.52795],[36.16651,46.52771],[36.19085,46.53471],[36.2599,46.61865],[36.22904,46.65053],[36.18988,46.66706],[36.11469,46.65664],[35.99361,46.66606],[35.87394,46.64566],[35.72399,46.58684],[35.62427,46.50434],[35.56572,46.47543],[35.45783,46.44126],[35.36024,46.35469],[35.26587,46.25089],[35.18863,46.15147],[35.13361,46.11955],[35.06642,46.09939],[34.97819,46.07666],[34.99129,46.10459],[35.03083,46.12736],[35.02935,46.14502],[35.13683,46.16203],[35.20902,46.1904],[35.2532,46.2487],[35.29899,46.29901],[35.2943,46.30642],[35.30009,46.31449],[35.31744,46.31707],[35.33119,46.33116],[35.31792,46.33786],[35.3079,46.34832],[35.2898,46.35658],[35.2661,46.35555],[35.25495,46.40498],[35.26804,46.4322],[35.24645,46.4464],[35.21176,46.44704],[35.21827,46.43041],[35.19317,46.37095],[35.17836,46.36295],[35.138,46.34828],[35.11777,46.31427],[35.07986,46.27667],[35.02481,46.25633],[34.903,46.23642],[34.83378,46.20016],[34.83464,46.11556],[34.85247,46.00925],[34.89596,45.89884],[34.97705,45.76528],[35.05006,45.6672],[35.10987,45.59902],[35.20146,45.52334],[35.31126,45.41142],[35.38206,45.35251],[35.46784,45.30754],[35.49876,45.30618]],[[38.06602,48.40873],[38.07272,48.40861],[38.07272,48.40863],[38.06602,48.40873]]],[[[37.6256,50.24552],[37.6269,50.2405],[37.61484,50.22237],[37.59884,50.22137],[37.56928,50.22982],[37.54578,50.22673],[37.52772,50.22076],[37.52236,50.22905],[37.52845,50.2362],[37.52743,50.24315],[37.54237,50.24416],[37.57001,50.23683],[37.586,50.23913],[37.5886,50.2456],[37.59496,50.25079],[37.61076,50.2558],[37.62681,50.25479],[37.6256,50.24552]]],[[[37.49092,50.45739],[37.48449,50.445],[37.48417,50.43138],[37.46549,50.43087],[37.46243,50.4189],[37.44047,50.4336],[37.43252,50.44369],[37.44249,50.44702],[37.46907,50.45356],[37.47327,50.4557],[37.47686,50.45951],[37.49092,50.45739]]],[[[37.15765,50.33507],[37.13721,50.33183],[37.13025,50.33444],[37.12535,50.3412],[37.13478,50.3475],[37.13838,50.36095],[37.14911,50.3559],[37.18034,50.36317],[37.18828,50.35397],[37.16136,50.34378],[37.15765,50.33507]]],[[[37.07512,50.33857],[37.08089,50.33948],[37.08041,50.34742],[37.08347,50.3476],[37.0832,50.33343],[37.07606,50.33218],[37.07313,50.3358],[37.07512,50.33857]]],[[[36.8208,50.31357],[36.82849,50.31283],[36.83336,50.31314],[36.85194,50.32759],[36.87224,50.3357],[36.88216,50.33655],[36.91529,50.34629],[36.93765,50.35022],[36.95742,50.34918],[37.03299,50.34882],[37.03131,50.33909],[37.0381,50.33442],[37.04887,50.33568],[37.04826,50.33451],[37.04678,50.3339],[37.04898,50.33321],[37.04437,50.33134],[37.04059,50.32723],[37.0538,50.32257],[37.05302,50.31928],[37.04367,50.31752],[37.03422,50.31209],[37.0221,50.30632],[37.01306,50.30477],[37.00606,50.30166],[36.99802,50.30365],[36.98883,50.30107],[36.98167,50.30278],[36.97658,50.30114],[36.97386,50.29907],[36.97605,50.29744],[36.9624,50.29112],[36.94987,50.28782],[36.95487,50.27869],[36.95578,50.27453],[36.95145,50.27016],[36.94717,50.26299],[36.94263,50.26306],[36.94258,50.26535],[36.93558,50.26798],[36.93361,50.2675],[36.92858,50.2715],[36.9227,50.27945],[36.91511,50.28132],[36.89638,50.27467],[36.89673,50.26782],[36.90445,50.2684],[36.906,50.26732],[36.90806,50.26727],[36.90918,50.26417],[36.90905,50.26219],[36.90601,50.26235],[36.90538,50.26054],[36.89882,50.263],[36.89443,50.2582],[36.89399,50.25207],[36.89928,50.25407],[36.90023,50.25682],[36.90484,50.25686],[36.90864,50.25451],[36.90482,50.25196],[36.90423,50.24922],[36.8888,50.24823],[36.88094,50.25043],[36.86843,50.26005],[36.85593,50.25722],[36.8443,50.26423],[36.83778,50.26135],[36.83761,50.25883],[36.83314,50.25647],[36.82342,50.24998],[36.82183,50.24955],[36.78925,50.2458],[36.77223,50.25527],[36.75546,50.26029],[36.73977,50.26566],[36.72712,50.26779],[36.72013,50.27744],[36.72886,50.27733],[36.73994,50.28296],[36.74233,50.28162],[36.74489,50.28182],[36.74499,50.28068],[36.74878,50.28021],[36.74984,50.2809],[36.7507,50.283],[36.75027,50.28631],[36.74803,50.28722],[36.74794,50.28824],[36.75466,50.29052],[36.7607,50.28995],[36.76427,50.29197],[36.76836,50.30188],[36.80033,50.30602],[36.80394,50.30983],[36.8208,50.31357]]],[[[36.44032,50.31098],[36.47229,50.31316],[36.48765,50.31166],[36.48995,50.30992],[36.48969,50.30784],[36.49271,50.30452],[36.5007,50.29925],[36.51115,50.29537],[36.51276,50.29577],[36.51566,50.29591],[36.51636,50.29516],[36.52661,50.29347],[36.52609,50.29249],[36.52529,50.29206],[36.52514,50.29073],[36.52282,50.28914],[36.52392,50.28642],[36.55613,50.28137],[36.56079,50.28424],[36.57122,50.28575],[36.58293,50.28628],[36.58561,50.28589],[36.58857,50.28327],[36.58803,50.2817],[36.58955,50.27935],[36.59266,50.27808],[36.5926,50.27572],[36.57394,50.27504],[36.58037,50.26258],[36.57511,50.26067],[36.57789,50.25863],[36.57401,50.25527],[36.56865,50.25777],[36.55993,50.2508],[36.5692,50.24454],[36.5328,50.24242],[36.5054,50.23868],[36.48549,50.24221],[36.48103,50.24164],[36.46636,50.2514],[36.44825,50.25359],[36.44398,50.24834],[36.4233,50.25399],[36.41836,50.25687],[36.41592,50.25973],[36.40536,50.26113],[36.39007,50.2697],[36.36569,50.27183],[36.3638,50.28749],[36.37805,50.29377],[36.37393,50.30029],[36.40084,50.30717],[36.4093,50.31245],[36.42554,50.32827],[36.4337,50.33068],[36.44032,50.31098]]],[[[36.23034,50.37178],[36.23296,50.36425],[36.242,50.35838],[36.22385,50.35827],[36.21909,50.36496],[36.23034,50.37178]]],[[[36.20252,50.39621],[36.20758,50.39148],[36.20133,50.38924],[36.19834,50.39141],[36.19179,50.39038],[36.18767,50.39432],[36.18973,50.39848],[36.19891,50.40028],[36.20252,50.39621]]],[[[35.89591,50.4387],[35.9002,50.43902],[35.90114,50.43815],[35.90363,50.43809],[35.90475,50.43897],[35.90741,50.43788],[35.90921,50.43563],[35.9117,50.43471],[35.91925,50.4358],[35.9208,50.43738],[35.92389,50.43585],[35.92767,50.43487],[35.92818,50.43372],[35.93221,50.43197],[35.9323,50.43093],[35.93522,50.43011],[35.93762,50.43181],[35.93754,50.43339],[35.93934,50.43377],[35.94363,50.43339],[35.94131,50.43115],[35.93522,50.42874],[35.92758,50.43028],[35.92475,50.43164],[35.91295,50.43159],[35.90333,50.43394],[35.90402,50.435],[35.89754,50.43629],[35.89449,50.43563],[35.89009,50.43674],[35.88775,50.43751],[35.88921,50.43897],[35.89196,50.43815],[35.89419,50.43782],[35.89591,50.4387]]],[[[35.46215,50.70284],[35.46052,50.69676],[35.46379,50.69387],[35.4593,50.68943],[35.46422,50.68448],[35.47258,50.68018],[35.47552,50.68138],[35.48601,50.68046],[35.49649,50.67866],[35.48693,50.67061],[35.48926,50.65865],[35.48568,50.65584],[35.46274,50.66631],[35.42925,50.65574],[35.40949,50.65548],[35.41756,50.66367],[35.41759,50.67203],[35.41384,50.67898],[35.40595,50.68839],[35.40127,50.69855],[35.39205,50.69877],[35.38762,50.70388],[35.38849,50.70752],[35.39631,50.70731],[35.40818,50.70323],[35.42363,50.7078],[35.43195,50.71915],[35.42268,50.72736],[35.40869,50.73105],[35.40468,50.73727],[35.41151,50.74082],[35.42007,50.74045],[35.41789,50.74865],[35.41555,50.75891],[35.3938,50.78126],[35.39423,50.79187],[35.3823,50.79963],[35.37869,50.80755],[35.39533,50.81729],[35.39883,50.83586],[35.39277,50.83948],[35.39038,50.86577],[35.39731,50.86419],[35.40322,50.86521],[35.41125,50.85684],[35.41975,50.84162],[35.42018,50.8296],[35.41379,50.81675],[35.41015,50.80581],[35.41156,50.80241],[35.41611,50.79844],[35.43324,50.79453],[35.43476,50.79247],[35.45074,50.78279],[35.46234,50.78312],[35.47394,50.78518],[35.48914,50.77661],[35.47374,50.75517],[35.47675,50.7522],[35.47009,50.747],[35.47008,50.74428],[35.47385,50.74069],[35.47195,50.7372],[35.4638,50.73496],[35.47305,50.72529],[35.46756,50.71649],[35.46653,50.7085],[35.46267,50.70812],[35.45967,50.70453],[35.46215,50.70284]]],[[[35.35334,50.93227],[35.35459,50.93193],[35.35491,50.93108],[35.36432,50.93258],[35.37262,50.93246],[35.36591,50.92602],[35.37363,50.92342],[35.3876,50.92363],[35.39305,50.9247],[35.3928,50.91922],[35.40054,50.91479],[35.38886,50.9148],[35.37675,50.91956],[35.36272,50.91976],[35.3546,50.9161],[35.34719,50.91988],[35.34563,50.9256],[35.34097,50.92456],[35.33408,50.92763],[35.3318,50.93009],[35.33313,50.93449],[35.33945,50.93418],[35.34399,50.93548],[35.34543,50.93278],[35.34837,50.93285],[35.3475,50.93241],[35.34775,50.93194],[35.35038,50.93176],[35.35334,50.93227]]],[[[35.37588,51.01033],[35.37498,51.00879],[35.36854,51.00857],[35.36575,51.00736],[35.35803,51.00536],[35.35103,51.00617],[35.34841,51.00918],[35.35026,51.01106],[35.36725,51.01138],[35.37549,51.01203],[35.37588,51.01033]]],[[[35.34329,50.98758],[35.34882,50.97684],[35.35039,50.97623],[35.35196,50.97378],[35.34995,50.9718],[35.34851,50.97184],[35.34312,50.96735],[35.34236,50.96356],[35.33622,50.96307],[35.33465,50.9589],[35.33601,50.95852],[35.33574,50.95614],[35.33445,50.95582],[35.33198,50.95295],[35.32993,50.95181],[35.32956,50.94768],[35.32572,50.94677],[35.32014,50.94322],[35.31318,50.94475],[35.31531,50.94953],[35.30814,50.95321],[35.30013,50.9597],[35.30758,50.97668],[35.32214,50.98524],[35.33532,50.99056],[35.34068,50.98788],[35.34329,50.98758]]],[[[35.30379,51.07424],[35.30499,51.07629],[35.30319,51.07747],[35.30431,51.07888],[35.31169,51.07877],[35.31238,51.07731],[35.328,51.07704],[35.32585,51.07413],[35.328,51.07111],[35.32156,51.06696],[35.30568,51.06216],[35.2953,51.06345],[35.28689,51.06754],[35.30379,51.07424]]],[[[35.15646,51.10376],[35.15465,51.103],[35.15053,51.1064],[35.15448,51.11022],[35.16289,51.10958],[35.16375,51.10737],[35.16667,51.10575],[35.1641,51.10505],[35.16435,51.10074],[35.15646,51.10376]]],[[[34.95231,51.21911],[34.95271,51.22273],[34.95016,51.22497],[34.95001,51.22743],[34.95814,51.22869],[34.97615,51.23378],[34.97952,51.23589],[34.98278,51.23395],[34.98227,51.23202],[34.99377,51.2289],[34.99995,51.22922],[35.00458,51.2318],[35.00913,51.23183],[35.01231,51.23057],[35.01282,51.22868],[35.02166,51.22336],[35.02347,51.22051],[35.02836,51.21949],[35.03171,51.21976],[35.03789,51.21804],[35.03926,51.20406],[35.05188,51.20938],[35.06295,51.21589],[35.06334,51.2185],[35.06132,51.22293],[35.06904,51.23024],[35.07471,51.23196],[35.0849,51.23034],[35.10514,51.23278],[35.11761,51.22965],[35.11974,51.23148],[35.14998,51.22342],[35.14912,51.22105],[35.13711,51.21589],[35.13642,51.21008],[35.14294,51.20707],[35.14397,51.20234],[35.13024,51.19395],[35.13078,51.17371],[35.13441,51.1709],[35.12321,51.16536],[35.12652,51.15922],[35.13058,51.15655],[35.1375,51.15376],[35.14081,51.15118],[35.13531,51.1484],[35.13664,51.14413],[35.144,51.14059],[35.14391,51.13667],[35.14209,51.13361],[35.11595,51.12453],[35.09724,51.12783],[35.05505,51.11248],[35.04762,51.11281],[35.04767,51.11579],[35.04284,51.1165],[35.04148,51.11225],[35.03986,51.11038],[35.03741,51.1104],[35.0333,51.11353],[35.03056,51.11224],[35.03019,51.10878],[35.02829,51.10606],[35.0194,51.10688],[34.9996,51.10096],[34.9965,51.10256],[35.00541,51.10943],[34.97964,51.10882],[34.9731,51.10536],[34.97283,51.10859],[34.96531,51.11564],[34.9552,51.12202],[34.95453,51.12702],[34.93627,51.1308],[34.92747,51.14043],[34.91562,51.14291],[34.90206,51.12934],[34.88488,51.13874],[34.87831,51.12941],[34.86775,51.12259],[34.85176,51.1193],[34.84429,51.11685],[34.8351,51.11779],[34.8286,51.12229],[34.82614,51.12131],[34.8119,51.1293],[34.81483,51.13475],[34.80495,51.14294],[34.79866,51.1424],[34.78813,51.15231],[34.77177,51.15269],[34.75738,51.15098],[34.75192,51.16789],[34.74509,51.16679],[34.73712,51.1793],[34.75316,51.18089],[34.76216,51.17649],[34.77253,51.17467],[34.7792,51.17727],[34.78072,51.18095],[34.7843,51.18441],[34.78968,51.18212],[34.79032,51.18012],[34.80018,51.17558],[34.80866,51.17642],[34.80873,51.17285],[34.8134,51.17161],[34.81592,51.16939],[34.83483,51.16932],[34.83479,51.17828],[34.83315,51.18256],[34.84667,51.18919],[34.84577,51.1913],[34.86217,51.19899],[34.87041,51.19324],[34.87643,51.19121],[34.88336,51.19575],[34.89829,51.19327],[34.90563,51.20108],[34.90404,51.20341],[34.91185,51.20646],[34.92425,51.20523],[34.93013,51.20572],[34.93637,51.20832],[34.93936,51.21178],[34.94008,51.21794],[34.94491,51.21912],[34.95231,51.21911]]],[[[34.4009,51.27096],[34.40618,51.26868],[34.40301,51.26481],[34.38558,51.25944],[34.37906,51.27056],[34.38369,51.27378],[34.4009,51.27096]]],[[[34.36711,51.84871],[34.36952,51.845],[34.37415,51.845],[34.37924,51.84406],[34.37924,51.83982],[34.37194,51.83736],[34.35971,51.84201],[34.34593,51.84242],[34.34817,51.85165],[34.35357,51.85568],[34.35598,51.86082],[34.36385,51.85804],[34.36282,51.85518],[34.36763,51.85211],[34.36711,51.84871]]],[[[34.30372,51.71662],[34.30097,51.7121],[34.29918,51.7121],[34.29707,51.71695],[34.29971,51.72369],[34.30321,51.72383],[34.3051,51.72146],[34.30905,51.72016],[34.30372,51.71662]]],[[[31.52152,46.36697],[31.52768,46.36947],[31.53269,46.36963],[31.53513,46.36795],[31.53455,46.36154],[31.53603,46.35637],[31.53577,46.34742],[31.53637,46.33729],[31.53285,46.31933],[31.53586,46.30564],[31.54186,46.2901],[31.55233,46.27824],[31.56367,46.26809],[31.57689,46.26056],[31.59277,46.25302],[31.60984,46.24667],[31.62778,46.24519],[31.64589,46.24477],[31.67138,46.24993],[31.68082,46.24886],[31.67975,46.24444],[31.67423,46.24502],[31.66323,46.2418],[31.65593,46.23931],[31.65173,46.23575],[31.65563,46.23257],[31.66457,46.23022],[31.67712,46.22917],[31.69774,46.22374],[31.71102,46.22203],[31.76822,46.21232],[31.84978,46.19973],[31.9145,46.1883],[31.97489,46.1806],[32.00713,46.17686],[32.03286,46.17549],[32.04035,46.1736],[32.04098,46.17244],[32.04607,46.17289],[32.05025,46.1726],[32.05388,46.17053],[32.05906,46.17024],[32.06775,46.16816],[32.07782,46.1669],[32.08286,46.16737],[32.08271,46.16634],[32.07982,46.1655],[32.02221,46.17404],[31.98654,46.1783],[31.96614,46.18006],[31.9043,46.18821],[31.86031,46.19515],[31.70108,46.22179],[31.67375,46.22735],[31.63732,46.23421],[31.59096,46.25124],[31.56213,46.26691],[31.54049,46.28274],[31.52333,46.3019],[31.51852,46.3124],[31.51474,46.32129],[31.51148,46.34926],[31.51611,46.36075],[31.52152,46.36697]]]]},"properties":{"source":"deepstate","source_name":"DeepStateMap","source_url":"https://deepstatemap.live/en","category":"russia","category_label":"Russian-occupied","snapshot_time":"24.09 o 16:24","fetched_at_utc":"2026-09-26T09:55:55+00:00","source_labels":["CADR and CALR","Occupied","Occupied Crimea"],"source_polygons":27,"area_km2_approx":116789,"processing":"merged and simplified"}},{"type":"Feature","geometry":{"type":"Polygon","coordinates":[[[29.94552,46.55611],[29.94526,46.55519],[29.92473,46.55287],[29.89415,46.54871],[29.89608,46.55251],[29.89473,46.55657],[29.88394,46.56367],[29.87928,46.56212],[29.86956,46.5623],[29.86311,46.56441],[29.85984,46.56665],[29.85967,46.56944],[29.87244,46.56873],[29.8734,46.57043],[29.86759,46.57022],[29.86272,46.57093],[29.86073,46.57281],[29.86128,46.57389],[29.87675,46.57904],[29.87804,46.58258],[29.87516,46.58662],[29.87076,46.58762],[29.8699,46.58633],[29.87117,46.5819],[29.86989,46.5791],[29.8619,46.5782],[29.85774,46.57883],[29.85351,46.58143],[29.85227,46.58737],[29.84954,46.58933],[29.83877,46.58255],[29.8304,46.58007],[29.82723,46.58122],[29.82684,46.58379],[29.82894,46.58636],[29.83684,46.58919],[29.83937,46.59632],[29.83238,46.59532],[29.8292,46.60154],[29.82585,46.60322],[29.82203,46.60101],[29.82379,46.59697],[29.82152,46.59046],[29.81487,46.58538],[29.81216,46.59068],[29.81251,46.59343],[29.81684,46.59977],[29.81641,46.60106],[29.80903,46.60405],[29.80485,46.60533],[29.80186,46.60523],[29.79924,46.60377],[29.79845,46.60184],[29.79957,46.60128],[29.80363,46.60223],[29.80528,46.60218],[29.80633,46.59517],[29.80921,46.5907],[29.80978,46.58885],[29.80905,46.58729],[29.8074,46.58706],[29.8063,46.58909],[29.80463,46.59144],[29.7979,46.59529],[29.7962,46.59478],[29.79474,46.59311],[29.79431,46.59037],[29.79521,46.58745],[29.7971,46.58536],[29.79757,46.58425],[29.79683,46.58188],[29.79588,46.5813],[29.79478,46.58147],[29.79337,46.58317],[29.79247,46.58359],[29.79136,46.58298],[29.78999,46.57993],[29.78841,46.57926],[29.78438,46.58014],[29.78122,46.57987],[29.77105,46.58378],[29.76792,46.58476],[29.76689,46.5854],[29.76685,46.58892],[29.76509,46.58967],[29.75206,46.59035],[29.74532,46.5914],[29.72876,46.59624],[29.72271,46.59954],[29.72201,46.60084],[29.72262,46.60235],[29.72385,46.60276],[29.72634,46.60136],[29.72884,46.6005],[29.73118,46.60086],[29.73333,46.60204],[29.73504,46.60837],[29.73678,46.60918],[29.73937,46.60841],[29.74146,46.60688],[29.74398,46.60684],[29.74723,46.60794],[29.75092,46.61083],[29.75007,46.61258],[29.74762,46.61357],[29.74792,46.61443],[29.75073,46.61406],[29.75312,46.61439],[29.75509,46.61549],[29.75554,46.61687],[29.75337,46.61777],[29.74955,46.61858],[29.74552,46.62044],[29.74146,46.62382],[29.74128,46.62488],[29.74221,46.62551],[29.74775,46.62577],[29.75446,46.62345],[29.75856,46.62127],[29.76176,46.62006],[29.76336,46.6204],[29.76364,46.62139],[29.76292,46.62315],[29.75976,46.62598],[29.75427,46.62869],[29.75148,46.62934],[29.75174,46.63048],[29.75489,46.63188],[29.75897,46.63448],[29.77683,46.63281],[29.77845,46.63303],[29.77917,46.63534],[29.7788,46.63653],[29.77571,46.64052],[29.7739,46.64091],[29.77115,46.63974],[29.76949,46.63746],[29.76847,46.63723],[29.76732,46.63765],[29.75959,46.64531],[29.75792,46.64652],[29.75865,46.64737],[29.77127,46.64839],[29.7733,46.64905],[29.77483,46.64994],[29.77571,46.65219],[29.7744,46.65568],[29.77317,46.65589],[29.76762,46.6525],[29.76034,46.64985],[29.75635,46.64752],[29.75513,46.64823],[29.75556,46.65306],[29.75758,46.65604],[29.76116,46.65995],[29.76449,46.66537],[29.76303,46.66867],[29.75985,46.66947],[29.74616,46.66864],[29.74341,46.66546],[29.7411,46.66505],[29.73539,46.6692],[29.72887,46.67232],[29.72702,46.67235],[29.72382,46.67111],[29.72235,46.66905],[29.72294,46.66664],[29.72685,46.66355],[29.72681,46.66134],[29.72251,46.65898],[29.71766,46.65739],[29.70522,46.66514],[29.69964,46.66552],[29.69848,46.66676],[29.70067,46.67147],[29.7014,46.67606],[29.69934,46.67842],[29.69522,46.67901],[29.69423,46.67721],[29.69436,46.67418],[29.69101,46.67223],[29.68586,46.67176],[29.6814,46.67306],[29.67767,46.67627],[29.67432,46.67668],[29.66767,46.67541],[29.66355,46.6753],[29.65514,46.67671],[29.65273,46.68225],[29.65479,46.68566],[29.65994,46.68978],[29.65119,46.69108],[29.65497,46.69532],[29.64836,46.69537],[29.64861,46.70108],[29.65831,46.70144],[29.66698,46.70361],[29.66355,46.71233],[29.66973,46.72127],[29.66938,46.73304],[29.65737,46.73586],[29.65737,46.74433],[29.64261,46.74316],[29.62733,46.74127],[29.60707,46.74092],[29.59351,46.74316],[29.58115,46.74327],[29.57274,46.74033],[29.57188,46.73257],[29.57428,46.72433],[29.57016,46.70844],[29.55111,46.70862],[29.55626,46.71739],[29.55866,46.72421],[29.55677,46.73539],[29.55986,46.7421],[29.55866,46.75574],[29.54999,46.76697],[29.54107,46.76768],[29.53369,46.7712],[29.53815,46.7762],[29.51489,46.78408],[29.51232,46.78889],[29.51043,46.78831],[29.5082,46.78466],[29.50596,46.77996],[29.48914,46.7782],[29.48759,46.78173],[29.48399,46.78243],[29.47541,46.78031],[29.46974,46.77161],[29.46219,46.77373],[29.45824,46.75927],[29.4143,46.75515],[29.41206,46.75903],[29.40142,46.75845],[29.40245,46.77455],[29.40846,46.77667],[29.40691,46.80335],[29.39696,46.80464],[29.39644,46.80687],[29.39782,46.81851],[29.40503,46.8158],[29.40417,46.83284],[29.40486,46.84622],[29.43575,46.84939],[29.43575,46.85291],[29.43215,46.8596],[29.43335,46.86148],[29.43696,46.8626],[29.4415,46.86442],[29.45592,46.86688],[29.46206,46.86738],[29.46715,46.87542],[29.47483,46.87486],[29.47571,46.87255],[29.47521,46.86977],[29.479,46.86972],[29.48328,46.87072],[29.485,46.88115],[29.48122,46.89205],[29.47152,46.89443],[29.46783,46.89642],[29.46457,46.90146],[29.46474,46.90621],[29.468,46.91067],[29.47298,46.91935],[29.47556,46.9299],[29.47642,46.93635],[29.47483,46.94411],[29.47054,46.9502],[29.46738,46.95102],[29.46367,46.9507],[29.45616,46.95319],[29.45187,46.95849],[29.44801,46.96133],[29.43822,46.96485],[29.42792,46.96462],[29.41994,46.96154],[29.41363,46.95598],[29.40715,46.94941],[29.40037,46.94443],[29.39443,46.9392],[29.38831,46.93626],[29.38136,46.93432],[29.37222,46.93341],[29.36085,46.934],[29.34896,46.93851],[29.34029,46.94303],[29.3364,46.94603],[29.33055,46.9485],[29.32244,46.9524],[29.31651,46.9601],[29.31008,46.96623],[29.30544,46.9715],[29.30145,46.97504],[29.2948,46.97996],[29.29222,46.98302],[29.29136,46.98801],[29.29205,46.99504],[29.29531,46.99843],[29.30282,47.00007],[29.30501,46.99934],[29.30613,46.99808],[29.30338,46.9934],[29.29913,46.98734],[29.29909,46.98532],[29.30304,46.98306],[29.30621,46.98321],[29.30819,46.98497],[29.30836,46.99047],[29.30806,46.99322],[29.30995,46.99553],[29.31523,46.99571],[29.33381,46.99258],[29.34934,46.99363],[29.3614,46.99269],[29.37393,46.99375],[29.37685,46.99586],[29.37715,47.00036],[29.36668,47.01754],[29.36175,47.02336],[29.35741,47.03103],[29.35492,47.03705],[29.35578,47.04012],[29.359,47.04068],[29.36157,47.03811],[29.36123,47.0346],[29.36321,47.02918],[29.37243,47.02614],[29.37805,47.02509],[29.38372,47.02605],[29.38732,47.02898],[29.38865,47.03085],[29.38801,47.03296],[29.38372,47.036],[29.38046,47.03916],[29.37891,47.04284],[29.37908,47.04828],[29.38029,47.05249],[29.38475,47.05629],[29.38938,47.05676],[29.39136,47.05808],[29.3911,47.05989],[29.38956,47.0608],[29.37926,47.06062],[29.37411,47.06278],[29.36501,47.07144],[29.3584,47.08003],[29.35681,47.09005],[29.35454,47.0954],[29.35007,47.10054],[29.34531,47.1053],[29.3414,47.107],[29.33486,47.10738],[29.32535,47.10472],[29.31437,47.10288],[29.30836,47.10335],[29.30112,47.10567],[29.29301,47.11116],[29.29129,47.11408],[29.29267,47.12366],[29.29623,47.13128],[29.2958,47.13739],[29.29142,47.14159],[29.27005,47.1518],[29.24829,47.16389],[29.23911,47.16778],[29.23382,47.16925],[29.22921,47.16958],[29.22765,47.16821],[29.22863,47.16557],[29.23743,47.16346],[29.24079,47.16124],[29.24136,47.15701],[29.23783,47.15148],[29.23259,47.1474],[29.23001,47.14452],[29.22698,47.14435],[29.22541,47.14541],[29.22357,47.15388],[29.21837,47.15879],[29.20703,47.16304],[29.1973,47.16331],[29.18424,47.16062],[29.18072,47.15778],[29.17973,47.15228],[29.18562,47.13581],[29.18686,47.12868],[29.18923,47.1224],[29.18887,47.11845],[29.18543,47.11314],[29.17748,47.10495],[29.17518,47.10528],[29.17463,47.10918],[29.17531,47.11249],[29.17488,47.11668],[29.17268,47.1244],[29.17014,47.12652],[29.16476,47.12703],[29.15979,47.12419],[29.15426,47.11442],[29.15305,47.10604],[29.15382,47.10308],[29.15189,47.1009],[29.13899,47.098],[29.13465,47.09468],[29.12896,47.0846],[29.12697,47.07669],[29.12401,47.07496],[29.11866,47.07497],[29.11161,47.07866],[29.11263,47.08179],[29.11598,47.08558],[29.1149,47.08764],[29.11076,47.08824],[29.09655,47.08772],[29.08892,47.08959],[29.07142,47.10037],[29.06885,47.10384],[29.06602,47.10598],[29.0652,47.10944],[29.06823,47.1138],[29.08621,47.12513],[29.09332,47.13254],[29.09744,47.13835],[29.09967,47.14568],[29.10285,47.14818],[29.10881,47.14999],[29.12269,47.15224],[29.12775,47.15237],[29.13391,47.15489],[29.14046,47.15914],[29.14682,47.16556],[29.15661,47.17932],[29.16487,47.18455],[29.1695,47.18951],[29.17379,47.19494],[29.17976,47.20665],[29.18019,47.21118],[29.17936,47.21373],[29.17065,47.21527],[29.16704,47.21982],[29.16326,47.22705],[29.1612,47.23299],[29.15674,47.2394],[29.1497,47.24465],[29.14782,47.24814],[29.14679,47.25409],[29.14181,47.26096],[29.12721,47.2733],[29.11434,47.28192],[29.08206,47.32325],[29.07073,47.35332],[29.09143,47.35855],[29.12412,47.32703],[29.14687,47.33069],[29.1606,47.3379],[29.16403,47.34744],[29.15888,47.35907],[29.14927,47.36954],[29.1321,47.38163],[29.08395,47.40626],[29.07649,47.4137],[29.07889,47.42415],[29.0909,47.43693],[29.11528,47.45138],[29.11803,47.45852],[29.11588,47.46873],[29.09674,47.48312],[29.06756,47.49565],[29.02576,47.51692],[29.01902,47.52408],[29.01786,47.53107],[29.02782,47.56363],[29.02705,47.57237],[29.01932,47.5825],[28.99374,47.60131],[28.9831,47.61335],[28.98233,47.62061],[28.98447,47.62614],[28.99452,47.63889],[28.99769,47.64522],[28.98636,47.66835],[28.98035,47.69221],[28.96821,47.71197],[28.96568,47.71844],[28.96611,47.72236],[28.9746,47.73495],[28.9801,47.74551],[28.98344,47.76888],[28.98782,47.78221],[28.98911,47.79057],[28.99589,47.80342],[29.00696,47.81668],[29.01074,47.82539],[29.01778,47.8323],[29.02327,47.84186],[29.0243,47.84837],[29.01915,47.85592],[29.01177,47.86277],[28.99872,47.8702],[28.99014,47.87377],[28.98156,47.8763],[28.95718,47.88114],[28.93177,47.88425],[28.90654,47.88614],[28.88903,47.89035],[28.87281,47.89391],[28.86328,47.89628],[28.83564,47.89748],[28.825,47.90163],[28.81882,47.90991],[28.82191,47.91877],[28.83461,47.93453],[28.83573,47.93965],[28.83187,47.94407],[28.8123,47.95063],[28.80578,47.95448],[28.79659,47.9658],[28.78951,47.98482],[28.78595,47.98637],[28.78003,47.98626],[28.77505,47.98494],[28.75745,47.97661],[28.7472,47.97572],[28.73119,47.98011],[28.70317,48.00301],[28.7008,48.00691],[28.70553,48.01664],[28.70364,48.02192],[28.69038,48.02614],[28.679,48.02714],[28.64664,48.02496],[28.63648,48.02672],[28.61918,48.0307],[28.60494,48.03518],[28.59377,48.03512],[28.59133,48.03301],[28.58836,48.02092],[28.58382,48.01405],[28.57489,48.00546],[28.57377,48.00122],[28.57069,47.99734],[28.56245,47.99355],[28.5567,47.99378],[28.54811,47.9974],[28.53918,47.99826],[28.53446,48.00182],[28.52966,48.00429],[28.52888,48.0113],[28.52974,48.01457],[28.5424,48.0272],[28.54509,48.03756],[28.54991,48.03948],[28.56785,48.03983],[28.57987,48.04385],[28.58751,48.04872],[28.59043,48.05939],[28.6009,48.07672],[28.60463,48.0776],[28.60768,48.07563],[28.61163,48.06645],[28.61849,48.06413],[28.62553,48.06599],[28.63248,48.07029],[28.63575,48.07717],[28.63214,48.08681],[28.62098,48.09334],[28.59395,48.09804],[28.5785,48.10446],[28.56408,48.11019],[28.54107,48.11822],[28.52185,48.12097],[28.50914,48.12165],[28.49878,48.11524],[28.49189,48.11884],[28.49453,48.11937],[28.49468,48.11956],[28.49563,48.11912],[28.50013,48.12133],[28.49897,48.12734],[28.50451,48.13091],[28.51735,48.13739],[28.52071,48.1381],[28.50283,48.15118],[28.50664,48.15297],[28.51335,48.15146],[28.52932,48.15387],[28.53549,48.16114],[28.54339,48.16635],[28.54483,48.16963],[28.56186,48.17311],[28.57024,48.17659],[28.57733,48.18221],[28.57601,48.17425],[28.57321,48.17563],[28.57066,48.17415],[28.56932,48.17473],[28.57946,48.16656],[28.59193,48.17335],[28.6115,48.15694],[28.61463,48.15959],[28.62085,48.15798],[28.63055,48.15412],[28.63523,48.15488],[28.64896,48.15195],[28.64758,48.14319],[28.68238,48.14683],[28.67866,48.14115],[28.68038,48.13459],[28.68809,48.12447],[28.70201,48.12766],[28.70291,48.12868],[28.7087,48.13006],[28.72206,48.12608],[28.7349,48.13321],[28.75501,48.13631],[28.76603,48.12818],[28.7719,48.12477],[28.79503,48.12554],[28.79485,48.1296],[28.79985,48.12987],[28.80638,48.13449],[28.81404,48.12413],[28.83367,48.12855],[28.83728,48.12374],[28.84101,48.1256],[28.84698,48.11526],[28.85524,48.10822],[28.85759,48.10251],[28.84795,48.07908],[28.84036,48.07899],[28.83318,48.07278],[28.83676,48.07119],[28.84206,48.07522],[28.84952,48.07052],[28.84347,48.06566],[28.85199,48.06075],[28.84982,48.05322],[28.83955,48.03468],[28.85574,48.02692],[28.85572,48.02005],[28.86407,48.02099],[28.86878,48.01898],[28.86786,48.01808],[28.88264,48.01045],[28.88951,48.0142],[28.90183,48.01253],[28.90102,48.01039],[28.89387,48.00932],[28.89022,48.01176],[28.88435,48.0081],[28.88732,48.00609],[28.87766,48.00073],[28.92596,47.96001],[28.96221,47.9785],[28.97165,47.97643],[28.99277,47.96149],[28.99689,47.96367],[29.00135,47.9589],[29.01096,47.95686],[29.02607,47.94588],[29.03362,47.94217],[29.0362,47.94562],[29.04107,47.94667],[29.0513,47.94229],[29.06589,47.94309],[29.08655,47.94662],[29.08424,47.95986],[29.07774,47.97042],[29.081,47.97252],[29.08632,47.96867],[29.0913,47.96804],[29.0957,47.95969],[29.098,47.96003],[29.09624,47.96885],[29.09608,47.97349],[29.09147,47.97319],[29.08787,47.97666],[29.08531,47.97528],[29.08435,47.97764],[29.09319,47.98298],[29.10297,47.98172],[29.10839,47.98428],[29.13085,47.98233],[29.13061,47.98683],[29.124,47.98857],[29.12481,47.99362],[29.1749,47.99378],[29.1805,47.96433],[29.18513,47.96449],[29.19775,47.89639],[29.20054,47.8843],[29.21318,47.88573],[29.21303,47.88859],[29.2162,47.89604],[29.22058,47.89403],[29.22358,47.89095],[29.21574,47.88588],[29.27426,47.89048],[29.282,47.88825],[29.27842,47.88603],[29.2741,47.87985],[29.26636,47.87551],[29.23975,47.86571],[29.23589,47.859],[29.22546,47.85462],[29.21504,47.84026],[29.20976,47.83857],[29.19771,47.81939],[29.21926,47.79838],[29.2327,47.79736],[29.2471,47.81106],[29.27517,47.80402],[29.27448,47.80271],[29.2765,47.80196],[29.2484,47.75126],[29.21525,47.73863],[29.20447,47.71915],[29.22254,47.69759],[29.22027,47.69659],[29.23103,47.68386],[29.21944,47.68253],[29.21966,47.65816],[29.20957,47.65802],[29.2092,47.64229],[29.23408,47.64253],[29.22316,47.63476],[29.21919,47.62705],[29.21359,47.62576],[29.2093,47.62819],[29.21738,47.61223],[29.20072,47.60239],[29.20347,47.59695],[29.18648,47.58649],[29.18445,47.57196],[29.171,47.56763],[29.16657,47.57138],[29.11718,47.55441],[29.15166,47.50663],[29.18511,47.51891],[29.18957,47.51379],[29.18507,47.51178],[29.18605,47.50512],[29.18288,47.49715],[29.19421,47.48712],[29.18373,47.47978],[29.18776,47.47528],[29.15742,47.45926],[29.16212,47.45274],[29.1891,47.46721],[29.19,47.46272],[29.19342,47.45997],[29.18192,47.44901],[29.18795,47.4391],[29.18333,47.43602],[29.19193,47.42551],[29.24227,47.46194],[29.24243,47.43862],[29.24397,47.41528],[29.25222,47.4184],[29.25359,47.42346],[29.31746,47.44924],[29.33727,47.37028],[29.36171,47.37333],[29.36124,47.37565],[29.39083,47.37988],[29.39794,47.35361],[29.38346,47.34492],[29.39838,47.30036],[29.42353,47.30493],[29.42698,47.29217],[29.44603,47.29444],[29.44483,47.29985],[29.48586,47.30561],[29.48332,47.33249],[29.49124,47.33291],[29.48644,47.34969],[29.48745,47.35595],[29.51722,47.36471],[29.57405,47.37054],[29.58106,47.34428],[29.58722,47.3118],[29.59261,47.2847],[29.59886,47.25749],[29.55199,47.25146],[29.58019,47.13555],[29.50542,47.12855],[29.49554,47.13192],[29.49723,47.12063],[29.49944,47.10929],[29.51547,47.11257],[29.52931,47.08168],[29.52961,47.0815],[29.5303,47.07545],[29.54989,47.07594],[29.54752,47.09383],[29.61204,47.10031],[29.62889,47.04461],[29.60241,47.04171],[29.59588,46.96363],[29.55611,46.95789],[29.57149,46.94014],[29.64009,46.95534],[29.64804,46.9198],[29.7005,46.92494],[29.7012,46.9234],[29.71007,46.92415],[29.70896,46.92813],[29.71835,46.93217],[29.72137,46.91833],[29.73112,46.91938],[29.74991,46.86114],[29.84909,46.87537],[29.84697,46.88204],[29.88407,46.88605],[29.89203,46.85356],[29.8835,46.85147],[29.88432,46.84925],[29.90509,46.82016],[29.93028,46.82844],[29.9256,46.83483],[29.9393,46.83845],[29.9495,46.84188],[29.95185,46.83867],[29.95379,46.83917],[29.9566,46.83791],[29.95845,46.83733],[29.96066,46.83473],[29.96804,46.83208],[29.97044,46.82869],[29.97142,46.82416],[29.9794,46.81941],[29.97842,46.81635],[29.96281,46.81841],[29.9349,46.80593],[29.94363,46.79675],[29.94198,46.79602],[29.94628,46.7928],[29.9594,46.78001],[29.96633,46.77071],[29.96574,46.75805],[29.96636,46.7556],[29.97074,46.75449],[29.97427,46.75393],[29.97358,46.75218],[29.97457,46.75209],[29.97393,46.74915],[29.97351,46.74618],[29.96817,46.73005],[29.96804,46.72063],[29.96769,46.7184],[29.96763,46.71645],[29.96624,46.71137],[29.96615,46.70977],[29.96637,46.70809],[29.96891,46.70116],[29.97056,46.6896],[29.97055,46.68573],[29.96983,46.68474],[29.96702,46.68291],[29.96427,46.68161],[29.96272,46.68067],[29.96057,46.67911],[29.95902,46.67751],[29.9574,46.67477],[29.9578,46.67033],[29.95774,46.6669],[29.95535,46.65941],[29.95396,46.65721],[29.95283,46.65604],[29.94793,46.65265],[29.94653,46.65097],[29.94584,46.6497],[29.9457,46.64838],[29.94572,46.64628],[29.94657,46.6441],[29.94735,46.6429],[29.95417,46.63562],[29.95494,46.63445],[29.95527,46.63299],[29.95544,46.62843],[29.95414,46.62152],[29.95405,46.62005],[29.95514,46.61738],[29.96125,46.60691],[29.96244,46.60451],[29.96619,46.60059],[29.96739,46.59897],[29.9679,46.5975],[29.96692,46.59471],[29.9646,46.59149],[29.96331,46.58476],[29.95494,46.5849],[29.95344,46.58512],[29.94625,46.58724],[29.94509,46.58533],[29.93955,46.58697],[29.94066,46.5889],[29.93755,46.58988],[29.93602,46.589],[29.93789,46.58397],[29.93698,46.58207],[29.93527,46.58175],[29.93514,46.58078],[29.93527,46.58046],[29.93503,46.57988],[29.93558,46.57886],[29.93564,46.57819],[29.93631,46.57736],[29.93646,46.57693],[29.93637,46.57625],[29.93658,46.57528],[29.93691,46.57438],[29.9373,46.57417],[29.93786,46.57173],[29.93839,46.57091],[29.93857,46.56941],[29.93894,46.56838],[29.94119,46.5683],[29.94426,46.56764],[29.94579,46.5687],[29.94732,46.56926],[29.94778,46.56916],[29.94818,46.56885],[29.94836,46.56848],[29.94821,46.56793],[29.94752,46.56703],[29.94664,46.56634],[29.94596,46.5662],[29.94523,46.56649],[29.94439,46.56638],[29.94359,46.56601],[29.94291,46.56534],[29.94258,46.56469],[29.94267,46.56282],[29.94223,46.56074],[29.94058,46.56005],[29.94003,46.55943],[29.94025,46.55913],[29.94089,46.559],[29.94239,46.55907],[29.94474,46.55977],[29.9458,46.56053],[29.94837,46.56146],[29.94853,46.56125],[29.94851,46.5608],[29.94826,46.56017],[29.94704,46.55944],[29.94562,46.55795],[29.94541,46.55724],[29.94552,46.55611]]]},"properties":{"source":"deepstate","source_name":"DeepStateMap","source_url":"https://deepstatemap.live/en","category":"other","category_label":"Other","snapshot_time":"24.09 o 16:24","fetched_at_utc":"2026-09-26T09:55:55+00:00","source_labels":["Transnistria"],"source_polygons":1,"area_km2_approx":3711,"processing":"merged and simplified"}},{"type":"Feature","geometry":{"type":"MultiPolygon","coordinates":[[[[37.72668,49.11905],[37.72502,49.10598],[37.73752,49.10095],[37.7465,49.1075],[37.75477,49.10896],[37.77208,49.10669],[37.78617,49.0991],[37.77073,49.09305],[37.77364,49.09],[37.78122,49.08906],[37.78557,49.08391],[37.78054,49.07676],[37.78943,49.06707],[37.82104,49.06597],[37.84088,49.07313],[37.85616,49.07497],[37.8686,49.06818],[37.89031,49.07556],[37.91337,49.07832],[37.91843,49.07104],[37.93646,49.05605],[37.93921,49.04963],[37.91998,49.04081],[37.91526,49.03505],[37.91891,49.02508],[37.85979,49.01829],[37.84686,49.02404],[37.83701,49.01943],[37.85372,49.00594],[37.91733,49.00463],[37.91993,48.98308],[37.89085,48.98226],[37.87912,48.97489],[37.8649,48.97249],[37.8418,48.97159],[37.84001,48.97114],[37.83761,48.97149],[37.83686,48.97117],[37.8411,48.96895],[37.84889,48.96834],[37.85398,48.96466],[37.86047,48.95577],[37.87055,48.95128],[37.86165,48.94081],[37.84423,48.92487],[37.84424,48.91152],[37.88016,48.90441],[37.90243,48.89916],[37.91614,48.89754],[37.91209,48.88783],[37.90365,48.88481],[37.90136,48.8863],[37.89968,48.88791],[37.8969,48.88862],[37.89462,48.88882],[37.89233,48.88814],[37.8897,48.88675],[37.88629,48.88661],[37.88316,48.88591],[37.88226,48.88515],[37.88276,48.88251],[37.88467,48.8811],[37.88421,48.87901],[37.8802,48.87732],[37.87381,48.8772],[37.86966,48.87811],[37.86704,48.87981],[37.86325,48.88061],[37.86113,48.88152],[37.8616,48.88247],[37.86358,48.88311],[37.8645,48.88374],[37.86482,48.88492],[37.86391,48.88628],[37.86165,48.88708],[37.85999,48.88701],[37.8589,48.88611],[37.85746,48.88569],[37.85153,48.88597],[37.84745,48.88687],[37.84318,48.88865],[37.83956,48.8916],[37.83751,48.89164],[37.81972,48.89504],[37.78866,48.89288],[37.78017,48.88817],[37.77623,48.88436],[37.76783,48.88188],[37.76522,48.88323],[37.76138,48.88799],[37.75817,48.88963],[37.7642,48.89119],[37.76447,48.89405],[37.76058,48.89525],[37.76779,48.90192],[37.76836,48.90898],[37.76673,48.91986],[37.74003,48.93772],[37.72841,48.94198],[37.72582,48.94369],[37.72379,48.94703],[37.72596,48.95002],[37.72545,48.95228],[37.72284,48.9534],[37.71166,48.95129],[37.71211,48.9536],[37.70959,48.95648],[37.70666,48.95603],[37.70444,48.95759],[37.69956,48.95887],[37.69559,48.95783],[37.69006,48.94918],[37.6827,48.94766],[37.67405,48.94372],[37.66595,48.94373],[37.66316,48.94514],[37.6594,48.94454],[37.63686,48.94907],[37.63178,48.95479],[37.62731,48.95527],[37.61485,48.9627],[37.61525,48.96527],[37.6181,48.9671],[37.62603,48.96678],[37.62847,48.96855],[37.63012,48.97456],[37.6346,48.9811],[37.63323,48.98378],[37.62731,48.98582],[37.63242,48.98829],[37.63497,48.99211],[37.63231,48.99351],[37.62749,48.99215],[37.62506,48.99294],[37.62353,48.99519],[37.6303,49.00055],[37.63973,49.00638],[37.64373,49.00386],[37.64683,49.00417],[37.64984,49.01027],[37.66675,49.01535],[37.66732,49.01975],[37.66197,49.021],[37.65685,49.0205],[37.65511,49.02187],[37.65585,49.0242],[37.66012,49.02647],[37.66342,49.0291],[37.66285,49.03142],[37.65995,49.03367],[37.62855,49.03896],[37.62188,49.04606],[37.60117,49.04586],[37.57845,49.03759],[37.56726,49.0302],[37.53652,49.02202],[37.52636,49.01216],[37.43347,49.00246],[37.41184,48.98647],[37.35657,48.99137],[37.25254,48.98275],[37.17632,49.00798],[37.17493,49.03348],[37.13618,49.04684],[37.09289,49.05052],[37.0874,49.0575],[37.07847,49.09191],[37.03053,49.10758],[37.00859,49.09971],[36.98529,49.09632],[36.96672,49.10597],[36.99691,49.12985],[37.0388,49.14428],[37.0409,49.16677],[36.99928,49.18188],[36.97064,49.17216],[36.96599,49.18109],[36.95,49.18261],[36.94585,49.17712],[36.92826,49.17838],[36.92301,49.18569],[36.92138,49.18948],[36.9205,49.18745],[36.91517,49.17036],[36.90852,49.16199],[36.89799,49.15556],[36.88726,49.15802],[36.88112,49.16465],[36.87263,49.17117],[36.87314,49.17703],[36.8643,49.18155],[36.86249,49.18876],[36.88206,49.18364],[36.89168,49.1813],[36.90439,49.19131],[36.90503,49.19853],[36.89883,49.2091],[36.88628,49.22628],[36.88581,49.23036],[36.88533,49.23152],[36.88159,49.23591],[36.8799,49.2376],[36.87228,49.2394],[36.86167,49.24157],[36.85122,49.24322],[36.84456,49.24591],[36.82931,49.25509],[36.80229,49.27594],[36.80208,49.31663],[36.80508,49.34884],[36.78347,49.35989],[36.79602,49.36486],[36.80549,49.3629],[36.81393,49.3653],[36.82487,49.39041],[36.82566,49.40743],[36.78744,49.47594],[36.79295,49.54972],[36.76348,49.6012],[36.7355,49.62086],[36.72754,49.64086],[36.72903,49.65509],[36.73183,49.6671],[36.76363,49.68221],[36.78608,49.69639],[36.79756,49.71457],[36.79837,49.72161],[36.80283,49.72559],[36.81318,49.72406],[36.81997,49.72449],[36.82707,49.7271],[36.83683,49.73282],[36.84882,49.73238],[36.88511,49.75828],[36.92464,49.79],[36.89278,49.79958],[36.88954,49.80532],[36.89831,49.81217],[36.97735,49.83583],[36.98563,49.83345],[37.00392,49.84241],[36.96265,49.86552],[36.97733,49.87498],[36.98085,49.88183],[37.00599,49.9168],[36.9566,49.92613],[36.90276,49.95003],[36.88939,49.97624],[36.89356,50.00281],[36.83281,50.02163],[36.82181,50.02807],[36.80603,50.02856],[36.76537,50.01919],[36.74809,50.02958],[36.57791,50.04678],[36.55499,49.99972],[36.50194,49.92969],[36.5018,49.91204],[36.51965,49.90089],[36.54487,49.89332],[36.55487,49.89015],[36.56072,49.89221],[36.56761,49.89051],[36.57307,49.88882],[36.57956,49.88902],[36.5855,49.89538],[36.59098,49.9019],[36.59904,49.90738],[36.60289,49.90793],[36.61779,49.90854],[36.61741,49.90348],[36.61223,49.89842],[36.60842,49.89408],[36.60719,49.88864],[36.61231,49.8877],[36.61263,49.88138],[36.61657,49.87783],[36.62403,49.87527],[36.62965,49.87299],[36.64107,49.86576],[36.65204,49.85994],[36.67109,49.85098],[36.68182,49.84744],[36.69015,49.84832],[36.70096,49.8647],[36.70687,49.87791],[36.70996,49.88183],[36.72696,49.87929],[36.73692,49.87315],[36.73125,49.86876],[36.70617,49.85275],[36.70317,49.84645],[36.71729,49.84386],[36.74052,49.82631],[36.74757,49.81876],[36.76113,49.81068],[36.77787,49.7982],[36.81899,49.78753],[36.81486,49.7935],[36.81477,49.79521],[36.81695,49.79733],[36.82343,49.79423],[36.82928,49.78838],[36.829,49.78351],[36.84254,49.77307],[36.8475,49.77],[36.85018,49.76708],[36.846,49.76438],[36.84243,49.76653],[36.82648,49.77426],[36.79875,49.75807],[36.79751,49.75814],[36.79399,49.75976],[36.79098,49.76182],[36.79493,49.76909],[36.80415,49.77693],[36.79999,49.77966],[36.76333,49.79096],[36.74145,49.80536],[36.73377,49.80746],[36.73073,49.80225],[36.72019,49.79472],[36.69547,49.79028],[36.69066,49.79538],[36.70645,49.79904],[36.71916,49.80597],[36.72242,49.81209],[36.7086,49.82224],[36.70203,49.8169],[36.69188,49.8253],[36.68509,49.81976],[36.67757,49.81765],[36.67107,49.8228],[36.65889,49.82095],[36.65383,49.81935],[36.64981,49.82308],[36.66996,49.82826],[36.67878,49.82901],[36.67405,49.84016],[36.665,49.84616],[36.64706,49.85474],[36.63568,49.8619],[36.62549,49.86988],[36.6186,49.87253],[36.61263,49.8546],[36.61055,49.85471],[36.58222,49.85999],[36.58281,49.86988],[36.58513,49.87739],[36.50576,49.89708],[36.4844,49.90119],[36.48398,49.90894],[36.48444,49.92881],[36.48481,49.98874],[36.46594,50.00187],[36.42699,50.01533],[36.36739,50.04465],[36.33156,50.0768],[36.34331,50.08603],[36.25004,50.12918],[36.23563,50.14396],[36.23181,50.1518],[36.21974,50.15436],[36.18548,50.14431],[36.15606,50.14089],[36.14711,50.14648],[36.14399,50.16154],[36.15736,50.1964],[36.14426,50.2032],[36.13807,50.20771],[36.14012,50.21376],[36.14296,50.21996],[36.14752,50.22352],[36.15226,50.23043],[36.15152,50.23487],[36.15791,50.25853],[36.14354,50.28501],[36.12723,50.29269],[36.13161,50.3149],[36.12723,50.32483],[36.1548,50.3322],[36.17068,50.34721],[36.09725,50.38603],[36.08063,50.37813],[36.0551,50.37024],[36.04072,50.38707],[36.038,50.40041],[36.06451,50.41088],[36.09,50.42441],[36.10382,50.44191],[36.11781,50.43831],[36.13572,50.43768],[36.1608,50.43178],[36.16971,50.41042],[36.17708,50.40162],[36.18505,50.4066],[36.18135,50.39773],[36.18974,50.38836],[36.21429,50.38352],[36.2209,50.3778],[36.213,50.3671],[36.20511,50.36068],[36.19498,50.3567],[36.19305,50.34071],[36.21102,50.33893],[36.242,50.35838],[36.25551,50.35536],[36.28505,50.33496],[36.27436,50.324],[36.28041,50.32306],[36.27681,50.31742],[36.28492,50.30586],[36.28539,50.3041],[36.28638,50.29859],[36.29921,50.2991],[36.29728,50.29224],[36.33093,50.28956],[36.35436,50.28878],[36.35097,50.27301],[36.35607,50.26577],[36.35762,50.25723],[36.38544,50.25691],[36.40066,50.2534],[36.4056,50.25346],[36.42806,50.24711],[36.43745,50.24491],[36.44582,50.24332],[36.4517,50.24735],[36.46016,50.24622],[36.46692,50.24239],[36.4689,50.2373],[36.46644,50.23055],[36.46471,50.22907],[36.45887,50.22837],[36.45901,50.22256],[36.47563,50.21606],[36.48194,50.21495],[36.49337,50.2105],[36.5182,50.22359],[36.53092,50.23355],[36.53478,50.23513],[36.54034,50.23499],[36.56952,50.23005],[36.57843,50.22443],[36.5882,50.22189],[36.61349,50.22373],[36.61524,50.22792],[36.64006,50.22232],[36.64803,50.21771],[36.66411,50.22217],[36.67958,50.23782],[36.68406,50.25042],[36.68294,50.25703],[36.68876,50.26687],[36.69127,50.26847],[36.69464,50.26909],[36.70097,50.26424],[36.70403,50.26421],[36.74297,50.25696],[36.76108,50.24433],[36.77713,50.23849],[36.80304,50.24205],[36.82947,50.24462],[36.84243,50.24201],[36.84045,50.23243],[36.84388,50.22785],[36.86639,50.23302],[36.88139,50.23508],[36.8876,50.22816],[36.89113,50.22062],[36.89017,50.21253],[36.89797,50.21277],[36.89865,50.21938],[36.8938,50.22824],[36.89194,50.23843],[36.90417,50.23756],[36.91096,50.24997],[36.92227,50.24984],[36.92681,50.25467],[36.93152,50.25438],[36.92998,50.24803],[36.92484,50.24661],[36.92606,50.24389],[36.93726,50.24536],[36.9387,50.24216],[36.92807,50.23905],[36.9309,50.23578],[36.93932,50.23648],[36.95187,50.24359],[36.95327,50.25419],[36.97825,50.27308],[36.9996,50.26953],[37.00263,50.27237],[36.99433,50.28453],[36.99316,50.29411],[37.01291,50.30209],[37.02675,50.3035],[37.03692,50.30975],[37.05464,50.31555],[37.05751,50.32026],[37.05677,50.32485],[37.04715,50.32955],[37.05151,50.33302],[37.0532,50.33686],[37.0598,50.33708],[37.08002,50.31549],[37.07298,50.28712],[37.08445,50.27799],[37.09113,50.28684],[37.10654,50.31244],[37.13126,50.31501],[37.12357,50.30279],[37.12161,50.28729],[37.13573,50.2848],[37.15039,50.30701],[37.1678,50.31228],[37.20306,50.33208],[37.22696,50.33825],[37.21707,50.35865],[37.22334,50.37794],[37.22226,50.37928],[37.25602,50.3926],[37.2579,50.391],[37.26442,50.39402],[37.29232,50.4012],[37.29962,50.40616],[37.30913,50.42306],[37.31012,50.42641],[37.31969,50.43283],[37.3322,50.43697],[37.35253,50.43746],[37.37694,50.43275],[37.37581,50.42907],[37.38996,50.4235],[37.42157,50.42949],[37.45791,50.41579],[37.46374,50.41606],[37.46666,50.40714],[37.46614,50.38267],[37.4732,50.36861],[37.48231,50.36271],[37.48507,50.35676],[37.50589,50.35204],[37.52128,50.33641],[37.55544,50.32965],[37.57688,50.30636],[37.5857,50.31436],[37.59503,50.31621],[37.60863,50.3165],[37.6298,50.31383],[37.63556,50.31125],[37.63804,50.30253],[37.62885,50.29651],[37.62642,50.29285],[37.62694,50.2672],[37.60194,50.26493],[37.58746,50.25144],[37.57495,50.24681],[37.52843,50.25365],[37.49179,50.25466],[37.48513,50.2491],[37.50256,50.24039],[37.47832,50.23098],[37.48412,50.22476],[37.51318,50.2279],[37.51666,50.2239],[37.50783,50.20788],[37.52396,50.20442],[37.5298,50.20591],[37.5614,50.22296],[37.57634,50.21586],[37.58562,50.20338],[37.61275,50.1998],[37.63386,50.19872],[37.6436,50.19087],[37.63985,50.18142],[37.61486,50.17804],[37.60279,50.16746],[37.59451,50.15183],[37.59887,50.14774],[37.60077,50.13728],[37.61223,50.13034],[37.62844,50.13212],[37.64327,50.13637],[37.64835,50.14109],[37.65784,50.13779],[37.65498,50.13184],[37.64718,50.12666],[37.64969,50.12247],[37.645,50.11865],[37.6496,50.11113],[37.6556,50.09334],[37.67156,50.07722],[37.68452,50.07884],[37.68929,50.08379],[37.70205,50.08648],[37.72139,50.07891],[37.72917,50.07115],[37.72632,50.06888],[37.73635,50.06539],[37.74714,50.0657],[37.75808,50.05682],[37.75282,50.05164],[37.7573,50.03132],[37.76692,50.02087],[37.76566,50.00511],[37.75936,49.991],[37.74143,49.97026],[37.72348,49.96412],[37.72682,49.95469],[37.74429,49.94987],[37.75328,49.92994],[37.76,49.926],[37.75564,49.92063],[37.74562,49.91625],[37.73791,49.90301],[37.72916,49.90143],[37.72049,49.90261],[37.71015,49.90234],[37.70991,49.89652],[37.70143,49.89476],[37.68126,49.89759],[37.67127,49.88508],[37.66317,49.89186],[37.6446,49.8922],[37.64449,49.87212],[37.63331,49.87155],[37.62716,49.86337],[37.63749,49.8629],[37.64533,49.85805],[37.6611,49.8546],[37.65845,49.85113],[37.64928,49.8502],[37.65292,49.84191],[37.64891,49.8338],[37.65327,49.82846],[37.6633,49.825],[37.66766,49.8159],[37.66241,49.81377],[37.64702,49.81832],[37.63729,49.81701],[37.62805,49.81377],[37.62007,49.80679],[37.61574,49.80709],[37.61235,49.8038],[37.6109,49.79433],[37.61912,49.7918],[37.6129,49.77702],[37.62114,49.77402],[37.62497,49.77178],[37.62497,49.76152],[37.62832,49.75653],[37.6217,49.74928],[37.62682,49.74174],[37.61994,49.73697],[37.62409,49.72822],[37.62016,49.72578],[37.61652,49.72576],[37.61502,49.72729],[37.60238,49.72543],[37.59317,49.72047],[37.60086,49.71615],[37.60967,49.71257],[37.60951,49.70951],[37.61686,49.70988],[37.62193,49.70867],[37.62373,49.71414],[37.62319,49.71939],[37.62366,49.72084],[37.63413,49.73826],[37.64404,49.74329],[37.65508,49.7435],[37.66775,49.74133],[37.67363,49.73839],[37.67835,49.73333],[37.68712,49.73172],[37.70281,49.72092],[37.72231,49.71955],[37.73082,49.72551],[37.75806,49.72092],[37.74087,49.69532],[37.70203,49.68778],[37.70262,49.67859],[37.69462,49.67169],[37.67735,49.67023],[37.66453,49.66229],[37.66425,49.65756],[37.69166,49.66133],[37.68898,49.64943],[37.69847,49.63446],[37.69863,49.63157],[37.70429,49.63225],[37.72487,49.63983],[37.75456,49.63621],[37.76372,49.62103],[37.78609,49.61985],[37.79178,49.61106],[37.77613,49.60509],[37.78271,49.59704],[37.7775,49.58796],[37.77014,49.5738],[37.76092,49.57197],[37.7394,49.57231],[37.72318,49.56597],[37.71321,49.56377],[37.70779,49.56096],[37.70146,49.55986],[37.69903,49.55686],[37.69256,49.54202],[37.69053,49.52675],[37.69372,49.51291],[37.69043,49.50107],[37.69659,49.49833],[37.71056,49.50697],[37.71964,49.5074],[37.72347,49.49297],[37.74224,49.48009],[37.75194,49.4713],[37.73668,49.46363],[37.68503,49.46691],[37.66143,49.44652],[37.65132,49.43963],[37.66662,49.41912],[37.67797,49.40805],[37.71095,49.41305],[37.76555,49.39534],[37.76943,49.40035],[37.81478,49.38443],[37.84331,49.38449],[37.84366,49.37287],[37.85366,49.37024],[37.85765,49.37041],[37.86289,49.37298],[37.87492,49.3722],[37.90227,49.37533],[37.90824,49.37191],[37.92978,49.3764],[37.93402,49.37413],[37.9352,49.37083],[37.93899,49.36978],[37.93524,49.36184],[37.94581,49.36194],[37.94822,49.36095],[37.94944,49.35949],[37.94903,49.35704],[37.94364,49.35385],[37.94219,49.3516],[37.93628,49.34811],[37.93625,49.34495],[37.93893,49.339],[37.941,49.33568],[37.94651,49.3337],[37.95197,49.33269],[37.95769,49.33229],[37.96128,49.32943],[37.96229,49.32584],[37.96191,49.32219],[37.95784,49.31745],[37.95901,49.31103],[37.95573,49.30258],[37.94909,49.30246],[37.94908,49.29902],[37.95664,49.28668],[37.97276,49.27657],[37.98164,49.27983],[37.99337,49.27922],[37.99726,49.2811],[38.00273,49.28042],[38.00306,49.28234],[38.00592,49.28427],[38.00771,49.28399],[38.00861,49.28103],[38.00478,49.27611],[37.99928,49.26985],[38.00665,49.2659],[37.994,49.25646],[37.9832,49.25799],[37.97446,49.25648],[37.96969,49.25087],[37.94354,49.25053],[37.93486,49.24617],[37.91803,49.2489],[37.91138,49.24432],[37.91384,49.2286],[37.88615,49.23082],[37.87403,49.22731],[37.87531,49.22135],[37.88091,49.21741],[37.87487,49.20524],[37.88411,49.20115],[37.88366,49.19609],[37.86599,49.19814],[37.85176,49.19749],[37.83697,49.20173],[37.80627,49.20398],[37.77901,49.21082],[37.77132,49.20398],[37.80058,49.19477],[37.81229,49.18647],[37.8057,49.18175],[37.79597,49.18417],[37.79626,49.18604],[37.78341,49.18882],[37.77694,49.1837],[37.75985,49.18666],[37.75407,49.18246],[37.74676,49.17881],[37.7453,49.17076],[37.76123,49.16294],[37.75049,49.15421],[37.74739,49.14715],[37.74131,49.14081],[37.7451,49.13732],[37.74517,49.13419],[37.74105,49.13213],[37.72813,49.13375],[37.72577,49.12976],[37.73058,49.12492],[37.72668,49.11905]],[[36.83804,49.35294],[36.83557,49.35068],[36.83125,49.34798],[36.81422,49.34992],[36.81272,49.33734],[36.81075,49.31742],[36.81294,49.30836],[36.81274,49.29896],[36.81082,49.28923],[36.80787,49.27893],[36.83674,49.25724],[36.85729,49.24595],[36.88663,49.23998],[36.88902,49.23676],[36.89552,49.22401],[36.90915,49.20692],[36.9169,49.20648],[36.92571,49.20135],[36.93088,49.20412],[36.93298,49.21216],[36.93121,49.21537],[36.93742,49.21623],[36.94499,49.22288],[36.94638,49.22785],[36.93646,49.2546],[36.92481,49.2689],[36.92371,49.27615],[36.93198,49.27539],[36.95167,49.28345],[36.95308,49.29023],[36.94938,49.29439],[36.96104,49.3009],[36.96465,49.298],[36.97744,49.30356],[36.98577,49.29961],[36.99234,49.30249],[37.00232,49.30315],[37.00673,49.30302],[37.00877,49.30183],[37.00866,49.30003],[37.01096,49.29696],[37.01519,49.29677],[37.04038,49.31594],[37.07679,49.33683],[37.07533,49.3486],[37.07344,49.35057],[37.06325,49.35221],[37.05723,49.35487],[37.05396,49.36127],[37.04596,49.36806],[37.03849,49.37384],[37.03209,49.37523],[37.03046,49.37963],[37.02585,49.37957],[37.00635,49.37642],[37.00476,49.38076],[36.9187,49.38732],[36.88947,49.38092],[36.8704,49.37498],[36.83948,49.3548],[36.83804,49.35294]]],[[[37.27225,48.5457],[37.28736,48.54624],[37.29629,48.53283],[37.29877,48.52713],[37.3089,48.52594],[37.31182,48.52196],[37.31405,48.51485],[37.31393,48.50644],[37.31462,48.49735],[37.33779,48.49496],[37.33916,48.48938],[37.33268,48.48264],[37.33273,48.47874],[37.317,48.48345],[37.31629,48.48895],[37.30552,48.48763],[37.26339,48.47639],[37.2473,48.47024],[37.23291,48.47371],[37.23514,48.48494],[37.22917,48.49251],[37.21929,48.51033],[37.21063,48.51714],[37.19037,48.51486],[37.18694,48.52078],[37.18213,48.52532],[37.19466,48.53442],[37.22453,48.54137],[37.24547,48.53476],[37.27225,48.5457]]],[[[36.50784,47.9392],[36.5149,47.94024],[36.52709,47.94091],[36.52749,47.94657],[36.52806,47.94911],[36.52436,47.95064],[36.52808,47.95441],[36.53023,47.96138],[36.53,47.96993],[36.54677,47.97345],[36.56794,47.96694],[36.594,47.97299],[36.6166,47.9791],[36.6433,47.98016],[36.63763,47.99929],[36.64827,48.00124],[36.64034,48.02965],[36.6544,48.02751],[36.6437,48.06259],[36.63225,48.07359],[36.61771,48.07656],[36.60832,48.08863],[36.6135,48.09382],[36.63732,48.1005],[36.64707,48.0999],[36.65556,48.10247],[36.67878,48.09694],[36.71776,48.09712],[36.71624,48.08383],[36.73131,48.06805],[36.7504,48.05849],[36.75804,48.04685],[36.74963,48.036],[36.72005,48.0288],[36.70524,48.017],[36.71012,48.0036],[36.71809,47.99525],[36.71446,47.97879],[36.68878,47.97183],[36.66108,47.96229],[36.65743,47.94746],[36.63163,47.94458],[36.60561,47.94503],[36.5999,47.93653],[36.60191,47.91917],[36.56371,47.90919],[36.55233,47.88334],[36.55572,47.87152],[36.53498,47.86012],[36.4994,47.86106],[36.46175,47.8735],[36.44414,47.87167],[36.47758,47.85419],[36.47376,47.8418],[36.44126,47.84108],[36.4093,47.81833],[36.38109,47.81257],[36.35583,47.81147],[36.3558,47.80657],[36.3241,47.81037],[36.29572,47.81335],[36.28983,47.86008],[36.30036,47.85914],[36.30239,47.84696],[36.30877,47.84793],[36.30877,47.85781],[36.31108,47.85957],[36.31485,47.86839],[36.3218,47.87208],[36.31841,47.87611],[36.32324,47.87813],[36.33046,47.8758],[36.33648,47.87865],[36.36875,47.86402],[36.39029,47.86577],[36.38687,47.87962],[36.44011,47.87993],[36.44623,47.88721],[36.45166,47.88792],[36.45589,47.88531],[36.4611,47.89505],[36.46837,47.89599],[36.46458,47.91611],[36.46821,47.91624],[36.48206,47.90078],[36.48572,47.90127],[36.48283,47.91677],[36.48542,47.91669],[36.48929,47.90986],[36.49328,47.91002],[36.49742,47.90043],[36.50215,47.90069],[36.50117,47.91153],[36.50592,47.91091],[36.50774,47.90372],[36.51384,47.90436],[36.51152,47.92144],[36.5005,47.92554],[36.49911,47.92988],[36.50173,47.93019],[36.50155,47.93426],[36.50267,47.93543],[36.50784,47.9392]]],[[[36.05747,47.59614],[36.06762,47.58555],[36.04015,47.58502],[36.03775,47.57596],[36.0484,47.55624],[36.04523,47.54766],[36.02747,47.54307],[36.03858,47.557],[36.01884,47.58549],[35.9658,47.61871],[36.01486,47.62505],[36.03851,47.60223],[36.05747,47.59614]]],[[[35.87102,47.49685],[35.87359,47.49883],[35.91671,47.49546],[35.91442,47.48779],[35.88634,47.49204],[35.85164,47.49357],[35.84925,47.49611],[35.85117,47.49821],[35.87102,47.49685]]],[[[35.624,47.52943],[35.63773,47.53094],[35.67412,47.5198],[35.65015,47.51225],[35.63345,47.52573],[35.624,47.52943]]],[[[34.91041,50.33658],[34.90706,50.33296],[34.90214,50.33018],[34.89842,50.32719],[34.8958,50.32112],[34.89442,50.30907],[34.88903,50.30903],[34.88433,50.30687],[34.87723,50.30913],[34.87752,50.30949],[34.88422,50.30765],[34.88862,50.3096],[34.89373,50.30955],[34.89416,50.3214],[34.89728,50.32782],[34.90192,50.33131],[34.90583,50.3333],[34.90859,50.33738],[34.92272,50.3503],[34.9286,50.35166],[34.94947,50.35177],[34.98449,50.37209],[35.01256,50.37549],[35.01397,50.38887],[35.02439,50.39337],[35.02959,50.39168],[35.02965,50.37973],[35.02301,50.37118],[35.04921,50.36404],[35.06308,50.36373],[35.06941,50.36489],[35.08742,50.36637],[35.10169,50.3694],[35.10628,50.37437],[35.11384,50.37564],[35.1195,50.3735],[35.12023,50.37074],[35.11954,50.36952],[35.12026,50.36879],[35.12071,50.36712],[35.12252,50.36465],[35.12939,50.35906],[35.13001,50.3527],[35.13553,50.34996],[35.13903,50.34305],[35.14361,50.34061],[35.15034,50.34089],[35.15948,50.34243],[35.15802,50.35079],[35.15757,50.35442],[35.15117,50.35951],[35.146,50.36039],[35.14375,50.36291],[35.14163,50.36606],[35.14357,50.37009],[35.14242,50.37347],[35.14521,50.38054],[35.13499,50.38352],[35.13527,50.38695],[35.14122,50.38906],[35.13782,50.39602],[35.14924,50.39818],[35.16177,50.39914],[35.17598,50.40658],[35.18984,50.4167],[35.20666,50.42944],[35.19714,50.43617],[35.1931,50.44289],[35.17182,50.45076],[35.15122,50.45994],[35.13199,50.46781],[35.11139,50.47349],[35.08049,50.47786],[35.0544,50.48267],[35.04547,50.47262],[35.02556,50.47174],[35.01251,50.47874],[34.99292,50.48013],[34.98481,50.47127],[34.99296,50.46048],[34.98741,50.45509],[34.97056,50.45786],[34.96643,50.45258],[34.94241,50.4546],[34.93803,50.46826],[34.9184,50.47367],[34.80231,50.49241],[34.76716,50.49582],[34.73974,50.49763],[34.71608,50.49121],[34.71644,50.4443],[34.71132,50.41728],[34.65666,50.41656],[34.63068,50.40413],[34.5908,50.37138],[34.55144,50.36649],[34.53358,50.3468],[34.52019,50.3305],[34.49716,50.29695],[34.46741,50.29824],[34.38638,50.34915],[34.35648,50.35427],[34.35042,50.36229],[34.30382,50.36618],[34.29746,50.36092],[34.28202,50.36065],[34.28005,50.37196],[34.24666,50.37932],[34.22502,50.3734],[34.17352,50.3572],[34.1543,50.35939],[34.14327,50.35797],[34.13207,50.35917],[34.12683,50.37362],[34.15734,50.38794],[34.1732,50.37966],[34.19095,50.38058],[34.21935,50.40449],[34.22966,50.40941],[34.22639,50.41827],[34.20271,50.43883],[34.17945,50.43298],[34.17541,50.43905],[34.20271,50.44966],[34.2276,50.45479],[34.26242,50.45535],[34.27562,50.45826],[34.28193,50.46282],[34.29287,50.46812],[34.30279,50.47167],[34.3091,50.47776],[34.31981,50.49013],[34.32884,50.49748],[34.35033,50.50433],[34.3609,50.50825],[34.37234,50.50569],[34.38275,50.50534],[34.38857,50.50452],[34.4026,50.50781],[34.40952,50.5135],[34.45671,50.5043],[34.47425,50.50213],[34.46942,50.52036],[34.4905,50.53311],[34.49402,50.54648],[34.4992,50.56048],[34.51288,50.57399],[34.49749,50.5876],[34.51231,50.60471],[34.54186,50.61225],[34.58876,50.61182],[34.58649,50.63195],[34.59592,50.66753],[34.62047,50.72133],[34.66982,50.7108],[34.68349,50.69902],[34.69788,50.69596],[34.6958,50.68791],[34.69871,50.6816],[34.69536,50.67529],[34.69455,50.66942],[34.68161,50.66551],[34.65609,50.65941],[34.63608,50.642],[34.64766,50.62738],[34.67989,50.61735],[34.68516,50.60285],[34.72948,50.58926],[34.75441,50.58606],[34.76844,50.60738],[34.7854,50.62554],[34.7853,50.63798],[34.81375,50.64508],[34.83226,50.63697],[34.85525,50.6424],[34.86821,50.65093],[34.86176,50.6569],[34.86815,50.66282],[34.88834,50.66023],[34.89582,50.65067],[34.89322,50.64279],[34.87601,50.64097],[34.87034,50.63301],[34.90788,50.62699],[34.93026,50.61467],[34.94519,50.62083],[34.95498,50.63286],[34.9646,50.64048],[34.98817,50.66433],[34.98783,50.68348],[34.99126,50.6937],[34.9753,50.72769],[34.96671,50.74854],[34.94337,50.76288],[34.9286,50.77851],[34.92723,50.79132],[34.93135,50.8115],[34.93169,50.8256],[34.8902,50.81324],[34.8747,50.79532],[34.85097,50.78607],[34.78707,50.77537],[34.75952,50.7826],[34.76627,50.79041],[34.79371,50.78629],[34.82802,50.78911],[34.8589,50.80363],[34.88157,50.82249],[34.93203,50.83652],[34.91795,50.8647],[34.94938,50.87597],[34.95479,50.85223],[34.9698,50.83262],[34.99486,50.83999],[35.02061,50.83847],[35.04567,50.84238],[35.08432,50.83854],[35.09874,50.84873],[35.12518,50.85437],[35.142,50.86802],[35.14749,50.88492],[35.14852,50.89964],[35.15573,50.91393],[35.17839,50.91913],[35.19693,50.90592],[35.22234,50.8847],[35.23161,50.88514],[35.25289,50.88535],[35.27177,50.88687],[35.28928,50.88687],[35.30199,50.88752],[35.32087,50.88535],[35.33701,50.89163],[35.33014,50.90094],[35.32327,50.91372],[35.33838,50.91761],[35.35213,50.90621],[35.3626,50.90004],[35.36603,50.89354],[35.36277,50.89019],[35.35436,50.88737],[35.34561,50.8838],[35.32758,50.87611],[35.30046,50.87838],[35.28741,50.87405],[35.27471,50.87372],[35.26699,50.87026],[35.26939,50.86755],[35.27626,50.86766],[35.28381,50.87015],[35.29085,50.86863],[35.28947,50.86213],[35.28192,50.85834],[35.27952,50.8514],[35.28398,50.84241],[35.28604,50.83493],[35.29205,50.83525],[35.30664,50.84078],[35.32356,50.8441],[35.35102,50.82458],[35.38741,50.81786],[35.37248,50.81677],[35.36767,50.80658],[35.36922,50.79833],[35.37591,50.79595],[35.36441,50.79388],[35.35068,50.79323],[35.3306,50.79334],[35.31154,50.79323],[35.29021,50.79038],[35.26909,50.79016],[35.26669,50.78202],[35.27939,50.77898],[35.28901,50.7729],[35.29604,50.76639],[35.28866,50.76194],[35.27338,50.76074],[35.27285,50.75232],[35.26444,50.73483],[35.26753,50.72483],[35.27834,50.72788],[35.29036,50.72788],[35.35696,50.71386],[35.37482,50.70983],[35.3858,50.69364],[35.39215,50.69516],[35.39331,50.68866],[35.38649,50.68581],[35.37825,50.69559],[35.36417,50.70288],[35.29534,50.71038],[35.31927,50.69754],[35.31378,50.66708],[35.33232,50.64358],[35.3694,50.60699],[35.39658,50.55869],[35.35281,50.48841],[35.37857,50.46666],[35.39857,50.44584],[35.40959,50.43827],[35.41701,50.43683],[35.43254,50.44481],[35.45816,50.45623],[35.45264,50.47427],[35.45089,50.49187],[35.44563,50.50717],[35.45725,50.51143],[35.46477,50.50242],[35.45935,50.48416],[35.45991,50.47318],[35.46321,50.46023],[35.46919,50.45213],[35.49203,50.4377],[35.50147,50.43371],[35.50782,50.4271],[35.54627,50.42913],[35.55914,50.42685],[35.5867,50.43704],[35.58721,50.43107],[35.58335,50.42996],[35.58335,50.42524],[35.56631,50.42097],[35.54825,50.42196],[35.51176,50.42109],[35.50301,50.41145],[35.47486,50.3992],[35.39796,50.3484],[35.35676,50.34971],[35.32311,50.33964],[35.27917,50.33175],[35.25788,50.33569],[35.22904,50.32955],[35.17762,50.33203],[35.13632,50.32916],[35.0989,50.32565],[35.06869,50.32061],[35.03745,50.30855],[34.98835,50.30745],[34.94303,50.30767],[34.93685,50.31754],[34.93411,50.33025],[34.94141,50.34336],[34.92407,50.34282],[34.91041,50.33658]],[[35.28862,50.34767],[35.31437,50.35643],[35.32536,50.36388],[35.35557,50.36541],[35.39093,50.36475],[35.39162,50.37395],[35.38647,50.39803],[35.38784,50.41072],[35.38784,50.4175],[35.37789,50.41947],[35.36793,50.42407],[35.37411,50.43172],[35.38475,50.44091],[35.37239,50.45359],[35.3451,50.47588],[35.33429,50.48494],[35.32175,50.47478],[35.28279,50.4514],[35.24433,50.44244],[35.23455,50.43139],[35.20554,50.40985],[35.17601,50.39234],[35.15786,50.38005],[35.1522,50.37102],[35.15692,50.36998],[35.15835,50.36863],[35.15944,50.36728],[35.15975,50.36494],[35.15702,50.36362],[35.15707,50.36277],[35.16098,50.35978],[35.16399,50.35827],[35.16473,50.35473],[35.16548,50.3495],[35.16636,50.34638],[35.16677,50.34288],[35.17613,50.34345],[35.20554,50.34197],[35.26734,50.34898],[35.28862,50.34767]],[[34.9906,50.63727],[34.99283,50.62361],[34.99841,50.61642],[35.0106,50.6113],[35.01026,50.6004],[34.9931,50.59889],[34.97379,50.59929],[34.97723,50.58011],[34.97894,50.56049],[34.96624,50.53998],[34.97791,50.51597],[34.97585,50.49878],[34.981,50.495],[35.01526,50.51586],[35.03655,50.5307],[35.09903,50.54729],[35.11894,50.54205],[35.16083,50.54598],[35.18669,50.55908],[35.21759,50.59134],[35.21896,50.60747],[35.22239,50.61684],[35.22493,50.63679],[35.19438,50.64533],[35.10472,50.6179],[35.09095,50.61887],[35.08796,50.63039],[35.11879,50.69184],[35.1191,50.69822],[35.12017,50.70248],[35.12225,50.706],[35.12742,50.70767],[35.13105,50.7083],[35.146,50.70938],[35.15408,50.7172],[35.15408,50.7255],[35.15546,50.73318],[35.14858,50.74953],[35.14567,50.76973],[35.14747,50.79534],[35.11708,50.80442],[35.08962,50.81353],[35.07897,50.82351],[35.04361,50.82351],[35.02026,50.82308],[35.00104,50.82416],[34.98181,50.8246],[34.96293,50.82351],[34.95058,50.82495],[34.95006,50.81276],[34.94148,50.7915],[34.94457,50.7813],[34.9571,50.76968],[34.96254,50.7677],[35.01124,50.76787],[35.01573,50.77158],[35.01336,50.77615],[35.0136,50.77981],[35.03238,50.78152],[35.03653,50.77449],[35.03792,50.76669],[35.04001,50.75889],[35.06433,50.74983],[35.0703,50.74469],[35.07837,50.74436],[35.08859,50.74099],[35.08879,50.73899],[35.08813,50.73715],[35.07863,50.73682],[35.07338,50.73832],[35.06515,50.73904],[35.05872,50.74568],[35.03478,50.75486],[35.02986,50.7569],[35.02633,50.75547],[35.02383,50.7554],[35.02072,50.75633],[35.0195,50.75508],[35.01907,50.75134],[35.02062,50.74868],[35.01909,50.74652],[35.01563,50.74803],[35.01523,50.7514],[35.01537,50.75589],[35.01833,50.75836],[35.01527,50.76241],[34.96673,50.76175],[34.97892,50.75539],[34.98403,50.73902],[34.99141,50.73767],[34.99476,50.73798],[34.99656,50.73975],[35.00137,50.74036],[35.00695,50.73978],[35.0113,50.73903],[35.01409,50.7365],[35.01629,50.73641],[35.01869,50.73215],[35.01761,50.73026],[35.01592,50.72336],[35.00795,50.72085],[34.99431,50.72041],[35.00731,50.69553],[35.00388,50.68063],[35.00431,50.6599],[34.98846,50.64114],[34.9906,50.63727]],[[34.34793,50.41543],[34.28665,50.40383],[34.253,50.41138],[34.22759,50.40131],[34.20408,50.38063],[34.25369,50.38775],[34.28329,50.37992],[34.31632,50.37734],[34.34701,50.36976],[34.39291,50.35895],[34.4657,50.31387],[34.47547,50.32117],[34.4912,50.3155],[34.50935,50.34103],[34.50553,50.34497],[34.51231,50.35527],[34.52704,50.36383],[34.53629,50.37239],[34.54003,50.37813],[34.57075,50.38345],[34.57486,50.39829],[34.57346,50.41669],[34.58976,50.41965],[34.59438,50.40314],[34.62695,50.42034],[34.63992,50.42696],[34.69349,50.42512],[34.6919,50.46546],[34.68206,50.47247],[34.69733,50.50027],[34.68188,50.50905],[34.66437,50.51159],[34.64618,50.52137],[34.62506,50.54056],[34.60365,50.55026],[34.58505,50.55293],[34.56991,50.56267],[34.53444,50.56713],[34.51008,50.56361],[34.50086,50.5495],[34.50174,50.54287],[34.50504,50.53515],[34.49743,50.52616],[34.48943,50.51388],[34.49712,50.49927],[34.49467,50.48757],[34.45582,50.48724],[34.42278,50.46703],[34.42179,50.45941],[34.41634,50.45157],[34.40475,50.45228],[34.39274,50.45774],[34.36424,50.42451],[34.34793,50.41543]],[[34.32964,50.49041],[34.31439,50.47584],[34.30821,50.46585],[34.30194,50.45903],[34.31583,50.45501],[34.33481,50.46094],[34.35701,50.46413],[34.36994,50.46906],[34.39129,50.47427],[34.4154,50.48735],[34.41123,50.49852],[34.40009,50.50067],[34.39226,50.50127],[34.38118,50.50152],[34.37222,50.50129],[34.36524,50.49995],[34.34898,50.49613],[34.32964,50.49041]],[[34.23317,50.44425],[34.21798,50.44158],[34.2476,50.42429],[34.28219,50.41598],[34.32888,50.42308],[34.33823,50.43014],[34.35815,50.43276],[34.37068,50.44894],[34.38767,50.46651],[34.3754,50.46446],[34.30845,50.44408],[34.2851,50.44758],[34.23317,50.44425]]],[[[31.08576,50.6752],[31.11613,50.69426],[31.12373,50.69807],[31.04223,50.74002],[31.04687,50.74458],[31.1162,50.70941],[31.13171,50.71883],[31.14448,50.71628],[31.35217,50.75792],[31.35394,50.80189],[31.32769,50.84377],[31.24244,50.85299],[31.24918,50.86827],[31.2872,50.87785],[31.34955,50.87058],[31.40356,50.82429],[31.43066,50.76834],[31.56708,50.77423],[31.69324,50.61885],[31.77358,50.65935],[31.80722,50.67197],[31.83263,50.70068],[31.89718,50.71981],[31.96103,50.73503],[32.00979,50.76283],[32.07158,50.82056],[32.03533,50.84719],[31.99012,50.85645],[31.96922,50.83408],[31.95108,50.82731],[31.97978,50.80313],[31.96417,50.79436],[31.90619,50.81456],[31.88017,50.82242],[31.87059,50.86173],[31.96099,50.88802],[31.91173,50.93457],[31.89651,50.96332],[31.92153,50.96672],[32.11269,50.9484],[32.2489,50.97653],[32.38966,50.98481],[32.41509,51.08778],[32.12093,51.07469],[32.08556,51.11937],[32.14155,51.18302],[32.33972,51.22262],[32.36782,51.26728],[32.3066,51.32637],[32.16406,51.42397],[32.08772,51.48916],[31.82378,51.56398],[31.75488,51.55179],[31.6924,51.55051],[31.65876,51.54539],[31.56368,51.54184],[31.531,51.53892],[31.4062,51.50745],[31.37724,51.51217],[31.36488,51.52838],[31.35046,51.54325],[31.33277,51.55041],[31.31433,51.55602],[31.26809,51.55821],[31.25195,51.56312],[31.21907,51.55809],[31.18755,51.55199],[31.17854,51.54065],[31.17674,51.53017],[31.18566,51.50501],[31.19578,51.49512],[31.18841,51.47995],[31.17331,51.45343],[31.22343,51.41812],[31.21931,51.37871],[31.25103,51.37221],[31.27796,51.39998],[31.4059,51.39842],[31.46236,51.35908],[31.42537,51.28416],[31.30066,51.26757],[31.13005,51.31266],[31.00817,51.3779],[30.92888,51.38471],[30.86708,51.368],[30.78881,51.37871],[30.70779,51.38343],[30.68239,51.34399],[30.65904,51.3397],[30.6357,51.35995],[30.6563,51.37528],[30.67278,51.40142],[30.72634,51.41555],[30.73526,51.51137],[30.69108,51.51812],[30.69511,51.5343],[30.72112,51.53253],[30.73726,51.54449],[30.78992,51.52913],[30.77228,51.4838],[30.8329,51.47897],[30.85776,51.64216],[30.93672,51.75409],[31.01946,51.7953],[30.97706,51.95331],[30.95798,52.02506],[30.94837,52.06613],[30.95525,52.08525],[30.97036,52.07745],[30.98924,52.07567],[31.00666,52.08123],[31.03782,52.08426],[31.07366,52.0915],[31.09715,52.08944],[31.14003,52.1022],[31.14601,52.09106],[31.15885,52.07992],[31.18542,52.07426],[31.20077,52.07396],[31.21336,52.07029],[31.19645,51.97687],[31.12965,51.83308],[31.23993,51.78325],[31.31568,51.78841],[31.40607,51.78941],[31.50689,51.79722],[31.54744,51.81632],[31.57222,51.84571],[31.564,51.88826],[31.58723,51.93403],[31.51746,51.99304],[31.47212,52.04692],[31.467,52.0944],[31.44269,52.13953],[31.4518,52.14018],[31.45543,52.13831],[31.45596,52.13054],[31.46165,52.12698],[31.46158,52.12446],[31.46425,52.12174],[31.47679,52.11839],[31.48934,52.11673],[31.49896,52.11814],[31.50927,52.12081],[31.61277,51.97634],[31.63905,51.95582],[31.729,51.99733],[31.76506,52.00246],[31.75955,52.07773],[31.74716,52.10313],[31.76292,52.10617],[31.76649,52.10915],[31.77205,52.11149],[31.78032,52.11176],[31.78583,52.11231],[31.78721,52.11175],[31.79142,52.10899],[31.79369,52.10829],[31.79655,52.10352],[31.80575,52.10022],[31.81828,52.0769],[31.83614,52.05094],[31.87046,52.02116],[31.85511,51.971],[31.8878,51.93693],[31.87286,51.9166],[31.86687,51.89153],[31.87324,51.88553],[31.93913,51.86858],[31.9704,51.83955],[32.0054,51.79326],[32.18059,51.79024],[32.25774,51.84653],[32.44725,51.8991],[32.55712,51.91731],[32.57153,51.9846],[32.56535,52.01269],[32.48177,52.01063],[32.48604,52.04912],[32.57703,52.07965],[32.59076,52.12309],[32.5269,52.15849],[32.58458,52.23173],[32.60655,52.30484],[32.62279,52.29617],[32.63697,52.28708],[32.658,52.28051],[32.67491,52.27141],[32.64981,52.18502],[32.67045,52.14541],[32.73015,52.07332],[32.70818,51.88893],[32.73985,51.814],[32.88874,51.90324],[33.07959,51.9999],[33.15803,52.06816],[33.20621,52.13867],[33.16201,52.17786],[33.15071,52.23068],[33.21597,52.25441],[33.23145,52.36976],[33.30282,52.35439],[33.3123,52.19295],[33.24779,52.08535],[33.2064,52.017],[33.24057,52.00948],[33.23217,51.99663],[33.24514,51.99232],[33.25122,51.99341],[33.26425,51.99763],[33.26708,51.9973],[33.26699,51.99503],[33.27068,51.9921],[33.28671,51.95343],[33.32141,51.95823],[33.33962,51.94969],[33.33638,51.94369],[33.32627,51.94172],[33.32047,51.94814],[33.30858,51.94583],[33.30219,51.93887],[33.28895,51.94507],[33.27606,51.94175],[33.27121,51.93742],[33.27672,51.92468],[33.26302,51.91953],[33.24869,51.93102],[33.25684,51.974],[33.23888,51.98716],[33.22621,51.99106],[33.18477,51.99624],[33.03363,51.89805],[32.88702,51.775],[32.74093,51.7375],[32.58484,51.67323],[32.55647,51.59642],[32.52199,51.56879],[32.55049,51.55451],[32.53909,51.52143],[32.48963,51.50672],[32.39618,51.47019],[32.37166,51.4331],[32.36914,51.40372],[32.31032,51.37899],[32.41349,51.31396],[32.565,51.30478],[32.72344,51.30894],[32.74527,51.32312],[32.8888,51.3287],[32.97763,51.28761],[33.1092,51.2645],[33.12822,51.27723],[33.13037,51.356],[33.12362,51.39723],[33.17754,51.45468],[34.03212,51.79866],[34.24377,51.85941],[34.26031,51.85588],[34.28186,51.86423],[34.28079,51.85929],[34.30422,51.85345],[34.28444,51.8401],[34.25397,51.83199],[34.19536,51.82259],[34.12412,51.79851],[34.07757,51.76392],[33.95769,51.72503],[34.00507,51.48686],[34.00404,51.27901],[34.07223,51.29932],[34.12429,51.29956],[34.24353,51.28455],[34.23788,51.29247],[34.23957,51.29359],[34.24161,51.29332],[34.24465,51.29416],[34.24512,51.29627],[34.2497,51.29671],[34.24983,51.29886],[34.25476,51.29908],[34.2551,51.30128],[34.25814,51.30252],[34.26623,51.29854],[34.26976,51.30592],[34.27213,51.31466],[34.27727,51.3128],[34.27725,51.31094],[34.28219,51.31066],[34.28109,51.31332],[34.28052,51.3178],[34.28222,51.3195],[34.2849,51.32059],[34.2857,51.32109],[34.28818,51.32179],[34.28972,51.32196],[34.28146,51.33463],[34.28684,51.33888],[34.29078,51.33864],[34.29935,51.33423],[34.30423,51.33609],[34.30997,51.33494],[34.31192,51.32622],[34.30552,51.32229],[34.30384,51.31986],[34.29984,51.30708],[34.28025,51.29371],[34.26056,51.28263],[34.25453,51.28207],[34.25085,51.2755],[34.24652,51.2763],[34.23558,51.27504],[34.23081,51.27185],[34.22488,51.26525],[34.20676,51.2596],[34.11592,51.27361],[34.04016,51.25692],[34.20591,51.21325],[34.29597,51.15371],[34.29761,51.24231],[34.30524,51.23833],[34.31395,51.23881],[34.34541,51.15801],[34.58832,51.03609],[34.63405,51.05897],[34.65623,51.06822],[34.70367,51.05757],[34.7177,51.06399],[34.7915,51.09498],[34.93295,51.08808],[34.95383,51.1057],[34.96561,51.09941],[34.98069,51.0987],[34.98513,51.07255],[34.91255,51.06358],[34.85215,51.07584],[34.82446,51.0052],[34.89862,50.98705],[35.01123,51.01988],[35.23507,51.03457],[35.27731,51.04471],[35.29687,50.99828],[35.24331,50.95072],[35.12796,50.98532],[34.9439,50.95184],[34.91342,50.91833],[34.8912,50.90948],[34.88315,50.91255],[34.90838,50.92926],[34.92746,50.95245],[34.78463,50.97926],[34.75854,50.96629],[34.71659,50.96624],[34.71971,50.94974],[34.74616,50.93345],[34.74773,50.89368],[34.7342,50.87858],[34.66184,50.90598],[34.38993,50.90771],[34.41135,50.88335],[34.41577,50.86243],[34.37619,50.81101],[34.3564,50.8059],[34.31351,50.80104],[34.27189,50.80211],[34.13881,50.83539],[34.05989,50.82084],[34.01784,50.81709],[33.95789,50.82581],[33.86686,50.81748],[33.84813,50.82184],[33.81891,50.81556],[33.77761,50.80694],[33.74007,50.79643],[33.72528,50.79716],[33.68039,50.7777],[33.56891,50.75568],[33.52476,50.734],[33.5278,50.72733],[33.51208,50.68033],[33.51028,50.66629],[33.47203,50.64027],[33.46098,50.64201],[33.46709,50.65354],[33.49828,50.66965],[33.50353,50.68422],[33.50872,50.70552],[33.50999,50.73145],[33.49372,50.73877],[33.48553,50.74296],[33.48413,50.7485],[33.48353,50.75028],[33.4804,50.7502],[33.47933,50.75216],[33.46952,50.75267],[33.4693,50.75324],[33.46531,50.75573],[33.4566,50.75333],[33.44347,50.75314],[33.43166,50.75723],[33.41762,50.76045],[33.39739,50.76366],[33.37254,50.7546],[33.32573,50.74249],[33.27276,50.74013],[33.23902,50.73255],[33.18119,50.72681],[33.10828,50.71105],[33.04337,50.70242],[33.00853,50.68995],[32.95653,50.68746],[32.91971,50.6769],[32.8707,50.66895],[32.80523,50.66945],[32.76067,50.66158],[32.72785,50.65843],[32.69033,50.64755],[32.68099,50.63055],[32.61013,50.62877],[32.64153,50.65445],[32.7005,50.66641],[32.75061,50.67194],[32.7513,50.69923],[32.79153,50.70898],[32.81498,50.72532],[32.81921,50.74949],[32.78561,50.77198],[32.79238,50.78046],[32.78978,50.78898],[32.81354,50.80257],[32.80504,50.80922],[32.71431,50.78158],[32.6792,50.78596],[32.61135,50.77786],[32.54049,50.7441],[32.45624,50.71446],[32.43818,50.69005],[32.43406,50.68035],[32.37364,50.67456],[32.33359,50.66678],[32.30429,50.67921],[32.31825,50.68815],[32.42423,50.70479],[32.43817,50.73816],[32.50435,50.76022],[32.57398,50.81108],[32.52084,50.88879],[32.53283,50.93806],[32.5232,50.95765],[32.26347,50.94498],[32.19476,50.93157],[32.12333,50.92851],[32.02579,50.92301],[32.13549,50.82802],[32.12505,50.8072],[32.13475,50.79757],[32.14368,50.78672],[32.08944,50.75024],[32.03382,50.72069],[32.00361,50.70721],[31.95966,50.69633],[31.91228,50.69199],[31.86353,50.67589],[31.8395,50.65064],[31.77083,50.63018],[31.69255,50.58486],[31.67539,50.57832],[31.66303,50.58573],[31.63059,50.57973],[31.56315,50.57457],[31.54042,50.55534],[31.52818,50.55323],[31.51482,50.55281],[31.50101,50.55031],[31.49433,50.55094],[31.48602,50.55429],[31.48246,50.55659],[31.46916,50.55388],[31.44797,50.54801],[31.38662,50.53245],[31.39221,50.5279],[31.40085,50.52602],[31.40876,50.52331],[31.41137,50.52339],[31.41153,50.52405],[31.41124,50.52497],[31.41238,50.52557],[31.41717,50.52545],[31.4203,50.52631],[31.42296,50.52606],[31.42466,50.52502],[31.42473,50.52182],[31.42647,50.52038],[31.43566,50.51661],[31.4373,50.51687],[31.44235,50.51726],[31.44611,50.51691],[31.44915,50.51611],[31.45326,50.51235],[31.47679,50.50653],[31.47087,50.49757],[31.46272,50.49952],[31.44832,50.50688],[31.44431,50.50679],[31.43971,50.50704],[31.4322,50.51003],[31.43087,50.51259],[31.43112,50.51529],[31.43103,50.51633],[31.42879,50.51764],[31.42363,50.51956],[31.41713,50.52138],[31.4162,50.52058],[31.41547,50.51959],[31.41468,50.51897],[31.41378,50.51774],[31.41215,50.51787],[31.4095,50.51873],[31.40806,50.51985],[31.40749,50.52084],[31.40565,50.52271],[31.4022,50.52405],[31.3991,50.52489],[31.38974,50.52674],[31.38441,50.53152],[31.37088,50.51956],[31.35455,50.51529],[31.33907,50.50913],[31.33419,50.50425],[31.3659,50.50546],[31.38054,50.49844],[31.40306,50.49942],[31.40639,50.48763],[31.40216,50.47797],[31.38925,50.48066],[31.38193,50.48326],[31.37719,50.48576],[31.37057,50.48121],[31.369,50.47802],[31.37058,50.4753],[31.37391,50.47153],[31.37491,50.46984],[31.37553,50.46769],[31.37515,50.4654],[31.37417,50.46268],[31.37306,50.46101],[31.36949,50.46119],[31.3651,50.46607],[31.36074,50.46583],[31.35784,50.46466],[31.3522,50.46273],[31.34732,50.46169],[31.34202,50.46224],[31.33862,50.46607],[31.33805,50.46938],[31.34154,50.47268],[31.3462,50.47662],[31.35231,50.48034],[31.35622,50.48329],[31.36127,50.48487],[31.37072,50.48923],[31.37041,50.49189],[31.36287,50.49529],[31.35344,50.49902],[31.33084,50.4968],[31.30125,50.49311],[31.27605,50.48953],[31.26218,50.4844],[31.23629,50.48359],[31.21367,50.4843],[31.20749,50.48916],[31.21465,50.49982],[31.22937,50.4997],[31.23688,50.50678],[31.2411,50.5146],[31.24764,50.51623],[31.25316,50.51633],[31.26265,50.51249],[31.28296,50.51121],[31.28933,50.53507],[31.3211,50.52671],[31.32386,50.51418],[31.33557,50.5196],[31.474,50.567],[31.47914,50.56796],[31.44067,50.58986],[31.42675,50.59356],[31.41163,50.59324],[31.39992,50.59237],[31.39401,50.59021],[31.38632,50.5887],[31.37883,50.58656],[31.37019,50.58892],[31.36818,50.59281],[31.36768,50.59759],[31.36822,50.60357],[31.37568,50.61834],[31.35452,50.62551],[31.32991,50.63007],[31.30247,50.62487],[31.28766,50.60916],[31.28043,50.6029],[31.27644,50.59537],[31.26489,50.59569],[31.26686,50.60656],[31.27387,50.61322],[31.26307,50.62355],[31.19999,50.63256],[31.18369,50.63414],[31.17181,50.65543],[31.16541,50.66889],[31.1454,50.68621],[31.12257,50.68839],[31.1097,50.67905],[31.10096,50.67014],[31.10202,50.66059],[31.09247,50.65281],[31.07131,50.64813],[31.06268,50.64047],[31.04468,50.63935],[31.04162,50.63302],[31.04958,50.62513],[31.07973,50.6202],[31.10815,50.60503],[31.12248,50.59378],[31.14795,50.57805],[31.15945,50.56877],[31.16512,50.55861],[31.16503,50.55225],[31.15773,50.55058],[31.15261,50.5573],[31.11311,50.5421],[31.10978,50.53122],[31.10181,50.52503],[31.09061,50.52918],[31.07522,50.53835],[31.07576,50.54435],[31.05295,50.55537],[31.04622,50.55898],[31.05072,50.56743],[31.04808,50.57493],[31.04555,50.57728],[31.03934,50.57463],[31.0285,50.57049],[31.00913,50.56577],[31.00466,50.56624],[30.99934,50.56868],[30.99243,50.57251],[30.99092,50.57612],[30.99466,50.57739],[30.99978,50.57824],[31.00466,50.57845],[31.01798,50.57964],[31.02063,50.58089],[31.02903,50.58165],[31.04464,50.58361],[31.03728,50.59338],[31.02756,50.61114],[31.02864,50.61439],[31.02903,50.61763],[31.02492,50.61728],[31.02089,50.61632],[31.00779,50.61414],[31.00057,50.61493],[30.98065,50.6265],[30.95833,50.61986],[30.94459,50.62094],[30.9288,50.62134],[30.95072,50.59913],[30.93214,50.5839],[30.89223,50.56825],[30.87189,50.58769],[30.833,50.56977],[30.82123,50.57496],[30.83236,50.591],[30.85087,50.61623],[30.86745,50.63294],[30.87923,50.64071],[30.90594,50.63461],[30.9357,50.62719],[30.94517,50.62745],[30.95437,50.62649],[30.97855,50.6321],[31.00198,50.63795],[31.00477,50.64153],[31.02903,50.64823],[31.04715,50.65428],[31.04534,50.6614],[31.05296,50.66998],[31.08561,50.66049],[31.08576,50.6752]],[[34.18943,51.17366],[33.64836,51.17883],[33.50004,51.12887],[33.6566,51.07885],[34.57119,51.00027],[34.41146,51.06651],[34.31415,51.13363],[34.27812,51.11148],[34.18943,51.17366]],[[33.38082,51.04277],[33.29378,51.04667],[33.24059,51.08465],[33.16952,51.05271],[33.14787,51.01106],[33.13009,51.005],[33.09206,51.01363],[33.08267,51.03094],[33.07107,51.03167],[33.03877,51.02018],[33.01608,51.01645],[32.92162,50.97407],[32.97269,50.94963],[33.06377,50.96216],[33.08266,50.94323],[33.11991,50.94264],[33.12763,50.93944],[33.12692,50.92189],[33.19606,50.8758],[33.20075,50.86223],[33.15786,50.8567],[33.15315,50.82747],[33.12402,50.82639],[33.11274,50.8509],[33.04355,50.83876],[32.95817,50.84569],[32.82795,50.81558],[32.84133,50.7993],[32.82141,50.78971],[32.82142,50.77099],[32.8501,50.74153],[32.82386,50.70684],[32.78045,50.68865],[32.78425,50.67727],[32.81276,50.67981],[32.87644,50.67936],[32.93053,50.69541],[32.99813,50.70117],[33.07056,50.71558],[33.19276,50.73575],[33.23314,50.73614],[33.27038,50.7461],[33.31098,50.7489],[33.34674,50.75529],[33.37595,50.76434],[33.39144,50.76644],[33.40319,50.76643],[33.41811,50.76343],[33.43851,50.75873],[33.44587,50.7549],[33.46558,50.75661],[33.47039,50.75327],[33.48063,50.75291],[33.48159,50.75096],[33.49307,50.75187],[33.49563,50.74465],[33.49776,50.74017],[33.51469,50.74171],[33.51689,50.74174],[33.53074,50.75382],[33.55024,50.78691],[33.57388,50.78809],[33.66789,50.78773],[33.70793,50.80729],[33.74002,50.81005],[33.76193,50.81326],[33.80772,50.82651],[33.83499,50.83747],[33.85825,50.83618],[33.89461,50.84339],[33.96248,50.83019],[34.05475,50.8268],[34.14782,50.84185],[34.25979,50.81054],[34.31259,50.80826],[34.36195,50.81484],[34.38399,50.8459],[34.39478,50.87791],[34.36859,50.90713],[33.83512,50.95272],[33.38399,51.07972],[33.38082,51.04277]],[[32.99073,51.24681],[32.88949,51.28191],[32.82708,51.273],[32.96207,51.15256],[32.97741,51.12715],[33.02386,51.17043],[33.10203,51.18735],[33.1797,51.17692],[33.29885,51.20895],[33.82963,51.24249],[33.81462,51.27522],[33.81158,51.29053],[33.80181,51.31149],[33.80758,51.32358],[33.79816,51.32377],[33.78823,51.32867],[33.797,51.34023],[33.79958,51.35266],[33.83189,51.36421],[33.82454,51.39156],[33.83439,51.41101],[33.8492,51.68482],[33.62316,51.60229],[33.29985,51.42381],[33.2212,51.33121],[33.17613,51.26942],[33.21538,51.24945],[33.21985,51.24911],[33.22505,51.25296],[33.2312,51.2523],[33.23092,51.25149],[33.22576,51.25196],[33.22063,51.24753],[33.21293,51.24836],[33.21049,51.24998],[33.20716,51.2474],[33.20567,51.24199],[33.20651,51.23982],[33.20907,51.23798],[33.20793,51.23729],[33.2047,51.23926],[33.20415,51.24128],[33.19208,51.24002],[33.17322,51.2393],[33.17341,51.24054],[33.20362,51.24245],[33.20503,51.24796],[33.20875,51.251],[33.16851,51.26732],[33.11352,51.24919],[32.99073,51.24681]],[[32.32438,51.72173],[32.30101,51.72277],[32.2786,51.73874],[32.13403,51.7626],[32.05784,51.74762],[32.10768,51.67717],[32.08882,51.65353],[32.02032,51.70161],[31.9517,51.73348],[31.9381,51.71092],[31.89569,51.6875],[31.84418,51.59831],[32.23017,51.55312],[32.45735,51.56992],[32.45677,51.60435],[32.37107,51.69311],[32.32438,51.72173]],[[31.8779,51.8451],[31.76923,51.86021],[31.77086,51.76728],[31.70382,51.70608],[31.63107,51.70685],[31.59079,51.68671],[31.58864,51.64477],[31.57213,51.58687],[31.62178,51.57581],[31.69889,51.58216],[31.76541,51.58319],[31.82067,51.64267],[31.84952,51.70547],[31.90686,51.76331],[31.93466,51.7837],[31.92197,51.81257],[31.88695,51.8304],[31.8779,51.8451]],[[31.62384,50.59249],[31.65479,50.59837],[31.66338,50.60739],[31.53043,50.7384],[31.45262,50.73503],[31.52396,50.5876],[31.57814,50.59269],[31.62384,50.59249]],[[31.28939,50.6456],[31.29602,50.65964],[31.30614,50.65947],[31.3184,50.65525],[31.329,50.64944],[31.34328,50.63735],[31.39175,50.6249],[31.38977,50.611],[31.39072,50.60744],[31.39815,50.59956],[31.40729,50.59974],[31.43494,50.59796],[31.45486,50.59553],[31.46877,50.58687],[31.48324,50.57596],[31.48568,50.57432],[31.4869,50.5778],[31.48768,50.58265],[31.49201,50.5866],[31.45154,50.6532],[31.39102,50.72643],[31.22729,50.6818],[31.189,50.67338],[31.20479,50.64738],[31.28939,50.6456]]],[[[34.72666,51.16194],[34.71681,51.17186],[34.72653,51.17887],[34.73241,51.1639],[34.74632,51.16423],[34.75388,51.14754],[34.76838,51.14672],[34.77543,51.13939],[34.78798,51.13324],[34.78738,51.12964],[34.77825,51.13095],[34.75735,51.13154],[34.75113,51.1484],[34.74186,51.16126],[34.72666,51.16194]]],[[[32.01558,46.62829],[32.00077,46.64022],[31.97811,46.6569],[31.96678,46.68234],[31.97468,46.7106],[31.94206,46.74449],[31.96438,46.77248],[32.1096,46.78964],[32.15391,46.80802],[32.14714,46.81162],[32.11249,46.83076],[32.08604,46.86258],[32.07025,46.86094],[32.05583,46.8654],[32.09205,46.88019],[32.08226,46.91116],[32.06719,46.92021],[32.05827,46.92877],[32.06187,46.93393],[32.06874,46.94037],[32.07801,46.94635],[32.08608,46.94916],[32.09552,46.94928],[32.10427,46.94717],[32.11629,46.93545],[32.11732,46.93322],[32.14501,46.93946],[32.10901,47.02628],[32.04584,47.03751],[32.01854,47.03317],[31.97762,47.0253],[31.94603,47.04308],[31.91793,47.05607],[31.89597,47.04502],[31.87197,47.04519],[31.8748,47.05197],[31.90594,47.06869],[31.91397,47.07776],[31.91513,47.08682],[31.84853,47.07957],[31.81831,47.11509],[31.87565,47.15246],[31.83685,47.19669],[31.83648,47.21851],[31.81957,47.233],[31.80943,47.24729],[31.80216,47.26703],[31.81775,47.29003],[31.80802,47.31821],[31.79601,47.32581],[31.75269,47.34089],[31.75159,47.34101],[31.73877,47.32768],[31.72227,47.32581],[31.71983,47.3209],[31.71253,47.32098],[31.70534,47.31857],[31.70213,47.3219],[31.69353,47.32366],[31.68944,47.32566],[31.68676,47.33013],[31.68639,47.3322],[31.69357,47.33299],[31.70281,47.3424],[31.69245,47.34789],[31.63239,47.35651],[31.60629,47.37727],[31.58497,47.40081],[31.54611,47.42435],[31.53388,47.43937],[31.52405,47.45438],[31.50581,47.45933],[31.47108,47.46196],[31.43634,47.48267],[31.41723,47.5088],[31.41768,47.51284],[31.41491,47.52054],[31.41058,47.52644],[31.40597,47.53006],[31.4017,47.53159],[31.38924,47.53229],[31.38537,47.53472],[31.38209,47.53607],[31.37761,47.53725],[31.375,47.53726],[31.36592,47.54104],[31.35256,47.54374],[31.34285,47.54698],[31.34376,47.55032],[31.34268,47.55211],[31.34028,47.55284],[31.33769,47.55778],[31.34239,47.55971],[31.37257,47.57376],[31.42649,47.59191],[31.47632,47.61028],[31.51659,47.62451],[31.56031,47.63896],[31.62159,47.65237],[31.75888,47.67413],[31.77418,47.67582],[31.80743,47.61763],[31.81517,47.61004],[31.8211,47.60983],[31.82171,47.62189],[31.82948,47.63262],[31.83094,47.64068],[31.84262,47.64592],[31.86509,47.64956],[31.87254,47.64662],[31.87467,47.62864],[31.9199,47.6326],[31.92586,47.60511],[32.0241,47.61383],[32.1042,47.61933],[32.10406,47.57938],[32.1031,47.56511],[32.09905,47.54969],[32.09714,47.53646],[32.10362,47.52807],[32.10515,47.5158],[32.10022,47.51013],[32.08429,47.50747],[32.0806,47.49705],[32.08877,47.46663],[32.11952,47.40041],[32.11866,47.39203],[32.1161,47.38272],[32.18872,47.38909],[32.20711,47.39545],[32.26179,47.4],[32.29821,47.39445],[32.29454,47.36694],[32.27208,47.34512],[32.27391,47.25459],[32.25379,47.24139],[32.23744,47.2824],[32.24305,47.31503],[32.22129,47.37377],[32.12148,47.36001],[32.11644,47.35182],[32.14969,47.20993],[32.03794,47.04969],[32.11484,47.04245],[32.1402,47.02382],[32.16792,47.04166],[32.16548,47.04888],[32.13419,47.0761],[32.16813,47.11033],[32.25055,47.20214],[32.29806,47.24079],[32.34981,47.28706],[32.4237,47.38359],[32.43709,47.38847],[32.46386,47.40102],[32.50163,47.33405],[32.52154,47.30333],[32.63072,47.29122],[32.64377,47.25489],[32.58334,47.24929],[32.47004,47.30706],[32.43503,47.29635],[32.43091,47.3187],[32.45219,47.32707],[32.43915,47.37963],[32.33186,47.23029],[32.3184,47.22575],[32.27931,47.1754],[32.24173,47.12895],[32.29777,47.13509],[32.32288,47.11016],[32.19432,47.06031],[32.1975,47.04581],[32.3661,47.05644],[32.36607,47.06727],[32.35974,47.10403],[32.35073,47.16321],[32.34835,47.17377],[32.35723,47.18649],[32.35932,47.188],[32.36077,47.18928],[32.36263,47.18975],[32.36289,47.20313],[32.38341,47.21207],[32.40609,47.21073],[32.40079,47.17128],[32.41599,47.16939],[32.42271,47.17052],[32.42929,47.17229],[32.43456,47.17506],[32.43914,47.1769],[32.44419,47.17917],[32.45016,47.18044],[32.46263,47.17856],[32.46619,47.17432],[32.4634,47.17032],[32.4604,47.15729],[32.43709,47.1529],[32.44486,47.10506],[32.46383,47.10001],[32.46343,47.0915],[32.46027,47.08392],[32.46127,47.07482],[32.46491,47.07491],[32.65354,47.09483],[32.66006,47.09606],[32.65929,47.09915],[32.66255,47.10196],[32.68384,47.10482],[32.68487,47.09752],[32.7183,47.1011],[32.77967,47.09876],[32.81204,47.09804],[32.82395,47.08901],[32.84261,47.08972],[32.8441,47.08611],[32.84691,47.0842],[32.84836,47.08251],[32.84943,47.08009],[32.85181,47.07919],[32.85426,47.07894],[32.86278,47.07942],[32.865,47.07904],[32.86878,47.07738],[32.87073,47.07723],[32.87257,47.07763],[32.87781,47.08],[32.88135,47.08092],[32.88802,47.08381],[32.89255,47.08608],[32.89739,47.08791],[32.89831,47.08936],[32.89405,47.09777],[32.89101,47.10308],[32.89045,47.10645],[32.89179,47.11109],[32.89326,47.11284],[32.89445,47.11346],[32.89756,47.11336],[32.90103,47.11259],[32.91075,47.1078],[32.91391,47.10437],[32.91365,47.10351],[32.91149,47.10147],[32.90906,47.09681],[32.90901,47.09409],[32.91007,47.09161],[32.91391,47.08785],[32.9141,47.08696],[32.91695,47.08522],[32.92386,47.08396],[32.92536,47.08342],[32.93042,47.08479],[32.93397,47.08724],[32.93477,47.09021],[32.93554,47.09455],[32.93742,47.10032],[32.93917,47.10373],[32.94019,47.10462],[32.9425,47.10576],[32.94585,47.10631],[32.94962,47.10628],[32.95056,47.10596],[32.95109,47.10558],[32.95524,47.10111],[32.96134,47.09778],[32.96422,47.09721],[32.96744,47.09726],[32.97052,47.09798],[32.97266,47.09934],[32.97345,47.10119],[32.97398,47.10352],[32.9736,47.10528],[32.97266,47.10711],[32.97193,47.10785],[32.97049,47.10815],[32.96608,47.10815],[32.96279,47.1087],[32.95741,47.10999],[32.95477,47.11094],[32.95255,47.1122],[32.95107,47.1133],[32.94999,47.11529],[32.95038,47.11702],[32.95089,47.11736],[32.95188,47.11745],[32.96276,47.11603],[32.96972,47.11607],[32.97702,47.11867],[32.98666,47.12062],[32.99269,47.12307],[32.99884,47.12696],[33.00064,47.129],[33.00194,47.1302],[33.00239,47.13154],[33.00223,47.13263],[33.00167,47.13389],[33.00162,47.1359],[33.0007,47.13758],[32.99604,47.14431],[32.9946,47.14768],[32.9937,47.1492],[32.99274,47.15042],[32.99154,47.15115],[32.98999,47.15155],[32.98596,47.15183],[32.98477,47.15236],[32.98451,47.15279],[32.98476,47.15405],[32.98568,47.15562],[32.98632,47.15593],[32.987,47.15604],[32.98839,47.15574],[32.99141,47.1536],[32.99237,47.15332],[32.99304,47.15335],[32.9936,47.1536],[32.99393,47.15403],[32.994,47.15563],[32.99371,47.15648],[32.99183,47.15766],[32.99112,47.15844],[32.99097,47.16152],[32.9904,47.16497],[32.98955,47.16643],[32.98884,47.16706],[32.98765,47.16749],[32.98746,47.16801],[32.98784,47.16878],[32.98853,47.16859],[32.99077,47.16712],[32.99173,47.16621],[32.99347,47.16545],[32.9946,47.16548],[32.99546,47.16602],[32.99605,47.16696],[32.99603,47.16821],[32.99517,47.17003],[32.99368,47.17171],[32.99262,47.1734],[32.99162,47.17661],[32.99106,47.18035],[32.99168,47.18326],[32.99149,47.18557],[32.9921,47.18694],[32.99108,47.18768],[32.99144,47.18969],[32.99408,47.19074],[32.99767,47.19083],[33.00044,47.18966],[33.00305,47.18993],[33.0042,47.19093],[33.00374,47.19192],[33.00009,47.19267],[32.99998,47.19344],[33.00091,47.19594],[33.00183,47.19642],[33.00588,47.19627],[33.00936,47.1936],[33.01187,47.19101],[33.01376,47.18746],[33.01301,47.18633],[33.01188,47.18511],[33.01253,47.18256],[33.01506,47.18036],[33.02155,47.17874],[33.02659,47.17659],[33.02941,47.17748],[33.03787,47.17809],[33.03864,47.17859],[33.03859,47.17873],[33.03887,47.17901],[33.03884,47.17926],[33.03819,47.18039],[33.03629,47.1817],[33.03577,47.18238],[33.03541,47.18421],[33.03572,47.18653],[33.03719,47.18849],[33.03963,47.18937],[33.04225,47.18996],[33.04352,47.18991],[33.0462,47.19029],[33.04986,47.19105],[33.05174,47.19103],[33.05285,47.19125],[33.05398,47.19201],[33.05468,47.19283],[33.05595,47.19304],[33.05693,47.19342],[33.05869,47.19449],[33.05877,47.19518],[33.0602,47.19597],[33.06156,47.19734],[33.06429,47.19947],[33.06617,47.20127],[33.06634,47.20173],[33.06624,47.20253],[33.06557,47.20393],[33.06553,47.20441],[33.06585,47.20503],[33.06703,47.20629],[33.06719,47.20703],[33.06703,47.20755],[33.06587,47.20901],[33.06522,47.21022],[33.06522,47.21082],[33.06583,47.21254],[33.06558,47.21321],[33.06442,47.21398],[33.06398,47.21476],[33.06414,47.21564],[33.06518,47.21674],[33.06524,47.21784],[33.06473,47.21908],[33.06487,47.21958],[33.06546,47.22028],[33.06693,47.22042],[33.07094,47.21774],[33.07178,47.21752],[33.07375,47.21763],[33.07433,47.21777],[33.07486,47.21824],[33.07504,47.21854],[33.07478,47.2193],[33.07421,47.21987],[33.07257,47.22067],[33.07199,47.22111],[33.07103,47.22256],[33.07118,47.22309],[33.07158,47.22343],[33.0725,47.22365],[33.07352,47.22333],[33.07756,47.22101],[33.07928,47.22049],[33.08193,47.22058],[33.08346,47.22116],[33.08614,47.223],[33.08733,47.22324],[33.09406,47.22624],[33.09627,47.23553],[33.15033,47.30374],[33.18478,47.34015],[33.17351,47.34339],[33.17563,47.34919],[33.19197,47.35704],[33.19801,47.37302],[33.21854,47.41172],[33.2128,47.43501],[33.21145,47.4441],[33.20436,47.48707],[33.20114,47.48789],[33.20007,47.50359],[33.19497,47.51796],[33.19142,47.51773],[33.19067,47.52099],[33.17834,47.52093],[33.15774,47.53136],[33.14435,47.53449],[33.14349,47.54747],[33.11294,47.55639],[33.08753,47.5528],[33.09512,47.56168],[33.11109,47.56342],[33.13581,47.55913],[33.15246,47.55415],[33.15572,47.54361],[33.16585,47.54059],[33.16808,47.53468],[33.18175,47.52874],[33.1955,47.53048],[33.19881,47.52848],[33.21883,47.53155],[33.23958,47.53051],[33.25965,47.54001],[33.2741,47.54628],[33.28614,47.54369],[33.28763,47.53866],[33.28773,47.52697],[33.27977,47.5215],[33.27902,47.51718],[33.29656,47.50373],[33.30962,47.50173],[33.31492,47.48938],[33.32681,47.48916],[33.35267,47.49886],[33.36346,47.50318],[33.38576,47.51665],[33.43765,47.52045],[33.4646,47.5288],[33.48364,47.54407],[33.49445,47.5539],[33.56818,47.56224],[33.62753,47.47927],[33.63659,47.46984],[33.65375,47.44816],[33.68971,47.44988],[33.70508,47.45127],[33.72123,47.43083],[33.72488,47.41463],[33.83,47.42784],[33.83563,47.43418],[33.87602,47.48132],[33.90386,47.48265],[33.93652,47.48686],[33.94001,47.4712],[33.94867,47.45468],[33.95722,47.41829],[33.97232,47.39354],[33.97763,47.36658],[33.96643,47.30307],[33.93525,47.28585],[33.92037,47.27273],[33.91246,47.24104],[33.88809,47.22193],[33.86621,47.20951],[33.85337,47.20661],[33.82478,47.19488],[33.78135,47.17972],[33.78346,47.15965],[33.78722,47.14305],[33.78823,47.1317],[33.77975,47.11778],[33.76027,47.09606],[33.72526,47.07934],[33.68846,47.06489],[33.65212,47.0437],[33.6591,47.02214],[33.66042,47.00537],[33.65481,46.98536],[33.6141,46.95437],[33.60224,46.94247],[33.59776,46.92349],[33.59862,46.89883],[33.59365,46.86243],[33.57029,46.85448],[33.50957,46.8577],[33.47301,46.84782],[33.4281,46.83664],[33.40393,46.82371],[33.35971,46.78617],[33.37058,46.78103],[33.36424,46.77873],[33.35844,46.78182],[33.35234,46.7785],[33.34498,46.78182],[33.31641,46.7753],[33.31013,46.77423],[33.30355,46.77419],[33.29829,46.77558],[33.29235,46.77898],[33.2875,46.78072],[33.28339,46.78387],[33.28103,46.78413],[33.27254,46.78265],[33.26048,46.78265],[33.25732,46.78354],[33.25288,46.78314],[33.24294,46.78398],[33.23407,46.78603],[33.2272,46.78571],[33.22092,46.78481],[33.21762,46.78344],[33.21373,46.78277],[33.21132,46.78328],[33.20794,46.78666],[33.2052,46.78803],[33.18987,46.78789],[33.18386,46.78845],[33.1653,46.78799],[33.14136,46.78563],[33.11531,46.77567],[33.09625,46.76942],[33.07883,46.762],[33.06571,46.75815],[33.04641,46.7475],[33.03464,46.74336],[33.01514,46.74205],[33.00028,46.74329],[32.99745,46.74228],[32.97646,46.74248],[32.95942,46.73997],[32.9489,46.73975],[32.94078,46.73848],[32.93861,46.73928],[32.93709,46.7412],[32.93571,46.74157],[32.93279,46.7414],[32.928,46.74222],[32.92364,46.74216],[32.92344,46.74255],[32.91896,46.74241],[32.91793,46.74211],[32.91687,46.74211],[32.915,46.74321],[32.91201,46.74311],[32.9071,46.74139],[32.9,46.74103],[32.89832,46.73991],[32.89771,46.73803],[32.89555,46.73698],[32.89041,46.73623],[32.86903,46.72181],[32.85116,46.70915],[32.84514,46.70366],[32.82746,46.69485],[32.81303,46.68442],[32.80163,46.67925],[32.78694,46.6743],[32.77388,46.67253],[32.75561,46.67254],[32.72885,46.67509],[32.71946,46.6734],[32.65758,46.65431],[32.63173,46.63264],[32.6189,46.62415],[32.61293,46.6226],[32.60566,46.61537],[32.59238,46.60525],[32.58087,46.60089],[32.58048,46.59772],[32.57866,46.59649],[32.57031,46.59646],[32.56364,46.59793],[32.55941,46.60027],[32.54306,46.59508],[32.51909,46.59604],[32.50593,46.59367],[32.49476,46.58553],[32.48749,46.58299],[32.48265,46.58015],[32.47783,46.57397],[32.45994,46.56733],[32.4483,46.56266],[32.44001,46.56064],[32.42713,46.55969],[32.41997,46.56098],[32.41416,46.56007],[32.4086,46.55828],[32.39728,46.55365],[32.38786,46.54843],[32.38553,46.54805],[32.36812,46.54825],[32.35754,46.55042],[32.34481,46.54794],[32.33629,46.55052],[32.32542,46.54992],[32.32362,46.55116],[32.32064,46.55051],[32.31727,46.5523],[32.31556,46.55495],[32.31571,46.55583],[32.3136,46.55814],[32.3099,46.56025],[32.30543,46.5616],[32.28586,46.57771],[32.28346,46.57661],[32.27934,46.5783],[32.27762,46.58181],[32.27246,46.58499],[32.26233,46.58959],[32.25049,46.5923],[32.24285,46.59164],[32.20958,46.57729],[32.18739,46.576],[32.14028,46.55729],[32.11295,46.60533],[32.09619,46.61585],[32.08029,46.61666],[32.05771,46.61386],[32.04889,46.616],[32.03356,46.62242],[32.02543,46.62382],[32.01558,46.62829]],[[33.24412,47.41196],[33.22335,47.3657],[33.22065,47.35186],[33.24829,47.34744],[33.28216,47.3614],[33.29073,47.36065],[33.2921,47.36039],[33.29288,47.36239],[33.29304,47.36398],[33.29359,47.36472],[33.29546,47.36565],[33.29735,47.36568],[33.29852,47.36623],[33.29903,47.36679],[33.29855,47.36788],[33.29908,47.36834],[33.30526,47.36923],[33.31022,47.3706],[33.31097,47.37049],[33.31221,47.36988],[33.31551,47.3678],[33.32086,47.36556],[33.32257,47.3652],[33.32408,47.36517],[33.32716,47.36457],[33.3299,47.3643],[33.33214,47.36468],[33.33322,47.36444],[33.33538,47.3635],[33.33771,47.36315],[33.33848,47.36266],[33.33931,47.36133],[33.34042,47.3608],[33.34164,47.36057],[33.34345,47.36058],[33.34532,47.36102],[33.3457,47.36155],[33.34579,47.36212],[33.34495,47.3646],[33.3451,47.36555],[33.34588,47.36578],[33.3474,47.36496],[33.34906,47.36456],[33.35403,47.36522],[33.35496,47.36567],[33.35769,47.3679],[33.35931,47.36863],[33.36027,47.36871],[33.3676,47.37262],[33.36823,47.37397],[33.36814,47.37613],[33.369,47.37615],[33.36917,47.37699],[33.36873,47.37911],[33.36969,47.37968],[33.37144,47.3797],[33.37311,47.38027],[33.37522,47.38219],[33.37614,47.38595],[33.37541,47.3869],[33.37334,47.38798],[33.36992,47.39053],[33.36952,47.39197],[33.36967,47.39341],[33.36695,47.39733],[33.36671,47.3991],[33.36572,47.40134],[33.36498,47.40561],[33.3651,47.40991],[33.36575,47.41198],[33.36537,47.41313],[33.36659,47.41739],[33.36948,47.41951],[33.37366,47.4186],[33.37888,47.41647],[33.38748,47.4166],[33.39637,47.41767],[33.40006,47.42043],[33.40696,47.42382],[33.40714,47.42579],[33.40574,47.42683],[33.40095,47.42753],[33.40059,47.42714],[33.39491,47.4274],[33.39263,47.4284],[33.38661,47.43266],[33.38469,47.43576],[33.38247,47.43811],[33.38294,47.43927],[33.38395,47.43972],[33.38725,47.44051],[33.38857,47.44188],[33.38933,47.44556],[33.38945,47.44828],[33.38918,47.44962],[33.38987,47.45515],[33.38989,47.45651],[33.38896,47.45813],[33.38838,47.45849],[33.38447,47.45868],[33.37892,47.46024],[33.37632,47.45988],[33.37409,47.45893],[33.3731,47.45629],[33.37194,47.45463],[33.36418,47.4472],[33.36204,47.44589],[33.35995,47.4453],[33.35726,47.44427],[33.35388,47.44378],[33.3469,47.4457],[33.34582,47.44643],[33.34436,47.44671],[33.34307,47.44717],[33.34266,47.44829],[33.34372,47.44937],[33.34612,47.45034],[33.34858,47.45176],[33.35022,47.45774],[33.34836,47.45922],[33.34856,47.46408],[33.34761,47.46707],[33.33492,47.46555],[33.3343,47.46773],[33.33244,47.46995],[33.3288,47.47197],[33.32265,47.47283],[33.32019,47.47175],[33.30811,47.46557],[33.30749,47.4562],[33.28117,47.45272],[33.26156,47.45891],[33.23642,47.45339],[33.23611,47.44617],[33.24412,47.41196]],[[33.29765,47.33393],[33.29819,47.33365],[33.29884,47.33337],[33.29885,47.33339],[33.29765,47.33393]],[[33.19387,47.25962],[33.19394,47.25768],[33.19398,47.25749],[33.194,47.25749],[33.19387,47.25962]],[[33.1863,47.24403],[33.18603,47.24377],[33.18579,47.24343],[33.18581,47.24342],[33.1863,47.24403]],[[32.37036,47.02054],[32.36627,47.04446],[32.22846,47.02964],[32.18869,47.03546],[32.15744,46.99688],[32.16673,46.94425],[32.37488,46.99542],[32.37603,47.00252],[32.37036,47.02054]],[[31.41024,47.54006],[31.41399,47.5336],[31.42577,47.52254],[31.44177,47.50458],[31.4559,47.48955],[31.47796,47.47385],[31.50216,47.47308],[31.51604,47.4716],[31.53815,47.46316],[31.56689,47.42794],[31.58256,47.41919],[31.61576,47.38956],[31.64261,47.36636],[31.66455,47.36033],[31.69506,47.35522],[31.72616,47.35758],[31.74823,47.35104],[31.74944,47.35468],[31.7493,47.36022],[31.75209,47.36547],[31.7558,47.36517],[31.75804,47.36458],[31.75856,47.36114],[31.75607,47.35954],[31.755,47.35751],[31.75651,47.35363],[31.76289,47.35223],[31.76452,47.35063],[31.76337,47.34727],[31.76067,47.34507],[31.79138,47.33423],[31.80227,47.33086],[31.81476,47.32174],[31.82738,47.29003],[31.81131,47.26783],[31.82118,47.24917],[31.8499,47.22678],[31.86546,47.22036],[31.88042,47.21506],[31.90815,47.15757],[31.97213,47.0487],[32.01088,47.05093],[32.13612,47.21293],[32.09416,47.36002],[32.03284,47.37791],[32.03301,47.39966],[32.09256,47.41286],[32.08036,47.43001],[32.0405,47.42713],[32.03992,47.44306],[32.08267,47.44212],[32.07119,47.46578],[32.06384,47.50032],[32.06657,47.52054],[32.07308,47.52941],[32.07574,47.54946],[32.07359,47.56443],[32.08782,47.59069],[32.07938,47.60999],[31.91937,47.59897],[31.90925,47.62638],[31.8665,47.62244],[31.86053,47.64158],[31.84518,47.63969],[31.82744,47.60887],[31.8258,47.60248],[31.81987,47.60326],[31.80586,47.60474],[31.7871,47.62689],[31.77656,47.64789],[31.76513,47.66348],[31.62538,47.64499],[31.56927,47.62811],[31.52281,47.61028],[31.38833,47.5671],[31.35395,47.55448],[31.36044,47.54966],[31.37079,47.54573],[31.3816,47.54443],[31.38786,47.54315],[31.39824,47.54378],[31.41024,47.54006]]],[[[32.7297,46.66439],[32.73059,46.66191],[32.73293,46.66096],[32.73565,46.65724],[32.7289,46.6561],[32.72594,46.65904],[32.72216,46.65866],[32.71921,46.66108],[32.69802,46.65863],[32.67204,46.65051],[32.65836,46.64382],[32.65434,46.64376],[32.66517,46.65036],[32.6805,46.65616],[32.69371,46.66025],[32.71354,46.66503],[32.71681,46.66551],[32.71956,46.6657],[32.72325,46.66498],[32.72564,46.66473],[32.72629,46.66435],[32.7297,46.66439]]],[[[32.40316,46.55273],[32.4046,46.54953],[32.40271,46.54587],[32.39945,46.54297],[32.39585,46.5415],[32.39018,46.5379],[32.38743,46.53642],[32.38452,46.5376],[32.38314,46.5399],[32.38057,46.54315],[32.37422,46.54374],[32.37338,46.54541],[32.38497,46.54535],[32.39,46.54639],[32.3946,46.54785],[32.40316,46.55273]]],[[[31.40752,47.50089],[31.41077,47.47031],[31.40379,47.46686],[31.40025,47.46466],[31.3936,47.4637],[31.38145,47.46785],[31.38959,47.49939],[31.37654,47.51959],[31.38083,47.52182],[31.38868,47.5226],[31.40752,47.50089]]],[[[30.27184,50.53029],[30.24426,50.53813],[30.23127,50.53274],[30.22756,50.52473],[30.24485,50.50172],[30.23412,50.44653],[30.20983,50.44444],[30.21012,50.43803],[30.2025,50.43802],[30.1962,50.44284],[30.15853,50.44022],[30.14059,50.43312],[30.12142,50.4275],[30.05113,50.41938],[29.99136,50.3966],[30.04245,50.3544],[30.02967,50.34565],[30.00755,50.34901],[29.95023,50.37234],[29.91429,50.36868],[29.85788,50.41621],[29.74611,50.41335],[29.72066,50.40804],[29.71576,50.41318],[29.71486,50.42388],[29.72153,50.42788],[29.72418,50.43359],[29.7478,50.44441],[29.80227,50.47005],[29.81544,50.49755],[29.76758,50.5351],[29.74444,50.56627],[29.74972,50.61695],[29.7561,50.6856],[29.78726,50.76294],[29.75517,50.82819],[29.72696,50.84109],[29.6331,50.82676],[29.57609,50.83245],[29.57366,50.82165],[29.51886,50.83035],[29.49728,50.90941],[29.47588,50.92342],[29.43128,50.94693],[29.42721,50.97346],[29.44678,51.02929],[29.47394,51.03424],[29.43878,51.15122],[29.33096,51.26965],[29.26615,51.2691],[29.24097,51.25464],[29.22632,51.24935],[29.21992,51.25244],[29.22426,51.26475],[29.22449,51.27641],[29.20177,51.2831],[29.20703,51.29548],[29.19399,51.32775],[29.16391,51.32525],[29.16679,51.33906],[29.1911,51.33964],[29.19898,51.35819],[29.22318,51.36586],[29.28783,51.37349],[29.28849,51.38236],[29.29951,51.38503],[29.32143,51.37773],[29.33394,51.38541],[29.34878,51.38421],[29.35964,51.38896],[29.36603,51.38986],[29.37363,51.39826],[29.40366,51.41104],[29.41588,51.4136],[29.43015,51.41294],[29.45916,51.403],[29.50069,51.3969],[29.5127,51.42314],[29.52058,51.42198],[29.51714,51.42766],[29.52125,51.4341],[29.51643,51.44346],[29.51849,51.45261],[29.52381,51.45708],[29.52878,51.45898],[29.5329,51.4637],[29.53163,51.46799],[29.53722,51.48255],[29.57554,51.46141],[29.5775,51.46127],[29.5835,51.46256],[29.5874,51.46455],[29.605,51.47228],[29.60593,51.49386],[29.62085,51.4927],[29.62746,51.50218],[29.63406,51.5061],[29.63981,51.49859],[29.64856,51.50099],[29.64821,51.50161],[29.65069,51.50528],[29.65334,51.50617],[29.66577,51.50277],[29.66944,51.50268],[29.66971,51.50829],[29.67162,51.5112],[29.68335,51.51369],[29.68741,51.51696],[29.69516,51.51702],[29.70463,51.5204],[29.70748,51.52055],[29.70753,51.52789],[29.73767,51.53083],[29.74239,51.51284],[29.73534,51.51094],[29.74211,51.50235],[29.74475,51.49356],[29.72548,51.49182],[29.73089,51.4798],[29.73346,51.46945],[29.74202,51.46158],[29.73903,51.459],[29.7642,51.44926],[29.77933,51.44677],[29.79398,51.44148],[29.79101,51.45744],[29.81047,51.45907],[29.81283,51.44874],[29.84313,51.45727],[29.84793,51.44898],[29.85563,51.44876],[29.86502,51.44629],[29.87382,51.4443],[29.87772,51.44525],[29.87797,51.45025],[29.87658,51.45223],[29.8757,51.45662],[29.88578,51.46379],[29.88534,51.46627],[29.88737,51.4679],[29.88647,51.47095],[29.88947,51.47107],[29.89031,51.4728],[29.88789,51.47401],[29.8844,51.47494],[29.88293,51.4768],[29.88429,51.47742],[29.88665,51.47727],[29.88915,51.47899],[29.88942,51.48286],[29.89072,51.48374],[29.90393,51.48511],[29.90623,51.48671],[29.91016,51.48551],[29.91458,51.48706],[29.91708,51.48846],[29.91863,51.48698],[29.92122,51.48809],[29.9252,51.48709],[29.92372,51.4898],[29.9465,51.48368],[29.95155,51.47357],[29.96199,51.47131],[29.9669,51.47202],[29.97054,51.47527],[29.97113,51.48037],[29.97532,51.4835],[29.98191,51.48578],[29.99028,51.48135],[30.00084,51.48565],[30.00342,51.48834],[30.00755,51.48985],[30.01221,51.4895],[30.01301,51.49503],[30.01827,51.49543],[30.01615,51.49607],[30.01524,51.49729],[30.01426,51.49958],[30.01218,51.5027],[30.01243,51.50469],[30.01906,51.50465],[30.02741,51.50267],[30.0337,51.50326],[30.0559,51.49717],[30.0623,51.49899],[30.0746,51.49573],[30.07763,51.49695],[30.10427,51.49095],[30.11084,51.48708],[30.12124,51.48616],[30.12248,51.48988],[30.12907,51.48769],[30.12063,51.50449],[30.13156,51.50558],[30.14437,51.49458],[30.163,51.48807],[30.16732,51.50881],[30.18042,51.51246],[30.21395,51.49249],[30.24506,51.48619],[30.27953,51.46482],[30.28804,51.46335],[30.29178,51.45909],[30.29827,51.45632],[30.30883,51.44661],[30.31154,51.44293],[30.3187,51.44033],[30.32145,51.43404],[30.32558,51.43096],[30.33073,51.42874],[30.33451,51.42481],[30.34413,51.42332],[30.35614,51.38286],[30.35571,51.37849],[30.32335,51.36148],[30.33462,51.3516],[30.34828,51.3488],[30.36599,51.33418],[30.39092,51.32189],[30.39854,51.31233],[30.41027,51.30839],[30.42114,51.30424],[30.44488,51.30877],[30.46179,51.30602],[30.45764,51.2967],[30.46207,51.29425],[30.46322,51.29073],[30.45692,51.28628],[30.45343,51.28791],[30.45006,51.28149],[30.45378,51.27918],[30.45128,51.27704],[30.45205,51.27313],[30.46347,51.27266],[30.4748,51.27548],[30.5052,51.27897],[30.53285,51.2651],[30.5156,51.23599],[30.50716,51.23089],[30.50386,51.22472],[30.51439,51.21318],[30.49897,51.21514],[30.48115,51.22012],[30.4737,51.2338],[30.47278,51.23984],[30.46568,51.24287],[30.45594,51.23227],[30.44964,51.22984],[30.43128,51.23301],[30.42307,51.2273],[30.41633,51.23224],[30.41131,51.2388],[30.39475,51.24136],[30.38917,51.23845],[30.3769,51.23855],[30.37862,51.24701],[30.37296,51.24817],[30.36163,51.24613],[30.35613,51.25216],[30.33038,51.2453],[30.31624,51.23058],[30.32239,51.22472],[30.33061,51.22072],[30.33849,51.22022],[30.34295,51.2165],[30.34952,51.21632],[30.36194,51.21539],[30.37166,51.20814],[30.39246,51.20719],[30.39352,51.19377],[30.39629,51.19028],[30.40042,51.18679],[30.41112,51.1934],[30.41839,51.19376],[30.43103,51.18426],[30.44044,51.18241],[30.45088,51.17798],[30.45074,51.17391],[30.44716,51.16919],[30.45409,51.16405],[30.46177,51.15422],[30.47794,51.15451],[30.48003,51.15329],[30.48427,51.12622],[30.47668,51.12202],[30.47424,51.11458],[30.46576,51.11577],[30.4567,51.11232],[30.4482,51.10865],[30.44905,51.10454],[30.43633,51.10128],[30.43629,51.10748],[30.43483,51.11169],[30.43844,51.11279],[30.44086,51.11541],[30.4354,51.11719],[30.43373,51.12184],[30.42732,51.12251],[30.42994,51.11502],[30.40607,51.08136],[30.40812,51.07445],[30.40744,51.06667],[30.37794,51.06533],[30.37868,51.05599],[30.3405,51.0419],[30.31971,51.05396],[30.29901,51.05351],[30.29158,51.04735],[30.3016,51.04157],[30.29857,51.03903],[30.31511,51.03795],[30.33264,51.03385],[30.34896,51.02867],[30.36141,51.02661],[30.37089,51.01953],[30.37804,51.02356],[30.39088,51.02848],[30.40922,51.02455],[30.42534,50.99037],[30.44402,50.9843],[30.43242,50.96592],[30.44791,50.9457],[30.45549,50.91964],[30.45013,50.91216],[30.44203,50.90728],[30.44573,50.88712],[30.41961,50.8826],[30.41837,50.88024],[30.42056,50.87746],[30.42601,50.87354],[30.4242,50.86765],[30.42574,50.86379],[30.42315,50.85661],[30.41597,50.85331],[30.41086,50.85027],[30.40744,50.8462],[30.40858,50.84267],[30.40604,50.83822],[30.40104,50.83371],[30.39227,50.82821],[30.38912,50.82296],[30.38856,50.81825],[30.38159,50.81435],[30.3806,50.80666],[30.37651,50.79886],[30.37399,50.79644],[30.37343,50.79441],[30.37524,50.79413],[30.37595,50.79238],[30.36766,50.78742],[30.36767,50.7852],[30.3687,50.78364],[30.37137,50.78089],[30.37603,50.77779],[30.37393,50.77536],[30.37286,50.77249],[30.37398,50.76861],[30.37717,50.76358],[30.38159,50.7609],[30.38241,50.75877],[30.3684,50.75269],[30.36675,50.7504],[30.36908,50.7436],[30.37346,50.74392],[30.37579,50.74185],[30.37798,50.73667],[30.38061,50.73214],[30.37744,50.72721],[30.35755,50.72481],[30.33741,50.7192],[30.29525,50.70471],[30.28346,50.62526],[30.28686,50.62274],[30.33063,50.6058],[30.30399,50.56478],[30.29592,50.5527],[30.28433,50.54067],[30.27184,50.53029]]]]},"properties":{"source":"deepstate","source_name":"DeepStateMap","source_url":"https://deepstatemap.live/en","category":"ukraine","category_label":"Ukraine-controlled / recently liberated","snapshot_time":"24.09 o 16:24","fetched_at_utc":"2026-09-26T09:55:55+00:00","source_labels":["Liberated","Liberated 02.07","Liberated 04.09","Liberated 05.04","Liberated 16.03-17.03","Liberated 23.03","Liberated 25.03","Liberated 26.03","Liberated 26.06","Liberated 27-29.03","Liberated 27-31.03","Liberated 30.03","Liberated 30.05","Liberated 31.03","Liberated 31.03 - 02.04"],"source_polygons":53,"area_km2_approx":41168,"processing":"merged and simplified"}}]}