{"type":"FeatureCollection","features":[{"type":"Feature","geometry":{"type":"Point","coordinates":[30.19399,45.96202]},"properties":{"source":"economist_fires","source_name":"The Economist war-fire model","source_url":"https://github.com/TheEconomist/the-economist-war-fire-model","id":0,"date":"2026-09-18","link":"https://www.economist.com/interactive/graphic-detail/ukraine-fires","category":"Fire classified as war-related (model estimate)","side":"Not attributed","color":"#FF8C00","radius":3,"orbat":[],"description":"Satellite heat detection at 09:43 UTC, in an area of abnormal fire activity. Urban area."}},{"type":"Feature","geometry":{"type":"Point","coordinates":[30.19274,45.96489]},"properties":{"source":"economist_fires","source_name":"The Economist war-fire model","source_url":"https://github.com/TheEconomist/the-economist-war-fire-model","id":1,"date":"2026-09-18","link":"https://www.economist.com/interactive/graphic-detail/ukraine-fires","category":"Fire classified as war-related (model estimate)","side":"Not attributed","color":"#FF8C00","radius":3,"orbat":[],"description":"Satellite heat detection at 09:43 UTC, in an area of abnormal fire activity. Urban area."}},{"type":"Feature","geometry":{"type":"Point","coordinates":[30.1901,45.96781]},"properties":{"source":"economist_fires","source_name":"The Economist war-fire model","source_url":"https://github.com/TheEconomist/the-economist-war-fire-model","id":2,"date":"2026-09-18","link":"https://www.economist.com/interactive/graphic-detail/ukraine-fires","category":"Fire classified as war-related (model estimate)","side":"Not attributed","color":"#FF8C00","radius":3,"orbat":[],"description":"Satellite heat detection at 09:43 UTC, in an area of abnormal fire activity. Urban area."}},{"type":"Feature","geometry":{"type":"Point","coordinates":[30.16915,46.01044]},"properties":{"source":"economist_fires","source_name":"The Economist war-fire model","source_url":"https://github.com/TheEconomist/the-economist-war-fire-model","id":3,"date":"2026-09-18","link":"https://www.economist.com/interactive/graphic-detail/ukraine-fires","category":"Fire classified as war-related (model estimate)","side":"Not attributed","color":"#FF8C00","radius":3,"orbat":[],"description":"Satellite heat detection at 09:43 UTC, in an area of abnormal fire activity. Urban area."}},{"type":"Feature","geometry":{"type":"Point","coordinates":[30.20438,45.95998]},"properties":{"source":"economist_fires","source_name":"The Economist war-fire model","source_url":"https://github.com/TheEconomist/the-economist-war-fire-model","id":4,"date":"2026-09-18","link":"https://www.economist.com/interactive/graphic-detail/ukraine-fires","category":"Fire classified as war-related (model estimate)","side":"Not attributed","color":"#FF8C00","radius":3,"orbat":[],"description":"Satellite heat detection at 10:28 UTC, in an area of abnormal fire activity. Urban area."}},{"type":"Feature","geometry":{"type":"Point","coordinates":[30.21044,45.9612]},"properties":{"source":"economist_fires","source_name":"The Economist war-fire model","source_url":"https://github.com/TheEconomist/the-economist-war-fire-model","id":5,"date":"2026-09-18","link":"https://www.economist.com/interactive/graphic-detail/ukraine-fires","category":"Fire classified as war-related (model estimate)","side":"Not attributed","color":"#FF8C00","radius":3,"orbat":[],"description":"Satellite heat detection at 10:28 UTC, in an area of abnormal fire activity. Urban area."}},{"type":"Feature","geometry":{"type":"Point","coordinates":[30.20897,45.96478]},"properties":{"source":"economist_fires","source_name":"The Economist war-fire model","source_url":"https://github.com/TheEconomist/the-economist-war-fire-model","id":6,"date":"2026-09-18","link":"https://www.economist.com/interactive/graphic-detail/ukraine-fires","category":"Fire classified as war-related (model estimate)","side":"Not attributed","color":"#FF8C00","radius":3,"orbat":[],"description":"Satellite heat detection at 10:28 UTC, in an area of abnormal fire activity. Urban area."}},{"type":"Feature","geometry":{"type":"Point","coordinates":[30.2075,45.96835]},"properties":{"source":"economist_fires","source_name":"The Economist war-fire model","source_url":"https://github.com/TheEconomist/the-economist-war-fire-model","id":7,"date":"2026-09-18","link":"https://www.economist.com/interactive/graphic-detail/ukraine-fires","category":"Fire classified as war-related (model estimate)","side":"Not attributed","color":"#FF8C00","radius":3,"orbat":[],"description":"Satellite heat detection at 10:28 UTC, in an area of abnormal fire activity. Urban area."}},{"type":"Feature","geometry":{"type":"Point","coordinates":[30.19951,45.96106]},"properties":{"source":"economist_fires","source_name":"The Economist war-fire model","source_url":"https://github.com/TheEconomist/the-economist-war-fire-model","id":8,"date":"2026-09-18","link":"https://www.economist.com/interactive/graphic-detail/ukraine-fires","category":"Fire classified as war-related (model estimate)","side":"Not attributed","color":"#FF8C00","radius":3,"orbat":[],"description":"Satellite heat detection at 11:04 UTC, in an area of abnormal fire activity. Urban area."}},{"type":"Feature","geometry":{"type":"Point","coordinates":[30.20448,45.96178]},"properties":{"source":"economist_fires","source_name":"The Economist war-fire model","source_url":"https://github.com/TheEconomist/the-economist-war-fire-model","id":9,"date":"2026-09-18","link":"https://www.economist.com/interactive/graphic-detail/ukraine-fires","category":"Fire classified as war-related (model estimate)","side":"Not attributed","color":"#FF8C00","radius":3,"orbat":[],"description":"Satellite heat detection at 11:04 UTC, in an area of abnormal fire activity. Urban area."}},{"type":"Feature","geometry":{"type":"Point","coordinates":[30.20349,45.96508]},"properties":{"source":"economist_fires","source_name":"The Economist war-fire model","source_url":"https://github.com/TheEconomist/the-economist-war-fire-model","id":10,"date":"2026-09-18","link":"https://www.economist.com/interactive/graphic-detail/ukraine-fires","category":"Fire classified as war-related (model estimate)","side":"Not attributed","color":"#FF8C00","radius":3,"orbat":[],"description":"Satellite heat detection at 11:04 UTC, in an area of abnormal fire activity. Urban area."}},{"type":"Feature","geometry":{"type":"Point","coordinates":[30.20846,45.9658]},"properties":{"source":"economist_fires","source_name":"The Economist war-fire model","source_url":"https://github.com/TheEconomist/the-economist-war-fire-model","id":11,"date":"2026-09-18","link":"https://www.economist.com/interactive/graphic-detail/ukraine-fires","category":"Fire classified as war-related (model estimate)","side":"Not attributed","color":"#FF8C00","radius":3,"orbat":[],"description":"Satellite heat detection at 11:04 UTC, in an area of abnormal fire activity. Urban area."}},{"type":"Feature","geometry":{"type":"Point","coordinates":[30.21343,45.96652]},"properties":{"source":"economist_fires","source_name":"The Economist war-fire model","source_url":"https://github.com/TheEconomist/the-economist-war-fire-model","id":12,"date":"2026-09-18","link":"https://www.economist.com/interactive/graphic-detail/ukraine-fires","category":"Fire classified as war-related (model estimate)","side":"Not attributed","color":"#FF8C00","radius":3,"orbat":[],"description":"Satellite heat detection at 11:04 UTC, in an area of abnormal fire activity. Urban area."}},{"type":"Feature","geometry":{"type":"Point","coordinates":[30.19754,45.96765]},"properties":{"source":"economist_fires","source_name":"The Economist war-fire model","source_url":"https://github.com/TheEconomist/the-economist-war-fire-model","id":13,"date":"2026-09-18","link":"https://www.economist.com/interactive/graphic-detail/ukraine-fires","category":"Fire classified as war-related (model estimate)","side":"Not attributed","color":"#FF8C00","radius":3,"orbat":[],"description":"Satellite heat detection at 11:04 UTC, in an area of abnormal fire activity. Urban area."}},{"type":"Feature","geometry":{"type":"Point","coordinates":[30.20251,45.96837]},"properties":{"source":"economist_fires","source_name":"The Economist war-fire model","source_url":"https://github.com/TheEconomist/the-economist-war-fire-model","id":14,"date":"2026-09-18","link":"https://www.economist.com/interactive/graphic-detail/ukraine-fires","category":"Fire classified as war-related (model estimate)","side":"Not attributed","color":"#FF8C00","radius":3,"orbat":[],"description":"Satellite heat detection at 11:04 UTC, in an area of abnormal fire activity. Urban area."}},{"type":"Feature","geometry":{"type":"Point","coordinates":[30.21244,45.96982]},"properties":{"source":"economist_fires","source_name":"The Economist war-fire model","source_url":"https://github.com/TheEconomist/the-economist-war-fire-model","id":15,"date":"2026-09-18","link":"https://www.economist.com/interactive/graphic-detail/ukraine-fires","category":"Fire classified as war-related (model estimate)","side":"Not attributed","color":"#FF8C00","radius":3,"orbat":[],"description":"Satellite heat detection at 11:04 UTC, in an area of abnormal fire activity. Urban area."}},{"type":"Feature","geometry":{"type":"Point","coordinates":[30.19655,45.97095]},"properties":{"source":"economist_fires","source_name":"The Economist war-fire model","source_url":"https://github.com/TheEconomist/the-economist-war-fire-model","id":16,"date":"2026-09-18","link":"https://www.economist.com/interactive/graphic-detail/ukraine-fires","category":"Fire classified as war-related (model estimate)","side":"Not attributed","color":"#FF8C00","radius":3,"orbat":[],"description":"Satellite heat detection at 11:04 UTC, in an area of abnormal fire activity. Urban area."}},{"type":"Feature","geometry":{"type":"Point","coordinates":[30.20871,45.95873]},"properties":{"source":"economist_fires","source_name":"The Economist war-fire model","source_url":"https://github.com/TheEconomist/the-economist-war-fire-model","id":17,"date":"2026-09-18","link":"https://www.economist.com/interactive/graphic-detail/ukraine-fires","category":"Fire classified as war-related (model estimate)","side":"Not attributed","color":"#FF8C00","radius":3,"orbat":[],"description":"Satellite heat detection at 11:23 UTC, in an area of abnormal fire activity. Urban area."}},{"type":"Feature","geometry":{"type":"Point","coordinates":[30.21326,45.9633]},"properties":{"source":"economist_fires","source_name":"The Economist war-fire model","source_url":"https://github.com/TheEconomist/the-economist-war-fire-model","id":18,"date":"2026-09-18","link":"https://www.economist.com/interactive/graphic-detail/ukraine-fires","category":"Fire classified as war-related (model estimate)","side":"Not attributed","color":"#FF8C00","radius":3,"orbat":[],"description":"Satellite heat detection at 11:23 UTC, in an area of abnormal fire activity. Urban area."}},{"type":"Feature","geometry":{"type":"Point","coordinates":[30.19147,45.96555]},"properties":{"source":"economist_fires","source_name":"The Economist war-fire model","source_url":"https://github.com/TheEconomist/the-economist-war-fire-model","id":19,"date":"2026-09-18","link":"https://www.economist.com/interactive/graphic-detail/ukraine-fires","category":"Fire classified as war-related (model estimate)","side":"Not attributed","color":"#FF8C00","radius":3,"orbat":[],"description":"Satellite heat detection at 11:23 UTC, in an area of abnormal fire activity. Urban area."}},{"type":"Feature","geometry":{"type":"Point","coordinates":[30.19673,45.96601]},"properties":{"source":"economist_fires","source_name":"The Economist war-fire model","source_url":"https://github.com/TheEconomist/the-economist-war-fire-model","id":20,"date":"2026-09-18","link":"https://www.economist.com/interactive/graphic-detail/ukraine-fires","category":"Fire classified as war-related (model estimate)","side":"Not attributed","color":"#FF8C00","radius":3,"orbat":[],"description":"Satellite heat detection at 11:23 UTC, in an area of abnormal fire activity. Urban area."}},{"type":"Feature","geometry":{"type":"Point","coordinates":[30.20199,45.96647]},"properties":{"source":"economist_fires","source_name":"The Economist war-fire model","source_url":"https://github.com/TheEconomist/the-economist-war-fire-model","id":21,"date":"2026-09-18","link":"https://www.economist.com/interactive/graphic-detail/ukraine-fires","category":"Fire classified as war-related (model estimate)","side":"Not attributed","color":"#FF8C00","radius":3,"orbat":[],"description":"Satellite heat detection at 11:23 UTC, in an area of abnormal fire activity. Urban area."}},{"type":"Feature","geometry":{"type":"Point","coordinates":[30.20726,45.96694]},"properties":{"source":"economist_fires","source_name":"The Economist war-fire model","source_url":"https://github.com/TheEconomist/the-economist-war-fire-model","id":22,"date":"2026-09-18","link":"https://www.economist.com/interactive/graphic-detail/ukraine-fires","category":"Fire classified as war-related (model estimate)","side":"Not attributed","color":"#FF8C00","radius":3,"orbat":[],"description":"Satellite heat detection at 11:23 UTC, in an area of abnormal fire activity. Urban area."}},{"type":"Feature","geometry":{"type":"Point","coordinates":[30.21253,45.9674]},"properties":{"source":"economist_fires","source_name":"The Economist war-fire model","source_url":"https://github.com/TheEconomist/the-economist-war-fire-model","id":23,"date":"2026-09-18","link":"https://www.economist.com/interactive/graphic-detail/ukraine-fires","category":"Fire classified as war-related (model estimate)","side":"Not attributed","color":"#FF8C00","radius":3,"orbat":[],"description":"Satellite heat detection at 11:23 UTC, in an area of abnormal fire activity. Urban area."}},{"type":"Feature","geometry":{"type":"Point","coordinates":[30.20783,45.96298]},"properties":{"source":"economist_fires","source_name":"The Economist war-fire model","source_url":"https://github.com/TheEconomist/the-economist-war-fire-model","id":24,"date":"2026-09-18","link":"https://www.economist.com/interactive/graphic-detail/ukraine-fires","category":"Fire classified as war-related (model estimate)","side":"Not attributed","color":"#FF8C00","radius":3,"orbat":[],"description":"Satellite heat detection at 12:42 UTC, in an area of abnormal fire activity. Urban area."}},{"type":"Feature","geometry":{"type":"Point","coordinates":[30.21707,46.6832]},"properties":{"source":"economist_fires","source_name":"The Economist war-fire model","source_url":"https://github.com/TheEconomist/the-economist-war-fire-model","id":25,"date":"2026-09-18","link":"https://www.economist.com/interactive/graphic-detail/ukraine-fires","category":"Fire classified as war-related (model estimate)","side":"Not attributed","color":"#FF8C00","radius":3,"orbat":[],"description":"Satellite heat detection at 09:43 UTC, in an area of abnormal fire activity. Urban area."}},{"type":"Feature","geometry":{"type":"Point","coordinates":[30.22046,46.6832]},"properties":{"source":"economist_fires","source_name":"The Economist war-fire model","source_url":"https://github.com/TheEconomist/the-economist-war-fire-model","id":26,"date":"2026-09-18","link":"https://www.economist.com/interactive/graphic-detail/ukraine-fires","category":"Fire classified as war-related (model estimate)","side":"Not attributed","color":"#FF8C00","radius":3,"orbat":[],"description":"Satellite heat detection at 11:04 UTC, in an area of abnormal fire activity. Urban area."}},{"type":"Feature","geometry":{"type":"Point","coordinates":[30.21846,46.68982]},"properties":{"source":"economist_fires","source_name":"The Economist war-fire model","source_url":"https://github.com/TheEconomist/the-economist-war-fire-model","id":27,"date":"2026-09-18","link":"https://www.economist.com/interactive/graphic-detail/ukraine-fires","category":"Fire classified as war-related (model estimate)","side":"Not attributed","color":"#FF8C00","radius":3,"orbat":[],"description":"Satellite heat detection at 11:04 UTC, in an area of abnormal fire activity. Urban area."}},{"type":"Feature","geometry":{"type":"Point","coordinates":[31.31255,47.37924]},"properties":{"source":"economist_fires","source_name":"The Economist war-fire model","source_url":"https://github.com/TheEconomist/the-economist-war-fire-model","id":28,"date":"2026-09-18","link":"https://www.economist.com/interactive/graphic-detail/ukraine-fires","category":"Fire classified as war-related (model estimate)","side":"Not attributed","color":"#FF8C00","radius":3,"orbat":[],"description":"Satellite heat detection at 09:43 UTC, in an area of abnormal fire activity. Urban area."}},{"type":"Feature","geometry":{"type":"Point","coordinates":[31.31172,47.37999]},"properties":{"source":"economist_fires","source_name":"The Economist war-fire model","source_url":"https://github.com/TheEconomist/the-economist-war-fire-model","id":29,"date":"2026-09-18","link":"https://www.economist.com/interactive/graphic-detail/ukraine-fires","category":"Fire classified as war-related (model estimate)","side":"Not attributed","color":"#FF8C00","radius":3,"orbat":[],"description":"Satellite heat detection at 09:43 UTC, in an area of abnormal fire activity. Urban area."}},{"type":"Feature","geometry":{"type":"Point","coordinates":[31.32085,47.38004]},"properties":{"source":"economist_fires","source_name":"The Economist war-fire model","source_url":"https://github.com/TheEconomist/the-economist-war-fire-model","id":30,"date":"2026-09-18","link":"https://www.economist.com/interactive/graphic-detail/ukraine-fires","category":"Fire classified as war-related (model estimate)","side":"Not attributed","color":"#FF8C00","radius":3,"orbat":[],"description":"Satellite heat detection at 11:23 UTC, in an area of abnormal fire activity. Urban area."}},{"type":"Feature","geometry":{"type":"Point","coordinates":[31.32164,47.3806]},"properties":{"source":"economist_fires","source_name":"The Economist war-fire model","source_url":"https://github.com/TheEconomist/the-economist-war-fire-model","id":31,"date":"2026-09-18","link":"https://www.economist.com/interactive/graphic-detail/ukraine-fires","category":"Fire classified as war-related (model estimate)","side":"Not attributed","color":"#FF8C00","radius":3,"orbat":[],"description":"Satellite heat detection at 11:23 UTC, in an area of abnormal fire activity. Urban area."}},{"type":"Feature","geometry":{"type":"Point","coordinates":[31.47646,47.35346]},"properties":{"source":"economist_fires","source_name":"The Economist war-fire model","source_url":"https://github.com/TheEconomist/the-economist-war-fire-model","id":32,"date":"2026-09-18","link":"https://www.economist.com/interactive/graphic-detail/ukraine-fires","category":"Fire classified as war-related (model estimate)","side":"Not attributed","color":"#FF8C00","radius":3,"orbat":[],"description":"Satellite heat detection at 10:28 UTC, in an area of abnormal fire activity. Urban area."}},{"type":"Feature","geometry":{"type":"Point","coordinates":[31.47511,47.35683]},"properties":{"source":"economist_fires","source_name":"The Economist war-fire model","source_url":"https://github.com/TheEconomist/the-economist-war-fire-model","id":33,"date":"2026-09-18","link":"https://www.economist.com/interactive/graphic-detail/ukraine-fires","category":"Fire classified as war-related (model estimate)","side":"Not attributed","color":"#FF8C00","radius":3,"orbat":[],"description":"Satellite heat detection at 10:28 UTC, in an area of abnormal fire activity. Urban area."}},{"type":"Feature","geometry":{"type":"Point","coordinates":[31.45258,47.35201]},"properties":{"source":"economist_fires","source_name":"The Economist war-fire model","source_url":"https://github.com/TheEconomist/the-economist-war-fire-model","id":34,"date":"2026-09-18","link":"https://www.economist.com/interactive/graphic-detail/ukraine-fires","category":"Fire classified as war-related (model estimate)","side":"Not attributed","color":"#FF8C00","radius":3,"orbat":[],"description":"Satellite heat detection at 12:42 UTC, in an area of abnormal fire activity. Urban area."}},{"type":"Feature","geometry":{"type":"Point","coordinates":[31.46751,47.35478]},"properties":{"source":"economist_fires","source_name":"The Economist war-fire model","source_url":"https://github.com/TheEconomist/the-economist-war-fire-model","id":35,"date":"2026-09-18","link":"https://www.economist.com/interactive/graphic-detail/ukraine-fires","category":"Fire classified as war-related (model estimate)","side":"Not attributed","color":"#FF8C00","radius":3,"orbat":[],"description":"Satellite heat detection at 12:42 UTC, in an area of abnormal fire activity. Urban area."}},{"type":"Feature","geometry":{"type":"Point","coordinates":[32.32074,46.36612]},"properties":{"source":"economist_fires","source_name":"The Economist war-fire model","source_url":"https://github.com/TheEconomist/the-economist-war-fire-model","id":36,"date":"2026-09-18","link":"https://www.economist.com/interactive/graphic-detail/ukraine-fires","category":"Fire classified as war-related (model estimate)","side":"Not attributed","color":"#FF8C00","radius":3,"orbat":[],"description":"Satellite heat detection at 00:41 UTC, in an area days after abnormal fire activity. Urban area."}},{"type":"Feature","geometry":{"type":"Point","coordinates":[32.27686,46.43583]},"properties":{"source":"economist_fires","source_name":"The Economist war-fire model","source_url":"https://github.com/TheEconomist/the-economist-war-fire-model","id":37,"date":"2026-09-18","link":"https://www.economist.com/interactive/graphic-detail/ukraine-fires","category":"Fire classified as war-related (model estimate)","side":"Not attributed","color":"#FF8C00","radius":3,"orbat":[],"description":"Satellite heat detection at 09:43 UTC, in an area days after abnormal fire activity. Urban area."}},{"type":"Feature","geometry":{"type":"Point","coordinates":[32.27499,46.43742]},"properties":{"source":"economist_fires","source_name":"The Economist war-fire model","source_url":"https://github.com/TheEconomist/the-economist-war-fire-model","id":38,"date":"2026-09-18","link":"https://www.economist.com/interactive/graphic-detail/ukraine-fires","category":"Fire classified as war-related (model estimate)","side":"Not attributed","color":"#FF8C00","radius":3,"orbat":[],"description":"Satellite heat detection at 10:28 UTC, in an area days after abnormal fire activity. Urban area."}},{"type":"Feature","geometry":{"type":"Point","coordinates":[32.2719,46.43615]},"properties":{"source":"economist_fires","source_name":"The Economist war-fire model","source_url":"https://github.com/TheEconomist/the-economist-war-fire-model","id":39,"date":"2026-09-18","link":"https://www.economist.com/interactive/graphic-detail/ukraine-fires","category":"Fire classified as war-related (model estimate)","side":"Not attributed","color":"#FF8C00","radius":3,"orbat":[],"description":"Satellite heat detection at 11:04 UTC, in an area days after abnormal fire activity. Urban area."}},{"type":"Feature","geometry":{"type":"Point","coordinates":[32.27545,46.43904]},"properties":{"source":"economist_fires","source_name":"The Economist war-fire model","source_url":"https://github.com/TheEconomist/the-economist-war-fire-model","id":40,"date":"2026-09-18","link":"https://www.economist.com/interactive/graphic-detail/ukraine-fires","category":"Fire classified as war-related (model estimate)","side":"Not attributed","color":"#FF8C00","radius":3,"orbat":[],"description":"Satellite heat detection at 11:23 UTC, in an area days after abnormal fire activity. Urban area."}},{"type":"Feature","geometry":{"type":"Point","coordinates":[32.76942,46.89934]},"properties":{"source":"economist_fires","source_name":"The Economist war-fire model","source_url":"https://github.com/TheEconomist/the-economist-war-fire-model","id":41,"date":"2026-09-18","link":"https://www.economist.com/interactive/graphic-detail/ukraine-fires","category":"Fire classified as war-related (model estimate)","side":"Not attributed","color":"#FF8C00","radius":3,"orbat":[],"description":"Satellite heat detection at 09:43 UTC, in an area days after abnormal fire activity. Urban area."}},{"type":"Feature","geometry":{"type":"Point","coordinates":[32.76782,46.90283]},"properties":{"source":"economist_fires","source_name":"The Economist war-fire model","source_url":"https://github.com/TheEconomist/the-economist-war-fire-model","id":42,"date":"2026-09-18","link":"https://www.economist.com/interactive/graphic-detail/ukraine-fires","category":"Fire classified as war-related (model estimate)","side":"Not attributed","color":"#FF8C00","radius":3,"orbat":[],"description":"Satellite heat detection at 10:28 UTC, in an area days after abnormal fire activity. Urban area."}},{"type":"Feature","geometry":{"type":"Point","coordinates":[33.5987,47.80991]},"properties":{"source":"economist_fires","source_name":"The Economist war-fire model","source_url":"https://github.com/TheEconomist/the-economist-war-fire-model","id":43,"date":"2026-09-18","link":"https://www.economist.com/interactive/graphic-detail/ukraine-fires","category":"Fire classified as war-related (model estimate)","side":"Not attributed","color":"#FF8C00","radius":3,"orbat":[],"description":"Satellite heat detection at 09:24 UTC, in an area of abnormal fire activity. Urban area."}},{"type":"Feature","geometry":{"type":"Point","coordinates":[33.59363,47.81064]},"properties":{"source":"economist_fires","source_name":"The Economist war-fire model","source_url":"https://github.com/TheEconomist/the-economist-war-fire-model","id":44,"date":"2026-09-18","link":"https://www.economist.com/interactive/graphic-detail/ukraine-fires","category":"Fire classified as war-related (model estimate)","side":"Not attributed","color":"#FF8C00","radius":3,"orbat":[],"description":"Satellite heat detection at 11:04 UTC, in an area of abnormal fire activity. Urban area."}},{"type":"Feature","geometry":{"type":"Point","coordinates":[33.72895,46.31873]},"properties":{"source":"economist_fires","source_name":"The Economist war-fire model","source_url":"https://github.com/TheEconomist/the-economist-war-fire-model","id":45,"date":"2026-09-18","link":"https://www.economist.com/interactive/graphic-detail/ukraine-fires","category":"Fire classified as war-related (model estimate)","side":"Not attributed","color":"#FF8C00","radius":3,"orbat":[],"description":"Satellite heat detection at 11:04 UTC, in an area of abnormal fire activity. Urban area."}},{"type":"Feature","geometry":{"type":"Point","coordinates":[33.72669,46.3224]},"properties":{"source":"economist_fires","source_name":"The Economist war-fire model","source_url":"https://github.com/TheEconomist/the-economist-war-fire-model","id":46,"date":"2026-09-18","link":"https://www.economist.com/interactive/graphic-detail/ukraine-fires","category":"Fire classified as war-related (model estimate)","side":"Not attributed","color":"#FF8C00","radius":3,"orbat":[],"description":"Satellite heat detection at 11:23 UTC, in an area of abnormal fire activity. Urban area."}},{"type":"Feature","geometry":{"type":"Point","coordinates":[33.6554,46.83163]},"properties":{"source":"economist_fires","source_name":"The Economist war-fire model","source_url":"https://github.com/TheEconomist/the-economist-war-fire-model","id":47,"date":"2026-09-18","link":"https://www.economist.com/interactive/graphic-detail/ukraine-fires","category":"Fire classified as war-related (model estimate)","side":"Not attributed","color":"#FF8C00","radius":3,"orbat":[],"description":"Satellite heat detection at 23:37 UTC, in an area days after abnormal fire activity. Urban area."}},{"type":"Feature","geometry":{"type":"Point","coordinates":[33.65055,46.83584]},"properties":{"source":"economist_fires","source_name":"The Economist war-fire model","source_url":"https://github.com/TheEconomist/the-economist-war-fire-model","id":48,"date":"2026-09-18","link":"https://www.economist.com/interactive/graphic-detail/ukraine-fires","category":"Fire classified as war-related (model estimate)","side":"Not attributed","color":"#FF8C00","radius":3,"orbat":[],"description":"Satellite heat detection at 23:37 UTC, in an area days after abnormal fire activity. Urban area."}},{"type":"Feature","geometry":{"type":"Point","coordinates":[33.68143,47.24482]},"properties":{"source":"economist_fires","source_name":"The Economist war-fire model","source_url":"https://github.com/TheEconomist/the-economist-war-fire-model","id":49,"date":"2026-09-18","link":"https://www.economist.com/interactive/graphic-detail/ukraine-fires","category":"Fire classified as war-related (model estimate)","side":"Not attributed","color":"#FF8C00","radius":3,"orbat":[],"description":"Satellite heat detection at 12:42 UTC, in an area days after abnormal fire activity. Urban area."}},{"type":"Feature","geometry":{"type":"Point","coordinates":[33.93118,47.82414]},"properties":{"source":"economist_fires","source_name":"The Economist war-fire model","source_url":"https://github.com/TheEconomist/the-economist-war-fire-model","id":50,"date":"2026-09-18","link":"https://www.economist.com/interactive/graphic-detail/ukraine-fires","category":"Fire classified as war-related (model estimate)","side":"Not attributed","color":"#FF8C00","radius":3,"orbat":[],"description":"Satellite heat detection at 11:04 UTC, in an area of abnormal fire activity. Urban area."}},{"type":"Feature","geometry":{"type":"Point","coordinates":[34.03876,47.22289]},"properties":{"source":"economist_fires","source_name":"The Economist war-fire model","source_url":"https://github.com/TheEconomist/the-economist-war-fire-model","id":51,"date":"2026-09-18","link":"https://www.economist.com/interactive/graphic-detail/ukraine-fires","category":"Fire classified as war-related (model estimate)","side":"Not attributed","color":"#FF8C00","radius":3,"orbat":[],"description":"Satellite heat detection at 10:28 UTC, in an area days after abnormal fire activity. Urban area."}},{"type":"Feature","geometry":{"type":"Point","coordinates":[34.03261,47.22534]},"properties":{"source":"economist_fires","source_name":"The Economist war-fire model","source_url":"https://github.com/TheEconomist/the-economist-war-fire-model","id":52,"date":"2026-09-18","link":"https://www.economist.com/interactive/graphic-detail/ukraine-fires","category":"Fire classified as war-related (model estimate)","side":"Not attributed","color":"#FF8C00","radius":3,"orbat":[],"description":"Satellite heat detection at 10:28 UTC, in an area days after abnormal fire activity. Urban area."}},{"type":"Feature","geometry":{"type":"Point","coordinates":[34.03763,47.22615]},"properties":{"source":"economist_fires","source_name":"The Economist war-fire model","source_url":"https://github.com/TheEconomist/the-economist-war-fire-model","id":53,"date":"2026-09-18","link":"https://www.economist.com/interactive/graphic-detail/ukraine-fires","category":"Fire classified as war-related (model estimate)","side":"Not attributed","color":"#FF8C00","radius":3,"orbat":[],"description":"Satellite heat detection at 10:28 UTC, in an area days after abnormal fire activity. Urban area."}},{"type":"Feature","geometry":{"type":"Point","coordinates":[34.03649,47.2294]},"properties":{"source":"economist_fires","source_name":"The Economist war-fire model","source_url":"https://github.com/TheEconomist/the-economist-war-fire-model","id":54,"date":"2026-09-18","link":"https://www.economist.com/interactive/graphic-detail/ukraine-fires","category":"Fire classified as war-related (model estimate)","side":"Not attributed","color":"#FF8C00","radius":3,"orbat":[],"description":"Satellite heat detection at 10:28 UTC, in an area days after abnormal fire activity. Urban area."}},{"type":"Feature","geometry":{"type":"Point","coordinates":[34.04151,47.23022]},"properties":{"source":"economist_fires","source_name":"The Economist war-fire model","source_url":"https://github.com/TheEconomist/the-economist-war-fire-model","id":55,"date":"2026-09-18","link":"https://www.economist.com/interactive/graphic-detail/ukraine-fires","category":"Fire classified as war-related (model estimate)","side":"Not attributed","color":"#FF8C00","radius":3,"orbat":[],"description":"Satellite heat detection at 10:28 UTC, in an area days after abnormal fire activity. Urban area."}},{"type":"Feature","geometry":{"type":"Point","coordinates":[34.04652,47.23103]},"properties":{"source":"economist_fires","source_name":"The Economist war-fire model","source_url":"https://github.com/TheEconomist/the-economist-war-fire-model","id":56,"date":"2026-09-18","link":"https://www.economist.com/interactive/graphic-detail/ukraine-fires","category":"Fire classified as war-related (model estimate)","side":"Not attributed","color":"#FF8C00","radius":3,"orbat":[],"description":"Satellite heat detection at 10:28 UTC, in an area days after abnormal fire activity. Urban area."}},{"type":"Feature","geometry":{"type":"Point","coordinates":[34.03489,47.22639]},"properties":{"source":"economist_fires","source_name":"The Economist war-fire model","source_url":"https://github.com/TheEconomist/the-economist-war-fire-model","id":57,"date":"2026-09-18","link":"https://www.economist.com/interactive/graphic-detail/ukraine-fires","category":"Fire classified as war-related (model estimate)","side":"Not attributed","color":"#FF8C00","radius":3,"orbat":[],"description":"Satellite heat detection at 11:04 UTC, in an area days after abnormal fire activity. Urban area."}},{"type":"Feature","geometry":{"type":"Point","coordinates":[34.12142,46.56357]},"properties":{"source":"economist_fires","source_name":"The Economist war-fire model","source_url":"https://github.com/TheEconomist/the-economist-war-fire-model","id":58,"date":"2026-09-18","link":"https://www.economist.com/interactive/graphic-detail/ukraine-fires","category":"Fire classified as war-related (model estimate)","side":"Not attributed","color":"#FF8C00","radius":3,"orbat":[],"description":"Satellite heat detection at 23:37 UTC, in an area days after abnormal fire activity. Urban area."}},{"type":"Feature","geometry":{"type":"Point","coordinates":[34.07874,46.67806]},"properties":{"source":"economist_fires","source_name":"The Economist war-fire model","source_url":"https://github.com/TheEconomist/the-economist-war-fire-model","id":59,"date":"2026-09-18","link":"https://www.economist.com/interactive/graphic-detail/ukraine-fires","category":"Fire classified as war-related (model estimate)","side":"Not attributed","color":"#FF8C00","radius":3,"orbat":[],"description":"Satellite heat detection at 09:24 UTC, in an area days after abnormal fire activity. Urban area."}},{"type":"Feature","geometry":{"type":"Point","coordinates":[34.07783,46.6786]},"properties":{"source":"economist_fires","source_name":"The Economist war-fire model","source_url":"https://github.com/TheEconomist/the-economist-war-fire-model","id":60,"date":"2026-09-18","link":"https://www.economist.com/interactive/graphic-detail/ukraine-fires","category":"Fire classified as war-related (model estimate)","side":"Not attributed","color":"#FF8C00","radius":3,"orbat":[],"description":"Satellite heat detection at 09:24 UTC, in an area days after abnormal fire activity. Urban area."}},{"type":"Feature","geometry":{"type":"Point","coordinates":[34.1447,46.67554]},"properties":{"source":"economist_fires","source_name":"The Economist war-fire model","source_url":"https://github.com/TheEconomist/the-economist-war-fire-model","id":61,"date":"2026-09-18","link":"https://www.economist.com/interactive/graphic-detail/ukraine-fires","category":"Fire classified as war-related (model estimate)","side":"Not attributed","color":"#FF8C00","radius":3,"orbat":[],"description":"Satellite heat detection at 12:42 UTC, in an area days after abnormal fire activity. Urban area."}},{"type":"Feature","geometry":{"type":"Point","coordinates":[34.12426,47.22633]},"properties":{"source":"economist_fires","source_name":"The Economist war-fire model","source_url":"https://github.com/TheEconomist/the-economist-war-fire-model","id":62,"date":"2026-09-18","link":"https://www.economist.com/interactive/graphic-detail/ukraine-fires","category":"Fire classified as war-related (model estimate)","side":"Not attributed","color":"#FF8C00","radius":3,"orbat":[],"description":"Satellite heat detection at 09:24 UTC, in an area of abnormal fire activity. Urban area."}},{"type":"Feature","geometry":{"type":"Point","coordinates":[34.12661,47.22816]},"properties":{"source":"economist_fires","source_name":"The Economist war-fire model","source_url":"https://github.com/TheEconomist/the-economist-war-fire-model","id":63,"date":"2026-09-18","link":"https://www.economist.com/interactive/graphic-detail/ukraine-fires","category":"Fire classified as war-related (model estimate)","side":"Not attributed","color":"#FF8C00","radius":3,"orbat":[],"description":"Satellite heat detection at 11:23 UTC, in an area of abnormal fire activity. Urban area."}},{"type":"Feature","geometry":{"type":"Point","coordinates":[34.29575,51.75727]},"properties":{"source":"economist_fires","source_name":"The Economist war-fire model","source_url":"https://github.com/TheEconomist/the-economist-war-fire-model","id":64,"date":"2026-09-18","link":"https://www.economist.com/interactive/graphic-detail/ukraine-fires","category":"Fire classified as war-related (model estimate)","side":"Not attributed","color":"#FF8C00","radius":3,"orbat":[],"description":"Satellite heat detection at 11:06 UTC, in an area days after abnormal fire activity. Urban area."}},{"type":"Feature","geometry":{"type":"Point","coordinates":[34.2872,51.75748]},"properties":{"source":"economist_fires","source_name":"The Economist war-fire model","source_url":"https://github.com/TheEconomist/the-economist-war-fire-model","id":65,"date":"2026-09-18","link":"https://www.economist.com/interactive/graphic-detail/ukraine-fires","category":"Fire classified as war-related (model estimate)","side":"Not attributed","color":"#FF8C00","radius":3,"orbat":[],"description":"Satellite heat detection at 12:44 UTC, in an area days after abnormal fire activity. Urban area."}},{"type":"Feature","geometry":{"type":"Point","coordinates":[34.44233,47.31835]},"properties":{"source":"economist_fires","source_name":"The Economist war-fire model","source_url":"https://github.com/TheEconomist/the-economist-war-fire-model","id":66,"date":"2026-09-18","link":"https://www.economist.com/interactive/graphic-detail/ukraine-fires","category":"Fire classified as war-related (model estimate)","side":"Not attributed","color":"#FF8C00","radius":3,"orbat":[],"description":"Satellite heat detection at 10:28 UTC, in an area of abnormal fire activity. Urban area."}},{"type":"Feature","geometry":{"type":"Point","coordinates":[34.44733,47.31914]},"properties":{"source":"economist_fires","source_name":"The Economist war-fire model","source_url":"https://github.com/TheEconomist/the-economist-war-fire-model","id":67,"date":"2026-09-18","link":"https://www.economist.com/interactive/graphic-detail/ukraine-fires","category":"Fire classified as war-related (model estimate)","side":"Not attributed","color":"#FF8C00","radius":3,"orbat":[],"description":"Satellite heat detection at 10:28 UTC, in an area of abnormal fire activity. Urban area."}},{"type":"Feature","geometry":{"type":"Point","coordinates":[34.44122,47.3216]},"properties":{"source":"economist_fires","source_name":"The Economist war-fire model","source_url":"https://github.com/TheEconomist/the-economist-war-fire-model","id":68,"date":"2026-09-18","link":"https://www.economist.com/interactive/graphic-detail/ukraine-fires","category":"Fire classified as war-related (model estimate)","side":"Not attributed","color":"#FF8C00","radius":3,"orbat":[],"description":"Satellite heat detection at 10:28 UTC, in an area of abnormal fire activity. Urban area."}},{"type":"Feature","geometry":{"type":"Point","coordinates":[34.44891,47.31577]},"properties":{"source":"economist_fires","source_name":"The Economist war-fire model","source_url":"https://github.com/TheEconomist/the-economist-war-fire-model","id":69,"date":"2026-09-18","link":"https://www.economist.com/interactive/graphic-detail/ukraine-fires","category":"Fire classified as war-related (model estimate)","side":"Not attributed","color":"#FF8C00","radius":3,"orbat":[],"description":"Satellite heat detection at 11:04 UTC, in an area of abnormal fire activity. Urban area."}},{"type":"Feature","geometry":{"type":"Point","coordinates":[34.44179,47.31329]},"properties":{"source":"economist_fires","source_name":"The Economist war-fire model","source_url":"https://github.com/TheEconomist/the-economist-war-fire-model","id":70,"date":"2026-09-18","link":"https://www.economist.com/interactive/graphic-detail/ukraine-fires","category":"Fire classified as war-related (model estimate)","side":"Not attributed","color":"#FF8C00","radius":3,"orbat":[],"description":"Satellite heat detection at 11:23 UTC, in an area of abnormal fire activity. Urban area."}},{"type":"Feature","geometry":{"type":"Point","coordinates":[34.43238,47.94501]},"properties":{"source":"economist_fires","source_name":"The Economist war-fire model","source_url":"https://github.com/TheEconomist/the-economist-war-fire-model","id":71,"date":"2026-09-18","link":"https://www.economist.com/interactive/graphic-detail/ukraine-fires","category":"Fire classified as war-related (model estimate)","side":"Not attributed","color":"#FF8C00","radius":3,"orbat":[],"description":"Satellite heat detection at 09:43 UTC, in an area days after abnormal fire activity. Urban area."}},{"type":"Feature","geometry":{"type":"Point","coordinates":[34.42637,47.94415]},"properties":{"source":"economist_fires","source_name":"The Economist war-fire model","source_url":"https://github.com/TheEconomist/the-economist-war-fire-model","id":72,"date":"2026-09-18","link":"https://www.economist.com/interactive/graphic-detail/ukraine-fires","category":"Fire classified as war-related (model estimate)","side":"Not attributed","color":"#FF8C00","radius":3,"orbat":[],"description":"Satellite heat detection at 10:28 UTC, in an area days after abnormal fire activity. Urban area."}},{"type":"Feature","geometry":{"type":"Point","coordinates":[34.51217,47.05823]},"properties":{"source":"economist_fires","source_name":"The Economist war-fire model","source_url":"https://github.com/TheEconomist/the-economist-war-fire-model","id":73,"date":"2026-09-18","link":"https://www.economist.com/interactive/graphic-detail/ukraine-fires","category":"Fire classified as war-related (model estimate)","side":"Not attributed","color":"#FF8C00","radius":3,"orbat":[],"description":"Satellite heat detection at 22:42 UTC, in an area of abnormal fire activity. Urban area."}},{"type":"Feature","geometry":{"type":"Point","coordinates":[34.51902,47.07012]},"properties":{"source":"economist_fires","source_name":"The Economist war-fire model","source_url":"https://github.com/TheEconomist/the-economist-war-fire-model","id":74,"date":"2026-09-18","link":"https://www.economist.com/interactive/graphic-detail/ukraine-fires","category":"Fire classified as war-related (model estimate)","side":"Not attributed","color":"#FF8C00","radius":3,"orbat":[],"description":"Satellite heat detection at 22:42 UTC, in an area of abnormal fire activity. Urban area."}},{"type":"Feature","geometry":{"type":"Point","coordinates":[34.51699,47.06894]},"properties":{"source":"economist_fires","source_name":"The Economist war-fire model","source_url":"https://github.com/TheEconomist/the-economist-war-fire-model","id":75,"date":"2026-09-18","link":"https://www.economist.com/interactive/graphic-detail/ukraine-fires","category":"Fire classified as war-related (model estimate)","side":"Not attributed","color":"#FF8C00","radius":3,"orbat":[],"description":"Satellite heat detection at 23:37 UTC, in an area of abnormal fire activity. Urban area."}},{"type":"Feature","geometry":{"type":"Point","coordinates":[34.51795,47.07236]},"properties":{"source":"economist_fires","source_name":"The Economist war-fire model","source_url":"https://github.com/TheEconomist/the-economist-war-fire-model","id":76,"date":"2026-09-18","link":"https://www.economist.com/interactive/graphic-detail/ukraine-fires","category":"Fire classified as war-related (model estimate)","side":"Not attributed","color":"#FF8C00","radius":3,"orbat":[],"description":"Satellite heat detection at 23:37 UTC, in an area of abnormal fire activity. Urban area."}},{"type":"Feature","geometry":{"type":"Point","coordinates":[34.62102,46.92849]},"properties":{"source":"economist_fires","source_name":"The Economist war-fire model","source_url":"https://github.com/TheEconomist/the-economist-war-fire-model","id":77,"date":"2026-09-18","link":"https://www.economist.com/interactive/graphic-detail/ukraine-fires","category":"Fire classified as war-related (model estimate)","side":"Not attributed","color":"#FF8C00","radius":3,"orbat":[],"description":"Satellite heat detection at 09:24 UTC, in an area days after abnormal fire activity. Urban area."}},{"type":"Feature","geometry":{"type":"Point","coordinates":[34.55313,47.08484]},"properties":{"source":"economist_fires","source_name":"The Economist war-fire model","source_url":"https://github.com/TheEconomist/the-economist-war-fire-model","id":78,"date":"2026-09-18","link":"https://www.economist.com/interactive/graphic-detail/ukraine-fires","category":"Fire classified as war-related (model estimate)","side":"Not attributed","color":"#FF8C00","radius":3,"orbat":[],"description":"Satellite heat detection at 12:42 UTC, in an area days after abnormal fire activity. Urban area."}},{"type":"Feature","geometry":{"type":"Point","coordinates":[34.6045,47.48457]},"properties":{"source":"economist_fires","source_name":"The Economist war-fire model","source_url":"https://github.com/TheEconomist/the-economist-war-fire-model","id":79,"date":"2026-09-18","link":"https://www.economist.com/interactive/graphic-detail/ukraine-fires","category":"Fire classified as war-related (model estimate)","side":"Not attributed","color":"#FF8C00","radius":3,"orbat":[],"description":"Satellite heat detection at 10:28 UTC, in an area days after abnormal fire activity. Urban area."}},{"type":"Feature","geometry":{"type":"Point","coordinates":[34.67892,46.39888]},"properties":{"source":"economist_fires","source_name":"The Economist war-fire model","source_url":"https://github.com/TheEconomist/the-economist-war-fire-model","id":80,"date":"2026-09-18","link":"https://www.economist.com/interactive/graphic-detail/ukraine-fires","category":"Fire classified as war-related (model estimate)","side":"Not attributed","color":"#FF8C00","radius":3,"orbat":[],"description":"Satellite heat detection at 11:04 UTC, in an area days after abnormal fire activity. Urban area."}},{"type":"Feature","geometry":{"type":"Point","coordinates":[34.68688,46.58889]},"properties":{"source":"economist_fires","source_name":"The Economist war-fire model","source_url":"https://github.com/TheEconomist/the-economist-war-fire-model","id":81,"date":"2026-09-18","link":"https://www.economist.com/interactive/graphic-detail/ukraine-fires","category":"Fire classified as war-related (model estimate)","side":"Not attributed","color":"#FF8C00","radius":3,"orbat":[],"description":"Satellite heat detection at 09:43 UTC, in an area of abnormal fire activity. Urban area."}},{"type":"Feature","geometry":{"type":"Point","coordinates":[34.6801,46.58678]},"properties":{"source":"economist_fires","source_name":"The Economist war-fire model","source_url":"https://github.com/TheEconomist/the-economist-war-fire-model","id":82,"date":"2026-09-18","link":"https://www.economist.com/interactive/graphic-detail/ukraine-fires","category":"Fire classified as war-related (model estimate)","side":"Not attributed","color":"#FF8C00","radius":3,"orbat":[],"description":"Satellite heat detection at 10:28 UTC, in an area days after abnormal fire activity. Urban area."}},{"type":"Feature","geometry":{"type":"Point","coordinates":[34.67873,46.58344]},"properties":{"source":"economist_fires","source_name":"The Economist war-fire model","source_url":"https://github.com/TheEconomist/the-economist-war-fire-model","id":83,"date":"2026-09-18","link":"https://www.economist.com/interactive/graphic-detail/ukraine-fires","category":"Fire classified as war-related (model estimate)","side":"Not attributed","color":"#FF8C00","radius":3,"orbat":[],"description":"Satellite heat detection at 11:04 UTC, in an area days after abnormal fire activity. Urban area."}},{"type":"Feature","geometry":{"type":"Point","coordinates":[34.68541,46.58416]},"properties":{"source":"economist_fires","source_name":"The Economist war-fire model","source_url":"https://github.com/TheEconomist/the-economist-war-fire-model","id":84,"date":"2026-09-18","link":"https://www.economist.com/interactive/graphic-detail/ukraine-fires","category":"Fire classified as war-related (model estimate)","side":"Not attributed","color":"#FF8C00","radius":3,"orbat":[],"description":"Satellite heat detection at 11:04 UTC, in an area days after abnormal fire activity. Urban area."}},{"type":"Feature","geometry":{"type":"Point","coordinates":[34.68335,46.5863]},"properties":{"source":"economist_fires","source_name":"The Economist war-fire model","source_url":"https://github.com/TheEconomist/the-economist-war-fire-model","id":85,"date":"2026-09-18","link":"https://www.economist.com/interactive/graphic-detail/ukraine-fires","category":"Fire classified as war-related (model estimate)","side":"Not attributed","color":"#FF8C00","radius":3,"orbat":[],"description":"Satellite heat detection at 11:04 UTC, in an area of abnormal fire activity. Urban area."}},{"type":"Feature","geometry":{"type":"Point","coordinates":[34.6846,46.58794]},"properties":{"source":"economist_fires","source_name":"The Economist war-fire model","source_url":"https://github.com/TheEconomist/the-economist-war-fire-model","id":86,"date":"2026-09-18","link":"https://www.economist.com/interactive/graphic-detail/ukraine-fires","category":"Fire classified as war-related (model estimate)","side":"Not attributed","color":"#FF8C00","radius":3,"orbat":[],"description":"Satellite heat detection at 11:04 UTC, in an area of abnormal fire activity. Urban area."}},{"type":"Feature","geometry":{"type":"Point","coordinates":[34.68922,46.59077]},"properties":{"source":"economist_fires","source_name":"The Economist war-fire model","source_url":"https://github.com/TheEconomist/the-economist-war-fire-model","id":87,"date":"2026-09-18","link":"https://www.economist.com/interactive/graphic-detail/ukraine-fires","category":"Fire classified as war-related (model estimate)","side":"Not attributed","color":"#FF8C00","radius":3,"orbat":[],"description":"Satellite heat detection at 11:04 UTC, in an area days after abnormal fire activity. Urban area."}},{"type":"Feature","geometry":{"type":"Point","coordinates":[34.71527,47.1791]},"properties":{"source":"economist_fires","source_name":"The Economist war-fire model","source_url":"https://github.com/TheEconomist/the-economist-war-fire-model","id":88,"date":"2026-09-18","link":"https://www.economist.com/interactive/graphic-detail/ukraine-fires","category":"Fire classified as war-related (model estimate)","side":"Not attributed","color":"#FF8C00","radius":3,"orbat":[],"description":"Satellite heat detection at 10:28 UTC, in an area days after abnormal fire activity. Urban area."}},{"type":"Feature","geometry":{"type":"Point","coordinates":[35.03571,46.96906]},"properties":{"source":"economist_fires","source_name":"The Economist war-fire model","source_url":"https://github.com/TheEconomist/the-economist-war-fire-model","id":89,"date":"2026-09-18","link":"https://www.economist.com/interactive/graphic-detail/ukraine-fires","category":"Fire classified as war-related (model estimate)","side":"Not attributed","color":"#FF8C00","radius":3,"orbat":[],"description":"Satellite heat detection at 23:20 UTC, in an area days after abnormal fire activity. Urban area."}},{"type":"Feature","geometry":{"type":"Point","coordinates":[35.03646,46.97345]},"properties":{"source":"economist_fires","source_name":"The Economist war-fire model","source_url":"https://github.com/TheEconomist/the-economist-war-fire-model","id":90,"date":"2026-09-18","link":"https://www.economist.com/interactive/graphic-detail/ukraine-fires","category":"Fire classified as war-related (model estimate)","side":"Not attributed","color":"#FF8C00","radius":3,"orbat":[],"description":"Satellite heat detection at 23:20 UTC, in an area days after abnormal fire activity. Urban area."}},{"type":"Feature","geometry":{"type":"Point","coordinates":[35.03695,47.33984]},"properties":{"source":"economist_fires","source_name":"The Economist war-fire model","source_url":"https://github.com/TheEconomist/the-economist-war-fire-model","id":91,"date":"2026-09-18","link":"https://www.economist.com/interactive/graphic-detail/ukraine-fires","category":"Fire classified as war-related (model estimate)","side":"Not attributed","color":"#FF8C00","radius":3,"orbat":[],"description":"Satellite heat detection at 11:23 UTC, in an area days after abnormal fire activity. Urban area."}},{"type":"Feature","geometry":{"type":"Point","coordinates":[34.96449,47.35639]},"properties":{"source":"economist_fires","source_name":"The Economist war-fire model","source_url":"https://github.com/TheEconomist/the-economist-war-fire-model","id":92,"date":"2026-09-18","link":"https://www.economist.com/interactive/graphic-detail/ukraine-fires","category":"Fire classified as war-related (model estimate)","side":"Not attributed","color":"#FF8C00","radius":3,"orbat":[],"description":"Satellite heat detection at 12:42 UTC, in an area of abnormal fire activity. Urban area."}},{"type":"Feature","geometry":{"type":"Point","coordinates":[34.96608,47.36367]},"properties":{"source":"economist_fires","source_name":"The Economist war-fire model","source_url":"https://github.com/TheEconomist/the-economist-war-fire-model","id":93,"date":"2026-09-18","link":"https://www.economist.com/interactive/graphic-detail/ukraine-fires","category":"Fire classified as war-related (model estimate)","side":"Not attributed","color":"#FF8C00","radius":3,"orbat":[],"description":"Satellite heat detection at 23:37 UTC, in an area of abnormal fire activity. Urban area."}},{"type":"Feature","geometry":{"type":"Point","coordinates":[35.12345,46.78753]},"properties":{"source":"economist_fires","source_name":"The Economist war-fire model","source_url":"https://github.com/TheEconomist/the-economist-war-fire-model","id":94,"date":"2026-09-18","link":"https://www.economist.com/interactive/graphic-detail/ukraine-fires","category":"Fire classified as war-related (model estimate)","side":"Not attributed","color":"#FF8C00","radius":3,"orbat":[],"description":"Satellite heat detection at 09:43 UTC, in an area days after abnormal fire activity. Urban area."}},{"type":"Feature","geometry":{"type":"Point","coordinates":[35.10595,47.23237]},"properties":{"source":"economist_fires","source_name":"The Economist war-fire model","source_url":"https://github.com/TheEconomist/the-economist-war-fire-model","id":95,"date":"2026-09-18","link":"https://www.economist.com/interactive/graphic-detail/ukraine-fires","category":"Fire classified as war-related (model estimate)","side":"Not attributed","color":"#FF8C00","radius":3,"orbat":[],"description":"Satellite heat detection at 09:43 UTC, in an area of abnormal fire activity. Urban area."}},{"type":"Feature","geometry":{"type":"Point","coordinates":[35.11374,47.23453]},"properties":{"source":"economist_fires","source_name":"The Economist war-fire model","source_url":"https://github.com/TheEconomist/the-economist-war-fire-model","id":96,"date":"2026-09-18","link":"https://www.economist.com/interactive/graphic-detail/ukraine-fires","category":"Fire classified as war-related (model estimate)","side":"Not attributed","color":"#FF8C00","radius":3,"orbat":[],"description":"Satellite heat detection at 09:43 UTC, in an area of abnormal fire activity. Urban area."}},{"type":"Feature","geometry":{"type":"Point","coordinates":[35.08481,47.23734]},"properties":{"source":"economist_fires","source_name":"The Economist war-fire model","source_url":"https://github.com/TheEconomist/the-economist-war-fire-model","id":97,"date":"2026-09-18","link":"https://www.economist.com/interactive/graphic-detail/ukraine-fires","category":"Fire classified as war-related (model estimate)","side":"Not attributed","color":"#FF8C00","radius":3,"orbat":[],"description":"Satellite heat detection at 09:43 UTC, in an area days after abnormal fire activity. Urban area."}},{"type":"Feature","geometry":{"type":"Point","coordinates":[35.11098,47.23919]},"properties":{"source":"economist_fires","source_name":"The Economist war-fire model","source_url":"https://github.com/TheEconomist/the-economist-war-fire-model","id":98,"date":"2026-09-18","link":"https://www.economist.com/interactive/graphic-detail/ukraine-fires","category":"Fire classified as war-related (model estimate)","side":"Not attributed","color":"#FF8C00","radius":3,"orbat":[],"description":"Satellite heat detection at 09:43 UTC, in an area days after abnormal fire activity. Urban area."}},{"type":"Feature","geometry":{"type":"Point","coordinates":[35.09263,47.23951]},"properties":{"source":"economist_fires","source_name":"The Economist war-fire model","source_url":"https://github.com/TheEconomist/the-economist-war-fire-model","id":99,"date":"2026-09-18","link":"https://www.economist.com/interactive/graphic-detail/ukraine-fires","category":"Fire classified as war-related (model estimate)","side":"Not attributed","color":"#FF8C00","radius":3,"orbat":[],"description":"Satellite heat detection at 09:43 UTC, in an area of abnormal fire activity. Urban area."}},{"type":"Feature","geometry":{"type":"Point","coordinates":[35.10043,47.24168]},"properties":{"source":"economist_fires","source_name":"The Economist war-fire model","source_url":"https://github.com/TheEconomist/the-economist-war-fire-model","id":100,"date":"2026-09-18","link":"https://www.economist.com/interactive/graphic-detail/ukraine-fires","category":"Fire classified as war-related (model estimate)","side":"Not attributed","color":"#FF8C00","radius":3,"orbat":[],"description":"Satellite heat detection at 09:43 UTC, in an area of abnormal fire activity. Urban area."}},{"type":"Feature","geometry":{"type":"Point","coordinates":[35.05672,47.19368]},"properties":{"source":"economist_fires","source_name":"The Economist war-fire model","source_url":"https://github.com/TheEconomist/the-economist-war-fire-model","id":101,"date":"2026-09-18","link":"https://www.economist.com/interactive/graphic-detail/ukraine-fires","category":"Fire classified as war-related (model estimate)","side":"Not attributed","color":"#FF8C00","radius":3,"orbat":[],"description":"Satellite heat detection at 11:04 UTC, in an area days after abnormal fire activity. Urban area."}},{"type":"Feature","geometry":{"type":"Point","coordinates":[35.1279,47.65585]},"properties":{"source":"economist_fires","source_name":"The Economist war-fire model","source_url":"https://github.com/TheEconomist/the-economist-war-fire-model","id":102,"date":"2026-09-18","link":"https://www.economist.com/interactive/graphic-detail/ukraine-fires","category":"Fire classified as war-related (model estimate)","side":"Not attributed","color":"#FF8C00","radius":3,"orbat":[],"description":"Satellite heat detection at 11:04 UTC, in an area days after abnormal fire activity. Urban area."}},{"type":"Feature","geometry":{"type":"Point","coordinates":[35.12269,47.65325]},"properties":{"source":"economist_fires","source_name":"The Economist war-fire model","source_url":"https://github.com/TheEconomist/the-economist-war-fire-model","id":103,"date":"2026-09-18","link":"https://www.economist.com/interactive/graphic-detail/ukraine-fires","category":"Fire classified as war-related (model estimate)","side":"Not attributed","color":"#FF8C00","radius":3,"orbat":[],"description":"Satellite heat detection at 11:23 UTC, in an area days after abnormal fire activity. Urban area."}},{"type":"Feature","geometry":{"type":"Point","coordinates":[35.12754,47.65345]},"properties":{"source":"economist_fires","source_name":"The Economist war-fire model","source_url":"https://github.com/TheEconomist/the-economist-war-fire-model","id":104,"date":"2026-09-18","link":"https://www.economist.com/interactive/graphic-detail/ukraine-fires","category":"Fire classified as war-related (model estimate)","side":"Not attributed","color":"#FF8C00","radius":3,"orbat":[],"description":"Satellite heat detection at 11:23 UTC, in an area days after abnormal fire activity. Urban area."}},{"type":"Feature","geometry":{"type":"Point","coordinates":[35.22753,46.71747]},"properties":{"source":"economist_fires","source_name":"The Economist war-fire model","source_url":"https://github.com/TheEconomist/the-economist-war-fire-model","id":105,"date":"2026-09-18","link":"https://www.economist.com/interactive/graphic-detail/ukraine-fires","category":"Fire classified as war-related (model estimate)","side":"Not attributed","color":"#FF8C00","radius":3,"orbat":[],"description":"Satellite heat detection at 11:23 UTC, in an area days after abnormal fire activity. Urban area."}},{"type":"Feature","geometry":{"type":"Point","coordinates":[35.20739,46.83275]},"properties":{"source":"economist_fires","source_name":"The Economist war-fire model","source_url":"https://github.com/TheEconomist/the-economist-war-fire-model","id":106,"date":"2026-09-18","link":"https://www.economist.com/interactive/graphic-detail/ukraine-fires","category":"Fire classified as war-related (model estimate)","side":"Not attributed","color":"#FF8C00","radius":3,"orbat":[],"description":"Satellite heat detection at 09:43 UTC, in an area days after abnormal fire activity. Urban area."}},{"type":"Feature","geometry":{"type":"Point","coordinates":[35.21134,46.83385]},"properties":{"source":"economist_fires","source_name":"The Economist war-fire model","source_url":"https://github.com/TheEconomist/the-economist-war-fire-model","id":107,"date":"2026-09-18","link":"https://www.economist.com/interactive/graphic-detail/ukraine-fires","category":"Fire classified as war-related (model estimate)","side":"Not attributed","color":"#FF8C00","radius":3,"orbat":[],"description":"Satellite heat detection at 09:43 UTC, in an area days after abnormal fire activity. Urban area."}},{"type":"Feature","geometry":{"type":"Point","coordinates":[35.29866,47.30261]},"properties":{"source":"economist_fires","source_name":"The Economist war-fire model","source_url":"https://github.com/TheEconomist/the-economist-war-fire-model","id":108,"date":"2026-09-18","link":"https://www.economist.com/interactive/graphic-detail/ukraine-fires","category":"Fire classified as war-related (model estimate)","side":"Not attributed","color":"#FF8C00","radius":3,"orbat":[],"description":"Satellite heat detection at 07:14 UTC, in an area of abnormal fire activity. Urban area."}},{"type":"Feature","geometry":{"type":"Point","coordinates":[35.29389,47.30432]},"properties":{"source":"economist_fires","source_name":"The Economist war-fire model","source_url":"https://github.com/TheEconomist/the-economist-war-fire-model","id":109,"date":"2026-09-18","link":"https://www.economist.com/interactive/graphic-detail/ukraine-fires","category":"Fire classified as war-related (model estimate)","side":"Not attributed","color":"#FF8C00","radius":3,"orbat":[],"description":"Satellite heat detection at 11:23 UTC, in an area of abnormal fire activity. Urban area."}},{"type":"Feature","geometry":{"type":"Point","coordinates":[35.29484,47.30757]},"properties":{"source":"economist_fires","source_name":"The Economist war-fire model","source_url":"https://github.com/TheEconomist/the-economist-war-fire-model","id":110,"date":"2026-09-18","link":"https://www.economist.com/interactive/graphic-detail/ukraine-fires","category":"Fire classified as war-related (model estimate)","side":"Not attributed","color":"#FF8C00","radius":3,"orbat":[],"description":"Satellite heat detection at 11:23 UTC, in an area of abnormal fire activity. Urban area."}},{"type":"Feature","geometry":{"type":"Point","coordinates":[35.36512,46.92292]},"properties":{"source":"economist_fires","source_name":"The Economist war-fire model","source_url":"https://github.com/TheEconomist/the-economist-war-fire-model","id":111,"date":"2026-09-18","link":"https://www.economist.com/interactive/graphic-detail/ukraine-fires","category":"Fire classified as war-related (model estimate)","side":"Not attributed","color":"#FF8C00","radius":3,"orbat":[],"description":"Satellite heat detection at 07:14 UTC, in an area of abnormal fire activity. Urban area."}},{"type":"Feature","geometry":{"type":"Point","coordinates":[35.37299,46.92847]},"properties":{"source":"economist_fires","source_name":"The Economist war-fire model","source_url":"https://github.com/TheEconomist/the-economist-war-fire-model","id":112,"date":"2026-09-18","link":"https://www.economist.com/interactive/graphic-detail/ukraine-fires","category":"Fire classified as war-related (model estimate)","side":"Not attributed","color":"#FF8C00","radius":3,"orbat":[],"description":"Satellite heat detection at 07:14 UTC, in an area of abnormal fire activity. Urban area."}},{"type":"Feature","geometry":{"type":"Point","coordinates":[35.35521,46.93198]},"properties":{"source":"economist_fires","source_name":"The Economist war-fire model","source_url":"https://github.com/TheEconomist/the-economist-war-fire-model","id":113,"date":"2026-09-18","link":"https://www.economist.com/interactive/graphic-detail/ukraine-fires","category":"Fire classified as war-related (model estimate)","side":"Not attributed","color":"#FF8C00","radius":3,"orbat":[],"description":"Satellite heat detection at 07:14 UTC, in an area of abnormal fire activity. Urban area."}},{"type":"Feature","geometry":{"type":"Point","coordinates":[35.3693,46.93304]},"properties":{"source":"economist_fires","source_name":"The Economist war-fire model","source_url":"https://github.com/TheEconomist/the-economist-war-fire-model","id":114,"date":"2026-09-18","link":"https://www.economist.com/interactive/graphic-detail/ukraine-fires","category":"Fire classified as war-related (model estimate)","side":"Not attributed","color":"#FF8C00","radius":3,"orbat":[],"description":"Satellite heat detection at 07:14 UTC, in an area of abnormal fire activity. Urban area."}},{"type":"Feature","geometry":{"type":"Point","coordinates":[35.36982,46.93155]},"properties":{"source":"economist_fires","source_name":"The Economist war-fire model","source_url":"https://github.com/TheEconomist/the-economist-war-fire-model","id":115,"date":"2026-09-18","link":"https://www.economist.com/interactive/graphic-detail/ukraine-fires","category":"Fire classified as war-related (model estimate)","side":"Not attributed","color":"#FF8C00","radius":3,"orbat":[],"description":"Satellite heat detection at 09:43 UTC, in an area of abnormal fire activity. Urban area."}},{"type":"Feature","geometry":{"type":"Point","coordinates":[35.36339,46.93237]},"properties":{"source":"economist_fires","source_name":"The Economist war-fire model","source_url":"https://github.com/TheEconomist/the-economist-war-fire-model","id":116,"date":"2026-09-18","link":"https://www.economist.com/interactive/graphic-detail/ukraine-fires","category":"Fire classified as war-related (model estimate)","side":"Not attributed","color":"#FF8C00","radius":3,"orbat":[],"description":"Satellite heat detection at 10:28 UTC, in an area of abnormal fire activity. Urban area."}},{"type":"Feature","geometry":{"type":"Point","coordinates":[35.36837,46.93312]},"properties":{"source":"economist_fires","source_name":"The Economist war-fire model","source_url":"https://github.com/TheEconomist/the-economist-war-fire-model","id":117,"date":"2026-09-18","link":"https://www.economist.com/interactive/graphic-detail/ukraine-fires","category":"Fire classified as war-related (model estimate)","side":"Not attributed","color":"#FF8C00","radius":3,"orbat":[],"description":"Satellite heat detection at 10:28 UTC, in an area days after abnormal fire activity. Urban area."}},{"type":"Feature","geometry":{"type":"Point","coordinates":[35.3689,46.93119]},"properties":{"source":"economist_fires","source_name":"The Economist war-fire model","source_url":"https://github.com/TheEconomist/the-economist-war-fire-model","id":118,"date":"2026-09-18","link":"https://www.economist.com/interactive/graphic-detail/ukraine-fires","category":"Fire classified as war-related (model estimate)","side":"Not attributed","color":"#FF8C00","radius":3,"orbat":[],"description":"Satellite heat detection at 11:04 UTC, in an area days after abnormal fire activity. Urban area."}},{"type":"Feature","geometry":{"type":"Point","coordinates":[35.36724,46.93332]},"properties":{"source":"economist_fires","source_name":"The Economist war-fire model","source_url":"https://github.com/TheEconomist/the-economist-war-fire-model","id":119,"date":"2026-09-18","link":"https://www.economist.com/interactive/graphic-detail/ukraine-fires","category":"Fire classified as war-related (model estimate)","side":"Not attributed","color":"#FF8C00","radius":3,"orbat":[],"description":"Satellite heat detection at 11:23 UTC, in an area days after abnormal fire activity. Urban area."}},{"type":"Feature","geometry":{"type":"Point","coordinates":[35.35292,47.1028]},"properties":{"source":"economist_fires","source_name":"The Economist war-fire model","source_url":"https://github.com/TheEconomist/the-economist-war-fire-model","id":120,"date":"2026-09-18","link":"https://www.economist.com/interactive/graphic-detail/ukraine-fires","category":"Fire classified as war-related (model estimate)","side":"Not attributed","color":"#FF8C00","radius":3,"orbat":[],"description":"Satellite heat detection at 09:43 UTC, in an area of abnormal fire activity. Urban area."}},{"type":"Feature","geometry":{"type":"Point","coordinates":[35.35307,47.10183]},"properties":{"source":"economist_fires","source_name":"The Economist war-fire model","source_url":"https://github.com/TheEconomist/the-economist-war-fire-model","id":121,"date":"2026-09-18","link":"https://www.economist.com/interactive/graphic-detail/ukraine-fires","category":"Fire classified as war-related (model estimate)","side":"Not attributed","color":"#FF8C00","radius":3,"orbat":[],"description":"Satellite heat detection at 10:28 UTC, in an area of abnormal fire activity. Urban area."}},{"type":"Feature","geometry":{"type":"Point","coordinates":[35.35093,47.0998]},"properties":{"source":"economist_fires","source_name":"The Economist war-fire model","source_url":"https://github.com/TheEconomist/the-economist-war-fire-model","id":122,"date":"2026-09-18","link":"https://www.economist.com/interactive/graphic-detail/ukraine-fires","category":"Fire classified as war-related (model estimate)","side":"Not attributed","color":"#FF8C00","radius":3,"orbat":[],"description":"Satellite heat detection at 11:23 UTC, in an area of abnormal fire activity. Urban area."}},{"type":"Feature","geometry":{"type":"Point","coordinates":[35.35397,47.09703]},"properties":{"source":"economist_fires","source_name":"The Economist war-fire model","source_url":"https://github.com/TheEconomist/the-economist-war-fire-model","id":123,"date":"2026-09-18","link":"https://www.economist.com/interactive/graphic-detail/ukraine-fires","category":"Fire classified as war-related (model estimate)","side":"Not attributed","color":"#FF8C00","radius":3,"orbat":[],"description":"Satellite heat detection at 12:42 UTC, in an area of abnormal fire activity. Urban area."}},{"type":"Feature","geometry":{"type":"Point","coordinates":[35.47267,46.7365]},"properties":{"source":"economist_fires","source_name":"The Economist war-fire model","source_url":"https://github.com/TheEconomist/the-economist-war-fire-model","id":124,"date":"2026-09-18","link":"https://www.economist.com/interactive/graphic-detail/ukraine-fires","category":"Fire classified as war-related (model estimate)","side":"Not attributed","color":"#FF8C00","radius":3,"orbat":[],"description":"Satellite heat detection at 10:28 UTC, in an area days after abnormal fire activity. Urban area."}},{"type":"Feature","geometry":{"type":"Point","coordinates":[35.47464,46.73987]},"properties":{"source":"economist_fires","source_name":"The Economist war-fire model","source_url":"https://github.com/TheEconomist/the-economist-war-fire-model","id":125,"date":"2026-09-18","link":"https://www.economist.com/interactive/graphic-detail/ukraine-fires","category":"Fire classified as war-related (model estimate)","side":"Not attributed","color":"#FF8C00","radius":3,"orbat":[],"description":"Satellite heat detection at 11:04 UTC, in an area days after abnormal fire activity. Urban area."}},{"type":"Feature","geometry":{"type":"Point","coordinates":[35.47385,46.74379]},"properties":{"source":"economist_fires","source_name":"The Economist war-fire model","source_url":"https://github.com/TheEconomist/the-economist-war-fire-model","id":126,"date":"2026-09-18","link":"https://www.economist.com/interactive/graphic-detail/ukraine-fires","category":"Fire classified as war-related (model estimate)","side":"Not attributed","color":"#FF8C00","radius":3,"orbat":[],"description":"Satellite heat detection at 11:04 UTC, in an area days after abnormal fire activity. Urban area."}},{"type":"Feature","geometry":{"type":"Point","coordinates":[35.48114,46.73869]},"properties":{"source":"economist_fires","source_name":"The Economist war-fire model","source_url":"https://github.com/TheEconomist/the-economist-war-fire-model","id":127,"date":"2026-09-18","link":"https://www.economist.com/interactive/graphic-detail/ukraine-fires","category":"Fire classified as war-related (model estimate)","side":"Not attributed","color":"#FF8C00","radius":3,"orbat":[],"description":"Satellite heat detection at 11:23 UTC, in an area of abnormal fire activity. Urban area."}},{"type":"Feature","geometry":{"type":"Point","coordinates":[35.49883,46.93247]},"properties":{"source":"economist_fires","source_name":"The Economist war-fire model","source_url":"https://github.com/TheEconomist/the-economist-war-fire-model","id":128,"date":"2026-09-18","link":"https://www.economist.com/interactive/graphic-detail/ukraine-fires","category":"Fire classified as war-related (model estimate)","side":"Not attributed","color":"#FF8C00","radius":3,"orbat":[],"description":"Satellite heat detection at 12:42 UTC, in an area of abnormal fire activity. Urban area."}},{"type":"Feature","geometry":{"type":"Point","coordinates":[35.52567,47.69911]},"properties":{"source":"economist_fires","source_name":"The Economist war-fire model","source_url":"https://github.com/TheEconomist/the-economist-war-fire-model","id":129,"date":"2026-09-18","link":"https://www.economist.com/interactive/graphic-detail/ukraine-fires","category":"Fire classified as war-related (model estimate)","side":"Not attributed","color":"#FF8C00","radius":3,"orbat":[],"description":"Satellite heat detection at 10:28 UTC, in an area days after abnormal fire activity. Urban area."}},{"type":"Feature","geometry":{"type":"Point","coordinates":[35.59068,47.84649]},"properties":{"source":"economist_fires","source_name":"The Economist war-fire model","source_url":"https://github.com/TheEconomist/the-economist-war-fire-model","id":130,"date":"2026-09-18","link":"https://www.economist.com/interactive/graphic-detail/ukraine-fires","category":"Fire classified as war-related (model estimate)","side":"Not attributed","color":"#FF8C00","radius":3,"orbat":[],"description":"Satellite heat detection at 09:43 UTC, in an area days after abnormal fire activity. Urban area."}},{"type":"Feature","geometry":{"type":"Point","coordinates":[35.59155,47.84697]},"properties":{"source":"economist_fires","source_name":"The Economist war-fire model","source_url":"https://github.com/TheEconomist/the-economist-war-fire-model","id":131,"date":"2026-09-18","link":"https://www.economist.com/interactive/graphic-detail/ukraine-fires","category":"Fire classified as war-related (model estimate)","side":"Not attributed","color":"#FF8C00","radius":3,"orbat":[],"description":"Satellite heat detection at 11:04 UTC, in an area days after abnormal fire activity. Urban area."}},{"type":"Feature","geometry":{"type":"Point","coordinates":[35.59263,47.84792]},"properties":{"source":"economist_fires","source_name":"The Economist war-fire model","source_url":"https://github.com/TheEconomist/the-economist-war-fire-model","id":132,"date":"2026-09-18","link":"https://www.economist.com/interactive/graphic-detail/ukraine-fires","category":"Fire classified as war-related (model estimate)","side":"Not attributed","color":"#FF8C00","radius":3,"orbat":[],"description":"Satellite heat detection at 11:04 UTC, in an area days after abnormal fire activity. Urban area."}},{"type":"Feature","geometry":{"type":"Point","coordinates":[35.64183,47.9749]},"properties":{"source":"economist_fires","source_name":"The Economist war-fire model","source_url":"https://github.com/TheEconomist/the-economist-war-fire-model","id":133,"date":"2026-09-18","link":"https://www.economist.com/interactive/graphic-detail/ukraine-fires","category":"Fire classified as war-related (model estimate)","side":"Not attributed","color":"#FF8C00","radius":3,"orbat":[],"description":"Satellite heat detection at 11:04 UTC, in an area of abnormal fire activity. Urban area."}},{"type":"Feature","geometry":{"type":"Point","coordinates":[35.64334,47.9763]},"properties":{"source":"economist_fires","source_name":"The Economist war-fire model","source_url":"https://github.com/TheEconomist/the-economist-war-fire-model","id":134,"date":"2026-09-18","link":"https://www.economist.com/interactive/graphic-detail/ukraine-fires","category":"Fire classified as war-related (model estimate)","side":"Not attributed","color":"#FF8C00","radius":3,"orbat":[],"description":"Satellite heat detection at 11:23 UTC, in an area of abnormal fire activity. Urban area."}},{"type":"Feature","geometry":{"type":"Point","coordinates":[35.72749,47.06176]},"properties":{"source":"economist_fires","source_name":"The Economist war-fire model","source_url":"https://github.com/TheEconomist/the-economist-war-fire-model","id":135,"date":"2026-09-18","link":"https://www.economist.com/interactive/graphic-detail/ukraine-fires","category":"Fire classified as war-related (model estimate)","side":"Not attributed","color":"#FF8C00","radius":3,"orbat":[],"description":"Satellite heat detection at 10:28 UTC, in an area of abnormal fire activity. Urban area."}},{"type":"Feature","geometry":{"type":"Point","coordinates":[35.73156,47.05795]},"properties":{"source":"economist_fires","source_name":"The Economist war-fire model","source_url":"https://github.com/TheEconomist/the-economist-war-fire-model","id":136,"date":"2026-09-18","link":"https://www.economist.com/interactive/graphic-detail/ukraine-fires","category":"Fire classified as war-related (model estimate)","side":"Not attributed","color":"#FF8C00","radius":3,"orbat":[],"description":"Satellite heat detection at 11:23 UTC, in an area of abnormal fire activity. Urban area."}},{"type":"Feature","geometry":{"type":"Point","coordinates":[35.73607,47.06357]},"properties":{"source":"economist_fires","source_name":"The Economist war-fire model","source_url":"https://github.com/TheEconomist/the-economist-war-fire-model","id":137,"date":"2026-09-18","link":"https://www.economist.com/interactive/graphic-detail/ukraine-fires","category":"Fire classified as war-related (model estimate)","side":"Not attributed","color":"#FF8C00","radius":3,"orbat":[],"description":"Satellite heat detection at 11:23 UTC, in an area of abnormal fire activity. Urban area."}},{"type":"Feature","geometry":{"type":"Point","coordinates":[35.69119,47.67211]},"properties":{"source":"economist_fires","source_name":"The Economist war-fire model","source_url":"https://github.com/TheEconomist/the-economist-war-fire-model","id":138,"date":"2026-09-18","link":"https://www.economist.com/interactive/graphic-detail/ukraine-fires","category":"Fire classified as war-related (model estimate)","side":"Not attributed","color":"#FF8C00","radius":3,"orbat":[],"description":"Satellite heat detection at 10:28 UTC, in an area days after abnormal fire activity. Urban area."}},{"type":"Feature","geometry":{"type":"Point","coordinates":[35.68925,47.67216]},"properties":{"source":"economist_fires","source_name":"The Economist war-fire model","source_url":"https://github.com/TheEconomist/the-economist-war-fire-model","id":139,"date":"2026-09-18","link":"https://www.economist.com/interactive/graphic-detail/ukraine-fires","category":"Fire classified as war-related (model estimate)","side":"Not attributed","color":"#FF8C00","radius":3,"orbat":[],"description":"Satellite heat detection at 11:04 UTC, in an area days after abnormal fire activity. Urban area."}},{"type":"Feature","geometry":{"type":"Point","coordinates":[35.69739,47.66935]},"properties":{"source":"economist_fires","source_name":"The Economist war-fire model","source_url":"https://github.com/TheEconomist/the-economist-war-fire-model","id":140,"date":"2026-09-18","link":"https://www.economist.com/interactive/graphic-detail/ukraine-fires","category":"Fire classified as war-related (model estimate)","side":"Not attributed","color":"#FF8C00","radius":3,"orbat":[],"description":"Satellite heat detection at 11:23 UTC, in an area days after abnormal fire activity. Urban area."}},{"type":"Feature","geometry":{"type":"Point","coordinates":[35.75475,47.26143]},"properties":{"source":"economist_fires","source_name":"The Economist war-fire model","source_url":"https://github.com/TheEconomist/the-economist-war-fire-model","id":141,"date":"2026-09-18","link":"https://www.economist.com/interactive/graphic-detail/ukraine-fires","category":"Fire classified as war-related (model estimate)","side":"Not attributed","color":"#FF8C00","radius":3,"orbat":[],"description":"Satellite heat detection at 23:18 UTC, in an area days after abnormal fire activity. Urban area."}},{"type":"Feature","geometry":{"type":"Point","coordinates":[35.75497,47.2635]},"properties":{"source":"economist_fires","source_name":"The Economist war-fire model","source_url":"https://github.com/TheEconomist/the-economist-war-fire-model","id":142,"date":"2026-09-18","link":"https://www.economist.com/interactive/graphic-detail/ukraine-fires","category":"Fire classified as war-related (model estimate)","side":"Not attributed","color":"#FF8C00","radius":3,"orbat":[],"description":"Satellite heat detection at 23:18 UTC, in an area days after abnormal fire activity. Urban area."}},{"type":"Feature","geometry":{"type":"Point","coordinates":[35.75714,47.26151]},"properties":{"source":"economist_fires","source_name":"The Economist war-fire model","source_url":"https://github.com/TheEconomist/the-economist-war-fire-model","id":143,"date":"2026-09-18","link":"https://www.economist.com/interactive/graphic-detail/ukraine-fires","category":"Fire classified as war-related (model estimate)","side":"Not attributed","color":"#FF8C00","radius":3,"orbat":[],"description":"Satellite heat detection at 23:37 UTC, in an area days after abnormal fire activity. Urban area."}},{"type":"Feature","geometry":{"type":"Point","coordinates":[35.75574,47.6198]},"properties":{"source":"economist_fires","source_name":"The Economist war-fire model","source_url":"https://github.com/TheEconomist/the-economist-war-fire-model","id":144,"date":"2026-09-18","link":"https://www.economist.com/interactive/graphic-detail/ukraine-fires","category":"Fire classified as war-related (model estimate)","side":"Not attributed","color":"#FF8C00","radius":3,"orbat":[],"description":"Satellite heat detection at 10:28 UTC, in an area days after abnormal fire activity. Urban area."}},{"type":"Feature","geometry":{"type":"Point","coordinates":[35.80935,47.66215]},"properties":{"source":"economist_fires","source_name":"The Economist war-fire model","source_url":"https://github.com/TheEconomist/the-economist-war-fire-model","id":145,"date":"2026-09-18","link":"https://www.economist.com/interactive/graphic-detail/ukraine-fires","category":"Fire classified as war-related (model estimate)","side":"Not attributed","color":"#FF8C00","radius":3,"orbat":[],"description":"Satellite heat detection at 09:24 UTC, in an area of abnormal fire activity. Urban area."}},{"type":"Feature","geometry":{"type":"Point","coordinates":[35.81317,47.74986]},"properties":{"source":"economist_fires","source_name":"The Economist war-fire model","source_url":"https://github.com/TheEconomist/the-economist-war-fire-model","id":146,"date":"2026-09-18","link":"https://www.economist.com/interactive/graphic-detail/ukraine-fires","category":"Fire classified as war-related (model estimate)","side":"Not attributed","color":"#FF8C00","radius":3,"orbat":[],"description":"Satellite heat detection at 12:42 UTC, in an area of abnormal fire activity. Urban area."}},{"type":"Feature","geometry":{"type":"Point","coordinates":[35.77692,47.8169]},"properties":{"source":"economist_fires","source_name":"The Economist war-fire model","source_url":"https://github.com/TheEconomist/the-economist-war-fire-model","id":147,"date":"2026-09-18","link":"https://www.economist.com/interactive/graphic-detail/ukraine-fires","category":"Fire classified as war-related (model estimate)","side":"Not attributed","color":"#FF8C00","radius":3,"orbat":[],"description":"Satellite heat detection at 09:24 UTC, in an area of abnormal fire activity. Urban area."}},{"type":"Feature","geometry":{"type":"Point","coordinates":[35.77671,47.81438]},"properties":{"source":"economist_fires","source_name":"The Economist war-fire model","source_url":"https://github.com/TheEconomist/the-economist-war-fire-model","id":148,"date":"2026-09-18","link":"https://www.economist.com/interactive/graphic-detail/ukraine-fires","category":"Fire classified as war-related (model estimate)","side":"Not attributed","color":"#FF8C00","radius":3,"orbat":[],"description":"Satellite heat detection at 10:28 UTC, in an area of abnormal fire activity. Urban area."}},{"type":"Feature","geometry":{"type":"Point","coordinates":[35.78371,47.81564]},"properties":{"source":"economist_fires","source_name":"The Economist war-fire model","source_url":"https://github.com/TheEconomist/the-economist-war-fire-model","id":149,"date":"2026-09-18","link":"https://www.economist.com/interactive/graphic-detail/ukraine-fires","category":"Fire classified as war-related (model estimate)","side":"Not attributed","color":"#FF8C00","radius":3,"orbat":[],"description":"Satellite heat detection at 11:04 UTC, in an area of abnormal fire activity. Urban area."}},{"type":"Feature","geometry":{"type":"Point","coordinates":[35.77643,47.81516]},"properties":{"source":"economist_fires","source_name":"The Economist war-fire model","source_url":"https://github.com/TheEconomist/the-economist-war-fire-model","id":150,"date":"2026-09-18","link":"https://www.economist.com/interactive/graphic-detail/ukraine-fires","category":"Fire classified as war-related (model estimate)","side":"Not attributed","color":"#FF8C00","radius":3,"orbat":[],"description":"Satellite heat detection at 11:23 UTC, in an area of abnormal fire activity. Urban area."}},{"type":"Feature","geometry":{"type":"Point","coordinates":[35.78167,47.81534]},"properties":{"source":"economist_fires","source_name":"The Economist war-fire model","source_url":"https://github.com/TheEconomist/the-economist-war-fire-model","id":151,"date":"2026-09-18","link":"https://www.economist.com/interactive/graphic-detail/ukraine-fires","category":"Fire classified as war-related (model estimate)","side":"Not attributed","color":"#FF8C00","radius":3,"orbat":[],"description":"Satellite heat detection at 11:23 UTC, in an area of abnormal fire activity. Urban area."}},{"type":"Feature","geometry":{"type":"Point","coordinates":[36.01227,48.13949]},"properties":{"source":"economist_fires","source_name":"The Economist war-fire model","source_url":"https://github.com/TheEconomist/the-economist-war-fire-model","id":152,"date":"2026-09-18","link":"https://www.economist.com/interactive/graphic-detail/ukraine-fires","category":"Fire classified as war-related (model estimate)","side":"Not attributed","color":"#FF8C00","radius":3,"orbat":[],"description":"Satellite heat detection at 09:43 UTC, in an area days after abnormal fire activity. Urban area."}},{"type":"Feature","geometry":{"type":"Point","coordinates":[36.01123,48.14148]},"properties":{"source":"economist_fires","source_name":"The Economist war-fire model","source_url":"https://github.com/TheEconomist/the-economist-war-fire-model","id":153,"date":"2026-09-18","link":"https://www.economist.com/interactive/graphic-detail/ukraine-fires","category":"Fire classified as war-related (model estimate)","side":"Not attributed","color":"#FF8C00","radius":3,"orbat":[],"description":"Satellite heat detection at 10:28 UTC, in an area days after abnormal fire activity. Urban area."}},{"type":"Feature","geometry":{"type":"Point","coordinates":[36.01315,48.13902]},"properties":{"source":"economist_fires","source_name":"The Economist war-fire model","source_url":"https://github.com/TheEconomist/the-economist-war-fire-model","id":154,"date":"2026-09-18","link":"https://www.economist.com/interactive/graphic-detail/ukraine-fires","category":"Fire classified as war-related (model estimate)","side":"Not attributed","color":"#FF8C00","radius":3,"orbat":[],"description":"Satellite heat detection at 11:04 UTC, in an area days after abnormal fire activity. Urban area."}},{"type":"Feature","geometry":{"type":"Point","coordinates":[36.00694,48.14265]},"properties":{"source":"economist_fires","source_name":"The Economist war-fire model","source_url":"https://github.com/TheEconomist/the-economist-war-fire-model","id":155,"date":"2026-09-18","link":"https://www.economist.com/interactive/graphic-detail/ukraine-fires","category":"Fire classified as war-related (model estimate)","side":"Not attributed","color":"#FF8C00","radius":3,"orbat":[],"description":"Satellite heat detection at 11:04 UTC, in an area days after abnormal fire activity. Urban area."}},{"type":"Feature","geometry":{"type":"Point","coordinates":[36.01236,48.14312]},"properties":{"source":"economist_fires","source_name":"The Economist war-fire model","source_url":"https://github.com/TheEconomist/the-economist-war-fire-model","id":156,"date":"2026-09-18","link":"https://www.economist.com/interactive/graphic-detail/ukraine-fires","category":"Fire classified as war-related (model estimate)","side":"Not attributed","color":"#FF8C00","radius":3,"orbat":[],"description":"Satellite heat detection at 11:04 UTC, in an area days after abnormal fire activity. Urban area."}},{"type":"Feature","geometry":{"type":"Point","coordinates":[36.01562,48.1376]},"properties":{"source":"economist_fires","source_name":"The Economist war-fire model","source_url":"https://github.com/TheEconomist/the-economist-war-fire-model","id":157,"date":"2026-09-18","link":"https://www.economist.com/interactive/graphic-detail/ukraine-fires","category":"Fire classified as war-related (model estimate)","side":"Not attributed","color":"#FF8C00","radius":3,"orbat":[],"description":"Satellite heat detection at 11:23 UTC, in an area days after abnormal fire activity. Urban area."}},{"type":"Feature","geometry":{"type":"Point","coordinates":[36.02106,48.13777]},"properties":{"source":"economist_fires","source_name":"The Economist war-fire model","source_url":"https://github.com/TheEconomist/the-economist-war-fire-model","id":158,"date":"2026-09-18","link":"https://www.economist.com/interactive/graphic-detail/ukraine-fires","category":"Fire classified as war-related (model estimate)","side":"Not attributed","color":"#FF8C00","radius":3,"orbat":[],"description":"Satellite heat detection at 11:23 UTC, in an area days after abnormal fire activity. Urban area."}},{"type":"Feature","geometry":{"type":"Point","coordinates":[36.00987,48.14297]},"properties":{"source":"economist_fires","source_name":"The Economist war-fire model","source_url":"https://github.com/TheEconomist/the-economist-war-fire-model","id":159,"date":"2026-09-18","link":"https://www.economist.com/interactive/graphic-detail/ukraine-fires","category":"Fire classified as war-related (model estimate)","side":"Not attributed","color":"#FF8C00","radius":3,"orbat":[],"description":"Satellite heat detection at 11:23 UTC, in an area days after abnormal fire activity. Urban area."}},{"type":"Feature","geometry":{"type":"Point","coordinates":[36.0153,48.14315]},"properties":{"source":"economist_fires","source_name":"The Economist war-fire model","source_url":"https://github.com/TheEconomist/the-economist-war-fire-model","id":160,"date":"2026-09-18","link":"https://www.economist.com/interactive/graphic-detail/ukraine-fires","category":"Fire classified as war-related (model estimate)","side":"Not attributed","color":"#FF8C00","radius":3,"orbat":[],"description":"Satellite heat detection at 11:23 UTC, in an area days after abnormal fire activity. Urban area."}},{"type":"Feature","geometry":{"type":"Point","coordinates":[36.00304,48.13955]},"properties":{"source":"economist_fires","source_name":"The Economist war-fire model","source_url":"https://github.com/TheEconomist/the-economist-war-fire-model","id":161,"date":"2026-09-18","link":"https://www.economist.com/interactive/graphic-detail/ukraine-fires","category":"Fire classified as war-related (model estimate)","side":"Not attributed","color":"#FF8C00","radius":3,"orbat":[],"description":"Satellite heat detection at 12:42 UTC, in an area days after abnormal fire activity. Urban area."}},{"type":"Feature","geometry":{"type":"Point","coordinates":[36.01609,48.14139]},"properties":{"source":"economist_fires","source_name":"The Economist war-fire model","source_url":"https://github.com/TheEconomist/the-economist-war-fire-model","id":162,"date":"2026-09-18","link":"https://www.economist.com/interactive/graphic-detail/ukraine-fires","category":"Fire classified as war-related (model estimate)","side":"Not attributed","color":"#FF8C00","radius":3,"orbat":[],"description":"Satellite heat detection at 12:42 UTC, in an area days after abnormal fire activity. Urban area."}},{"type":"Feature","geometry":{"type":"Point","coordinates":[36.11886,47.18188]},"properties":{"source":"economist_fires","source_name":"The Economist war-fire model","source_url":"https://github.com/TheEconomist/the-economist-war-fire-model","id":163,"date":"2026-09-18","link":"https://www.economist.com/interactive/graphic-detail/ukraine-fires","category":"Fire classified as war-related (model estimate)","side":"Not attributed","color":"#FF8C00","radius":3,"orbat":[],"description":"Satellite heat detection at 11:23 UTC, in an area of abnormal fire activity. Urban area."}},{"type":"Feature","geometry":{"type":"Point","coordinates":[36.14759,48.12444]},"properties":{"source":"economist_fires","source_name":"The Economist war-fire model","source_url":"https://github.com/TheEconomist/the-economist-war-fire-model","id":164,"date":"2026-09-18","link":"https://www.economist.com/interactive/graphic-detail/ukraine-fires","category":"Fire classified as war-related (model estimate)","side":"Not attributed","color":"#FF8C00","radius":3,"orbat":[],"description":"Satellite heat detection at 09:43 UTC, in an area days after abnormal fire activity. Urban area."}},{"type":"Feature","geometry":{"type":"Point","coordinates":[36.06106,48.14884]},"properties":{"source":"economist_fires","source_name":"The Economist war-fire model","source_url":"https://github.com/TheEconomist/the-economist-war-fire-model","id":165,"date":"2026-09-18","link":"https://www.economist.com/interactive/graphic-detail/ukraine-fires","category":"Fire classified as war-related (model estimate)","side":"Not attributed","color":"#FF8C00","radius":3,"orbat":[],"description":"Satellite heat detection at 11:23 UTC, in an area days after abnormal fire activity. Urban area."}},{"type":"Feature","geometry":{"type":"Point","coordinates":[36.06424,48.16171]},"properties":{"source":"economist_fires","source_name":"The Economist war-fire model","source_url":"https://github.com/TheEconomist/the-economist-war-fire-model","id":166,"date":"2026-09-18","link":"https://www.economist.com/interactive/graphic-detail/ukraine-fires","category":"Fire classified as war-related (model estimate)","side":"Not attributed","color":"#FF8C00","radius":3,"orbat":[],"description":"Satellite heat detection at 07:14 UTC, in an area days after abnormal fire activity. Urban area."}},{"type":"Feature","geometry":{"type":"Point","coordinates":[36.06513,48.15603]},"properties":{"source":"economist_fires","source_name":"The Economist war-fire model","source_url":"https://github.com/TheEconomist/the-economist-war-fire-model","id":167,"date":"2026-09-18","link":"https://www.economist.com/interactive/graphic-detail/ukraine-fires","category":"Fire classified as war-related (model estimate)","side":"Not attributed","color":"#FF8C00","radius":3,"orbat":[],"description":"Satellite heat detection at 11:04 UTC, in an area days after abnormal fire activity. Urban area."}},{"type":"Feature","geometry":{"type":"Point","coordinates":[36.06388,48.1503]},"properties":{"source":"economist_fires","source_name":"The Economist war-fire model","source_url":"https://github.com/TheEconomist/the-economist-war-fire-model","id":168,"date":"2026-09-18","link":"https://www.economist.com/interactive/graphic-detail/ukraine-fires","category":"Fire classified as war-related (model estimate)","side":"Not attributed","color":"#FF8C00","radius":3,"orbat":[],"description":"Satellite heat detection at 11:23 UTC, in an area days after abnormal fire activity. Urban area."}},{"type":"Feature","geometry":{"type":"Point","coordinates":[36.06606,48.15455]},"properties":{"source":"economist_fires","source_name":"The Economist war-fire model","source_url":"https://github.com/TheEconomist/the-economist-war-fire-model","id":169,"date":"2026-09-18","link":"https://www.economist.com/interactive/graphic-detail/ukraine-fires","category":"Fire classified as war-related (model estimate)","side":"Not attributed","color":"#FF8C00","radius":3,"orbat":[],"description":"Satellite heat detection at 11:23 UTC, in an area days after abnormal fire activity. Urban area."}},{"type":"Feature","geometry":{"type":"Point","coordinates":[36.06351,48.15586]},"properties":{"source":"economist_fires","source_name":"The Economist war-fire model","source_url":"https://github.com/TheEconomist/the-economist-war-fire-model","id":170,"date":"2026-09-18","link":"https://www.economist.com/interactive/graphic-detail/ukraine-fires","category":"Fire classified as war-related (model estimate)","side":"Not attributed","color":"#FF8C00","radius":3,"orbat":[],"description":"Satellite heat detection at 11:23 UTC, in an area days after abnormal fire activity. Urban area."}},{"type":"Feature","geometry":{"type":"Point","coordinates":[36.17848,47.77341]},"properties":{"source":"economist_fires","source_name":"The Economist war-fire model","source_url":"https://github.com/TheEconomist/the-economist-war-fire-model","id":171,"date":"2026-09-18","link":"https://www.economist.com/interactive/graphic-detail/ukraine-fires","category":"Fire classified as war-related (model estimate)","side":"Not attributed","color":"#FF8C00","radius":3,"orbat":[],"description":"Satellite heat detection at 09:43 UTC, in an area days after abnormal fire activity. Urban area."}},{"type":"Feature","geometry":{"type":"Point","coordinates":[36.15493,48.12434]},"properties":{"source":"economist_fires","source_name":"The Economist war-fire model","source_url":"https://github.com/TheEconomist/the-economist-war-fire-model","id":172,"date":"2026-09-18","link":"https://www.economist.com/interactive/graphic-detail/ukraine-fires","category":"Fire classified as war-related (model estimate)","side":"Not attributed","color":"#FF8C00","radius":3,"orbat":[],"description":"Satellite heat detection at 09:24 UTC, in an area of abnormal fire activity. Urban area."}},{"type":"Feature","geometry":{"type":"Point","coordinates":[36.15353,48.12971]},"properties":{"source":"economist_fires","source_name":"The Economist war-fire model","source_url":"https://github.com/TheEconomist/the-economist-war-fire-model","id":173,"date":"2026-09-18","link":"https://www.economist.com/interactive/graphic-detail/ukraine-fires","category":"Fire classified as war-related (model estimate)","side":"Not attributed","color":"#FF8C00","radius":3,"orbat":[],"description":"Satellite heat detection at 09:24 UTC, in an area of abnormal fire activity. Urban area."}},{"type":"Feature","geometry":{"type":"Point","coordinates":[36.151,48.12989]},"properties":{"source":"economist_fires","source_name":"The Economist war-fire model","source_url":"https://github.com/TheEconomist/the-economist-war-fire-model","id":174,"date":"2026-09-18","link":"https://www.economist.com/interactive/graphic-detail/ukraine-fires","category":"Fire classified as war-related (model estimate)","side":"Not attributed","color":"#FF8C00","radius":3,"orbat":[],"description":"Satellite heat detection at 09:24 UTC, in an area of abnormal fire activity. Urban area."}},{"type":"Feature","geometry":{"type":"Point","coordinates":[36.15716,48.13194]},"properties":{"source":"economist_fires","source_name":"The Economist war-fire model","source_url":"https://github.com/TheEconomist/the-economist-war-fire-model","id":175,"date":"2026-09-18","link":"https://www.economist.com/interactive/graphic-detail/ukraine-fires","category":"Fire classified as war-related (model estimate)","side":"Not attributed","color":"#FF8C00","radius":3,"orbat":[],"description":"Satellite heat detection at 09:24 UTC, in an area of abnormal fire activity. Urban area."}},{"type":"Feature","geometry":{"type":"Point","coordinates":[36.1517,48.12672]},"properties":{"source":"economist_fires","source_name":"The Economist war-fire model","source_url":"https://github.com/TheEconomist/the-economist-war-fire-model","id":176,"date":"2026-09-18","link":"https://www.economist.com/interactive/graphic-detail/ukraine-fires","category":"Fire classified as war-related (model estimate)","side":"Not attributed","color":"#FF8C00","radius":3,"orbat":[],"description":"Satellite heat detection at 10:28 UTC, in an area of abnormal fire activity. Urban area."}},{"type":"Feature","geometry":{"type":"Point","coordinates":[36.15855,48.1306]},"properties":{"source":"economist_fires","source_name":"The Economist war-fire model","source_url":"https://github.com/TheEconomist/the-economist-war-fire-model","id":177,"date":"2026-09-18","link":"https://www.economist.com/interactive/graphic-detail/ukraine-fires","category":"Fire classified as war-related (model estimate)","side":"Not attributed","color":"#FF8C00","radius":3,"orbat":[],"description":"Satellite heat detection at 11:04 UTC, in an area of abnormal fire activity. Urban area."}},{"type":"Feature","geometry":{"type":"Point","coordinates":[36.22289,48.14983]},"properties":{"source":"economist_fires","source_name":"The Economist war-fire model","source_url":"https://github.com/TheEconomist/the-economist-war-fire-model","id":178,"date":"2026-09-18","link":"https://www.economist.com/interactive/graphic-detail/ukraine-fires","category":"Fire classified as war-related (model estimate)","side":"Not attributed","color":"#FF8C00","radius":3,"orbat":[],"description":"Satellite heat detection at 23:18 UTC, in an area of abnormal fire activity. Urban area."}},{"type":"Feature","geometry":{"type":"Point","coordinates":[36.27633,45.35556]},"properties":{"source":"economist_fires","source_name":"The Economist war-fire model","source_url":"https://github.com/TheEconomist/the-economist-war-fire-model","id":179,"date":"2026-09-18","link":"https://www.economist.com/interactive/graphic-detail/ukraine-fires","category":"Fire classified as war-related (model estimate)","side":"Not attributed","color":"#FF8C00","radius":3,"orbat":[],"description":"Satellite heat detection at 22:42 UTC, in an area days after abnormal fire activity. Urban area."}},{"type":"Feature","geometry":{"type":"Point","coordinates":[36.27937,45.35256]},"properties":{"source":"economist_fires","source_name":"The Economist war-fire model","source_url":"https://github.com/TheEconomist/the-economist-war-fire-model","id":180,"date":"2026-09-18","link":"https://www.economist.com/interactive/graphic-detail/ukraine-fires","category":"Fire classified as war-related (model estimate)","side":"Not attributed","color":"#FF8C00","radius":3,"orbat":[],"description":"Satellite heat detection at 23:20 UTC, in an area days after abnormal fire activity. Urban area."}},{"type":"Feature","geometry":{"type":"Point","coordinates":[36.27815,45.35572]},"properties":{"source":"economist_fires","source_name":"The Economist war-fire model","source_url":"https://github.com/TheEconomist/the-economist-war-fire-model","id":181,"date":"2026-09-18","link":"https://www.economist.com/interactive/graphic-detail/ukraine-fires","category":"Fire classified as war-related (model estimate)","side":"Not attributed","color":"#FF8C00","radius":3,"orbat":[],"description":"Satellite heat detection at 23:37 UTC, in an area days after abnormal fire activity. Urban area."}},{"type":"Feature","geometry":{"type":"Point","coordinates":[36.27185,46.715]},"properties":{"source":"economist_fires","source_name":"The Economist war-fire model","source_url":"https://github.com/TheEconomist/the-economist-war-fire-model","id":182,"date":"2026-09-18","link":"https://www.economist.com/interactive/graphic-detail/ukraine-fires","category":"Fire classified as war-related (model estimate)","side":"Not attributed","color":"#FF8C00","radius":3,"orbat":[],"description":"Satellite heat detection at 09:43 UTC, in an area of abnormal fire activity. Urban area."}},{"type":"Feature","geometry":{"type":"Point","coordinates":[36.28617,46.71877]},"properties":{"source":"economist_fires","source_name":"The Economist war-fire model","source_url":"https://github.com/TheEconomist/the-economist-war-fire-model","id":183,"date":"2026-09-18","link":"https://www.economist.com/interactive/graphic-detail/ukraine-fires","category":"Fire classified as war-related (model estimate)","side":"Not attributed","color":"#FF8C00","radius":3,"orbat":[],"description":"Satellite heat detection at 09:43 UTC, in an area of abnormal fire activity. Urban area."}},{"type":"Feature","geometry":{"type":"Point","coordinates":[36.27952,46.71806]},"properties":{"source":"economist_fires","source_name":"The Economist war-fire model","source_url":"https://github.com/TheEconomist/the-economist-war-fire-model","id":184,"date":"2026-09-18","link":"https://www.economist.com/interactive/graphic-detail/ukraine-fires","category":"Fire classified as war-related (model estimate)","side":"Not attributed","color":"#FF8C00","radius":3,"orbat":[],"description":"Satellite heat detection at 10:28 UTC, in an area of abnormal fire activity. Urban area."}},{"type":"Feature","geometry":{"type":"Point","coordinates":[36.34155,47.20058]},"properties":{"source":"economist_fires","source_name":"The Economist war-fire model","source_url":"https://github.com/TheEconomist/the-economist-war-fire-model","id":185,"date":"2026-09-18","link":"https://www.economist.com/interactive/graphic-detail/ukraine-fires","category":"Fire classified as war-related (model estimate)","side":"Not attributed","color":"#FF8C00","radius":3,"orbat":[],"description":"Satellite heat detection at 09:43 UTC, in an area of abnormal fire activity. Urban area."}},{"type":"Feature","geometry":{"type":"Point","coordinates":[36.34092,47.20272]},"properties":{"source":"economist_fires","source_name":"The Economist war-fire model","source_url":"https://github.com/TheEconomist/the-economist-war-fire-model","id":186,"date":"2026-09-18","link":"https://www.economist.com/interactive/graphic-detail/ukraine-fires","category":"Fire classified as war-related (model estimate)","side":"Not attributed","color":"#FF8C00","radius":3,"orbat":[],"description":"Satellite heat detection at 09:43 UTC, in an area of abnormal fire activity. Urban area."}},{"type":"Feature","geometry":{"type":"Point","coordinates":[36.33909,47.20503]},"properties":{"source":"economist_fires","source_name":"The Economist war-fire model","source_url":"https://github.com/TheEconomist/the-economist-war-fire-model","id":187,"date":"2026-09-18","link":"https://www.economist.com/interactive/graphic-detail/ukraine-fires","category":"Fire classified as war-related (model estimate)","side":"Not attributed","color":"#FF8C00","radius":3,"orbat":[],"description":"Satellite heat detection at 09:43 UTC, in an area of abnormal fire activity. Urban area."}},{"type":"Feature","geometry":{"type":"Point","coordinates":[36.34,47.19784]},"properties":{"source":"economist_fires","source_name":"The Economist war-fire model","source_url":"https://github.com/TheEconomist/the-economist-war-fire-model","id":188,"date":"2026-09-18","link":"https://www.economist.com/interactive/graphic-detail/ukraine-fires","category":"Fire classified as war-related (model estimate)","side":"Not attributed","color":"#FF8C00","radius":3,"orbat":[],"description":"Satellite heat detection at 10:28 UTC, in an area of abnormal fire activity. Urban area."}},{"type":"Feature","geometry":{"type":"Point","coordinates":[36.3441,47.20185]},"properties":{"source":"economist_fires","source_name":"The Economist war-fire model","source_url":"https://github.com/TheEconomist/the-economist-war-fire-model","id":189,"date":"2026-09-18","link":"https://www.economist.com/interactive/graphic-detail/ukraine-fires","category":"Fire classified as war-related (model estimate)","side":"Not attributed","color":"#FF8C00","radius":3,"orbat":[],"description":"Satellite heat detection at 10:28 UTC, in an area of abnormal fire activity. Urban area."}},{"type":"Feature","geometry":{"type":"Point","coordinates":[36.3278,47.20299]},"properties":{"source":"economist_fires","source_name":"The Economist war-fire model","source_url":"https://github.com/TheEconomist/the-economist-war-fire-model","id":190,"date":"2026-09-18","link":"https://www.economist.com/interactive/graphic-detail/ukraine-fires","category":"Fire classified as war-related (model estimate)","side":"Not attributed","color":"#FF8C00","radius":3,"orbat":[],"description":"Satellite heat detection at 10:28 UTC, in an area of abnormal fire activity. Urban area."}},{"type":"Feature","geometry":{"type":"Point","coordinates":[36.3475,47.19341]},"properties":{"source":"economist_fires","source_name":"The Economist war-fire model","source_url":"https://github.com/TheEconomist/the-economist-war-fire-model","id":191,"date":"2026-09-18","link":"https://www.economist.com/interactive/graphic-detail/ukraine-fires","category":"Fire classified as war-related (model estimate)","side":"Not attributed","color":"#FF8C00","radius":3,"orbat":[],"description":"Satellite heat detection at 11:04 UTC, in an area days after abnormal fire activity. Urban area."}},{"type":"Feature","geometry":{"type":"Point","coordinates":[36.34668,47.19751]},"properties":{"source":"economist_fires","source_name":"The Economist war-fire model","source_url":"https://github.com/TheEconomist/the-economist-war-fire-model","id":192,"date":"2026-09-18","link":"https://www.economist.com/interactive/graphic-detail/ukraine-fires","category":"Fire classified as war-related (model estimate)","side":"Not attributed","color":"#FF8C00","radius":3,"orbat":[],"description":"Satellite heat detection at 11:04 UTC, in an area days after abnormal fire activity. Urban area."}},{"type":"Feature","geometry":{"type":"Point","coordinates":[36.32449,47.19976]},"properties":{"source":"economist_fires","source_name":"The Economist war-fire model","source_url":"https://github.com/TheEconomist/the-economist-war-fire-model","id":193,"date":"2026-09-18","link":"https://www.economist.com/interactive/graphic-detail/ukraine-fires","category":"Fire classified as war-related (model estimate)","side":"Not attributed","color":"#FF8C00","radius":3,"orbat":[],"description":"Satellite heat detection at 11:04 UTC, in an area days after abnormal fire activity. Urban area."}},{"type":"Feature","geometry":{"type":"Point","coordinates":[36.31701,47.95449]},"properties":{"source":"economist_fires","source_name":"The Economist war-fire model","source_url":"https://github.com/TheEconomist/the-economist-war-fire-model","id":194,"date":"2026-09-18","link":"https://www.economist.com/interactive/graphic-detail/ukraine-fires","category":"Fire classified as war-related (model estimate)","side":"Not attributed","color":"#FF8C00","radius":3,"orbat":[],"description":"Satellite heat detection at 09:43 UTC, in an area of abnormal fire activity. Urban area."}},{"type":"Feature","geometry":{"type":"Point","coordinates":[36.31972,47.95477]},"properties":{"source":"economist_fires","source_name":"The Economist war-fire model","source_url":"https://github.com/TheEconomist/the-economist-war-fire-model","id":195,"date":"2026-09-18","link":"https://www.economist.com/interactive/graphic-detail/ukraine-fires","category":"Fire classified as war-related (model estimate)","side":"Not attributed","color":"#FF8C00","radius":3,"orbat":[],"description":"Satellite heat detection at 11:23 UTC, in an area of abnormal fire activity. Urban area."}},{"type":"Feature","geometry":{"type":"Point","coordinates":[36.30639,47.95091]},"properties":{"source":"economist_fires","source_name":"The Economist war-fire model","source_url":"https://github.com/TheEconomist/the-economist-war-fire-model","id":196,"date":"2026-09-18","link":"https://www.economist.com/interactive/graphic-detail/ukraine-fires","category":"Fire classified as war-related (model estimate)","side":"Not attributed","color":"#FF8C00","radius":3,"orbat":[],"description":"Satellite heat detection at 12:42 UTC, in an area of abnormal fire activity. Urban area."}},{"type":"Feature","geometry":{"type":"Point","coordinates":[36.42186,46.94636]},"properties":{"source":"economist_fires","source_name":"The Economist war-fire model","source_url":"https://github.com/TheEconomist/the-economist-war-fire-model","id":197,"date":"2026-09-18","link":"https://www.economist.com/interactive/graphic-detail/ukraine-fires","category":"Fire classified as war-related (model estimate)","side":"Not attributed","color":"#FF8C00","radius":3,"orbat":[],"description":"Satellite heat detection at 10:28 UTC, in an area days after abnormal fire activity. Urban area."}},{"type":"Feature","geometry":{"type":"Point","coordinates":[36.42696,46.94707]},"properties":{"source":"economist_fires","source_name":"The Economist war-fire model","source_url":"https://github.com/TheEconomist/the-economist-war-fire-model","id":198,"date":"2026-09-18","link":"https://www.economist.com/interactive/graphic-detail/ukraine-fires","category":"Fire classified as war-related (model estimate)","side":"Not attributed","color":"#FF8C00","radius":3,"orbat":[],"description":"Satellite heat detection at 10:28 UTC, in an area days after abnormal fire activity. Urban area."}},{"type":"Feature","geometry":{"type":"Point","coordinates":[36.3697,47.07993]},"properties":{"source":"economist_fires","source_name":"The Economist war-fire model","source_url":"https://github.com/TheEconomist/the-economist-war-fire-model","id":199,"date":"2026-09-18","link":"https://www.economist.com/interactive/graphic-detail/ukraine-fires","category":"Fire classified as war-related (model estimate)","side":"Not attributed","color":"#FF8C00","radius":3,"orbat":[],"description":"Satellite heat detection at 11:23 UTC, in an area days after abnormal fire activity. Urban area."}},{"type":"Feature","geometry":{"type":"Point","coordinates":[36.42114,47.54773]},"properties":{"source":"economist_fires","source_name":"The Economist war-fire model","source_url":"https://github.com/TheEconomist/the-economist-war-fire-model","id":200,"date":"2026-09-18","link":"https://www.economist.com/interactive/graphic-detail/ukraine-fires","category":"Fire classified as war-related (model estimate)","side":"Not attributed","color":"#FF8C00","radius":3,"orbat":[],"description":"Satellite heat detection at 12:42 UTC, in an area days after abnormal fire activity. Urban area."}},{"type":"Feature","geometry":{"type":"Point","coordinates":[36.61156,47.4009]},"properties":{"source":"economist_fires","source_name":"The Economist war-fire model","source_url":"https://github.com/TheEconomist/the-economist-war-fire-model","id":201,"date":"2026-09-18","link":"https://www.economist.com/interactive/graphic-detail/ukraine-fires","category":"Fire classified as war-related (model estimate)","side":"Not attributed","color":"#FF8C00","radius":3,"orbat":[],"description":"Satellite heat detection at 11:23 UTC, in an area days after abnormal fire activity. Urban area."}},{"type":"Feature","geometry":{"type":"Point","coordinates":[36.6173,47.40107]},"properties":{"source":"economist_fires","source_name":"The Economist war-fire model","source_url":"https://github.com/TheEconomist/the-economist-war-fire-model","id":202,"date":"2026-09-18","link":"https://www.economist.com/interactive/graphic-detail/ukraine-fires","category":"Fire classified as war-related (model estimate)","side":"Not attributed","color":"#FF8C00","radius":3,"orbat":[],"description":"Satellite heat detection at 11:23 UTC, in an area days after abnormal fire activity. Urban area."}},{"type":"Feature","geometry":{"type":"Point","coordinates":[36.5521,48.39693]},"properties":{"source":"economist_fires","source_name":"The Economist war-fire model","source_url":"https://github.com/TheEconomist/the-economist-war-fire-model","id":203,"date":"2026-09-18","link":"https://www.economist.com/interactive/graphic-detail/ukraine-fires","category":"Fire classified as war-related (model estimate)","side":"Not attributed","color":"#FF8C00","radius":3,"orbat":[],"description":"Satellite heat detection at 11:04 UTC, in an area days after abnormal fire activity. Urban area."}},{"type":"Feature","geometry":{"type":"Point","coordinates":[36.55384,48.39698]},"properties":{"source":"economist_fires","source_name":"The Economist war-fire model","source_url":"https://github.com/TheEconomist/the-economist-war-fire-model","id":204,"date":"2026-09-18","link":"https://www.economist.com/interactive/graphic-detail/ukraine-fires","category":"Fire classified as war-related (model estimate)","side":"Not attributed","color":"#FF8C00","radius":3,"orbat":[],"description":"Satellite heat detection at 11:23 UTC, in an area days after abnormal fire activity. Urban area."}},{"type":"Feature","geometry":{"type":"Point","coordinates":[36.55109,48.39863]},"properties":{"source":"economist_fires","source_name":"The Economist war-fire model","source_url":"https://github.com/TheEconomist/the-economist-war-fire-model","id":205,"date":"2026-09-18","link":"https://www.economist.com/interactive/graphic-detail/ukraine-fires","category":"Fire classified as war-related (model estimate)","side":"Not attributed","color":"#FF8C00","radius":3,"orbat":[],"description":"Satellite heat detection at 11:23 UTC, in an area days after abnormal fire activity. Urban area."}},{"type":"Feature","geometry":{"type":"Point","coordinates":[36.69455,46.86603]},"properties":{"source":"economist_fires","source_name":"The Economist war-fire model","source_url":"https://github.com/TheEconomist/the-economist-war-fire-model","id":206,"date":"2026-09-18","link":"https://www.economist.com/interactive/graphic-detail/ukraine-fires","category":"Fire classified as war-related (model estimate)","side":"Not attributed","color":"#FF8C00","radius":3,"orbat":[],"description":"Satellite heat detection at 10:28 UTC, in an area of abnormal fire activity. Urban area."}},{"type":"Feature","geometry":{"type":"Point","coordinates":[36.69966,46.86675]},"properties":{"source":"economist_fires","source_name":"The Economist war-fire model","source_url":"https://github.com/TheEconomist/the-economist-war-fire-model","id":207,"date":"2026-09-18","link":"https://www.economist.com/interactive/graphic-detail/ukraine-fires","category":"Fire classified as war-related (model estimate)","side":"Not attributed","color":"#FF8C00","radius":3,"orbat":[],"description":"Satellite heat detection at 10:28 UTC, in an area of abnormal fire activity. Urban area."}},{"type":"Feature","geometry":{"type":"Point","coordinates":[36.69645,46.86869]},"properties":{"source":"economist_fires","source_name":"The Economist war-fire model","source_url":"https://github.com/TheEconomist/the-economist-war-fire-model","id":208,"date":"2026-09-18","link":"https://www.economist.com/interactive/graphic-detail/ukraine-fires","category":"Fire classified as war-related (model estimate)","side":"Not attributed","color":"#FF8C00","radius":3,"orbat":[],"description":"Satellite heat detection at 10:28 UTC, in an area of abnormal fire activity. Urban area."}},{"type":"Feature","geometry":{"type":"Point","coordinates":[36.6939,46.86502]},"properties":{"source":"economist_fires","source_name":"The Economist war-fire model","source_url":"https://github.com/TheEconomist/the-economist-war-fire-model","id":209,"date":"2026-09-18","link":"https://www.economist.com/interactive/graphic-detail/ukraine-fires","category":"Fire classified as war-related (model estimate)","side":"Not attributed","color":"#FF8C00","radius":3,"orbat":[],"description":"Satellite heat detection at 11:04 UTC, in an area of abnormal fire activity. Urban area."}},{"type":"Feature","geometry":{"type":"Point","coordinates":[36.69934,46.86549]},"properties":{"source":"economist_fires","source_name":"The Economist war-fire model","source_url":"https://github.com/TheEconomist/the-economist-war-fire-model","id":210,"date":"2026-09-18","link":"https://www.economist.com/interactive/graphic-detail/ukraine-fires","category":"Fire classified as war-related (model estimate)","side":"Not attributed","color":"#FF8C00","radius":3,"orbat":[],"description":"Satellite heat detection at 11:04 UTC, in an area of abnormal fire activity. Urban area."}},{"type":"Feature","geometry":{"type":"Point","coordinates":[36.68762,46.86869]},"properties":{"source":"economist_fires","source_name":"The Economist war-fire model","source_url":"https://github.com/TheEconomist/the-economist-war-fire-model","id":211,"date":"2026-09-18","link":"https://www.economist.com/interactive/graphic-detail/ukraine-fires","category":"Fire classified as war-related (model estimate)","side":"Not attributed","color":"#FF8C00","radius":3,"orbat":[],"description":"Satellite heat detection at 11:04 UTC, in an area of abnormal fire activity. Urban area."}},{"type":"Feature","geometry":{"type":"Point","coordinates":[36.70308,47.12183]},"properties":{"source":"economist_fires","source_name":"The Economist war-fire model","source_url":"https://github.com/TheEconomist/the-economist-war-fire-model","id":212,"date":"2026-09-18","link":"https://www.economist.com/interactive/graphic-detail/ukraine-fires","category":"Fire classified as war-related (model estimate)","side":"Not attributed","color":"#FF8C00","radius":3,"orbat":[],"description":"Satellite heat detection at 09:24 UTC, in an area of abnormal fire activity. Urban area."}},{"type":"Feature","geometry":{"type":"Point","coordinates":[36.7052,47.12273]},"properties":{"source":"economist_fires","source_name":"The Economist war-fire model","source_url":"https://github.com/TheEconomist/the-economist-war-fire-model","id":213,"date":"2026-09-18","link":"https://www.economist.com/interactive/graphic-detail/ukraine-fires","category":"Fire classified as war-related (model estimate)","side":"Not attributed","color":"#FF8C00","radius":3,"orbat":[],"description":"Satellite heat detection at 09:24 UTC, in an area of abnormal fire activity. Urban area."}},{"type":"Feature","geometry":{"type":"Point","coordinates":[36.69807,47.14085]},"properties":{"source":"economist_fires","source_name":"The Economist war-fire model","source_url":"https://github.com/TheEconomist/the-economist-war-fire-model","id":214,"date":"2026-09-18","link":"https://www.economist.com/interactive/graphic-detail/ukraine-fires","category":"Fire classified as war-related (model estimate)","side":"Not attributed","color":"#FF8C00","radius":3,"orbat":[],"description":"Satellite heat detection at 09:24 UTC, in an area of abnormal fire activity. Urban area."}},{"type":"Feature","geometry":{"type":"Point","coordinates":[36.70431,47.14291]},"properties":{"source":"economist_fires","source_name":"The Economist war-fire model","source_url":"https://github.com/TheEconomist/the-economist-war-fire-model","id":215,"date":"2026-09-18","link":"https://www.economist.com/interactive/graphic-detail/ukraine-fires","category":"Fire classified as war-related (model estimate)","side":"Not attributed","color":"#FF8C00","radius":3,"orbat":[],"description":"Satellite heat detection at 09:24 UTC, in an area of abnormal fire activity. Urban area."}},{"type":"Feature","geometry":{"type":"Point","coordinates":[36.72708,47.12604]},"properties":{"source":"economist_fires","source_name":"The Economist war-fire model","source_url":"https://github.com/TheEconomist/the-economist-war-fire-model","id":216,"date":"2026-09-18","link":"https://www.economist.com/interactive/graphic-detail/ukraine-fires","category":"Fire classified as war-related (model estimate)","side":"Not attributed","color":"#FF8C00","radius":3,"orbat":[],"description":"Satellite heat detection at 09:43 UTC, in an area of abnormal fire activity. Urban area."}},{"type":"Feature","geometry":{"type":"Point","coordinates":[36.69715,47.13836]},"properties":{"source":"economist_fires","source_name":"The Economist war-fire model","source_url":"https://github.com/TheEconomist/the-economist-war-fire-model","id":217,"date":"2026-09-18","link":"https://www.economist.com/interactive/graphic-detail/ukraine-fires","category":"Fire classified as war-related (model estimate)","side":"Not attributed","color":"#FF8C00","radius":3,"orbat":[],"description":"Satellite heat detection at 09:43 UTC, in an area of abnormal fire activity. Urban area."}},{"type":"Feature","geometry":{"type":"Point","coordinates":[36.69479,47.14277]},"properties":{"source":"economist_fires","source_name":"The Economist war-fire model","source_url":"https://github.com/TheEconomist/the-economist-war-fire-model","id":218,"date":"2026-09-18","link":"https://www.economist.com/interactive/graphic-detail/ukraine-fires","category":"Fire classified as war-related (model estimate)","side":"Not attributed","color":"#FF8C00","radius":3,"orbat":[],"description":"Satellite heat detection at 09:43 UTC, in an area of abnormal fire activity. Urban area."}},{"type":"Feature","geometry":{"type":"Point","coordinates":[36.70153,47.14451]},"properties":{"source":"economist_fires","source_name":"The Economist war-fire model","source_url":"https://github.com/TheEconomist/the-economist-war-fire-model","id":219,"date":"2026-09-18","link":"https://www.economist.com/interactive/graphic-detail/ukraine-fires","category":"Fire classified as war-related (model estimate)","side":"Not attributed","color":"#FF8C00","radius":3,"orbat":[],"description":"Satellite heat detection at 09:43 UTC, in an area of abnormal fire activity. Urban area."}},{"type":"Feature","geometry":{"type":"Point","coordinates":[36.70301,47.11876]},"properties":{"source":"economist_fires","source_name":"The Economist war-fire model","source_url":"https://github.com/TheEconomist/the-economist-war-fire-model","id":220,"date":"2026-09-18","link":"https://www.economist.com/interactive/graphic-detail/ukraine-fires","category":"Fire classified as war-related (model estimate)","side":"Not attributed","color":"#FF8C00","radius":3,"orbat":[],"description":"Satellite heat detection at 10:28 UTC, in an area of abnormal fire activity. Urban area."}},{"type":"Feature","geometry":{"type":"Point","coordinates":[36.70202,47.12207]},"properties":{"source":"economist_fires","source_name":"The Economist war-fire model","source_url":"https://github.com/TheEconomist/the-economist-war-fire-model","id":221,"date":"2026-09-18","link":"https://www.economist.com/interactive/graphic-detail/ukraine-fires","category":"Fire classified as war-related (model estimate)","side":"Not attributed","color":"#FF8C00","radius":3,"orbat":[],"description":"Satellite heat detection at 10:28 UTC, in an area of abnormal fire activity. Urban area."}},{"type":"Feature","geometry":{"type":"Point","coordinates":[36.72675,47.12892]},"properties":{"source":"economist_fires","source_name":"The Economist war-fire model","source_url":"https://github.com/TheEconomist/the-economist-war-fire-model","id":222,"date":"2026-09-18","link":"https://www.economist.com/interactive/graphic-detail/ukraine-fires","category":"Fire classified as war-related (model estimate)","side":"Not attributed","color":"#FF8C00","radius":3,"orbat":[],"description":"Satellite heat detection at 10:28 UTC, in an area of abnormal fire activity. Urban area."}},{"type":"Feature","geometry":{"type":"Point","coordinates":[36.69505,47.14524]},"properties":{"source":"economist_fires","source_name":"The Economist war-fire model","source_url":"https://github.com/TheEconomist/the-economist-war-fire-model","id":223,"date":"2026-09-18","link":"https://www.economist.com/interactive/graphic-detail/ukraine-fires","category":"Fire classified as war-related (model estimate)","side":"Not attributed","color":"#FF8C00","radius":3,"orbat":[],"description":"Satellite heat detection at 10:28 UTC, in an area of abnormal fire activity. Urban area."}},{"type":"Feature","geometry":{"type":"Point","coordinates":[36.70265,47.12152]},"properties":{"source":"economist_fires","source_name":"The Economist war-fire model","source_url":"https://github.com/TheEconomist/the-economist-war-fire-model","id":224,"date":"2026-09-18","link":"https://www.economist.com/interactive/graphic-detail/ukraine-fires","category":"Fire classified as war-related (model estimate)","side":"Not attributed","color":"#FF8C00","radius":3,"orbat":[],"description":"Satellite heat detection at 11:04 UTC, in an area of abnormal fire activity. Urban area."}},{"type":"Feature","geometry":{"type":"Point","coordinates":[36.7023,47.11849]},"properties":{"source":"economist_fires","source_name":"The Economist war-fire model","source_url":"https://github.com/TheEconomist/the-economist-war-fire-model","id":225,"date":"2026-09-18","link":"https://www.economist.com/interactive/graphic-detail/ukraine-fires","category":"Fire classified as war-related (model estimate)","side":"Not attributed","color":"#FF8C00","radius":3,"orbat":[],"description":"Satellite heat detection at 11:23 UTC, in an area of abnormal fire activity. Urban area."}},{"type":"Feature","geometry":{"type":"Point","coordinates":[36.70507,47.12037]},"properties":{"source":"economist_fires","source_name":"The Economist war-fire model","source_url":"https://github.com/TheEconomist/the-economist-war-fire-model","id":226,"date":"2026-09-18","link":"https://www.economist.com/interactive/graphic-detail/ukraine-fires","category":"Fire classified as war-related (model estimate)","side":"Not attributed","color":"#FF8C00","radius":3,"orbat":[],"description":"Satellite heat detection at 11:23 UTC, in an area of abnormal fire activity. Urban area."}},{"type":"Feature","geometry":{"type":"Point","coordinates":[36.70375,47.11473]},"properties":{"source":"economist_fires","source_name":"The Economist war-fire model","source_url":"https://github.com/TheEconomist/the-economist-war-fire-model","id":227,"date":"2026-09-18","link":"https://www.economist.com/interactive/graphic-detail/ukraine-fires","category":"Fire classified as war-related (model estimate)","side":"Not attributed","color":"#FF8C00","radius":3,"orbat":[],"description":"Satellite heat detection at 12:42 UTC, in an area of abnormal fire activity. Urban area."}},{"type":"Feature","geometry":{"type":"Point","coordinates":[36.67464,47.63051]},"properties":{"source":"economist_fires","source_name":"The Economist war-fire model","source_url":"https://github.com/TheEconomist/the-economist-war-fire-model","id":228,"date":"2026-09-18","link":"https://www.economist.com/interactive/graphic-detail/ukraine-fires","category":"Fire classified as war-related (model estimate)","side":"Not attributed","color":"#FF8C00","radius":3,"orbat":[],"description":"Satellite heat detection at 12:42 UTC, in an area of abnormal fire activity. Urban area."}},{"type":"Feature","geometry":{"type":"Point","coordinates":[36.88671,46.9846]},"properties":{"source":"economist_fires","source_name":"The Economist war-fire model","source_url":"https://github.com/TheEconomist/the-economist-war-fire-model","id":229,"date":"2026-09-18","link":"https://www.economist.com/interactive/graphic-detail/ukraine-fires","category":"Fire classified as war-related (model estimate)","side":"Not attributed","color":"#FF8C00","radius":3,"orbat":[],"description":"Satellite heat detection at 10:28 UTC, in an area of abnormal fire activity. Urban area."}},{"type":"Feature","geometry":{"type":"Point","coordinates":[36.94948,47.03695]},"properties":{"source":"economist_fires","source_name":"The Economist war-fire model","source_url":"https://github.com/TheEconomist/the-economist-war-fire-model","id":230,"date":"2026-09-18","link":"https://www.economist.com/interactive/graphic-detail/ukraine-fires","category":"Fire classified as war-related (model estimate)","side":"Not attributed","color":"#FF8C00","radius":3,"orbat":[],"description":"Satellite heat detection at 12:42 UTC, in an area of abnormal fire activity. Urban area."}},{"type":"Feature","geometry":{"type":"Point","coordinates":[36.9436,47.31948]},"properties":{"source":"economist_fires","source_name":"The Economist war-fire model","source_url":"https://github.com/TheEconomist/the-economist-war-fire-model","id":231,"date":"2026-09-18","link":"https://www.economist.com/interactive/graphic-detail/ukraine-fires","category":"Fire classified as war-related (model estimate)","side":"Not attributed","color":"#FF8C00","radius":3,"orbat":[],"description":"Satellite heat detection at 11:04 UTC, in an area days after abnormal fire activity. Urban area."}},{"type":"Feature","geometry":{"type":"Point","coordinates":[36.93951,47.32003]},"properties":{"source":"economist_fires","source_name":"The Economist war-fire model","source_url":"https://github.com/TheEconomist/the-economist-war-fire-model","id":232,"date":"2026-09-18","link":"https://www.economist.com/interactive/graphic-detail/ukraine-fires","category":"Fire classified as war-related (model estimate)","side":"Not attributed","color":"#FF8C00","radius":3,"orbat":[],"description":"Satellite heat detection at 11:04 UTC, in an area days after abnormal fire activity. Urban area."}},{"type":"Feature","geometry":{"type":"Point","coordinates":[36.94113,47.31705]},"properties":{"source":"economist_fires","source_name":"The Economist war-fire model","source_url":"https://github.com/TheEconomist/the-economist-war-fire-model","id":233,"date":"2026-09-18","link":"https://www.economist.com/interactive/graphic-detail/ukraine-fires","category":"Fire classified as war-related (model estimate)","side":"Not attributed","color":"#FF8C00","radius":3,"orbat":[],"description":"Satellite heat detection at 11:23 UTC, in an area days after abnormal fire activity. Urban area."}},{"type":"Feature","geometry":{"type":"Point","coordinates":[36.90213,47.61477]},"properties":{"source":"economist_fires","source_name":"The Economist war-fire model","source_url":"https://github.com/TheEconomist/the-economist-war-fire-model","id":234,"date":"2026-09-18","link":"https://www.economist.com/interactive/graphic-detail/ukraine-fires","category":"Fire classified as war-related (model estimate)","side":"Not attributed","color":"#FF8C00","radius":3,"orbat":[],"description":"Satellite heat detection at 09:24 UTC, in an area days after abnormal fire activity. Urban area."}},{"type":"Feature","geometry":{"type":"Point","coordinates":[36.89927,47.61265]},"properties":{"source":"economist_fires","source_name":"The Economist war-fire model","source_url":"https://github.com/TheEconomist/the-economist-war-fire-model","id":235,"date":"2026-09-18","link":"https://www.economist.com/interactive/graphic-detail/ukraine-fires","category":"Fire classified as war-related (model estimate)","side":"Not attributed","color":"#FF8C00","radius":3,"orbat":[],"description":"Satellite heat detection at 09:43 UTC, in an area days after abnormal fire activity. Urban area."}},{"type":"Feature","geometry":{"type":"Point","coordinates":[36.90574,47.61431]},"properties":{"source":"economist_fires","source_name":"The Economist war-fire model","source_url":"https://github.com/TheEconomist/the-economist-war-fire-model","id":236,"date":"2026-09-18","link":"https://www.economist.com/interactive/graphic-detail/ukraine-fires","category":"Fire classified as war-related (model estimate)","side":"Not attributed","color":"#FF8C00","radius":3,"orbat":[],"description":"Satellite heat detection at 09:43 UTC, in an area days after abnormal fire activity. Urban area."}},{"type":"Feature","geometry":{"type":"Point","coordinates":[36.90516,47.61346]},"properties":{"source":"economist_fires","source_name":"The Economist war-fire model","source_url":"https://github.com/TheEconomist/the-economist-war-fire-model","id":237,"date":"2026-09-18","link":"https://www.economist.com/interactive/graphic-detail/ukraine-fires","category":"Fire classified as war-related (model estimate)","side":"Not attributed","color":"#FF8C00","radius":3,"orbat":[],"description":"Satellite heat detection at 10:28 UTC, in an area days after abnormal fire activity. Urban area."}},{"type":"Feature","geometry":{"type":"Point","coordinates":[36.95482,47.03936]},"properties":{"source":"economist_fires","source_name":"The Economist war-fire model","source_url":"https://github.com/TheEconomist/the-economist-war-fire-model","id":238,"date":"2026-09-18","link":"https://www.economist.com/interactive/graphic-detail/ukraine-fires","category":"Fire classified as war-related (model estimate)","side":"Not attributed","color":"#FF8C00","radius":3,"orbat":[],"description":"Satellite heat detection at 11:23 UTC, in an area of abnormal fire activity. Urban area."}},{"type":"Feature","geometry":{"type":"Point","coordinates":[36.9617,47.61922]},"properties":{"source":"economist_fires","source_name":"The Economist war-fire model","source_url":"https://github.com/TheEconomist/the-economist-war-fire-model","id":239,"date":"2026-09-18","link":"https://www.economist.com/interactive/graphic-detail/ukraine-fires","category":"Fire classified as war-related (model estimate)","side":"Not attributed","color":"#FF8C00","radius":3,"orbat":[],"description":"Satellite heat detection at 11:23 UTC, in an area days after abnormal fire activity. Urban area."}},{"type":"Feature","geometry":{"type":"Point","coordinates":[36.9775,47.69069]},"properties":{"source":"economist_fires","source_name":"The Economist war-fire model","source_url":"https://github.com/TheEconomist/the-economist-war-fire-model","id":240,"date":"2026-09-18","link":"https://www.economist.com/interactive/graphic-detail/ukraine-fires","category":"Fire classified as war-related (model estimate)","side":"Not attributed","color":"#FF8C00","radius":3,"orbat":[],"description":"Satellite heat detection at 00:39 UTC, in an area days after abnormal fire activity. Urban area."}},{"type":"Feature","geometry":{"type":"Point","coordinates":[37.0169,48.54455]},"properties":{"source":"economist_fires","source_name":"The Economist war-fire model","source_url":"https://github.com/TheEconomist/the-economist-war-fire-model","id":241,"date":"2026-09-18","link":"https://www.economist.com/interactive/graphic-detail/ukraine-fires","category":"Fire classified as war-related (model estimate)","side":"Not attributed","color":"#FF8C00","radius":3,"orbat":[],"description":"Satellite heat detection at 01:15 UTC, in an area days after abnormal fire activity. Urban area."}},{"type":"Feature","geometry":{"type":"Point","coordinates":[37.02375,48.54535]},"properties":{"source":"economist_fires","source_name":"The Economist war-fire model","source_url":"https://github.com/TheEconomist/the-economist-war-fire-model","id":242,"date":"2026-09-18","link":"https://www.economist.com/interactive/graphic-detail/ukraine-fires","category":"Fire classified as war-related (model estimate)","side":"Not attributed","color":"#FF8C00","radius":3,"orbat":[],"description":"Satellite heat detection at 01:15 UTC, in an area days after abnormal fire activity. Urban area."}},{"type":"Feature","geometry":{"type":"Point","coordinates":[37.01471,48.54887]},"properties":{"source":"economist_fires","source_name":"The Economist war-fire model","source_url":"https://github.com/TheEconomist/the-economist-war-fire-model","id":243,"date":"2026-09-18","link":"https://www.economist.com/interactive/graphic-detail/ukraine-fires","category":"Fire classified as war-related (model estimate)","side":"Not attributed","color":"#FF8C00","radius":3,"orbat":[],"description":"Satellite heat detection at 01:15 UTC, in an area days after abnormal fire activity. Urban area."}},{"type":"Feature","geometry":{"type":"Point","coordinates":[37.01418,48.54431]},"properties":{"source":"economist_fires","source_name":"The Economist war-fire model","source_url":"https://github.com/TheEconomist/the-economist-war-fire-model","id":244,"date":"2026-09-18","link":"https://www.economist.com/interactive/graphic-detail/ukraine-fires","category":"Fire classified as war-related (model estimate)","side":"Not attributed","color":"#FF8C00","radius":3,"orbat":[],"description":"Satellite heat detection at 22:42 UTC, in an area days after abnormal fire activity. Urban area."}},{"type":"Feature","geometry":{"type":"Point","coordinates":[37.04921,48.53188]},"properties":{"source":"economist_fires","source_name":"The Economist war-fire model","source_url":"https://github.com/TheEconomist/the-economist-war-fire-model","id":245,"date":"2026-09-18","link":"https://www.economist.com/interactive/graphic-detail/ukraine-fires","category":"Fire classified as war-related (model estimate)","side":"Not attributed","color":"#FF8C00","radius":3,"orbat":[],"description":"Satellite heat detection at 23:18 UTC, in an area days after abnormal fire activity. Urban area."}},{"type":"Feature","geometry":{"type":"Point","coordinates":[37.01444,48.54618]},"properties":{"source":"economist_fires","source_name":"The Economist war-fire model","source_url":"https://github.com/TheEconomist/the-economist-war-fire-model","id":246,"date":"2026-09-18","link":"https://www.economist.com/interactive/graphic-detail/ukraine-fires","category":"Fire classified as war-related (model estimate)","side":"Not attributed","color":"#FF8C00","radius":3,"orbat":[],"description":"Satellite heat detection at 23:18 UTC, in an area days after abnormal fire activity. Urban area."}},{"type":"Feature","geometry":{"type":"Point","coordinates":[37.01582,48.546]},"properties":{"source":"economist_fires","source_name":"The Economist war-fire model","source_url":"https://github.com/TheEconomist/the-economist-war-fire-model","id":247,"date":"2026-09-18","link":"https://www.economist.com/interactive/graphic-detail/ukraine-fires","category":"Fire classified as war-related (model estimate)","side":"Not attributed","color":"#FF8C00","radius":3,"orbat":[],"description":"Satellite heat detection at 23:37 UTC, in an area days after abnormal fire activity. Urban area."}},{"type":"Feature","geometry":{"type":"Point","coordinates":[37.00898,48.57381]},"properties":{"source":"economist_fires","source_name":"The Economist war-fire model","source_url":"https://github.com/TheEconomist/the-economist-war-fire-model","id":248,"date":"2026-09-18","link":"https://www.economist.com/interactive/graphic-detail/ukraine-fires","category":"Fire classified as war-related (model estimate)","side":"Not attributed","color":"#FF8C00","radius":3,"orbat":[],"description":"Satellite heat detection at 11:04 UTC, in an area days after abnormal fire activity. Urban area."}},{"type":"Feature","geometry":{"type":"Point","coordinates":[37.11613,47.49969]},"properties":{"source":"economist_fires","source_name":"The Economist war-fire model","source_url":"https://github.com/TheEconomist/the-economist-war-fire-model","id":249,"date":"2026-09-18","link":"https://www.economist.com/interactive/graphic-detail/ukraine-fires","category":"Fire classified as war-related (model estimate)","side":"Not attributed","color":"#FF8C00","radius":3,"orbat":[],"description":"Satellite heat detection at 09:24 UTC, in an area of abnormal fire activity. Urban area."}},{"type":"Feature","geometry":{"type":"Point","coordinates":[37.12191,47.50157]},"properties":{"source":"economist_fires","source_name":"The Economist war-fire model","source_url":"https://github.com/TheEconomist/the-economist-war-fire-model","id":250,"date":"2026-09-18","link":"https://www.economist.com/interactive/graphic-detail/ukraine-fires","category":"Fire classified as war-related (model estimate)","side":"Not attributed","color":"#FF8C00","radius":3,"orbat":[],"description":"Satellite heat detection at 09:24 UTC, in an area of abnormal fire activity. Urban area."}},{"type":"Feature","geometry":{"type":"Point","coordinates":[37.11297,47.50213]},"properties":{"source":"economist_fires","source_name":"The Economist war-fire model","source_url":"https://github.com/TheEconomist/the-economist-war-fire-model","id":251,"date":"2026-09-18","link":"https://www.economist.com/interactive/graphic-detail/ukraine-fires","category":"Fire classified as war-related (model estimate)","side":"Not attributed","color":"#FF8C00","radius":3,"orbat":[],"description":"Satellite heat detection at 09:24 UTC, in an area of abnormal fire activity. Urban area."}},{"type":"Feature","geometry":{"type":"Point","coordinates":[37.1188,47.50399]},"properties":{"source":"economist_fires","source_name":"The Economist war-fire model","source_url":"https://github.com/TheEconomist/the-economist-war-fire-model","id":252,"date":"2026-09-18","link":"https://www.economist.com/interactive/graphic-detail/ukraine-fires","category":"Fire classified as war-related (model estimate)","side":"Not attributed","color":"#FF8C00","radius":3,"orbat":[],"description":"Satellite heat detection at 09:24 UTC, in an area of abnormal fire activity. Urban area."}},{"type":"Feature","geometry":{"type":"Point","coordinates":[37.10841,47.5012]},"properties":{"source":"economist_fires","source_name":"The Economist war-fire model","source_url":"https://github.com/TheEconomist/the-economist-war-fire-model","id":253,"date":"2026-09-18","link":"https://www.economist.com/interactive/graphic-detail/ukraine-fires","category":"Fire classified as war-related (model estimate)","side":"Not attributed","color":"#FF8C00","radius":3,"orbat":[],"description":"Satellite heat detection at 09:43 UTC, in an area of abnormal fire activity. Urban area."}},{"type":"Feature","geometry":{"type":"Point","coordinates":[37.11479,47.5028]},"properties":{"source":"economist_fires","source_name":"The Economist war-fire model","source_url":"https://github.com/TheEconomist/the-economist-war-fire-model","id":254,"date":"2026-09-18","link":"https://www.economist.com/interactive/graphic-detail/ukraine-fires","category":"Fire classified as war-related (model estimate)","side":"Not attributed","color":"#FF8C00","radius":3,"orbat":[],"description":"Satellite heat detection at 09:43 UTC, in an area of abnormal fire activity. Urban area."}},{"type":"Feature","geometry":{"type":"Point","coordinates":[37.1211,47.50439]},"properties":{"source":"economist_fires","source_name":"The Economist war-fire model","source_url":"https://github.com/TheEconomist/the-economist-war-fire-model","id":255,"date":"2026-09-18","link":"https://www.economist.com/interactive/graphic-detail/ukraine-fires","category":"Fire classified as war-related (model estimate)","side":"Not attributed","color":"#FF8C00","radius":3,"orbat":[],"description":"Satellite heat detection at 09:43 UTC, in an area of abnormal fire activity. Urban area."}},{"type":"Feature","geometry":{"type":"Point","coordinates":[37.13379,47.47942]},"properties":{"source":"economist_fires","source_name":"The Economist war-fire model","source_url":"https://github.com/TheEconomist/the-economist-war-fire-model","id":256,"date":"2026-09-18","link":"https://www.economist.com/interactive/graphic-detail/ukraine-fires","category":"Fire classified as war-related (model estimate)","side":"Not attributed","color":"#FF8C00","radius":3,"orbat":[],"description":"Satellite heat detection at 10:28 UTC, in an area of abnormal fire activity. Urban area."}},{"type":"Feature","geometry":{"type":"Point","coordinates":[37.12268,47.49881]},"properties":{"source":"economist_fires","source_name":"The Economist war-fire model","source_url":"https://github.com/TheEconomist/the-economist-war-fire-model","id":257,"date":"2026-09-18","link":"https://www.economist.com/interactive/graphic-detail/ukraine-fires","category":"Fire classified as war-related (model estimate)","side":"Not attributed","color":"#FF8C00","radius":3,"orbat":[],"description":"Satellite heat detection at 10:28 UTC, in an area of abnormal fire activity. Urban area."}},{"type":"Feature","geometry":{"type":"Point","coordinates":[37.11014,47.5041]},"properties":{"source":"economist_fires","source_name":"The Economist war-fire model","source_url":"https://github.com/TheEconomist/the-economist-war-fire-model","id":258,"date":"2026-09-18","link":"https://www.economist.com/interactive/graphic-detail/ukraine-fires","category":"Fire classified as war-related (model estimate)","side":"Not attributed","color":"#FF8C00","radius":3,"orbat":[],"description":"Satellite heat detection at 10:28 UTC, in an area of abnormal fire activity. Urban area."}},{"type":"Feature","geometry":{"type":"Point","coordinates":[37.11545,47.5048]},"properties":{"source":"economist_fires","source_name":"The Economist war-fire model","source_url":"https://github.com/TheEconomist/the-economist-war-fire-model","id":259,"date":"2026-09-18","link":"https://www.economist.com/interactive/graphic-detail/ukraine-fires","category":"Fire classified as war-related (model estimate)","side":"Not attributed","color":"#FF8C00","radius":3,"orbat":[],"description":"Satellite heat detection at 10:28 UTC, in an area of abnormal fire activity. Urban area."}},{"type":"Feature","geometry":{"type":"Point","coordinates":[37.12076,47.50551]},"properties":{"source":"economist_fires","source_name":"The Economist war-fire model","source_url":"https://github.com/TheEconomist/the-economist-war-fire-model","id":260,"date":"2026-09-18","link":"https://www.economist.com/interactive/graphic-detail/ukraine-fires","category":"Fire classified as war-related (model estimate)","side":"Not attributed","color":"#FF8C00","radius":3,"orbat":[],"description":"Satellite heat detection at 10:28 UTC, in an area of abnormal fire activity. Urban area."}},{"type":"Feature","geometry":{"type":"Point","coordinates":[37.1326,47.47918]},"properties":{"source":"economist_fires","source_name":"The Economist war-fire model","source_url":"https://github.com/TheEconomist/the-economist-war-fire-model","id":261,"date":"2026-09-18","link":"https://www.economist.com/interactive/graphic-detail/ukraine-fires","category":"Fire classified as war-related (model estimate)","side":"Not attributed","color":"#FF8C00","radius":3,"orbat":[],"description":"Satellite heat detection at 11:04 UTC, in an area of abnormal fire activity. Urban area."}},{"type":"Feature","geometry":{"type":"Point","coordinates":[37.11145,47.49918]},"properties":{"source":"economist_fires","source_name":"The Economist war-fire model","source_url":"https://github.com/TheEconomist/the-economist-war-fire-model","id":262,"date":"2026-09-18","link":"https://www.economist.com/interactive/graphic-detail/ukraine-fires","category":"Fire classified as war-related (model estimate)","side":"Not attributed","color":"#FF8C00","radius":3,"orbat":[],"description":"Satellite heat detection at 11:04 UTC, in an area of abnormal fire activity. Urban area."}},{"type":"Feature","geometry":{"type":"Point","coordinates":[37.12328,47.50012]},"properties":{"source":"economist_fires","source_name":"The Economist war-fire model","source_url":"https://github.com/TheEconomist/the-economist-war-fire-model","id":263,"date":"2026-09-18","link":"https://www.economist.com/interactive/graphic-detail/ukraine-fires","category":"Fire classified as war-related (model estimate)","side":"Not attributed","color":"#FF8C00","radius":3,"orbat":[],"description":"Satellite heat detection at 11:04 UTC, in an area of abnormal fire activity. Urban area."}},{"type":"Feature","geometry":{"type":"Point","coordinates":[37.10423,47.50727]},"properties":{"source":"economist_fires","source_name":"The Economist war-fire model","source_url":"https://github.com/TheEconomist/the-economist-war-fire-model","id":264,"date":"2026-09-18","link":"https://www.economist.com/interactive/graphic-detail/ukraine-fires","category":"Fire classified as war-related (model estimate)","side":"Not attributed","color":"#FF8C00","radius":3,"orbat":[],"description":"Satellite heat detection at 11:04 UTC, in an area of abnormal fire activity. Urban area."}},{"type":"Feature","geometry":{"type":"Point","coordinates":[37.13342,47.47834]},"properties":{"source":"economist_fires","source_name":"The Economist war-fire model","source_url":"https://github.com/TheEconomist/the-economist-war-fire-model","id":265,"date":"2026-09-18","link":"https://www.economist.com/interactive/graphic-detail/ukraine-fires","category":"Fire classified as war-related (model estimate)","side":"Not attributed","color":"#FF8C00","radius":3,"orbat":[],"description":"Satellite heat detection at 11:23 UTC, in an area of abnormal fire activity. Urban area."}},{"type":"Feature","geometry":{"type":"Point","coordinates":[37.13946,47.47847]},"properties":{"source":"economist_fires","source_name":"The Economist war-fire model","source_url":"https://github.com/TheEconomist/the-economist-war-fire-model","id":266,"date":"2026-09-18","link":"https://www.economist.com/interactive/graphic-detail/ukraine-fires","category":"Fire classified as war-related (model estimate)","side":"Not attributed","color":"#FF8C00","radius":3,"orbat":[],"description":"Satellite heat detection at 11:23 UTC, in an area of abnormal fire activity. Urban area."}},{"type":"Feature","geometry":{"type":"Point","coordinates":[37.13032,47.47902]},"properties":{"source":"economist_fires","source_name":"The Economist war-fire model","source_url":"https://github.com/TheEconomist/the-economist-war-fire-model","id":267,"date":"2026-09-18","link":"https://www.economist.com/interactive/graphic-detail/ukraine-fires","category":"Fire classified as war-related (model estimate)","side":"Not attributed","color":"#FF8C00","radius":3,"orbat":[],"description":"Satellite heat detection at 12:42 UTC, in an area of abnormal fire activity. Urban area."}},{"type":"Feature","geometry":{"type":"Point","coordinates":[37.09602,47.50198]},"properties":{"source":"economist_fires","source_name":"The Economist war-fire model","source_url":"https://github.com/TheEconomist/the-economist-war-fire-model","id":268,"date":"2026-09-18","link":"https://www.economist.com/interactive/graphic-detail/ukraine-fires","category":"Fire classified as war-related (model estimate)","side":"Not attributed","color":"#FF8C00","radius":3,"orbat":[],"description":"Satellite heat detection at 12:42 UTC, in an area of abnormal fire activity. Urban area."}},{"type":"Feature","geometry":{"type":"Point","coordinates":[37.10933,47.50375]},"properties":{"source":"economist_fires","source_name":"The Economist war-fire model","source_url":"https://github.com/TheEconomist/the-economist-war-fire-model","id":269,"date":"2026-09-18","link":"https://www.economist.com/interactive/graphic-detail/ukraine-fires","category":"Fire classified as war-related (model estimate)","side":"Not attributed","color":"#FF8C00","radius":3,"orbat":[],"description":"Satellite heat detection at 12:42 UTC, in an area of abnormal fire activity. Urban area."}},{"type":"Feature","geometry":{"type":"Point","coordinates":[37.12266,47.50552]},"properties":{"source":"economist_fires","source_name":"The Economist war-fire model","source_url":"https://github.com/TheEconomist/the-economist-war-fire-model","id":270,"date":"2026-09-18","link":"https://www.economist.com/interactive/graphic-detail/ukraine-fires","category":"Fire classified as war-related (model estimate)","side":"Not attributed","color":"#FF8C00","radius":3,"orbat":[],"description":"Satellite heat detection at 12:42 UTC, in an area of abnormal fire activity. Urban area."}},{"type":"Feature","geometry":{"type":"Point","coordinates":[37.13317,47.59624]},"properties":{"source":"economist_fires","source_name":"The Economist war-fire model","source_url":"https://github.com/TheEconomist/the-economist-war-fire-model","id":271,"date":"2026-09-18","link":"https://www.economist.com/interactive/graphic-detail/ukraine-fires","category":"Fire classified as war-related (model estimate)","side":"Not attributed","color":"#FF8C00","radius":3,"orbat":[],"description":"Satellite heat detection at 09:24 UTC, in an area of abnormal fire activity. Urban area."}},{"type":"Feature","geometry":{"type":"Point","coordinates":[37.13363,47.59871]},"properties":{"source":"economist_fires","source_name":"The Economist war-fire model","source_url":"https://github.com/TheEconomist/the-economist-war-fire-model","id":272,"date":"2026-09-18","link":"https://www.economist.com/interactive/graphic-detail/ukraine-fires","category":"Fire classified as war-related (model estimate)","side":"Not attributed","color":"#FF8C00","radius":3,"orbat":[],"description":"Satellite heat detection at 09:24 UTC, in an area days after abnormal fire activity. Urban area."}},{"type":"Feature","geometry":{"type":"Point","coordinates":[37.12795,47.59566]},"properties":{"source":"economist_fires","source_name":"The Economist war-fire model","source_url":"https://github.com/TheEconomist/the-economist-war-fire-model","id":273,"date":"2026-09-18","link":"https://www.economist.com/interactive/graphic-detail/ukraine-fires","category":"Fire classified as war-related (model estimate)","side":"Not attributed","color":"#FF8C00","radius":3,"orbat":[],"description":"Satellite heat detection at 09:43 UTC, in an area days after abnormal fire activity. Urban area."}},{"type":"Feature","geometry":{"type":"Point","coordinates":[37.13427,47.59726]},"properties":{"source":"economist_fires","source_name":"The Economist war-fire model","source_url":"https://github.com/TheEconomist/the-economist-war-fire-model","id":274,"date":"2026-09-18","link":"https://www.economist.com/interactive/graphic-detail/ukraine-fires","category":"Fire classified as war-related (model estimate)","side":"Not attributed","color":"#FF8C00","radius":3,"orbat":[],"description":"Satellite heat detection at 09:43 UTC, in an area days after abnormal fire activity. Urban area."}},{"type":"Feature","geometry":{"type":"Point","coordinates":[37.12445,47.59755]},"properties":{"source":"economist_fires","source_name":"The Economist war-fire model","source_url":"https://github.com/TheEconomist/the-economist-war-fire-model","id":275,"date":"2026-09-18","link":"https://www.economist.com/interactive/graphic-detail/ukraine-fires","category":"Fire classified as war-related (model estimate)","side":"Not attributed","color":"#FF8C00","radius":3,"orbat":[],"description":"Satellite heat detection at 10:28 UTC, in an area days after abnormal fire activity. Urban area."}},{"type":"Feature","geometry":{"type":"Point","coordinates":[37.12978,47.59825]},"properties":{"source":"economist_fires","source_name":"The Economist war-fire model","source_url":"https://github.com/TheEconomist/the-economist-war-fire-model","id":276,"date":"2026-09-18","link":"https://www.economist.com/interactive/graphic-detail/ukraine-fires","category":"Fire classified as war-related (model estimate)","side":"Not attributed","color":"#FF8C00","radius":3,"orbat":[],"description":"Satellite heat detection at 10:28 UTC, in an area of abnormal fire activity. Urban area."}},{"type":"Feature","geometry":{"type":"Point","coordinates":[37.11797,47.59677]},"properties":{"source":"economist_fires","source_name":"The Economist war-fire model","source_url":"https://github.com/TheEconomist/the-economist-war-fire-model","id":277,"date":"2026-09-18","link":"https://www.economist.com/interactive/graphic-detail/ukraine-fires","category":"Fire classified as war-related (model estimate)","side":"Not attributed","color":"#FF8C00","radius":3,"orbat":[],"description":"Satellite heat detection at 12:42 UTC, in an area of abnormal fire activity. Urban area."}},{"type":"Feature","geometry":{"type":"Point","coordinates":[37.13134,47.59854]},"properties":{"source":"economist_fires","source_name":"The Economist war-fire model","source_url":"https://github.com/TheEconomist/the-economist-war-fire-model","id":278,"date":"2026-09-18","link":"https://www.economist.com/interactive/graphic-detail/ukraine-fires","category":"Fire classified as war-related (model estimate)","side":"Not attributed","color":"#FF8C00","radius":3,"orbat":[],"description":"Satellite heat detection at 12:42 UTC, in an area days after abnormal fire activity. Urban area."}},{"type":"Feature","geometry":{"type":"Point","coordinates":[37.07688,48.47231]},"properties":{"source":"economist_fires","source_name":"The Economist war-fire model","source_url":"https://github.com/TheEconomist/the-economist-war-fire-model","id":279,"date":"2026-09-18","link":"https://www.economist.com/interactive/graphic-detail/ukraine-fires","category":"Fire classified as war-related (model estimate)","side":"Not attributed","color":"#FF8C00","radius":3,"orbat":[],"description":"Satellite heat detection at 10:28 UTC, in an area days after abnormal fire activity. Urban area."}},{"type":"Feature","geometry":{"type":"Point","coordinates":[37.09198,48.47406]},"properties":{"source":"economist_fires","source_name":"The Economist war-fire model","source_url":"https://github.com/TheEconomist/the-economist-war-fire-model","id":280,"date":"2026-09-18","link":"https://www.economist.com/interactive/graphic-detail/ukraine-fires","category":"Fire classified as war-related (model estimate)","side":"Not attributed","color":"#FF8C00","radius":3,"orbat":[],"description":"Satellite heat detection at 23:18 UTC, in an area days after abnormal fire activity. Urban area."}},{"type":"Feature","geometry":{"type":"Point","coordinates":[37.06485,48.47651]},"properties":{"source":"economist_fires","source_name":"The Economist war-fire model","source_url":"https://github.com/TheEconomist/the-economist-war-fire-model","id":281,"date":"2026-09-18","link":"https://www.economist.com/interactive/graphic-detail/ukraine-fires","category":"Fire classified as war-related (model estimate)","side":"Not attributed","color":"#FF8C00","radius":3,"orbat":[],"description":"Satellite heat detection at 23:18 UTC, in an area days after abnormal fire activity. Urban area."}},{"type":"Feature","geometry":{"type":"Point","coordinates":[37.09494,48.47644]},"properties":{"source":"economist_fires","source_name":"The Economist war-fire model","source_url":"https://github.com/TheEconomist/the-economist-war-fire-model","id":282,"date":"2026-09-18","link":"https://www.economist.com/interactive/graphic-detail/ukraine-fires","category":"Fire classified as war-related (model estimate)","side":"Not attributed","color":"#FF8C00","radius":3,"orbat":[],"description":"Satellite heat detection at 23:37 UTC, in an area days after abnormal fire activity. Urban area."}},{"type":"Feature","geometry":{"type":"Point","coordinates":[37.0679,48.47702]},"properties":{"source":"economist_fires","source_name":"The Economist war-fire model","source_url":"https://github.com/TheEconomist/the-economist-war-fire-model","id":283,"date":"2026-09-18","link":"https://www.economist.com/interactive/graphic-detail/ukraine-fires","category":"Fire classified as war-related (model estimate)","side":"Not attributed","color":"#FF8C00","radius":3,"orbat":[],"description":"Satellite heat detection at 23:37 UTC, in an area days after abnormal fire activity. Urban area."}},{"type":"Feature","geometry":{"type":"Point","coordinates":[37.05004,48.53407]},"properties":{"source":"economist_fires","source_name":"The Economist war-fire model","source_url":"https://github.com/TheEconomist/the-economist-war-fire-model","id":284,"date":"2026-09-18","link":"https://www.economist.com/interactive/graphic-detail/ukraine-fires","category":"Fire classified as war-related (model estimate)","side":"Not attributed","color":"#FF8C00","radius":3,"orbat":[],"description":"Satellite heat detection at 23:37 UTC, in an area days after abnormal fire activity. Urban area."}},{"type":"Feature","geometry":{"type":"Point","coordinates":[37.18082,48.19249]},"properties":{"source":"economist_fires","source_name":"The Economist war-fire model","source_url":"https://github.com/TheEconomist/the-economist-war-fire-model","id":285,"date":"2026-09-18","link":"https://www.economist.com/interactive/graphic-detail/ukraine-fires","category":"Fire classified as war-related (model estimate)","side":"Not attributed","color":"#FF8C00","radius":3,"orbat":[],"description":"Satellite heat detection at 09:24 UTC, in an area days after abnormal fire activity. Urban area."}},{"type":"Feature","geometry":{"type":"Point","coordinates":[37.1829,48.19365]},"properties":{"source":"economist_fires","source_name":"The Economist war-fire model","source_url":"https://github.com/TheEconomist/the-economist-war-fire-model","id":286,"date":"2026-09-18","link":"https://www.economist.com/interactive/graphic-detail/ukraine-fires","category":"Fire classified as war-related (model estimate)","side":"Not attributed","color":"#FF8C00","radius":3,"orbat":[],"description":"Satellite heat detection at 09:24 UTC, in an area days after abnormal fire activity. Urban area."}},{"type":"Feature","geometry":{"type":"Point","coordinates":[37.1816,48.19368]},"properties":{"source":"economist_fires","source_name":"The Economist war-fire model","source_url":"https://github.com/TheEconomist/the-economist-war-fire-model","id":287,"date":"2026-09-18","link":"https://www.economist.com/interactive/graphic-detail/ukraine-fires","category":"Fire classified as war-related (model estimate)","side":"Not attributed","color":"#FF8C00","radius":3,"orbat":[],"description":"Satellite heat detection at 09:43 UTC, in an area days after abnormal fire activity. Urban area."}},{"type":"Feature","geometry":{"type":"Point","coordinates":[37.17574,48.19369]},"properties":{"source":"economist_fires","source_name":"The Economist war-fire model","source_url":"https://github.com/TheEconomist/the-economist-war-fire-model","id":288,"date":"2026-09-18","link":"https://www.economist.com/interactive/graphic-detail/ukraine-fires","category":"Fire classified as war-related (model estimate)","side":"Not attributed","color":"#FF8C00","radius":3,"orbat":[],"description":"Satellite heat detection at 10:28 UTC, in an area days after abnormal fire activity. Urban area."}},{"type":"Feature","geometry":{"type":"Point","coordinates":[37.17475,48.19706]},"properties":{"source":"economist_fires","source_name":"The Economist war-fire model","source_url":"https://github.com/TheEconomist/the-economist-war-fire-model","id":289,"date":"2026-09-18","link":"https://www.economist.com/interactive/graphic-detail/ukraine-fires","category":"Fire classified as war-related (model estimate)","side":"Not attributed","color":"#FF8C00","radius":3,"orbat":[],"description":"Satellite heat detection at 10:28 UTC, in an area days after abnormal fire activity. Urban area."}},{"type":"Feature","geometry":{"type":"Point","coordinates":[37.18019,48.19777]},"properties":{"source":"economist_fires","source_name":"The Economist war-fire model","source_url":"https://github.com/TheEconomist/the-economist-war-fire-model","id":290,"date":"2026-09-18","link":"https://www.economist.com/interactive/graphic-detail/ukraine-fires","category":"Fire classified as war-related (model estimate)","side":"Not attributed","color":"#FF8C00","radius":3,"orbat":[],"description":"Satellite heat detection at 10:28 UTC, in an area days after abnormal fire activity. Urban area."}},{"type":"Feature","geometry":{"type":"Point","coordinates":[37.17247,48.19727]},"properties":{"source":"economist_fires","source_name":"The Economist war-fire model","source_url":"https://github.com/TheEconomist/the-economist-war-fire-model","id":291,"date":"2026-09-18","link":"https://www.economist.com/interactive/graphic-detail/ukraine-fires","category":"Fire classified as war-related (model estimate)","side":"Not attributed","color":"#FF8C00","radius":3,"orbat":[],"description":"Satellite heat detection at 11:04 UTC, in an area days after abnormal fire activity. Urban area."}},{"type":"Feature","geometry":{"type":"Point","coordinates":[37.17071,48.19831]},"properties":{"source":"economist_fires","source_name":"The Economist war-fire model","source_url":"https://github.com/TheEconomist/the-economist-war-fire-model","id":292,"date":"2026-09-18","link":"https://www.economist.com/interactive/graphic-detail/ukraine-fires","category":"Fire classified as war-related (model estimate)","side":"Not attributed","color":"#FF8C00","radius":3,"orbat":[],"description":"Satellite heat detection at 11:04 UTC, in an area days after abnormal fire activity. Urban area."}},{"type":"Feature","geometry":{"type":"Point","coordinates":[37.17435,48.19156]},"properties":{"source":"economist_fires","source_name":"The Economist war-fire model","source_url":"https://github.com/TheEconomist/the-economist-war-fire-model","id":293,"date":"2026-09-18","link":"https://www.economist.com/interactive/graphic-detail/ukraine-fires","category":"Fire classified as war-related (model estimate)","side":"Not attributed","color":"#FF8C00","radius":3,"orbat":[],"description":"Satellite heat detection at 11:23 UTC, in an area days after abnormal fire activity. Urban area."}},{"type":"Feature","geometry":{"type":"Point","coordinates":[37.17057,48.1927]},"properties":{"source":"economist_fires","source_name":"The Economist war-fire model","source_url":"https://github.com/TheEconomist/the-economist-war-fire-model","id":294,"date":"2026-09-18","link":"https://www.economist.com/interactive/graphic-detail/ukraine-fires","category":"Fire classified as war-related (model estimate)","side":"Not attributed","color":"#FF8C00","radius":3,"orbat":[],"description":"Satellite heat detection at 11:23 UTC, in an area days after abnormal fire activity. Urban area."}},{"type":"Feature","geometry":{"type":"Point","coordinates":[37.17659,48.19285]},"properties":{"source":"economist_fires","source_name":"The Economist war-fire model","source_url":"https://github.com/TheEconomist/the-economist-war-fire-model","id":295,"date":"2026-09-18","link":"https://www.economist.com/interactive/graphic-detail/ukraine-fires","category":"Fire classified as war-related (model estimate)","side":"Not attributed","color":"#FF8C00","radius":3,"orbat":[],"description":"Satellite heat detection at 11:23 UTC, in an area days after abnormal fire activity. Urban area."}},{"type":"Feature","geometry":{"type":"Point","coordinates":[37.17402,48.1974]},"properties":{"source":"economist_fires","source_name":"The Economist war-fire model","source_url":"https://github.com/TheEconomist/the-economist-war-fire-model","id":296,"date":"2026-09-18","link":"https://www.economist.com/interactive/graphic-detail/ukraine-fires","category":"Fire classified as war-related (model estimate)","side":"Not attributed","color":"#FF8C00","radius":3,"orbat":[],"description":"Satellite heat detection at 11:23 UTC, in an area days after abnormal fire activity. Urban area."}},{"type":"Feature","geometry":{"type":"Point","coordinates":[37.16973,48.50532]},"properties":{"source":"economist_fires","source_name":"The Economist war-fire model","source_url":"https://github.com/TheEconomist/the-economist-war-fire-model","id":297,"date":"2026-09-18","link":"https://www.economist.com/interactive/graphic-detail/ukraine-fires","category":"Fire classified as war-related (model estimate)","side":"Not attributed","color":"#FF8C00","radius":3,"orbat":[],"description":"Satellite heat detection at 10:28 UTC, in an area days after abnormal fire activity. Urban area."}},{"type":"Feature","geometry":{"type":"Point","coordinates":[37.20754,49.43443]},"properties":{"source":"economist_fires","source_name":"The Economist war-fire model","source_url":"https://github.com/TheEconomist/the-economist-war-fire-model","id":298,"date":"2026-09-18","link":"https://www.economist.com/interactive/graphic-detail/ukraine-fires","category":"Fire classified as war-related (model estimate)","side":"Not attributed","color":"#FF8C00","radius":3,"orbat":[],"description":"Satellite heat detection at 09:24 UTC, in an area of abnormal fire activity. Urban area."}},{"type":"Feature","geometry":{"type":"Point","coordinates":[37.21281,49.43609]},"properties":{"source":"economist_fires","source_name":"The Economist war-fire model","source_url":"https://github.com/TheEconomist/the-economist-war-fire-model","id":299,"date":"2026-09-18","link":"https://www.economist.com/interactive/graphic-detail/ukraine-fires","category":"Fire classified as war-related (model estimate)","side":"Not attributed","color":"#FF8C00","radius":3,"orbat":[],"description":"Satellite heat detection at 09:24 UTC, in an area of abnormal fire activity. Urban area."}},{"type":"Feature","geometry":{"type":"Point","coordinates":[37.21409,49.43069]},"properties":{"source":"economist_fires","source_name":"The Economist war-fire model","source_url":"https://github.com/TheEconomist/the-economist-war-fire-model","id":300,"date":"2026-09-18","link":"https://www.economist.com/interactive/graphic-detail/ukraine-fires","category":"Fire classified as war-related (model estimate)","side":"Not attributed","color":"#FF8C00","radius":3,"orbat":[],"description":"Satellite heat detection at 11:23 UTC, in an area of abnormal fire activity. Urban area."}},{"type":"Feature","geometry":{"type":"Point","coordinates":[37.20979,49.43277]},"properties":{"source":"economist_fires","source_name":"The Economist war-fire model","source_url":"https://github.com/TheEconomist/the-economist-war-fire-model","id":301,"date":"2026-09-18","link":"https://www.economist.com/interactive/graphic-detail/ukraine-fires","category":"Fire classified as war-related (model estimate)","side":"Not attributed","color":"#FF8C00","radius":3,"orbat":[],"description":"Satellite heat detection at 11:23 UTC, in an area of abnormal fire activity. Urban area."}},{"type":"Feature","geometry":{"type":"Point","coordinates":[37.25501,48.35444]},"properties":{"source":"economist_fires","source_name":"The Economist war-fire model","source_url":"https://github.com/TheEconomist/the-economist-war-fire-model","id":302,"date":"2026-09-18","link":"https://www.economist.com/interactive/graphic-detail/ukraine-fires","category":"Fire classified as war-related (model estimate)","side":"Not attributed","color":"#FF8C00","radius":3,"orbat":[],"description":"Satellite heat detection at 00:39 UTC, in an area of abnormal fire activity. Urban area."}},{"type":"Feature","geometry":{"type":"Point","coordinates":[37.257,48.35676]},"properties":{"source":"economist_fires","source_name":"The Economist war-fire model","source_url":"https://github.com/TheEconomist/the-economist-war-fire-model","id":303,"date":"2026-09-18","link":"https://www.economist.com/interactive/graphic-detail/ukraine-fires","category":"Fire classified as war-related (model estimate)","side":"Not attributed","color":"#FF8C00","radius":3,"orbat":[],"description":"Satellite heat detection at 23:18 UTC, in an area of abnormal fire activity. Urban area."}},{"type":"Feature","geometry":{"type":"Point","coordinates":[37.3971,47.62492]},"properties":{"source":"economist_fires","source_name":"The Economist war-fire model","source_url":"https://github.com/TheEconomist/the-economist-war-fire-model","id":304,"date":"2026-09-18","link":"https://www.economist.com/interactive/graphic-detail/ukraine-fires","category":"Fire classified as war-related (model estimate)","side":"Not attributed","color":"#FF8C00","radius":3,"orbat":[],"description":"Satellite heat detection at 09:43 UTC, in an area days after abnormal fire activity. Urban area."}},{"type":"Feature","geometry":{"type":"Point","coordinates":[37.40325,47.62646]},"properties":{"source":"economist_fires","source_name":"The Economist war-fire model","source_url":"https://github.com/TheEconomist/the-economist-war-fire-model","id":305,"date":"2026-09-18","link":"https://www.economist.com/interactive/graphic-detail/ukraine-fires","category":"Fire classified as war-related (model estimate)","side":"Not attributed","color":"#FF8C00","radius":3,"orbat":[],"description":"Satellite heat detection at 09:43 UTC, in an area days after abnormal fire activity. Urban area."}},{"type":"Feature","geometry":{"type":"Point","coordinates":[37.38839,47.7841]},"properties":{"source":"economist_fires","source_name":"The Economist war-fire model","source_url":"https://github.com/TheEconomist/the-economist-war-fire-model","id":306,"date":"2026-09-18","link":"https://www.economist.com/interactive/graphic-detail/ukraine-fires","category":"Fire classified as war-related (model estimate)","side":"Not attributed","color":"#FF8C00","radius":3,"orbat":[],"description":"Satellite heat detection at 09:24 UTC, in an area of abnormal fire activity. Urban area."}},{"type":"Feature","geometry":{"type":"Point","coordinates":[37.3878,47.77969]},"properties":{"source":"economist_fires","source_name":"The Economist war-fire model","source_url":"https://github.com/TheEconomist/the-economist-war-fire-model","id":307,"date":"2026-09-18","link":"https://www.economist.com/interactive/graphic-detail/ukraine-fires","category":"Fire classified as war-related (model estimate)","side":"Not attributed","color":"#FF8C00","radius":3,"orbat":[],"description":"Satellite heat detection at 09:43 UTC, in an area of abnormal fire activity. Urban area."}},{"type":"Feature","geometry":{"type":"Point","coordinates":[37.3855,47.78388]},"properties":{"source":"economist_fires","source_name":"The Economist war-fire model","source_url":"https://github.com/TheEconomist/the-economist-war-fire-model","id":308,"date":"2026-09-18","link":"https://www.economist.com/interactive/graphic-detail/ukraine-fires","category":"Fire classified as war-related (model estimate)","side":"Not attributed","color":"#FF8C00","radius":3,"orbat":[],"description":"Satellite heat detection at 09:43 UTC, in an area of abnormal fire activity. Urban area."}},{"type":"Feature","geometry":{"type":"Point","coordinates":[37.37657,47.78117]},"properties":{"source":"economist_fires","source_name":"The Economist war-fire model","source_url":"https://github.com/TheEconomist/the-economist-war-fire-model","id":309,"date":"2026-09-18","link":"https://www.economist.com/interactive/graphic-detail/ukraine-fires","category":"Fire classified as war-related (model estimate)","side":"Not attributed","color":"#FF8C00","radius":3,"orbat":[],"description":"Satellite heat detection at 10:28 UTC, in an area of abnormal fire activity. Urban area."}},{"type":"Feature","geometry":{"type":"Point","coordinates":[37.38199,47.78187]},"properties":{"source":"economist_fires","source_name":"The Economist war-fire model","source_url":"https://github.com/TheEconomist/the-economist-war-fire-model","id":310,"date":"2026-09-18","link":"https://www.economist.com/interactive/graphic-detail/ukraine-fires","category":"Fire classified as war-related (model estimate)","side":"Not attributed","color":"#FF8C00","radius":3,"orbat":[],"description":"Satellite heat detection at 10:28 UTC, in an area of abnormal fire activity. Urban area."}},{"type":"Feature","geometry":{"type":"Point","coordinates":[37.38102,47.78525]},"properties":{"source":"economist_fires","source_name":"The Economist war-fire model","source_url":"https://github.com/TheEconomist/the-economist-war-fire-model","id":311,"date":"2026-09-18","link":"https://www.economist.com/interactive/graphic-detail/ukraine-fires","category":"Fire classified as war-related (model estimate)","side":"Not attributed","color":"#FF8C00","radius":3,"orbat":[],"description":"Satellite heat detection at 10:28 UTC, in an area of abnormal fire activity. Urban area."}},{"type":"Feature","geometry":{"type":"Point","coordinates":[37.41354,47.78947]},"properties":{"source":"economist_fires","source_name":"The Economist war-fire model","source_url":"https://github.com/TheEconomist/the-economist-war-fire-model","id":312,"date":"2026-09-18","link":"https://www.economist.com/interactive/graphic-detail/ukraine-fires","category":"Fire classified as war-related (model estimate)","side":"Not attributed","color":"#FF8C00","radius":3,"orbat":[],"description":"Satellite heat detection at 10:28 UTC, in an area of abnormal fire activity. Urban area."}},{"type":"Feature","geometry":{"type":"Point","coordinates":[37.41257,47.79285]},"properties":{"source":"economist_fires","source_name":"The Economist war-fire model","source_url":"https://github.com/TheEconomist/the-economist-war-fire-model","id":313,"date":"2026-09-18","link":"https://www.economist.com/interactive/graphic-detail/ukraine-fires","category":"Fire classified as war-related (model estimate)","side":"Not attributed","color":"#FF8C00","radius":3,"orbat":[],"description":"Satellite heat detection at 10:28 UTC, in an area of abnormal fire activity. Urban area."}},{"type":"Feature","geometry":{"type":"Point","coordinates":[37.38307,47.78166]},"properties":{"source":"economist_fires","source_name":"The Economist war-fire model","source_url":"https://github.com/TheEconomist/the-economist-war-fire-model","id":314,"date":"2026-09-18","link":"https://www.economist.com/interactive/graphic-detail/ukraine-fires","category":"Fire classified as war-related (model estimate)","side":"Not attributed","color":"#FF8C00","radius":3,"orbat":[],"description":"Satellite heat detection at 11:04 UTC, in an area of abnormal fire activity. Urban area."}},{"type":"Feature","geometry":{"type":"Point","coordinates":[37.36595,47.78404]},"properties":{"source":"economist_fires","source_name":"The Economist war-fire model","source_url":"https://github.com/TheEconomist/the-economist-war-fire-model","id":315,"date":"2026-09-18","link":"https://www.economist.com/interactive/graphic-detail/ukraine-fires","category":"Fire classified as war-related (model estimate)","side":"Not attributed","color":"#FF8C00","radius":3,"orbat":[],"description":"Satellite heat detection at 11:04 UTC, in an area of abnormal fire activity. Urban area."}},{"type":"Feature","geometry":{"type":"Point","coordinates":[37.3721,47.78453]},"properties":{"source":"economist_fires","source_name":"The Economist war-fire model","source_url":"https://github.com/TheEconomist/the-economist-war-fire-model","id":316,"date":"2026-09-18","link":"https://www.economist.com/interactive/graphic-detail/ukraine-fires","category":"Fire classified as war-related (model estimate)","side":"Not attributed","color":"#FF8C00","radius":3,"orbat":[],"description":"Satellite heat detection at 11:04 UTC, in an area of abnormal fire activity. Urban area."}},{"type":"Feature","geometry":{"type":"Point","coordinates":[37.36392,47.78463]},"properties":{"source":"economist_fires","source_name":"The Economist war-fire model","source_url":"https://github.com/TheEconomist/the-economist-war-fire-model","id":317,"date":"2026-09-18","link":"https://www.economist.com/interactive/graphic-detail/ukraine-fires","category":"Fire classified as war-related (model estimate)","side":"Not attributed","color":"#FF8C00","radius":3,"orbat":[],"description":"Satellite heat detection at 11:04 UTC, in an area of abnormal fire activity. Urban area."}},{"type":"Feature","geometry":{"type":"Point","coordinates":[37.37008,47.78509]},"properties":{"source":"economist_fires","source_name":"The Economist war-fire model","source_url":"https://github.com/TheEconomist/the-economist-war-fire-model","id":318,"date":"2026-09-18","link":"https://www.economist.com/interactive/graphic-detail/ukraine-fires","category":"Fire classified as war-related (model estimate)","side":"Not attributed","color":"#FF8C00","radius":3,"orbat":[],"description":"Satellite heat detection at 11:04 UTC, in an area of abnormal fire activity. Urban area."}},{"type":"Feature","geometry":{"type":"Point","coordinates":[37.41501,47.78793]},"properties":{"source":"economist_fires","source_name":"The Economist war-fire model","source_url":"https://github.com/TheEconomist/the-economist-war-fire-model","id":319,"date":"2026-09-18","link":"https://www.economist.com/interactive/graphic-detail/ukraine-fires","category":"Fire classified as war-related (model estimate)","side":"Not attributed","color":"#FF8C00","radius":3,"orbat":[],"description":"Satellite heat detection at 11:04 UTC, in an area of abnormal fire activity. Urban area."}},{"type":"Feature","geometry":{"type":"Point","coordinates":[37.3653,47.78839]},"properties":{"source":"economist_fires","source_name":"The Economist war-fire model","source_url":"https://github.com/TheEconomist/the-economist-war-fire-model","id":320,"date":"2026-09-18","link":"https://www.economist.com/interactive/graphic-detail/ukraine-fires","category":"Fire classified as war-related (model estimate)","side":"Not attributed","color":"#FF8C00","radius":3,"orbat":[],"description":"Satellite heat detection at 11:04 UTC, in an area of abnormal fire activity. Urban area."}},{"type":"Feature","geometry":{"type":"Point","coordinates":[37.41917,47.78872]},"properties":{"source":"economist_fires","source_name":"The Economist war-fire model","source_url":"https://github.com/TheEconomist/the-economist-war-fire-model","id":321,"date":"2026-09-18","link":"https://www.economist.com/interactive/graphic-detail/ukraine-fires","category":"Fire classified as war-related (model estimate)","side":"Not attributed","color":"#FF8C00","radius":3,"orbat":[],"description":"Satellite heat detection at 11:04 UTC, in an area of abnormal fire activity. Urban area."}},{"type":"Feature","geometry":{"type":"Point","coordinates":[37.36325,47.78898]},"properties":{"source":"economist_fires","source_name":"The Economist war-fire model","source_url":"https://github.com/TheEconomist/the-economist-war-fire-model","id":322,"date":"2026-09-18","link":"https://www.economist.com/interactive/graphic-detail/ukraine-fires","category":"Fire classified as war-related (model estimate)","side":"Not attributed","color":"#FF8C00","radius":3,"orbat":[],"description":"Satellite heat detection at 11:04 UTC, in an area of abnormal fire activity. Urban area."}},{"type":"Feature","geometry":{"type":"Point","coordinates":[37.38359,47.78984]},"properties":{"source":"economist_fires","source_name":"The Economist war-fire model","source_url":"https://github.com/TheEconomist/the-economist-war-fire-model","id":323,"date":"2026-09-18","link":"https://www.economist.com/interactive/graphic-detail/ukraine-fires","category":"Fire classified as war-related (model estimate)","side":"Not attributed","color":"#FF8C00","radius":3,"orbat":[],"description":"Satellite heat detection at 11:04 UTC, in an area of abnormal fire activity. Urban area."}},{"type":"Feature","geometry":{"type":"Point","coordinates":[37.38157,47.79034]},"properties":{"source":"economist_fires","source_name":"The Economist war-fire model","source_url":"https://github.com/TheEconomist/the-economist-war-fire-model","id":324,"date":"2026-09-18","link":"https://www.economist.com/interactive/graphic-detail/ukraine-fires","category":"Fire classified as war-related (model estimate)","side":"Not attributed","color":"#FF8C00","radius":3,"orbat":[],"description":"Satellite heat detection at 11:04 UTC, in an area of abnormal fire activity. Urban area."}},{"type":"Feature","geometry":{"type":"Point","coordinates":[37.38768,47.79079]},"properties":{"source":"economist_fires","source_name":"The Economist war-fire model","source_url":"https://github.com/TheEconomist/the-economist-war-fire-model","id":325,"date":"2026-09-18","link":"https://www.economist.com/interactive/graphic-detail/ukraine-fires","category":"Fire classified as war-related (model estimate)","side":"Not attributed","color":"#FF8C00","radius":3,"orbat":[],"description":"Satellite heat detection at 11:04 UTC, in an area of abnormal fire activity. Urban area."}},{"type":"Feature","geometry":{"type":"Point","coordinates":[37.40198,47.7913]},"properties":{"source":"economist_fires","source_name":"The Economist war-fire model","source_url":"https://github.com/TheEconomist/the-economist-war-fire-model","id":326,"date":"2026-09-18","link":"https://www.economist.com/interactive/graphic-detail/ukraine-fires","category":"Fire classified as war-related (model estimate)","side":"Not attributed","color":"#FF8C00","radius":3,"orbat":[],"description":"Satellite heat detection at 11:04 UTC, in an area of abnormal fire activity. Urban area."}},{"type":"Feature","geometry":{"type":"Point","coordinates":[37.39998,47.79171]},"properties":{"source":"economist_fires","source_name":"The Economist war-fire model","source_url":"https://github.com/TheEconomist/the-economist-war-fire-model","id":327,"date":"2026-09-18","link":"https://www.economist.com/interactive/graphic-detail/ukraine-fires","category":"Fire classified as war-related (model estimate)","side":"Not attributed","color":"#FF8C00","radius":3,"orbat":[],"description":"Satellite heat detection at 11:04 UTC, in an area of abnormal fire activity. Urban area."}},{"type":"Feature","geometry":{"type":"Point","coordinates":[37.40814,47.79179]},"properties":{"source":"economist_fires","source_name":"The Economist war-fire model","source_url":"https://github.com/TheEconomist/the-economist-war-fire-model","id":328,"date":"2026-09-18","link":"https://www.economist.com/interactive/graphic-detail/ukraine-fires","category":"Fire classified as war-related (model estimate)","side":"Not attributed","color":"#FF8C00","radius":3,"orbat":[],"description":"Satellite heat detection at 11:04 UTC, in an area of abnormal fire activity. Urban area."}},{"type":"Feature","geometry":{"type":"Point","coordinates":[37.40615,47.79216]},"properties":{"source":"economist_fires","source_name":"The Economist war-fire model","source_url":"https://github.com/TheEconomist/the-economist-war-fire-model","id":329,"date":"2026-09-18","link":"https://www.economist.com/interactive/graphic-detail/ukraine-fires","category":"Fire classified as war-related (model estimate)","side":"Not attributed","color":"#FF8C00","radius":3,"orbat":[],"description":"Satellite heat detection at 11:04 UTC, in an area of abnormal fire activity. Urban area."}},{"type":"Feature","geometry":{"type":"Point","coordinates":[37.4143,47.79227]},"properties":{"source":"economist_fires","source_name":"The Economist war-fire model","source_url":"https://github.com/TheEconomist/the-economist-war-fire-model","id":330,"date":"2026-09-18","link":"https://www.economist.com/interactive/graphic-detail/ukraine-fires","category":"Fire classified as war-related (model estimate)","side":"Not attributed","color":"#FF8C00","radius":3,"orbat":[],"description":"Satellite heat detection at 11:04 UTC, in an area of abnormal fire activity. Urban area."}},{"type":"Feature","geometry":{"type":"Point","coordinates":[37.41232,47.79262]},"properties":{"source":"economist_fires","source_name":"The Economist war-fire model","source_url":"https://github.com/TheEconomist/the-economist-war-fire-model","id":331,"date":"2026-09-18","link":"https://www.economist.com/interactive/graphic-detail/ukraine-fires","category":"Fire classified as war-related (model estimate)","side":"Not attributed","color":"#FF8C00","radius":3,"orbat":[],"description":"Satellite heat detection at 11:04 UTC, in an area of abnormal fire activity. Urban area."}},{"type":"Feature","geometry":{"type":"Point","coordinates":[37.40194,47.7906]},"properties":{"source":"economist_fires","source_name":"The Economist war-fire model","source_url":"https://github.com/TheEconomist/the-economist-war-fire-model","id":332,"date":"2026-09-18","link":"https://www.economist.com/interactive/graphic-detail/ukraine-fires","category":"Fire classified as war-related (model estimate)","side":"Not attributed","color":"#FF8C00","radius":3,"orbat":[],"description":"Satellite heat detection at 11:23 UTC, in an area of abnormal fire activity. Urban area."}},{"type":"Feature","geometry":{"type":"Point","coordinates":[37.4082,47.79071]},"properties":{"source":"economist_fires","source_name":"The Economist war-fire model","source_url":"https://github.com/TheEconomist/the-economist-war-fire-model","id":333,"date":"2026-09-18","link":"https://www.economist.com/interactive/graphic-detail/ukraine-fires","category":"Fire classified as war-related (model estimate)","side":"Not attributed","color":"#FF8C00","radius":3,"orbat":[],"description":"Satellite heat detection at 11:23 UTC, in an area of abnormal fire activity. Urban area."}},{"type":"Feature","geometry":{"type":"Point","coordinates":[37.41443,47.79082]},"properties":{"source":"economist_fires","source_name":"The Economist war-fire model","source_url":"https://github.com/TheEconomist/the-economist-war-fire-model","id":334,"date":"2026-09-18","link":"https://www.economist.com/interactive/graphic-detail/ukraine-fires","category":"Fire classified as war-related (model estimate)","side":"Not attributed","color":"#FF8C00","radius":3,"orbat":[],"description":"Satellite heat detection at 11:23 UTC, in an area of abnormal fire activity. Urban area."}},{"type":"Feature","geometry":{"type":"Point","coordinates":[37.40418,47.79274]},"properties":{"source":"economist_fires","source_name":"The Economist war-fire model","source_url":"https://github.com/TheEconomist/the-economist-war-fire-model","id":335,"date":"2026-09-18","link":"https://www.economist.com/interactive/graphic-detail/ukraine-fires","category":"Fire classified as war-related (model estimate)","side":"Not attributed","color":"#FF8C00","radius":3,"orbat":[],"description":"Satellite heat detection at 11:23 UTC, in an area of abnormal fire activity. Urban area."}},{"type":"Feature","geometry":{"type":"Point","coordinates":[37.41045,47.79288]},"properties":{"source":"economist_fires","source_name":"The Economist war-fire model","source_url":"https://github.com/TheEconomist/the-economist-war-fire-model","id":336,"date":"2026-09-18","link":"https://www.economist.com/interactive/graphic-detail/ukraine-fires","category":"Fire classified as war-related (model estimate)","side":"Not attributed","color":"#FF8C00","radius":3,"orbat":[],"description":"Satellite heat detection at 11:23 UTC, in an area of abnormal fire activity. Urban area."}},{"type":"Feature","geometry":{"type":"Point","coordinates":[37.41668,47.79303]},"properties":{"source":"economist_fires","source_name":"The Economist war-fire model","source_url":"https://github.com/TheEconomist/the-economist-war-fire-model","id":337,"date":"2026-09-18","link":"https://www.economist.com/interactive/graphic-detail/ukraine-fires","category":"Fire classified as war-related (model estimate)","side":"Not attributed","color":"#FF8C00","radius":3,"orbat":[],"description":"Satellite heat detection at 11:23 UTC, in an area of abnormal fire activity. Urban area."}},{"type":"Feature","geometry":{"type":"Point","coordinates":[37.40796,47.79661]},"properties":{"source":"economist_fires","source_name":"The Economist war-fire model","source_url":"https://github.com/TheEconomist/the-economist-war-fire-model","id":338,"date":"2026-09-18","link":"https://www.economist.com/interactive/graphic-detail/ukraine-fires","category":"Fire classified as war-related (model estimate)","side":"Not attributed","color":"#FF8C00","radius":3,"orbat":[],"description":"Satellite heat detection at 11:23 UTC, in an area of abnormal fire activity. Urban area."}},{"type":"Feature","geometry":{"type":"Point","coordinates":[37.35897,47.78556]},"properties":{"source":"economist_fires","source_name":"The Economist war-fire model","source_url":"https://github.com/TheEconomist/the-economist-war-fire-model","id":339,"date":"2026-09-18","link":"https://www.economist.com/interactive/graphic-detail/ukraine-fires","category":"Fire classified as war-related (model estimate)","side":"Not attributed","color":"#FF8C00","radius":3,"orbat":[],"description":"Satellite heat detection at 12:42 UTC, in an area of abnormal fire activity. Urban area."}},{"type":"Feature","geometry":{"type":"Point","coordinates":[37.41351,47.79256]},"properties":{"source":"economist_fires","source_name":"The Economist war-fire model","source_url":"https://github.com/TheEconomist/the-economist-war-fire-model","id":340,"date":"2026-09-18","link":"https://www.economist.com/interactive/graphic-detail/ukraine-fires","category":"Fire classified as war-related (model estimate)","side":"Not attributed","color":"#FF8C00","radius":3,"orbat":[],"description":"Satellite heat detection at 12:42 UTC, in an area of abnormal fire activity. Urban area."}},{"type":"Feature","geometry":{"type":"Point","coordinates":[37.38361,47.79797]},"properties":{"source":"economist_fires","source_name":"The Economist war-fire model","source_url":"https://github.com/TheEconomist/the-economist-war-fire-model","id":341,"date":"2026-09-18","link":"https://www.economist.com/interactive/graphic-detail/ukraine-fires","category":"Fire classified as war-related (model estimate)","side":"Not attributed","color":"#FF8C00","radius":3,"orbat":[],"description":"Satellite heat detection at 12:42 UTC, in an area of abnormal fire activity. Urban area."}},{"type":"Feature","geometry":{"type":"Point","coordinates":[37.37293,48.02137]},"properties":{"source":"economist_fires","source_name":"The Economist war-fire model","source_url":"https://github.com/TheEconomist/the-economist-war-fire-model","id":342,"date":"2026-09-18","link":"https://www.economist.com/interactive/graphic-detail/ukraine-fires","category":"Fire classified as war-related (model estimate)","side":"Not attributed","color":"#FF8C00","radius":3,"orbat":[],"description":"Satellite heat detection at 00:39 UTC, in an area days after abnormal fire activity. Urban area."}},{"type":"Feature","geometry":{"type":"Point","coordinates":[37.37221,48.03414]},"properties":{"source":"economist_fires","source_name":"The Economist war-fire model","source_url":"https://github.com/TheEconomist/the-economist-war-fire-model","id":343,"date":"2026-09-18","link":"https://www.economist.com/interactive/graphic-detail/ukraine-fires","category":"Fire classified as war-related (model estimate)","side":"Not attributed","color":"#FF8C00","radius":3,"orbat":[],"description":"Satellite heat detection at 23:37 UTC, in an area days after abnormal fire activity. Urban area."}},{"type":"Feature","geometry":{"type":"Point","coordinates":[37.37332,48.03741]},"properties":{"source":"economist_fires","source_name":"The Economist war-fire model","source_url":"https://github.com/TheEconomist/the-economist-war-fire-model","id":344,"date":"2026-09-18","link":"https://www.economist.com/interactive/graphic-detail/ukraine-fires","category":"Fire classified as war-related (model estimate)","side":"Not attributed","color":"#FF8C00","radius":3,"orbat":[],"description":"Satellite heat detection at 23:37 UTC, in an area days after abnormal fire activity. Urban area."}},{"type":"Feature","geometry":{"type":"Point","coordinates":[37.42014,48.5977]},"properties":{"source":"economist_fires","source_name":"The Economist war-fire model","source_url":"https://github.com/TheEconomist/the-economist-war-fire-model","id":345,"date":"2026-09-18","link":"https://www.economist.com/interactive/graphic-detail/ukraine-fires","category":"Fire classified as war-related (model estimate)","side":"Not attributed","color":"#FF8C00","radius":3,"orbat":[],"description":"Satellite heat detection at 12:42 UTC, in an area days after abnormal fire activity. Urban area."}},{"type":"Feature","geometry":{"type":"Point","coordinates":[37.43427,48.59949]},"properties":{"source":"economist_fires","source_name":"The Economist war-fire model","source_url":"https://github.com/TheEconomist/the-economist-war-fire-model","id":346,"date":"2026-09-18","link":"https://www.economist.com/interactive/graphic-detail/ukraine-fires","category":"Fire classified as war-related (model estimate)","side":"Not attributed","color":"#FF8C00","radius":3,"orbat":[],"description":"Satellite heat detection at 12:42 UTC, in an area days after abnormal fire activity. Urban area."}},{"type":"Feature","geometry":{"type":"Point","coordinates":[37.46172,48.11798]},"properties":{"source":"economist_fires","source_name":"The Economist war-fire model","source_url":"https://github.com/TheEconomist/the-economist-war-fire-model","id":347,"date":"2026-09-18","link":"https://www.economist.com/interactive/graphic-detail/ukraine-fires","category":"Fire classified as war-related (model estimate)","side":"Not attributed","color":"#FF8C00","radius":3,"orbat":[],"description":"Satellite heat detection at 11:04 UTC, in an area days after abnormal fire activity. Urban area."}},{"type":"Feature","geometry":{"type":"Point","coordinates":[37.52151,48.59911]},"properties":{"source":"economist_fires","source_name":"The Economist war-fire model","source_url":"https://github.com/TheEconomist/the-economist-war-fire-model","id":348,"date":"2026-09-18","link":"https://www.economist.com/interactive/graphic-detail/ukraine-fires","category":"Fire classified as war-related (model estimate)","side":"Not attributed","color":"#FF8C00","radius":3,"orbat":[],"description":"Satellite heat detection at 22:42 UTC, in an area days after abnormal fire activity. Urban area."}},{"type":"Feature","geometry":{"type":"Point","coordinates":[37.54598,48.60349]},"properties":{"source":"economist_fires","source_name":"The Economist war-fire model","source_url":"https://github.com/TheEconomist/the-economist-war-fire-model","id":349,"date":"2026-09-18","link":"https://www.economist.com/interactive/graphic-detail/ukraine-fires","category":"Fire classified as war-related (model estimate)","side":"Not attributed","color":"#FF8C00","radius":3,"orbat":[],"description":"Satellite heat detection at 22:42 UTC, in an area days after abnormal fire activity. Urban area."}},{"type":"Feature","geometry":{"type":"Point","coordinates":[37.5492,48.60638]},"properties":{"source":"economist_fires","source_name":"The Economist war-fire model","source_url":"https://github.com/TheEconomist/the-economist-war-fire-model","id":350,"date":"2026-09-18","link":"https://www.economist.com/interactive/graphic-detail/ukraine-fires","category":"Fire classified as war-related (model estimate)","side":"Not attributed","color":"#FF8C00","radius":3,"orbat":[],"description":"Satellite heat detection at 23:37 UTC, in an area days after abnormal fire activity. Urban area."}},{"type":"Feature","geometry":{"type":"Point","coordinates":[37.53375,48.60873]},"properties":{"source":"economist_fires","source_name":"The Economist war-fire model","source_url":"https://github.com/TheEconomist/the-economist-war-fire-model","id":351,"date":"2026-09-18","link":"https://www.economist.com/interactive/graphic-detail/ukraine-fires","category":"Fire classified as war-related (model estimate)","side":"Not attributed","color":"#FF8C00","radius":3,"orbat":[],"description":"Satellite heat detection at 23:37 UTC, in an area days after abnormal fire activity. Urban area."}},{"type":"Feature","geometry":{"type":"Point","coordinates":[37.53111,49.70234]},"properties":{"source":"economist_fires","source_name":"The Economist war-fire model","source_url":"https://github.com/TheEconomist/the-economist-war-fire-model","id":352,"date":"2026-09-18","link":"https://www.economist.com/interactive/graphic-detail/ukraine-fires","category":"Fire classified as war-related (model estimate)","side":"Not attributed","color":"#FF8C00","radius":3,"orbat":[],"description":"Satellite heat detection at 09:24 UTC, in an area days after abnormal fire activity. Urban area."}},{"type":"Feature","geometry":{"type":"Point","coordinates":[37.53524,49.69959]},"properties":{"source":"economist_fires","source_name":"The Economist war-fire model","source_url":"https://github.com/TheEconomist/the-economist-war-fire-model","id":353,"date":"2026-09-18","link":"https://www.economist.com/interactive/graphic-detail/ukraine-fires","category":"Fire classified as war-related (model estimate)","side":"Not attributed","color":"#FF8C00","radius":3,"orbat":[],"description":"Satellite heat detection at 10:28 UTC, in an area days after abnormal fire activity. Urban area."}},{"type":"Feature","geometry":{"type":"Point","coordinates":[37.53424,49.70304]},"properties":{"source":"economist_fires","source_name":"The Economist war-fire model","source_url":"https://github.com/TheEconomist/the-economist-war-fire-model","id":354,"date":"2026-09-18","link":"https://www.economist.com/interactive/graphic-detail/ukraine-fires","category":"Fire classified as war-related (model estimate)","side":"Not attributed","color":"#FF8C00","radius":3,"orbat":[],"description":"Satellite heat detection at 10:28 UTC, in an area days after abnormal fire activity. Urban area."}},{"type":"Feature","geometry":{"type":"Point","coordinates":[37.5528,47.56456]},"properties":{"source":"economist_fires","source_name":"The Economist war-fire model","source_url":"https://github.com/TheEconomist/the-economist-war-fire-model","id":355,"date":"2026-09-18","link":"https://www.economist.com/interactive/graphic-detail/ukraine-fires","category":"Fire classified as war-related (model estimate)","side":"Not attributed","color":"#FF8C00","radius":3,"orbat":[],"description":"Satellite heat detection at 11:04 UTC, in an area days after abnormal fire activity. Urban area."}},{"type":"Feature","geometry":{"type":"Point","coordinates":[37.57377,47.74907]},"properties":{"source":"economist_fires","source_name":"The Economist war-fire model","source_url":"https://github.com/TheEconomist/the-economist-war-fire-model","id":356,"date":"2026-09-18","link":"https://www.economist.com/interactive/graphic-detail/ukraine-fires","category":"Fire classified as war-related (model estimate)","side":"Not attributed","color":"#FF8C00","radius":3,"orbat":[],"description":"Satellite heat detection at 12:42 UTC, in an area days after abnormal fire activity. Urban area."}},{"type":"Feature","geometry":{"type":"Point","coordinates":[37.61121,48.57463]},"properties":{"source":"economist_fires","source_name":"The Economist war-fire model","source_url":"https://github.com/TheEconomist/the-economist-war-fire-model","id":357,"date":"2026-09-18","link":"https://www.economist.com/interactive/graphic-detail/ukraine-fires","category":"Fire classified as war-related (model estimate)","side":"Not attributed","color":"#FF8C00","radius":3,"orbat":[],"description":"Satellite heat detection at 22:42 UTC, in an area days after abnormal fire activity. Urban area."}},{"type":"Feature","geometry":{"type":"Point","coordinates":[37.65431,47.47684]},"properties":{"source":"economist_fires","source_name":"The Economist war-fire model","source_url":"https://github.com/TheEconomist/the-economist-war-fire-model","id":358,"date":"2026-09-18","link":"https://www.economist.com/interactive/graphic-detail/ukraine-fires","category":"Fire classified as war-related (model estimate)","side":"Not attributed","color":"#FF8C00","radius":3,"orbat":[],"description":"Satellite heat detection at 10:28 UTC, in an area days after abnormal fire activity. Urban area."}},{"type":"Feature","geometry":{"type":"Point","coordinates":[37.68591,47.69121]},"properties":{"source":"economist_fires","source_name":"The Economist war-fire model","source_url":"https://github.com/TheEconomist/the-economist-war-fire-model","id":359,"date":"2026-09-18","link":"https://www.economist.com/interactive/graphic-detail/ukraine-fires","category":"Fire classified as war-related (model estimate)","side":"Not attributed","color":"#FF8C00","radius":3,"orbat":[],"description":"Satellite heat detection at 10:28 UTC, in an area of abnormal fire activity. Urban area."}},{"type":"Feature","geometry":{"type":"Point","coordinates":[37.68394,47.698]},"properties":{"source":"economist_fires","source_name":"The Economist war-fire model","source_url":"https://github.com/TheEconomist/the-economist-war-fire-model","id":360,"date":"2026-09-18","link":"https://www.economist.com/interactive/graphic-detail/ukraine-fires","category":"Fire classified as war-related (model estimate)","side":"Not attributed","color":"#FF8C00","radius":3,"orbat":[],"description":"Satellite heat detection at 10:28 UTC, in an area of abnormal fire activity. Urban area."}},{"type":"Feature","geometry":{"type":"Point","coordinates":[37.6829,47.69281]},"properties":{"source":"economist_fires","source_name":"The Economist war-fire model","source_url":"https://github.com/TheEconomist/the-economist-war-fire-model","id":361,"date":"2026-09-18","link":"https://www.economist.com/interactive/graphic-detail/ukraine-fires","category":"Fire classified as war-related (model estimate)","side":"Not attributed","color":"#FF8C00","radius":3,"orbat":[],"description":"Satellite heat detection at 11:04 UTC, in an area of abnormal fire activity. Urban area."}},{"type":"Feature","geometry":{"type":"Point","coordinates":[37.68055,47.68859]},"properties":{"source":"economist_fires","source_name":"The Economist war-fire model","source_url":"https://github.com/TheEconomist/the-economist-war-fire-model","id":362,"date":"2026-09-18","link":"https://www.economist.com/interactive/graphic-detail/ukraine-fires","category":"Fire classified as war-related (model estimate)","side":"Not attributed","color":"#FF8C00","radius":3,"orbat":[],"description":"Satellite heat detection at 11:23 UTC, in an area of abnormal fire activity. Urban area."}},{"type":"Feature","geometry":{"type":"Point","coordinates":[37.67997,47.69134]},"properties":{"source":"economist_fires","source_name":"The Economist war-fire model","source_url":"https://github.com/TheEconomist/the-economist-war-fire-model","id":363,"date":"2026-09-18","link":"https://www.economist.com/interactive/graphic-detail/ukraine-fires","category":"Fire classified as war-related (model estimate)","side":"Not attributed","color":"#FF8C00","radius":3,"orbat":[],"description":"Satellite heat detection at 11:23 UTC, in an area of abnormal fire activity. Urban area."}},{"type":"Feature","geometry":{"type":"Point","coordinates":[37.70824,48.54859]},"properties":{"source":"economist_fires","source_name":"The Economist war-fire model","source_url":"https://github.com/TheEconomist/the-economist-war-fire-model","id":364,"date":"2026-09-18","link":"https://www.economist.com/interactive/graphic-detail/ukraine-fires","category":"Fire classified as war-related (model estimate)","side":"Not attributed","color":"#FF8C00","radius":3,"orbat":[],"description":"Satellite heat detection at 10:28 UTC, in an area days after abnormal fire activity. Urban area."}},{"type":"Feature","geometry":{"type":"Point","coordinates":[37.68413,48.54032]},"properties":{"source":"economist_fires","source_name":"The Economist war-fire model","source_url":"https://github.com/TheEconomist/the-economist-war-fire-model","id":365,"date":"2026-09-18","link":"https://www.economist.com/interactive/graphic-detail/ukraine-fires","category":"Fire classified as war-related (model estimate)","side":"Not attributed","color":"#FF8C00","radius":3,"orbat":[],"description":"Satellite heat detection at 22:42 UTC, in an area days after abnormal fire activity. Urban area."}},{"type":"Feature","geometry":{"type":"Point","coordinates":[37.68577,48.542]},"properties":{"source":"economist_fires","source_name":"The Economist war-fire model","source_url":"https://github.com/TheEconomist/the-economist-war-fire-model","id":366,"date":"2026-09-18","link":"https://www.economist.com/interactive/graphic-detail/ukraine-fires","category":"Fire classified as war-related (model estimate)","side":"Not attributed","color":"#FF8C00","radius":3,"orbat":[],"description":"Satellite heat detection at 23:18 UTC, in an area days after abnormal fire activity. Urban area."}},{"type":"Feature","geometry":{"type":"Point","coordinates":[37.68486,48.5444]},"properties":{"source":"economist_fires","source_name":"The Economist war-fire model","source_url":"https://github.com/TheEconomist/the-economist-war-fire-model","id":367,"date":"2026-09-18","link":"https://www.economist.com/interactive/graphic-detail/ukraine-fires","category":"Fire classified as war-related (model estimate)","side":"Not attributed","color":"#FF8C00","radius":3,"orbat":[],"description":"Satellite heat detection at 23:37 UTC, in an area days after abnormal fire activity. Urban area."}},{"type":"Feature","geometry":{"type":"Point","coordinates":[37.66848,49.3679]},"properties":{"source":"economist_fires","source_name":"The Economist war-fire model","source_url":"https://github.com/TheEconomist/the-economist-war-fire-model","id":368,"date":"2026-09-18","link":"https://www.economist.com/interactive/graphic-detail/ukraine-fires","category":"Fire classified as war-related (model estimate)","side":"Not attributed","color":"#FF8C00","radius":3,"orbat":[],"description":"Satellite heat detection at 09:24 UTC, in an area days after abnormal fire activity. Urban area."}},{"type":"Feature","geometry":{"type":"Point","coordinates":[37.83109,49.26453]},"properties":{"source":"economist_fires","source_name":"The Economist war-fire model","source_url":"https://github.com/TheEconomist/the-economist-war-fire-model","id":369,"date":"2026-09-18","link":"https://www.economist.com/interactive/graphic-detail/ukraine-fires","category":"Fire classified as war-related (model estimate)","side":"Not attributed","color":"#FF8C00","radius":3,"orbat":[],"description":"Satellite heat detection at 10:28 UTC, in an area days after abnormal fire activity. Urban area."}},{"type":"Feature","geometry":{"type":"Point","coordinates":[37.9221,48.09952]},"properties":{"source":"economist_fires","source_name":"The Economist war-fire model","source_url":"https://github.com/TheEconomist/the-economist-war-fire-model","id":370,"date":"2026-09-18","link":"https://www.economist.com/interactive/graphic-detail/ukraine-fires","category":"Fire classified as war-related (model estimate)","side":"Not attributed","color":"#FF8C00","radius":3,"orbat":[],"description":"Satellite heat detection at 23:18 UTC, in an area days after abnormal fire activity. Urban area."}},{"type":"Feature","geometry":{"type":"Point","coordinates":[37.9264,48.09893]},"properties":{"source":"economist_fires","source_name":"The Economist war-fire model","source_url":"https://github.com/TheEconomist/the-economist-war-fire-model","id":371,"date":"2026-09-18","link":"https://www.economist.com/interactive/graphic-detail/ukraine-fires","category":"Fire classified as war-related (model estimate)","side":"Not attributed","color":"#FF8C00","radius":3,"orbat":[],"description":"Satellite heat detection at 23:37 UTC, in an area days after abnormal fire activity. Urban area."}},{"type":"Feature","geometry":{"type":"Point","coordinates":[37.85797,48.33349]},"properties":{"source":"economist_fires","source_name":"The Economist war-fire model","source_url":"https://github.com/TheEconomist/the-economist-war-fire-model","id":372,"date":"2026-09-18","link":"https://www.economist.com/interactive/graphic-detail/ukraine-fires","category":"Fire classified as war-related (model estimate)","side":"Not attributed","color":"#FF8C00","radius":3,"orbat":[],"description":"Satellite heat detection at 11:04 UTC, in an area days after abnormal fire activity. Urban area."}},{"type":"Feature","geometry":{"type":"Point","coordinates":[37.88979,48.6303]},"properties":{"source":"economist_fires","source_name":"The Economist war-fire model","source_url":"https://github.com/TheEconomist/the-economist-war-fire-model","id":373,"date":"2026-09-18","link":"https://www.economist.com/interactive/graphic-detail/ukraine-fires","category":"Fire classified as war-related (model estimate)","side":"Not attributed","color":"#FF8C00","radius":3,"orbat":[],"description":"Satellite heat detection at 11:04 UTC, in an area days after abnormal fire activity. Urban area."}},{"type":"Feature","geometry":{"type":"Point","coordinates":[37.99715,47.60571]},"properties":{"source":"economist_fires","source_name":"The Economist war-fire model","source_url":"https://github.com/TheEconomist/the-economist-war-fire-model","id":374,"date":"2026-09-18","link":"https://www.economist.com/interactive/graphic-detail/ukraine-fires","category":"Fire classified as war-related (model estimate)","side":"Not attributed","color":"#FF8C00","radius":3,"orbat":[],"description":"Satellite heat detection at 09:24 UTC, in an area of abnormal fire activity. Urban area."}},{"type":"Feature","geometry":{"type":"Point","coordinates":[37.98828,47.60933]},"properties":{"source":"economist_fires","source_name":"The Economist war-fire model","source_url":"https://github.com/TheEconomist/the-economist-war-fire-model","id":375,"date":"2026-09-18","link":"https://www.economist.com/interactive/graphic-detail/ukraine-fires","category":"Fire classified as war-related (model estimate)","side":"Not attributed","color":"#FF8C00","radius":3,"orbat":[],"description":"Satellite heat detection at 09:24 UTC, in an area of abnormal fire activity. Urban area."}},{"type":"Feature","geometry":{"type":"Point","coordinates":[37.99371,47.61103]},"properties":{"source":"economist_fires","source_name":"The Economist war-fire model","source_url":"https://github.com/TheEconomist/the-economist-war-fire-model","id":376,"date":"2026-09-18","link":"https://www.economist.com/interactive/graphic-detail/ukraine-fires","category":"Fire classified as war-related (model estimate)","side":"Not attributed","color":"#FF8C00","radius":3,"orbat":[],"description":"Satellite heat detection at 09:24 UTC, in an area of abnormal fire activity. Urban area."}},{"type":"Feature","geometry":{"type":"Point","coordinates":[37.99963,47.60289]},"properties":{"source":"economist_fires","source_name":"The Economist war-fire model","source_url":"https://github.com/TheEconomist/the-economist-war-fire-model","id":377,"date":"2026-09-18","link":"https://www.economist.com/interactive/graphic-detail/ukraine-fires","category":"Fire classified as war-related (model estimate)","side":"Not attributed","color":"#FF8C00","radius":3,"orbat":[],"description":"Satellite heat detection at 09:43 UTC, in an area of abnormal fire activity. Urban area."}},{"type":"Feature","geometry":{"type":"Point","coordinates":[37.99152,47.60558]},"properties":{"source":"economist_fires","source_name":"The Economist war-fire model","source_url":"https://github.com/TheEconomist/the-economist-war-fire-model","id":378,"date":"2026-09-18","link":"https://www.economist.com/interactive/graphic-detail/ukraine-fires","category":"Fire classified as war-related (model estimate)","side":"Not attributed","color":"#FF8C00","radius":3,"orbat":[],"description":"Satellite heat detection at 09:43 UTC, in an area of abnormal fire activity. Urban area."}},{"type":"Feature","geometry":{"type":"Point","coordinates":[37.99738,47.60699]},"properties":{"source":"economist_fires","source_name":"The Economist war-fire model","source_url":"https://github.com/TheEconomist/the-economist-war-fire-model","id":379,"date":"2026-09-18","link":"https://www.economist.com/interactive/graphic-detail/ukraine-fires","category":"Fire classified as war-related (model estimate)","side":"Not attributed","color":"#FF8C00","radius":3,"orbat":[],"description":"Satellite heat detection at 09:43 UTC, in an area of abnormal fire activity. Urban area."}},{"type":"Feature","geometry":{"type":"Point","coordinates":[37.98356,47.6083]},"properties":{"source":"economist_fires","source_name":"The Economist war-fire model","source_url":"https://github.com/TheEconomist/the-economist-war-fire-model","id":380,"date":"2026-09-18","link":"https://www.economist.com/interactive/graphic-detail/ukraine-fires","category":"Fire classified as war-related (model estimate)","side":"Not attributed","color":"#FF8C00","radius":3,"orbat":[],"description":"Satellite heat detection at 09:43 UTC, in an area of abnormal fire activity. Urban area."}},{"type":"Feature","geometry":{"type":"Point","coordinates":[37.9894,47.60971]},"properties":{"source":"economist_fires","source_name":"The Economist war-fire model","source_url":"https://github.com/TheEconomist/the-economist-war-fire-model","id":381,"date":"2026-09-18","link":"https://www.economist.com/interactive/graphic-detail/ukraine-fires","category":"Fire classified as war-related (model estimate)","side":"Not attributed","color":"#FF8C00","radius":3,"orbat":[],"description":"Satellite heat detection at 09:43 UTC, in an area of abnormal fire activity. Urban area."}},{"type":"Feature","geometry":{"type":"Point","coordinates":[37.99525,47.61113]},"properties":{"source":"economist_fires","source_name":"The Economist war-fire model","source_url":"https://github.com/TheEconomist/the-economist-war-fire-model","id":382,"date":"2026-09-18","link":"https://www.economist.com/interactive/graphic-detail/ukraine-fires","category":"Fire classified as war-related (model estimate)","side":"Not attributed","color":"#FF8C00","radius":3,"orbat":[],"description":"Satellite heat detection at 09:43 UTC, in an area of abnormal fire activity. Urban area."}},{"type":"Feature","geometry":{"type":"Point","coordinates":[37.99331,47.60347]},"properties":{"source":"economist_fires","source_name":"The Economist war-fire model","source_url":"https://github.com/TheEconomist/the-economist-war-fire-model","id":383,"date":"2026-09-18","link":"https://www.economist.com/interactive/graphic-detail/ukraine-fires","category":"Fire classified as war-related (model estimate)","side":"Not attributed","color":"#FF8C00","radius":3,"orbat":[],"description":"Satellite heat detection at 10:28 UTC, in an area of abnormal fire activity. Urban area."}},{"type":"Feature","geometry":{"type":"Point","coordinates":[37.97925,47.61235]},"properties":{"source":"economist_fires","source_name":"The Economist war-fire model","source_url":"https://github.com/TheEconomist/the-economist-war-fire-model","id":384,"date":"2026-09-18","link":"https://www.economist.com/interactive/graphic-detail/ukraine-fires","category":"Fire classified as war-related (model estimate)","side":"Not attributed","color":"#FF8C00","radius":3,"orbat":[],"description":"Satellite heat detection at 10:28 UTC, in an area of abnormal fire activity. Urban area."}},{"type":"Feature","geometry":{"type":"Point","coordinates":[37.98485,47.61304]},"properties":{"source":"economist_fires","source_name":"The Economist war-fire model","source_url":"https://github.com/TheEconomist/the-economist-war-fire-model","id":385,"date":"2026-09-18","link":"https://www.economist.com/interactive/graphic-detail/ukraine-fires","category":"Fire classified as war-related (model estimate)","side":"Not attributed","color":"#FF8C00","radius":3,"orbat":[],"description":"Satellite heat detection at 10:28 UTC, in an area of abnormal fire activity. Urban area."}},{"type":"Feature","geometry":{"type":"Point","coordinates":[37.99044,47.61374]},"properties":{"source":"economist_fires","source_name":"The Economist war-fire model","source_url":"https://github.com/TheEconomist/the-economist-war-fire-model","id":386,"date":"2026-09-18","link":"https://www.economist.com/interactive/graphic-detail/ukraine-fires","category":"Fire classified as war-related (model estimate)","side":"Not attributed","color":"#FF8C00","radius":3,"orbat":[],"description":"Satellite heat detection at 10:28 UTC, in an area of abnormal fire activity. Urban area."}},{"type":"Feature","geometry":{"type":"Point","coordinates":[37.98391,47.61069]},"properties":{"source":"economist_fires","source_name":"The Economist war-fire model","source_url":"https://github.com/TheEconomist/the-economist-war-fire-model","id":387,"date":"2026-09-18","link":"https://www.economist.com/interactive/graphic-detail/ukraine-fires","category":"Fire classified as war-related (model estimate)","side":"Not attributed","color":"#FF8C00","radius":3,"orbat":[],"description":"Satellite heat detection at 11:04 UTC, in an area of abnormal fire activity. Urban area."}},{"type":"Feature","geometry":{"type":"Point","coordinates":[37.99048,47.61118]},"properties":{"source":"economist_fires","source_name":"The Economist war-fire model","source_url":"https://github.com/TheEconomist/the-economist-war-fire-model","id":388,"date":"2026-09-18","link":"https://www.economist.com/interactive/graphic-detail/ukraine-fires","category":"Fire classified as war-related (model estimate)","side":"Not attributed","color":"#FF8C00","radius":3,"orbat":[],"description":"Satellite heat detection at 11:04 UTC, in an area of abnormal fire activity. Urban area."}},{"type":"Feature","geometry":{"type":"Point","coordinates":[37.98372,47.61291]},"properties":{"source":"economist_fires","source_name":"The Economist war-fire model","source_url":"https://github.com/TheEconomist/the-economist-war-fire-model","id":389,"date":"2026-09-18","link":"https://www.economist.com/interactive/graphic-detail/ukraine-fires","category":"Fire classified as war-related (model estimate)","side":"Not attributed","color":"#FF8C00","radius":3,"orbat":[],"description":"Satellite heat detection at 11:04 UTC, in an area of abnormal fire activity. Urban area."}},{"type":"Feature","geometry":{"type":"Point","coordinates":[37.99033,47.61337]},"properties":{"source":"economist_fires","source_name":"The Economist war-fire model","source_url":"https://github.com/TheEconomist/the-economist-war-fire-model","id":390,"date":"2026-09-18","link":"https://www.economist.com/interactive/graphic-detail/ukraine-fires","category":"Fire classified as war-related (model estimate)","side":"Not attributed","color":"#FF8C00","radius":3,"orbat":[],"description":"Satellite heat detection at 11:04 UTC, in an area of abnormal fire activity. Urban area."}},{"type":"Feature","geometry":{"type":"Point","coordinates":[37.98979,47.61564]},"properties":{"source":"economist_fires","source_name":"The Economist war-fire model","source_url":"https://github.com/TheEconomist/the-economist-war-fire-model","id":391,"date":"2026-09-18","link":"https://www.economist.com/interactive/graphic-detail/ukraine-fires","category":"Fire classified as war-related (model estimate)","side":"Not attributed","color":"#FF8C00","radius":3,"orbat":[],"description":"Satellite heat detection at 11:04 UTC, in an area of abnormal fire activity. Urban area."}},{"type":"Feature","geometry":{"type":"Point","coordinates":[37.98511,47.61595]},"properties":{"source":"economist_fires","source_name":"The Economist war-fire model","source_url":"https://github.com/TheEconomist/the-economist-war-fire-model","id":392,"date":"2026-09-18","link":"https://www.economist.com/interactive/graphic-detail/ukraine-fires","category":"Fire classified as war-related (model estimate)","side":"Not attributed","color":"#FF8C00","radius":3,"orbat":[],"description":"Satellite heat detection at 11:23 UTC, in an area of abnormal fire activity. Urban area."}},{"type":"Feature","geometry":{"type":"Point","coordinates":[37.97084,48.67996]},"properties":{"source":"economist_fires","source_name":"The Economist war-fire model","source_url":"https://github.com/TheEconomist/the-economist-war-fire-model","id":393,"date":"2026-09-18","link":"https://www.economist.com/interactive/graphic-detail/ukraine-fires","category":"Fire classified as war-related (model estimate)","side":"Not attributed","color":"#FF8C00","radius":3,"orbat":[],"description":"Satellite heat detection at 23:18 UTC, in an area days after abnormal fire activity. Urban area."}},{"type":"Feature","geometry":{"type":"Point","coordinates":[37.96725,48.67918]},"properties":{"source":"economist_fires","source_name":"The Economist war-fire model","source_url":"https://github.com/TheEconomist/the-economist-war-fire-model","id":394,"date":"2026-09-18","link":"https://www.economist.com/interactive/graphic-detail/ukraine-fires","category":"Fire classified as war-related (model estimate)","side":"Not attributed","color":"#FF8C00","radius":3,"orbat":[],"description":"Satellite heat detection at 23:37 UTC, in an area days after abnormal fire activity. Urban area."}},{"type":"Feature","geometry":{"type":"Point","coordinates":[38.12373,48.86543]},"properties":{"source":"economist_fires","source_name":"The Economist war-fire model","source_url":"https://github.com/TheEconomist/the-economist-war-fire-model","id":395,"date":"2026-09-18","link":"https://www.economist.com/interactive/graphic-detail/ukraine-fires","category":"Fire classified as war-related (model estimate)","side":"Not attributed","color":"#FF8C00","radius":3,"orbat":[],"description":"Satellite heat detection at 11:23 UTC, in an area days after abnormal fire activity. Urban area."}},{"type":"Feature","geometry":{"type":"Point","coordinates":[38.0894,49.7649]},"properties":{"source":"economist_fires","source_name":"The Economist war-fire model","source_url":"https://github.com/TheEconomist/the-economist-war-fire-model","id":396,"date":"2026-09-18","link":"https://www.economist.com/interactive/graphic-detail/ukraine-fires","category":"Fire classified as war-related (model estimate)","side":"Not attributed","color":"#FF8C00","radius":3,"orbat":[],"description":"Satellite heat detection at 09:43 UTC, in an area of abnormal fire activity. Urban area."}},{"type":"Feature","geometry":{"type":"Point","coordinates":[38.09514,49.7637]},"properties":{"source":"economist_fires","source_name":"The Economist war-fire model","source_url":"https://github.com/TheEconomist/the-economist-war-fire-model","id":397,"date":"2026-09-18","link":"https://www.economist.com/interactive/graphic-detail/ukraine-fires","category":"Fire classified as war-related (model estimate)","side":"Not attributed","color":"#FF8C00","radius":3,"orbat":[],"description":"Satellite heat detection at 11:23 UTC, in an area of abnormal fire activity. Urban area."}},{"type":"Feature","geometry":{"type":"Point","coordinates":[38.29567,48.26831]},"properties":{"source":"economist_fires","source_name":"The Economist war-fire model","source_url":"https://github.com/TheEconomist/the-economist-war-fire-model","id":398,"date":"2026-09-18","link":"https://www.economist.com/interactive/graphic-detail/ukraine-fires","category":"Fire classified as war-related (model estimate)","side":"Not attributed","color":"#FF8C00","radius":3,"orbat":[],"description":"Satellite heat detection at 11:23 UTC, in an area days after abnormal fire activity. Urban area."}},{"type":"Feature","geometry":{"type":"Point","coordinates":[38.43269,48.30832]},"properties":{"source":"economist_fires","source_name":"The Economist war-fire model","source_url":"https://github.com/TheEconomist/the-economist-war-fire-model","id":399,"date":"2026-09-18","link":"https://www.economist.com/interactive/graphic-detail/ukraine-fires","category":"Fire classified as war-related (model estimate)","side":"Not attributed","color":"#FF8C00","radius":3,"orbat":[],"description":"Satellite heat detection at 08:48 UTC, in an area days after abnormal fire activity. Urban area."}},{"type":"Feature","geometry":{"type":"Point","coordinates":[38.47503,47.83081]},"properties":{"source":"economist_fires","source_name":"The Economist war-fire model","source_url":"https://github.com/TheEconomist/the-economist-war-fire-model","id":400,"date":"2026-09-18","link":"https://www.economist.com/interactive/graphic-detail/ukraine-fires","category":"Fire classified as war-related (model estimate)","side":"Not attributed","color":"#FF8C00","radius":3,"orbat":[],"description":"Satellite heat detection at 00:39 UTC, in an area days after abnormal fire activity. Urban area."}},{"type":"Feature","geometry":{"type":"Point","coordinates":[38.47542,47.83095]},"properties":{"source":"economist_fires","source_name":"The Economist war-fire model","source_url":"https://github.com/TheEconomist/the-economist-war-fire-model","id":401,"date":"2026-09-18","link":"https://www.economist.com/interactive/graphic-detail/ukraine-fires","category":"Fire classified as war-related (model estimate)","side":"Not attributed","color":"#FF8C00","radius":3,"orbat":[],"description":"Satellite heat detection at 00:39 UTC, in an area days after abnormal fire activity. Urban area."}},{"type":"Feature","geometry":{"type":"Point","coordinates":[38.47248,47.83288]},"properties":{"source":"economist_fires","source_name":"The Economist war-fire model","source_url":"https://github.com/TheEconomist/the-economist-war-fire-model","id":402,"date":"2026-09-18","link":"https://www.economist.com/interactive/graphic-detail/ukraine-fires","category":"Fire classified as war-related (model estimate)","side":"Not attributed","color":"#FF8C00","radius":3,"orbat":[],"description":"Satellite heat detection at 23:18 UTC, in an area days after abnormal fire activity. Urban area."}},{"type":"Feature","geometry":{"type":"Point","coordinates":[38.47522,47.83227]},"properties":{"source":"economist_fires","source_name":"The Economist war-fire model","source_url":"https://github.com/TheEconomist/the-economist-war-fire-model","id":403,"date":"2026-09-18","link":"https://www.economist.com/interactive/graphic-detail/ukraine-fires","category":"Fire classified as war-related (model estimate)","side":"Not attributed","color":"#FF8C00","radius":3,"orbat":[],"description":"Satellite heat detection at 23:37 UTC, in an area days after abnormal fire activity. Urban area."}},{"type":"Feature","geometry":{"type":"Point","coordinates":[38.50016,48.49179]},"properties":{"source":"economist_fires","source_name":"The Economist war-fire model","source_url":"https://github.com/TheEconomist/the-economist-war-fire-model","id":404,"date":"2026-09-18","link":"https://www.economist.com/interactive/graphic-detail/ukraine-fires","category":"Fire classified as war-related (model estimate)","side":"Not attributed","color":"#FF8C00","radius":3,"orbat":[],"description":"Satellite heat detection at 09:24 UTC, in an area of abnormal fire activity. Urban area."}},{"type":"Feature","geometry":{"type":"Point","coordinates":[38.49995,48.49678]},"properties":{"source":"economist_fires","source_name":"The Economist war-fire model","source_url":"https://github.com/TheEconomist/the-economist-war-fire-model","id":405,"date":"2026-09-18","link":"https://www.economist.com/interactive/graphic-detail/ukraine-fires","category":"Fire classified as war-related (model estimate)","side":"Not attributed","color":"#FF8C00","radius":3,"orbat":[],"description":"Satellite heat detection at 11:23 UTC, in an area of abnormal fire activity. Urban area."}},{"type":"Feature","geometry":{"type":"Point","coordinates":[38.50687,48.49684]},"properties":{"source":"economist_fires","source_name":"The Economist war-fire model","source_url":"https://github.com/TheEconomist/the-economist-war-fire-model","id":406,"date":"2026-09-18","link":"https://www.economist.com/interactive/graphic-detail/ukraine-fires","category":"Fire classified as war-related (model estimate)","side":"Not attributed","color":"#FF8C00","radius":3,"orbat":[],"description":"Satellite heat detection at 11:23 UTC, in an area of abnormal fire activity. Urban area."}},{"type":"Feature","geometry":{"type":"Point","coordinates":[38.47054,48.61817]},"properties":{"source":"economist_fires","source_name":"The Economist war-fire model","source_url":"https://github.com/TheEconomist/the-economist-war-fire-model","id":407,"date":"2026-09-18","link":"https://www.economist.com/interactive/graphic-detail/ukraine-fires","category":"Fire classified as war-related (model estimate)","side":"Not attributed","color":"#FF8C00","radius":3,"orbat":[],"description":"Satellite heat detection at 10:28 UTC, in an area of abnormal fire activity. Urban area."}},{"type":"Feature","geometry":{"type":"Point","coordinates":[38.46611,48.61899]},"properties":{"source":"economist_fires","source_name":"The Economist war-fire model","source_url":"https://github.com/TheEconomist/the-economist-war-fire-model","id":408,"date":"2026-09-18","link":"https://www.economist.com/interactive/graphic-detail/ukraine-fires","category":"Fire classified as war-related (model estimate)","side":"Not attributed","color":"#FF8C00","radius":3,"orbat":[],"description":"Satellite heat detection at 11:23 UTC, in an area of abnormal fire activity. Urban area."}},{"type":"Feature","geometry":{"type":"Point","coordinates":[38.47365,48.61907]},"properties":{"source":"economist_fires","source_name":"The Economist war-fire model","source_url":"https://github.com/TheEconomist/the-economist-war-fire-model","id":409,"date":"2026-09-18","link":"https://www.economist.com/interactive/graphic-detail/ukraine-fires","category":"Fire classified as war-related (model estimate)","side":"Not attributed","color":"#FF8C00","radius":3,"orbat":[],"description":"Satellite heat detection at 11:23 UTC, in an area of abnormal fire activity. Urban area."}},{"type":"Feature","geometry":{"type":"Point","coordinates":[38.724,48.44862]},"properties":{"source":"economist_fires","source_name":"The Economist war-fire model","source_url":"https://github.com/TheEconomist/the-economist-war-fire-model","id":410,"date":"2026-09-18","link":"https://www.economist.com/interactive/graphic-detail/ukraine-fires","category":"Fire classified as war-related (model estimate)","side":"Not attributed","color":"#FF8C00","radius":3,"orbat":[],"description":"Satellite heat detection at 11:23 UTC, in an area days after abnormal fire activity. Urban area."}}]}