{"type":"FeatureCollection","features":[{"type":"Feature","geometry":{"type":"MultiPolygon","coordinates":[[[[35.35169,47.58916],[35.33596,47.58748],[35.33435,47.58251],[35.30134,47.5807],[35.29952,47.58171],[35.29804,47.58289],[35.29657,47.58456],[35.28706,47.59833],[35.28225,47.60562],[35.2807,47.60717],[35.28045,47.6081],[35.26585,47.62975],[35.25232,47.64946],[35.22248,47.67576],[35.19671,47.72885],[35.09197,47.86484],[35.35302,48.05788],[35.64392,48.10574],[35.83233,48.17501],[36.13699,48.38191],[36.38602,48.48582],[36.52951,48.58762],[36.89293,48.67746],[37.19207,48.83023],[37.43085,48.91872],[37.4521,48.93862],[37.44412,48.94285],[37.44094,48.94674],[37.44154,48.95052],[37.40665,48.96871],[37.40619,48.99132],[37.41147,48.99777],[37.42555,49.00582],[37.43476,49.00969],[37.44686,49.01073],[37.45866,49.01346],[37.47036,49.01718],[37.48565,49.01738],[37.48473,49.02134],[37.48619,49.02731],[37.48927,49.0299],[37.49355,49.03094],[37.49925,49.02921],[37.50475,49.02669],[37.51322,49.02187],[37.52417,49.02166],[37.53655,49.02085],[37.54004,49.02119],[37.55892,49.02594],[37.57241,49.0312],[37.57409,49.03218],[37.57471,49.03338],[37.58073,49.03664],[37.58491,49.03853],[37.60087,49.04385],[37.60417,49.04455],[37.60861,49.0446],[37.61285,49.04395],[37.61894,49.04439],[37.62187,49.04387],[37.62384,49.04263],[37.62528,49.03828],[37.62635,49.03726],[37.62844,49.03652],[37.63554,49.03622],[37.65427,49.03282],[37.65916,49.03127],[37.66066,49.03049],[37.66156,49.0296],[37.65994,49.02809],[37.6541,49.02527],[37.65332,49.02363],[37.65324,49.02209],[37.65412,49.02043],[37.65662,49.01944],[37.66296,49.01944],[37.66426,49.01905],[37.66509,49.01829],[37.66509,49.01731],[37.66447,49.01653],[37.66338,49.01603],[37.66012,49.01543],[37.65561,49.01364],[37.64802,49.01148],[37.645,49.00577],[37.6439,49.00551],[37.64225,49.00722],[37.64102,49.00771],[37.63971,49.00792],[37.63572,49.0063],[37.63142,49.0038],[37.62863,49.00151],[37.62269,48.9977],[37.62149,48.99511],[37.62211,48.99389],[37.62317,48.99275],[37.62439,48.99178],[37.62617,48.99117],[37.62902,48.99123],[37.63176,48.99204],[37.63287,48.99206],[37.6329,48.99143],[37.63008,48.98863],[37.62804,48.9876],[37.62586,48.98681],[37.62546,48.9858],[37.62575,48.98525],[37.62715,48.9845],[37.63004,48.98362],[37.63181,48.98252],[37.63257,48.98144],[37.6312,48.97959],[37.6298,48.97694],[37.62834,48.97505],[37.62769,48.97083],[37.62709,48.96943],[37.6258,48.96811],[37.62491,48.96772],[37.62394,48.9677],[37.62057,48.96818],[37.61714,48.96805],[37.61518,48.96681],[37.6138,48.96541],[37.61328,48.96421],[37.61313,48.9628],[37.61423,48.96135],[37.61673,48.95965],[37.62844,48.95349],[37.62968,48.95242],[37.63325,48.95062],[37.6357,48.9482],[37.64077,48.94683],[37.64957,48.94507],[37.66395,48.94267],[37.67306,48.9422],[37.68357,48.94314],[37.6673,48.94471],[37.65855,48.94516],[37.65041,48.9469],[37.63742,48.9491],[37.63527,48.95155],[37.63204,48.95442],[37.61868,48.96036],[37.61597,48.96218],[37.6151,48.96341],[37.61517,48.96435],[37.6155,48.9651],[37.6166,48.96646],[37.61825,48.96716],[37.62072,48.9673],[37.62388,48.9668],[37.6267,48.96739],[37.62848,48.9692],[37.62906,48.97111],[37.62943,48.97354],[37.63005,48.97508],[37.6339,48.98129],[37.63382,48.98226],[37.63211,48.98382],[37.63087,48.98438],[37.62775,48.98523],[37.62717,48.98569],[37.62728,48.98634],[37.63001,48.9873],[37.63201,48.98863],[37.63376,48.99076],[37.63438,48.99194],[37.63349,48.99296],[37.63137,48.99328],[37.62846,48.99212],[37.62645,48.99218],[37.62437,48.99323],[37.62335,48.99493],[37.62415,48.9967],[37.63082,49.00098],[37.63303,49.00294],[37.63701,49.0056],[37.6396,49.00674],[37.64126,49.0062],[37.64315,49.00454],[37.64529,49.00439],[37.64698,49.00516],[37.64935,49.01042],[37.65572,49.01215],[37.66153,49.01449],[37.66441,49.015],[37.66605,49.01599],[37.66672,49.01724],[37.66681,49.0184],[37.66517,49.01974],[37.66359,49.02051],[37.65742,49.02024],[37.65532,49.02094],[37.65408,49.02195],[37.654,49.02331],[37.6547,49.02455],[37.6607,49.02792],[37.66159,49.02873],[37.66223,49.02977],[37.66152,49.03092],[37.65995,49.03186],[37.63591,49.03668],[37.62894,49.0369],[37.62712,49.03743],[37.62611,49.03832],[37.62457,49.04278],[37.62249,49.04428],[37.61909,49.04488],[37.61328,49.04449],[37.60889,49.04501],[37.60222,49.0447],[37.58968,49.04067],[37.58013,49.03717],[37.574,49.03376],[37.57219,49.03185],[37.55875,49.02641],[37.5499,49.0244],[37.54404,49.0234],[37.53732,49.02161],[37.52457,49.02219],[37.51359,49.0225],[37.50621,49.02658],[37.49961,49.02953],[37.49389,49.03114],[37.48882,49.03518],[37.48634,49.03672],[37.48762,49.03761],[37.488,49.03873],[37.4867,49.04071],[37.48702,49.04305],[37.48692,49.04475],[37.48587,49.04541],[37.48434,49.04545],[37.48432,49.04612],[37.48542,49.04702],[37.48604,49.04863],[37.48553,49.04942],[37.48285,49.05094],[37.48196,49.05193],[37.47958,49.05249],[37.48012,49.053],[37.48169,49.05357],[37.48301,49.05453],[37.48275,49.05537],[37.4819,49.05589],[37.47887,49.05553],[37.47612,49.05593],[37.47541,49.057],[37.47537,49.05768],[37.47614,49.05805],[37.47883,49.05715],[37.48031,49.05719],[37.48178,49.05769],[37.48208,49.05822],[37.48199,49.05881],[37.47631,49.06072],[37.47617,49.06229],[37.4773,49.06308],[37.47871,49.06257],[37.48124,49.0622],[37.48261,49.06257],[37.48347,49.06357],[37.48313,49.06495],[37.48199,49.06572],[37.4805,49.06625],[37.47753,49.06636],[37.47555,49.06595],[37.47452,49.06633],[37.47401,49.06715],[37.47477,49.06846],[37.47602,49.06887],[37.47797,49.0692],[37.4789,49.07009],[37.47887,49.07118],[37.47779,49.07187],[37.47065,49.07299],[37.46904,49.07442],[37.46894,49.0754],[37.47051,49.07689],[37.47117,49.07808],[37.47017,49.08014],[37.46893,49.08119],[37.42059,49.11123],[37.40754,49.16065],[37.4793,49.17221],[37.48938,49.17793],[37.50384,49.18371],[37.51295,49.19275],[37.52169,49.19829],[37.52902,49.19937],[37.54383,49.1962],[37.55194,49.20659],[37.57906,49.20659],[37.57903,49.23095],[37.56324,49.24014],[37.54951,49.23947],[37.51707,49.25347],[37.52891,49.2686],[37.54659,49.2733],[37.56118,49.2751],[37.57045,49.27879],[37.58006,49.28014],[37.5847,49.2789],[37.5792,49.2742],[37.57835,49.26804],[37.57577,49.2649],[37.58264,49.26154],[37.60221,49.27811],[37.62351,49.29244],[37.62701,49.30697],[37.62633,49.3156],[37.61363,49.31931],[37.59796,49.32971],[37.59739,49.32145],[37.59035,49.31847],[37.56115,49.33243],[37.55031,49.35005],[37.23839,49.42272],[37.03285,49.64904],[36.935,49.7824],[36.68273,49.81398],[36.34198,49.85229],[35.84416,49.96814],[35.66838,50.14184],[35.16956,50.32156],[35.08853,50.49747],[35.06057,50.64221],[35.04195,50.72029],[34.86901,50.83887],[34.61713,50.92224],[34.08459,51.05207],[33.94202,51.20762],[33.96852,51.34551],[34.20588,51.29629],[34.24176,51.29331],[34.24464,51.29406],[34.24437,51.29521],[34.24481,51.2961],[34.24927,51.29651],[34.24993,51.29687],[34.24981,51.29908],[34.25284,51.29924],[34.25465,51.29893],[34.25585,51.301],[34.25677,51.30106],[34.25739,51.30149],[34.25929,51.30181],[34.25993,51.30167],[34.26089,51.30113],[34.2614,51.30049],[34.26276,51.29955],[34.2639,51.29939],[34.26435,51.29892],[34.2662,51.29853],[34.26991,51.30698],[34.27199,51.31523],[34.27338,51.31495],[34.27444,51.31437],[34.27508,51.31427],[34.27535,51.31379],[34.27565,51.31362],[34.27607,51.31362],[34.27788,51.31301],[34.27825,51.31258],[34.27769,51.31142],[34.2781,51.31096],[34.27847,51.31081],[34.28004,51.31078],[34.28055,51.31098],[34.28098,51.31139],[34.28127,51.31224],[34.28097,51.31324],[34.28099,51.31817],[34.28255,51.31913],[34.28401,51.32032],[34.28592,51.32141],[34.28929,51.32225],[34.28146,51.33465],[34.28697,51.33911],[34.28753,51.33915],[34.28848,51.33881],[34.29106,51.33881],[34.2921,51.33787],[34.29453,51.3367],[34.29638,51.33542],[34.29851,51.3347],[34.3008,51.33453],[34.30201,51.33465],[34.30307,51.33494],[34.30485,51.33606],[34.30542,51.33622],[34.31035,51.33521],[34.31163,51.33404],[34.31321,51.33445],[34.3123,51.33025],[34.31119,51.32751],[34.31376,51.32343],[34.31136,51.32172],[34.30947,51.32225],[34.30638,51.32236],[34.30398,51.32027],[34.30921,51.31775],[34.31136,51.31582],[34.30861,51.31314],[34.30638,51.3133],[34.30235,51.31126],[34.30217,51.30772],[34.30372,51.3046],[34.30629,51.30257],[34.30638,51.30042],[34.30346,51.298],[34.29943,51.29511],[34.29333,51.29339],[34.29076,51.29167],[34.2869,51.28952],[34.28243,51.28866],[34.27711,51.28824],[34.27419,51.28646],[34.27213,51.2833],[34.27128,51.2797],[34.26793,51.27787],[34.26415,51.27659],[34.26261,51.27803],[34.25737,51.2754],[34.25089,51.27558],[34.24833,51.27614],[34.24705,51.27622],[34.2356,51.27473],[34.23426,51.27426],[34.23147,51.27274],[34.231,51.2722],[34.23101,51.27162],[34.23132,51.27083],[34.23356,51.27014],[34.23383,51.27],[34.23402,51.26954],[34.23376,51.26912],[34.23211,51.26817],[34.23153,51.26715],[34.23081,51.26503],[34.23815,51.26267],[34.25424,51.25866],[34.25714,51.25662],[34.25717,51.25264],[34.2601,51.24743],[34.2604,51.24644],[34.27061,51.24399],[34.29997,51.23392],[34.31052,51.23349],[34.33078,51.23548],[34.33044,51.23987],[34.33052,51.24071],[34.3584,51.25934],[34.36322,51.26232],[34.38137,51.25992],[34.39309,51.25976],[34.39906,51.25739],[34.40528,51.25796],[34.41146,51.26007],[34.41807,51.26044],[34.42211,51.25846],[34.43301,51.25394],[34.44828,51.25153],[34.46785,51.24884],[34.47367,51.24691],[34.47933,51.24208],[34.5013,51.23633],[34.52079,51.23869],[34.5274,51.24831],[34.53575,51.24668],[34.54485,51.2434],[34.55644,51.23838],[34.56605,51.23593],[34.57674,51.23101],[34.58026,51.23099],[34.58343,51.23245],[34.60453,51.24436],[34.61118,51.24628],[34.62006,51.24739],[34.63641,51.24756],[34.63763,51.24434],[34.63636,51.23795],[34.64245,51.23515],[34.64626,51.2208],[34.65642,51.21289],[34.65847,51.21047],[34.65339,51.20807],[34.65296,51.20331],[34.66374,51.19362],[34.68676,51.17724],[34.69008,51.1808],[34.69699,51.17872],[34.70604,51.17568],[34.71161,51.17346],[34.71227,51.17393],[34.71279,51.17381],[34.71293,51.17315],[34.71702,51.17177],[34.71732,51.16819],[34.72256,51.16788],[34.73922,51.16437],[34.74653,51.16535],[34.75,51.16057],[34.75279,51.15066],[34.74729,51.14935],[34.74972,51.14487],[34.75954,51.12341],[34.76302,51.12307],[34.76871,51.12309],[34.77199,51.1209],[34.78129,51.12566],[34.78704,51.12239],[34.79889,51.1225],[34.80427,51.12102],[34.81066,51.12056],[34.81315,51.11989],[34.82706,51.11914],[34.82813,51.12292],[34.82344,51.12547],[34.82427,51.12734],[34.82274,51.12915],[34.82239,51.13018],[34.82164,51.1314],[34.82344,51.13185],[34.8275,51.13032],[34.833,51.12716],[34.84263,51.12772],[34.84281,51.12652],[34.84254,51.12068],[34.85045,51.12052],[34.86479,51.11841],[34.87458,51.11677],[34.87413,51.10423],[34.87903,51.09995],[34.88885,51.09992],[34.90683,51.10086],[34.90926,51.10905],[34.91083,51.10961],[34.91001,51.10614],[34.91662,51.10342],[34.91997,51.10908],[34.93792,51.10634],[34.94026,51.10793],[34.94534,51.10844],[34.95574,51.10635],[34.95933,51.10259],[34.96497,51.09935],[35.00349,51.0979],[35.01672,51.0987],[35.02587,51.10424],[35.04569,51.0989],[35.0547,51.10361],[35.0677,51.09926],[35.07567,51.11001],[35.07496,51.11204],[35.0755,51.1134],[35.07614,51.11435],[35.07719,51.11458],[35.07775,51.11503],[35.07825,51.11521],[35.07987,51.11525],[35.08019,51.11623],[35.08098,51.11672],[35.08413,51.11701],[35.08505,51.11695],[35.0853,51.11675],[35.08574,51.1169],[35.08584,51.11753],[35.08628,51.11811],[35.08673,51.11918],[35.08769,51.11969],[35.08951,51.1201],[35.10248,51.12162],[35.10837,51.12072],[35.11191,51.11949],[35.11348,51.11869],[35.11713,51.11895],[35.12242,51.11829],[35.13944,51.11854],[35.14411,51.11823],[35.14768,51.11614],[35.14929,51.11197],[35.14841,51.10913],[35.14494,51.10471],[35.14249,51.0987],[35.14416,51.09633],[35.1487,51.09626],[35.16064,51.09236],[35.15815,51.09063],[35.15434,51.08958],[35.15192,51.08467],[35.15358,51.08392],[35.15384,51.08241],[35.15556,51.07913],[35.16736,51.0632],[35.17377,51.05314],[35.18409,51.04899],[35.18968,51.04568],[35.19223,51.04595],[35.19457,51.04432],[35.19819,51.04377],[35.21243,51.04288],[35.21934,51.04328],[35.2217,51.04695],[35.24028,51.05251],[35.24622,51.0524],[35.24651,51.04714],[35.26612,51.04268],[35.27702,51.04552],[35.29732,51.04536],[35.31382,51.03626],[35.33004,51.03599],[35.3364,51.04275],[35.33322,51.05851],[35.34335,51.05964],[35.35784,51.0604],[35.36243,51.06206],[35.36678,51.06156],[35.36567,51.05878],[35.3622,51.05731],[35.36424,51.05468],[35.38588,51.0384],[35.40909,51.02605],[35.38738,51.01721],[35.39221,51.01441],[35.38468,51.01146],[35.37776,51.00701],[35.37819,51.00425],[35.37351,51.00296],[35.36703,51.00172],[35.36356,51.00239],[35.35837,51.00539],[35.35319,51.00616],[35.35116,51.00664],[35.3495,51.00844],[35.34962,51.00617],[35.33538,51.00867],[35.32955,51.01098],[35.32596,51.01387],[35.32357,51.01281],[35.3278,51.00968],[35.33117,51.0032],[35.33673,50.99954],[35.33007,50.99727],[35.32629,50.99773],[35.31282,50.9969],[35.30252,50.99563],[35.29003,50.98546],[35.27375,50.97915],[35.27178,50.97451],[35.27048,50.96654],[35.26679,50.96373],[35.26543,50.95299],[35.27401,50.95364],[35.28182,50.95121],[35.28543,50.94607],[35.2929,50.9453],[35.29479,50.93951],[35.29803,50.93598],[35.30357,50.93379],[35.30851,50.93235],[35.31285,50.93292],[35.31684,50.93151],[35.3189,50.92895],[35.3249,50.9169],[35.33061,50.9158],[35.33504,50.91749],[35.34025,50.91688],[35.34298,50.91343],[35.35547,50.9111],[35.36109,50.90978],[35.3653,50.90534],[35.36766,50.90123],[35.36676,50.89979],[35.36328,50.89931],[35.36248,50.89633],[35.36163,50.89057],[35.35819,50.87205],[35.36708,50.86742],[35.37778,50.85119],[35.38173,50.83851],[35.38205,50.81827],[35.37221,50.81475],[35.36647,50.80612],[35.36764,50.79759],[35.36894,50.79548],[35.37158,50.79475],[35.37375,50.79388],[35.37553,50.79227],[35.37718,50.78931],[35.38104,50.78597],[35.38355,50.78475],[35.37771,50.77864],[35.37041,50.77658],[35.37093,50.77381],[35.37376,50.77039],[35.37507,50.76484],[35.37558,50.75648],[35.37885,50.75143],[35.37953,50.74616],[35.38322,50.73813],[35.3761,50.73502],[35.36933,50.72453],[35.37031,50.72168],[35.37085,50.71435],[35.37463,50.70891],[35.37705,50.70042],[35.3724,50.69474],[35.37294,50.69066],[35.37554,50.68896],[35.38181,50.68733],[35.38512,50.68492],[35.39543,50.6767],[35.40024,50.66991],[35.39913,50.6624],[35.3893,50.65441],[35.3881,50.65155],[35.38662,50.64715],[35.3851,50.63968],[35.3957,50.61989],[35.40285,50.6132],[35.4153,50.61274],[35.4165,50.60844],[35.41848,50.60482],[35.40899,50.59654],[35.39388,50.59134],[35.38607,50.57946],[35.38899,50.57695],[35.40474,50.56647],[35.41773,50.55871],[35.42648,50.55495],[35.43215,50.54627],[35.43215,50.5394],[35.43266,50.52849],[35.44255,50.51981],[35.45136,50.50974],[35.45604,50.50212],[35.46635,50.49068],[35.46978,50.48437],[35.48566,50.47697],[35.50529,50.46839],[35.53048,50.45859],[35.54478,50.45084],[35.56292,50.44205],[35.5656,50.42408],[35.56938,50.40231],[35.57247,50.39344],[35.58156,50.38195],[35.59049,50.37287],[35.59324,50.36498],[35.60453,50.35764],[35.61226,50.34997],[35.63886,50.34055],[35.68058,50.33398],[35.72091,50.34053],[35.7512,50.34362],[35.78068,50.3664],[35.79202,50.37632],[35.81768,50.39116],[35.81588,50.39674],[35.81957,50.40363],[35.83562,50.41197],[35.85877,50.41942],[35.88649,50.41803],[35.90683,50.42356],[35.93447,50.41902],[35.95987,50.42624],[36.05006,50.44273],[36.06172,50.44039],[36.06957,50.44375],[36.07785,50.44001],[36.084,50.43817],[36.12308,50.42769],[36.13607,50.43465],[36.14026,50.43561],[36.14269,50.43471],[36.14402,50.43529],[36.14698,50.43482],[36.14932,50.43421],[36.14812,50.43232],[36.15604,50.4233],[36.15737,50.42],[36.15133,50.40822],[36.15932,50.40254],[36.18148,50.3929],[36.18407,50.38977],[36.18656,50.38178],[36.19326,50.38096],[36.19763,50.37997],[36.20585,50.37491],[36.20859,50.37386],[36.21091,50.37136],[36.21059,50.36971],[36.21155,50.36675],[36.20967,50.36374],[36.20675,50.361],[36.20283,50.35867],[36.19967,50.35834],[36.19319,50.35405],[36.18449,50.35419],[36.17173,50.34742],[36.17271,50.34272],[36.16649,50.33417],[36.16301,50.32909],[36.16385,50.32428],[36.17473,50.31843],[36.17945,50.31695],[36.17782,50.31202],[36.18786,50.3115],[36.19794,50.31684],[36.20644,50.31997],[36.21421,50.33224],[36.24259,50.33864],[36.25107,50.33847],[36.26728,50.33091],[36.2684,50.31927],[36.26986,50.31354],[36.26943,50.30852],[36.27378,50.29596],[36.27664,50.29354],[36.277,50.28063],[36.28623,50.27967],[36.29679,50.28304],[36.29708,50.29204],[36.30301,50.29206],[36.30546,50.29192],[36.32855,50.28944],[36.32928,50.28479],[36.34136,50.28005],[36.34541,50.27645],[36.36035,50.26907],[36.38352,50.26337],[36.39744,50.25271],[36.40644,50.25374],[36.40699,50.25039],[36.41493,50.25069],[36.42042,50.25062],[36.42856,50.2495],[36.42956,50.2497],[36.44664,50.24358],[36.45161,50.2468],[36.45792,50.246],[36.45865,50.24512],[36.46269,50.24441],[36.46539,50.24326],[36.46857,50.23796],[36.46827,50.23605],[36.46605,50.23419],[36.46702,50.23093],[36.46525,50.22868],[36.45975,50.22819],[36.4608,50.22398],[36.4618,50.22181],[36.46261,50.21942],[36.46949,50.2169],[36.47096,50.21747],[36.4759,50.2164],[36.48154,50.21578],[36.4839,50.21464],[36.49165,50.21201],[36.50351,50.21859],[36.53801,50.22637],[36.55708,50.22443],[36.55928,50.22774],[36.57014,50.22711],[36.57859,50.22538],[36.58374,50.22681],[36.59106,50.22418],[36.58722,50.22112],[36.62023,50.21679],[36.63779,50.21522],[36.6577,50.21423],[36.66963,50.21828],[36.68352,50.23211],[36.68223,50.23283],[36.6827,50.23549],[36.68433,50.23856],[36.68077,50.24043],[36.68222,50.2449],[36.68305,50.24487],[36.68655,50.24319],[36.6871,50.24371],[36.68571,50.24604],[36.68483,50.24652],[36.68516,50.24852],[36.68719,50.25198],[36.68603,50.25308],[36.68577,50.25393],[36.68367,50.25538],[36.68466,50.25818],[36.68659,50.25953],[36.68835,50.25959],[36.69133,50.26086],[36.69401,50.26149],[36.69761,50.25984],[36.7058,50.25759],[36.72437,50.26581],[36.73097,50.26502],[36.73765,50.26275],[36.74353,50.26437],[36.74863,50.2647],[36.75549,50.26352],[36.76326,50.26542],[36.77665,50.26394],[36.77515,50.26009],[36.76537,50.25513],[36.76952,50.25202],[36.77917,50.24983],[36.78533,50.24952],[36.78824,50.2527],[36.79634,50.25367],[36.79894,50.25298],[36.79793,50.25061],[36.7989,50.24961],[36.79928,50.24813],[36.80412,50.23956],[36.80412,50.23184],[36.81227,50.23047],[36.81673,50.23412],[36.83017,50.23506],[36.83997,50.22658],[36.84338,50.22728],[36.85147,50.22139],[36.85424,50.21885],[36.85578,50.21689],[36.85471,50.21472],[36.85355,50.21299],[36.85492,50.2097],[36.85922,50.21074],[36.86007,50.21651],[36.85707,50.22547],[36.85552,50.22746],[36.8586,50.23062],[36.86528,50.23398],[36.87223,50.23878],[36.87515,50.24208],[36.8788,50.2451],[36.88051,50.24581],[36.88171,50.24548],[36.88356,50.24364],[36.88407,50.24158],[36.88253,50.23832],[36.88532,50.23689],[36.88557,50.23601],[36.88596,50.23581],[36.88618,50.23501],[36.8857,50.23272],[36.88656,50.23085],[36.88669,50.22064],[36.88785,50.21773],[36.88991,50.21657],[36.88877,50.21015],[36.88628,50.20359],[36.8904,50.20441],[36.89581,50.20636],[36.89873,50.21172],[36.89804,50.21257],[36.89548,50.21449],[36.894,50.21641],[36.89344,50.21754],[36.891,50.21957],[36.89227,50.22423],[36.89227,50.22649],[36.89004,50.22778],[36.89083,50.23468],[36.88978,50.23581],[36.88873,50.23726],[36.88954,50.24277],[36.88975,50.24893],[36.89333,50.24972],[36.89455,50.24967],[36.89787,50.24864],[36.90103,50.24636],[36.90189,50.24481],[36.90058,50.24068],[36.90088,50.23733],[36.89865,50.22327],[36.9017,50.22173],[36.90402,50.22308],[36.90668,50.225],[36.90771,50.22973],[36.90489,50.23684],[36.90571,50.24602],[36.90514,50.24729],[36.91219,50.24913],[36.91221,50.25078],[36.90961,50.25188],[36.90945,50.25233],[36.90978,50.25286],[36.91193,50.2534],[36.91217,50.25489],[36.9116,50.25603],[36.91173,50.25697],[36.91764,50.2599],[36.93013,50.25938],[36.93116,50.25916],[36.92961,50.25458],[36.93328,50.25367],[36.93267,50.25193],[36.93543,50.24891],[36.93214,50.2474],[36.93191,50.24671],[36.93269,50.24649],[36.93226,50.24526],[36.93056,50.24479],[36.93121,50.24312],[36.94105,50.24483],[36.94172,50.2473],[36.94369,50.24703],[36.94529,50.24615],[36.94473,50.24491],[36.94125,50.24331],[36.93133,50.23922],[36.93245,50.23793],[36.93871,50.23721],[36.94047,50.23839],[36.94407,50.23976],[36.94895,50.24374],[36.95185,50.24367],[36.97024,50.24185],[36.97114,50.24712],[36.96048,50.25185],[36.9569,50.253],[36.95814,50.25479],[36.94448,50.25825],[36.94604,50.26152],[36.93889,50.26157],[36.93773,50.26249],[36.9396,50.26366],[36.9468,50.26412],[36.9468,50.26548],[36.96196,50.26972],[36.96691,50.26939],[36.97175,50.2688],[36.99277,50.26233],[37.00376,50.27325],[36.99964,50.27676],[36.99397,50.2851],[36.99239,50.29234],[36.99492,50.2964],[37.00741,50.29475],[37.00977,50.29108],[37.01693,50.28894],[37.03565,50.29366],[37.0414,50.30342],[37.04506,50.30722],[37.04418,50.31283],[37.05201,50.31338],[37.05382,50.31411],[37.05613,50.31701],[37.05772,50.32292],[37.05626,50.3247],[37.05302,50.32578],[37.04701,50.32987],[37.05241,50.33299],[37.05651,50.33559],[37.06113,50.33442],[37.06461,50.33092],[37.07019,50.32144],[37.07358,50.31816],[37.07775,50.31533],[37.07841,50.31179],[37.07668,50.29625],[37.07865,50.28644],[37.08672,50.28183],[37.0929,50.28633],[37.09783,50.29342],[37.09659,50.30338],[37.10605,50.31139],[37.11002,50.31336],[37.1153,50.31288],[37.12127,50.31372],[37.12822,50.31426],[37.12942,50.31215],[37.12586,50.30404],[37.12582,50.30115],[37.12487,50.29856],[37.12204,50.29313],[37.12333,50.28924],[37.13388,50.29028],[37.14055,50.30391],[37.14196,50.30962],[37.14946,50.31998],[37.15134,50.32103],[37.15671,50.32131],[37.16087,50.32071],[37.16357,50.32159],[37.16606,50.32331],[37.16755,50.32402],[37.17055,50.32423],[37.175,50.32709],[37.17575,50.32927],[37.1782,50.33093],[37.17949,50.33567],[37.18361,50.33939],[37.18669,50.34404],[37.19794,50.34743],[37.20596,50.35414],[37.21549,50.35622],[37.21849,50.35995],[37.21901,50.36548],[37.21806,50.3691],[37.2232,50.3709],[37.2267,50.37138],[37.24602,50.37754],[37.25671,50.38008],[37.25813,50.3894],[37.28436,50.3957],[37.29111,50.39681],[37.30564,50.40373],[37.31823,50.42054],[37.34418,50.42569],[37.35409,50.425],[37.35913,50.41982],[37.37223,50.4165],[37.38965,50.41918],[37.41068,50.42454],[37.42459,50.42623],[37.43164,50.42508],[37.43438,50.42169],[37.43653,50.41633],[37.44477,50.41222],[37.44499,50.40571],[37.45353,50.40581],[37.45558,50.40269],[37.46013,50.39053],[37.45447,50.3815],[37.46579,50.36442],[37.47917,50.35182],[37.49631,50.34273],[37.55656,50.31638],[37.5877,50.28823],[37.58472,50.27186],[37.59285,50.25203],[37.58178,50.25181],[37.57474,50.24742],[37.56771,50.24589],[37.5526,50.24841],[37.54496,50.25115],[37.52951,50.25275],[37.52574,50.25203],[37.5175,50.25],[37.51398,50.2399],[37.51389,50.23233],[37.52368,50.22497],[37.53363,50.22436],[37.54745,50.22162],[37.56213,50.22299],[37.56693,50.21777],[37.56736,50.21349],[37.58496,50.20959],[37.60537,50.21239],[37.62022,50.18913],[37.61404,50.18625],[37.60879,50.1852],[37.60505,50.18506],[37.60471,50.18094],[37.61374,50.17949],[37.61693,50.17479],[37.6146,50.17279],[37.60936,50.16964],[37.60684,50.16724],[37.60141,50.16485],[37.59638,50.16457],[37.59388,50.16579],[37.58821,50.16179],[37.58474,50.15849],[37.58908,50.15709],[37.58546,50.15439],[37.57667,50.1518],[37.57101,50.14212],[37.5759,50.13215],[37.58912,50.12663],[37.61019,50.13065],[37.61382,50.13176],[37.61885,50.13466],[37.62123,50.13455],[37.62447,50.13266],[37.62632,50.13351],[37.63151,50.13336],[37.63812,50.13419],[37.64176,50.13589],[37.64374,50.13617],[37.6479,50.14137],[37.65786,50.13798],[37.65601,50.13559],[37.65477,50.13182],[37.64949,50.128],[37.6407,50.12835],[37.63839,50.12665],[37.63179,50.12501],[37.6262,50.11646],[37.63272,50.11483],[37.63736,50.11295],[37.64338,50.112],[37.64699,50.11255],[37.6481,50.10964],[37.6539,50.09227],[37.65699,50.08952],[37.6639,50.08544],[37.66828,50.08085],[37.66978,50.07647],[37.67384,50.07743],[37.68244,50.07749],[37.68384,50.07841],[37.68626,50.08409],[37.69752,50.0832],[37.70508,50.08434],[37.71621,50.08041],[37.72111,50.07942],[37.72132,50.07773],[37.72128,50.07596],[37.72179,50.07419],[37.72506,50.07302],[37.72655,50.0722],[37.72793,50.07027],[37.72665,50.0681],[37.73482,50.06493],[37.73594,50.06591],[37.73757,50.06653],[37.74784,50.0665],[37.74827,50.06441],[37.7548,50.05992],[37.75329,50.05451],[37.75504,50.04982],[37.75828,50.03201],[37.75694,50.01678],[37.76037,50.01093],[37.76125,50.00514],[37.75594,49.99821],[37.75852,49.99129],[37.75374,49.99109],[37.75367,49.98265],[37.75283,49.97863],[37.75221,49.9768],[37.74751,49.9752],[37.74648,49.97383],[37.74446,49.9736],[37.74316,49.97129],[37.74211,49.97033],[37.73597,49.96985],[37.73591,49.96751],[37.73158,49.96665],[37.73123,49.96552],[37.72651,49.96552],[37.72055,49.96469],[37.71995,49.95089],[37.72767,49.95072],[37.73068,49.94984],[37.7439,49.94962],[37.746,49.94642],[37.74411,49.93383],[37.74165,49.92545],[37.7445,49.92171],[37.74235,49.91657],[37.74278,49.9106],[37.74283,49.90732],[37.7381,49.90324],[37.7184,49.90657],[37.70226,49.90698],[37.6913,49.90671],[37.67654,49.90606],[37.67345,49.90351],[37.67368,49.90056],[37.67512,49.89158],[37.66781,49.88495],[37.66619,49.88532],[37.66434,49.88788],[37.6554,49.89142],[37.64827,49.89297],[37.64544,49.88993],[37.64432,49.88417],[37.63666,49.88125],[37.63749,49.87924],[37.63756,49.87795],[37.63672,49.87654],[37.63784,49.87621],[37.63772,49.87581],[37.63447,49.87241],[37.63802,49.87175],[37.63715,49.86972],[37.63717,49.86919],[37.64144,49.86787],[37.63857,49.86348],[37.64485,49.86019],[37.65373,49.85862],[37.66178,49.85443],[37.66182,49.85184],[37.66051,49.85096],[37.65127,49.84241],[37.65153,49.84108],[37.64637,49.83221],[37.6563,49.82413],[37.66036,49.82506],[37.6634,49.82456],[37.66418,49.82151],[37.66243,49.82058],[37.66259,49.81802],[37.65781,49.81571],[37.64526,49.82048],[37.64148,49.82481],[37.62938,49.82691],[37.62428,49.82704],[37.61601,49.82774],[37.61079,49.82876],[37.60174,49.82639],[37.59655,49.82647],[37.59492,49.82547],[37.5917,49.8193],[37.59134,49.81737],[37.59195,49.81222],[37.60707,49.81203],[37.61012,49.81045],[37.61445,49.8066],[37.61106,49.80364],[37.60948,49.79965],[37.59512,49.7973],[37.5919,49.79214],[37.60214,49.78272],[37.60301,49.78055],[37.60785,49.77851],[37.60997,49.777],[37.61611,49.77394],[37.62302,49.77431],[37.62426,49.77416],[37.62467,49.77332],[37.62484,49.77165],[37.62566,49.76937],[37.62439,49.76505],[37.62464,49.76044],[37.62393,49.75728],[37.62412,49.75368],[37.62584,49.7506],[37.62343,49.74894],[37.62605,49.74688],[37.6228,49.74529],[37.62059,49.74581],[37.61529,49.74831],[37.61089,49.74412],[37.61209,49.742],[37.61612,49.73994],[37.61551,49.73465],[37.6148,49.73296],[37.61396,49.7319],[37.61073,49.7322],[37.60809,49.73159],[37.60638,49.73172],[37.60535,49.73158],[37.60236,49.73094],[37.59696,49.72925],[37.598,49.72782],[37.59933,49.72687],[37.60016,49.72598],[37.59625,49.72448],[37.59469,49.723],[37.59381,49.72341],[37.59305,49.72306],[37.59218,49.72313],[37.59134,49.72271],[37.59085,49.72165],[37.59038,49.72128],[37.5901,49.72039],[37.59191,49.71891],[37.59501,49.71778],[37.5963,49.71916],[37.60107,49.71752],[37.6021,49.71643],[37.60273,49.71624],[37.60302,49.71583],[37.60293,49.71523],[37.60344,49.7145],[37.60606,49.71403],[37.60697,49.71282],[37.60807,49.71259],[37.60887,49.71128],[37.60874,49.71076],[37.60955,49.70938],[37.61264,49.70969],[37.61248,49.71062],[37.61266,49.71145],[37.61207,49.71344],[37.61525,49.71401],[37.61574,49.71261],[37.61686,49.71065],[37.61674,49.70988],[37.62507,49.70965],[37.62463,49.71846],[37.62455,49.72333],[37.62932,49.72384],[37.63014,49.72502],[37.63083,49.72554],[37.63338,49.72565],[37.63439,49.72707],[37.63573,49.73016],[37.63862,49.72962],[37.6419,49.73039],[37.64446,49.73178],[37.65243,49.738],[37.65723,49.7451],[37.65911,49.74817],[37.68142,49.74174],[37.68841,49.73673],[37.68969,49.73224],[37.70615,49.72214],[37.70676,49.72219],[37.70706,49.71907],[37.71023,49.71621],[37.71399,49.71462],[37.71851,49.71158],[37.72543,49.70054],[37.72963,49.6961],[37.72649,49.69464],[37.71218,49.68937],[37.70705,49.68904],[37.70526,49.68971],[37.70158,49.69006],[37.70242,49.6837],[37.70362,49.67956],[37.70361,49.67808],[37.7018,49.67713],[37.70025,49.67252],[37.69771,49.66957],[37.69415,49.66974],[37.68948,49.66972],[37.6887,49.66572],[37.68391,49.66969],[37.682,49.66936],[37.68002,49.66923],[37.67388,49.66982],[37.66903,49.66835],[37.6656,49.66436],[37.65772,49.66268],[37.65605,49.66046],[37.65802,49.65884],[37.66405,49.65818],[37.66639,49.65749],[37.66929,49.65597],[37.67296,49.6547],[37.68862,49.65105],[37.68889,49.64947],[37.68827,49.64746],[37.68937,49.64622],[37.69221,49.64428],[37.6923,49.64314],[37.69196,49.64152],[37.68822,49.64142],[37.68252,49.63708],[37.67848,49.63256],[37.67716,49.63142],[37.67156,49.6311],[37.6707,49.62854],[37.67424,49.62742],[37.67731,49.62725],[37.68365,49.6251],[37.68996,49.62215],[37.69288,49.62054],[37.70168,49.62251],[37.71351,49.62344],[37.72651,49.62055],[37.73527,49.63131],[37.7347,49.63713],[37.74522,49.63675],[37.75926,49.6323],[37.75994,49.62995],[37.7654,49.62526],[37.80032,49.62691],[37.80727,49.61259],[37.80637,49.61147],[37.79979,49.60912],[37.79256,49.6078],[37.79149,49.60768],[37.7809,49.6093],[37.77324,49.60519],[37.77255,49.59974],[37.77616,49.59768],[37.77573,49.59645],[37.77229,49.5964],[37.77242,49.59309],[37.78036,49.59295],[37.78156,49.59164],[37.77093,49.59156],[37.77113,49.57383],[37.76293,49.57225],[37.76119,49.57273],[37.74849,49.57202],[37.74866,49.5662],[37.74595,49.56367],[37.74466,49.55849],[37.74239,49.5586],[37.74299,49.56478],[37.72093,49.56319],[37.71129,49.56453],[37.70811,49.55942],[37.70331,49.55647],[37.69029,49.55853],[37.68016,49.56152],[37.68503,49.54489],[37.68965,49.53474],[37.69012,49.53313],[37.68955,49.52814],[37.68813,49.52531],[37.68398,49.52152],[37.67763,49.51704],[37.66563,49.51581],[37.65833,49.51163],[37.68678,49.50019],[37.69092,49.50055],[37.69326,49.50057],[37.69495,49.50347],[37.69958,49.50232],[37.70471,49.50285],[37.70802,49.50344],[37.70981,49.50405],[37.71052,49.50469],[37.71164,49.5083],[37.71308,49.50925],[37.71413,49.51205],[37.71769,49.51172],[37.72336,49.51191],[37.72469,49.51088],[37.724,49.5089],[37.71968,49.50636],[37.71767,49.50318],[37.71093,49.50289],[37.7105,49.50065],[37.71059,49.49962],[37.71444,49.49831],[37.71253,49.49588],[37.7179,49.49268],[37.7291,49.48932],[37.74016,49.48444],[37.74241,49.48117],[37.74438,49.47584],[37.74309,49.47292],[37.74345,49.47199],[37.74045,49.47143],[37.73663,49.46789],[37.73309,49.46191],[37.71722,49.46808],[37.71499,49.46697],[37.69512,49.46761],[37.69163,49.46684],[37.69048,49.46587],[37.68703,49.46776],[37.68386,49.46618],[37.68377,49.46579],[37.68475,49.4649],[37.6841,49.46454],[37.68257,49.4648],[37.6816,49.46305],[37.67406,49.4612],[37.66708,49.45191],[37.65463,49.44388],[37.65111,49.44036],[37.66224,49.43956],[37.65436,49.42911],[37.6691,49.42826],[37.6687,49.42683],[37.66544,49.41919],[37.67634,49.40975],[37.67611,49.4076],[37.67639,49.39886],[37.67485,49.38685],[37.68292,49.3816],[37.71107,49.38546],[37.7127,49.39127],[37.7223,49.39858],[37.73044,49.40298],[37.74368,49.40038],[37.75919,49.39368],[37.76215,49.3968],[37.76756,49.39446],[37.77177,49.39852],[37.79379,49.38726],[37.80417,49.38434],[37.81207,49.38257],[37.82233,49.38184],[37.83512,49.38184],[37.83864,49.38004],[37.84368,49.37915],[37.84405,49.37207],[37.8612,49.3731],[37.86066,49.3674],[37.87817,49.3693],[37.8777,49.37086],[37.89037,49.37477],[37.89174,49.38074],[37.9135,49.38038],[37.92109,49.37378],[37.92389,49.37506],[37.93,49.37599],[37.93064,49.37456],[37.93206,49.37445],[37.9339,49.37288],[37.933,49.37154],[37.9388,49.36956],[37.93731,49.36683],[37.93536,49.3619],[37.93697,49.35893],[37.94313,49.36018],[37.94708,49.35978],[37.94763,49.36038],[37.94885,49.36083],[37.95017,49.36078],[37.95077,49.35979],[37.94914,49.35872],[37.94781,49.3573],[37.94214,49.35358],[37.94141,49.35204],[37.94021,49.35123],[37.93506,49.34969],[37.93615,49.34461],[37.94143,49.34517],[37.9436,49.34445],[37.94304,49.34348],[37.93416,49.34165],[37.93261,49.34056],[37.93157,49.33896],[37.93344,49.33705],[37.94078,49.33562],[37.94178,49.32298],[37.95311,49.32277],[37.95986,49.32293],[37.96194,49.3221],[37.95979,49.31941],[37.9569,49.31783],[37.95614,49.31662],[37.95299,49.31555],[37.95256,49.31429],[37.95248,49.31327],[37.95301,49.31249],[37.95395,49.31182],[37.95519,49.304],[37.95931,49.30387],[37.95916,49.30132],[37.96325,49.29984],[37.9634,49.29619],[37.95811,49.29415],[37.95256,49.29279],[37.9593,49.28537],[37.97162,49.27392],[37.98231,49.27963],[37.99337,49.27903],[37.99729,49.28072],[38.00274,49.28047],[38.00282,49.28215],[38.00441,49.2821],[38.00398,49.27935],[38.00179,49.27672],[37.99776,49.2772],[37.9969,49.27056],[37.99956,49.26868],[38.00715,49.26541],[38.00651,49.2644],[38.00325,49.26331],[38.00226,49.25989],[38.00037,49.25969],[37.99754,49.26107],[37.99123,49.25835],[37.98881,49.25833],[37.98502,49.26],[37.97797,49.2578],[37.9714,49.25993],[37.96215,49.25971],[37.95408,49.25806],[37.94605,49.25699],[37.93671,49.2571],[37.92868,49.2557],[37.92183,49.25423],[37.91835,49.25275],[37.91625,49.25121],[37.91088,49.25129],[37.90788,49.24927],[37.91063,49.2462],[37.91312,49.24194],[37.91635,49.24088],[37.91705,49.2404],[37.91907,49.2355],[37.91989,49.23234],[37.91948,49.23124],[37.916,49.23124],[37.91175,49.23061],[37.91145,49.23017],[37.89969,49.22913],[37.89257,49.23005],[37.88313,49.24361],[37.87796,49.24248],[37.87418,49.24133],[37.87091,49.23968],[37.86943,49.23826],[37.87192,49.23467],[37.87351,49.22534],[37.87347,49.22206],[37.87643,49.21752],[37.87472,49.21479],[37.87713,49.21209],[37.8738,49.20344],[37.87828,49.20162],[37.87791,49.19895],[37.87588,49.19557],[37.85833,49.19787],[37.84407,49.19873],[37.83984,49.19829],[37.83894,49.19354],[37.8335,49.1943],[37.82612,49.19498],[37.81488,49.20075],[37.80648,49.20121],[37.80279,49.19333],[37.8079,49.19039],[37.80506,49.18646],[37.80761,49.18378],[37.80619,49.17981],[37.79769,49.18123],[37.77974,49.18599],[37.77537,49.19066],[37.77095,49.19152],[37.76484,49.19439],[37.75673,49.18748],[37.74598,49.18666],[37.74248,49.18317],[37.74297,49.18024],[37.74267,49.17909],[37.7418,49.17788],[37.74027,49.17674],[37.73978,49.17573],[37.741,49.17451],[37.74364,49.17501],[37.74726,49.17791],[37.75408,49.17544],[37.75886,49.17276],[37.76019,49.17062],[37.76379,49.16804],[37.76203,49.16313],[37.77325,49.15749],[37.78588,49.15277],[37.78665,49.15181],[37.78571,49.15061],[37.77111,49.14932],[37.76902,49.15093],[37.76611,49.15362],[37.75485,49.1574],[37.74141,49.14845],[37.74283,49.14473],[37.74154,49.14099],[37.74514,49.13673],[37.7457,49.13532],[37.74188,49.13038],[37.74684,49.12808],[37.74803,49.12096],[37.75344,49.11883],[37.75949,49.10898],[37.7776,49.10369],[37.78678,49.09864],[37.77708,49.09459],[37.7873,49.08256],[37.78764,49.07407],[37.79537,49.06755],[37.81502,49.06334],[37.83229,49.06944],[37.84092,49.07113],[37.84738,49.07018],[37.84754,49.0675],[37.86561,49.06914],[37.88103,49.06957],[37.89786,49.07242],[37.90949,49.07352],[37.92055,49.07137],[37.92038,49.06802],[37.92381,49.06513],[37.92613,49.0624],[37.9257,49.05687],[37.92754,49.05209],[37.92619,49.04469],[37.92829,49.04341],[37.93456,49.04672],[37.93468,49.04782],[37.93792,49.04834],[37.9382,49.04761],[37.94333,49.04705],[37.94753,49.04724],[37.94698,49.04517],[37.94751,49.04333],[37.94409,49.04163],[37.93928,49.04222],[37.93518,49.03856],[37.93617,49.03598],[37.92269,49.03213],[37.91465,49.02922],[37.89652,49.0279],[37.89683,49.02275],[37.88349,49.02216],[37.86795,49.02095],[37.86607,49.01701],[37.86019,49.01727],[37.85811,49.02071],[37.84193,49.0235],[37.83893,49.02338],[37.83683,49.02011],[37.83768,49.02016],[37.83845,49.0102],[37.85192,49.01042],[37.85197,49.00727],[37.85634,49.00492],[37.85732,48.99798],[37.86245,48.99824],[37.86312,48.99182],[37.87429,48.9923],[37.8734,49.00457],[37.87735,49.00612],[37.89319,49.00595],[37.91834,49.00409],[37.92023,48.98359],[37.89091,48.98199],[37.89134,48.97695],[37.89224,48.97546],[37.88902,48.97425],[37.88323,48.9741],[37.88027,48.97486],[37.84214,48.9731],[37.84425,48.9691],[37.84828,48.96851],[37.85387,48.96433],[37.86175,48.96095],[37.86183,48.95323],[37.86864,48.95236],[37.86706,48.94633],[37.87032,48.94159],[37.87265,48.93995],[37.8753,48.93752],[37.87353,48.93412],[37.8841,48.92794],[37.88201,48.9266],[37.88435,48.92489],[37.88687,48.92365],[37.88856,48.9219],[37.88854,48.91827],[37.88667,48.907],[37.89824,48.9044],[37.90062,48.90251],[37.90551,48.90162],[37.91701,48.89772],[37.91244,48.88827],[37.90599,48.88816],[37.90285,48.88438],[37.89848,48.88788],[37.89551,48.88843],[37.8933,48.88819],[37.8915,48.88715],[37.88954,48.8864],[37.88657,48.88615],[37.88385,48.88562],[37.8831,48.88494],[37.88312,48.88272],[37.88509,48.88146],[37.88529,48.88023],[37.88471,48.879],[37.88213,48.87791],[37.87779,48.8772],[37.87405,48.87679],[37.87151,48.8772],[37.86725,48.87885],[37.86586,48.87986],[37.86422,48.87994],[37.86046,48.88141],[37.86111,48.88246],[37.8637,48.88399],[37.86389,48.88544],[37.86263,48.8865],[37.86067,48.88681],[37.85823,48.88553],[37.85234,48.88605],[37.84784,48.8869],[37.84349,48.888],[37.841,48.88634],[37.83743,48.88642],[37.83417,48.88583],[37.83252,48.88378],[37.83251,48.87998],[37.83582,48.87794],[37.83651,48.87348],[37.83951,48.86857],[37.84381,48.86225],[37.83673,48.85674],[37.8276,48.85417],[37.8162,48.85904],[37.81004,48.85811],[37.80628,48.85695],[37.80826,48.85127],[37.81328,48.84523],[37.81424,48.84108],[37.81484,48.83662],[37.79886,48.83521],[37.79165,48.83487],[37.78908,48.82922],[37.82287,48.81731],[37.8257,48.81547],[37.82817,48.81444],[37.82917,48.8129],[37.82462,48.80854],[37.82368,48.80372],[37.83305,48.79881],[37.84096,48.79672],[37.84613,48.79011],[37.85098,48.78793],[37.85755,48.79291],[37.86331,48.79543],[37.86879,48.7965],[37.87318,48.79465],[37.87225,48.78886],[37.86969,48.78493],[37.86467,48.78298],[37.85552,48.78453],[37.84658,48.78352],[37.83113,48.79069],[37.82013,48.78241],[37.81707,48.78075],[37.8116,48.77612],[37.80725,48.77707],[37.80145,48.78203],[37.79741,48.78678],[37.79407,48.78757],[37.78909,48.78814],[37.78814,48.78984],[37.78428,48.79057],[37.77699,48.79029],[37.77038,48.78667],[37.76402,48.78367],[37.75767,48.78294],[37.746,48.7779],[37.749,48.77423],[37.75724,48.77621],[37.7745,48.78322],[37.7872,48.7822],[37.79913,48.77864],[37.80384,48.77307],[37.79344,48.76685],[37.79237,48.76306],[37.79453,48.75772],[37.79343,48.75261],[37.80205,48.7468],[37.80163,48.74464],[37.78777,48.74164],[37.7849,48.74033],[37.78361,48.73844],[37.77765,48.7379],[37.7776,48.73609],[37.77906,48.73289],[37.78276,48.72342],[37.77319,48.72363],[37.76747,48.72277],[37.75056,48.72236],[37.73871,48.72047],[37.72369,48.71962],[37.72085,48.71498],[37.7236,48.70864],[37.74686,48.70886],[37.76308,48.70796],[37.7733,48.70949],[37.78373,48.71008],[37.7928,48.70999],[37.79101,48.70594],[37.78633,48.69909],[37.77994,48.69628],[37.77846,48.68798],[37.77246,48.68676],[37.77203,48.67214],[37.76293,48.6659],[37.75949,48.66488],[37.75435,48.66131],[37.75789,48.65274],[37.76721,48.64313],[37.77503,48.63285],[37.78255,48.63328],[37.78336,48.63022],[37.783,48.62728],[37.77586,48.62636],[37.77191,48.62463],[37.76367,48.6229],[37.76495,48.61785],[37.76836,48.60068],[37.7752,48.59469],[37.77823,48.58191],[37.78067,48.58094],[37.78466,48.58018],[37.7902,48.57739],[37.78632,48.57155],[37.78065,48.56922],[37.77102,48.56378],[37.76688,48.55583],[37.76225,48.55845],[37.7468,48.56566],[37.74418,48.57443],[37.73723,48.57889],[37.72946,48.58341],[37.72558,48.58343],[37.7188,48.5878],[37.71241,48.59555],[37.70782,48.5979],[37.69731,48.59648],[37.69379,48.59211],[37.68946,48.57662],[37.68494,48.57044],[37.68659,48.56694],[37.68706,48.55742],[37.70483,48.55307],[37.70253,48.54593],[37.70021,48.54454],[37.69819,48.54304],[37.70922,48.5381],[37.70845,48.53736],[37.70877,48.53722],[37.70956,48.53794],[37.71872,48.53377],[37.7116,48.52763],[37.71267,48.52705],[37.71054,48.52505],[37.71047,48.52475],[37.70666,48.52691],[37.69558,48.53175],[37.69782,48.53382],[37.6947,48.53532],[37.69408,48.53466],[37.69327,48.53505],[37.69257,48.53443],[37.6908,48.53399],[37.68733,48.53507],[37.67114,48.54256],[37.6644,48.54608],[37.65504,48.54994],[37.6514,48.54785],[37.64377,48.54668],[37.64068,48.5481],[37.63965,48.55009],[37.64077,48.55227],[37.63622,48.55531],[37.62982,48.55512],[37.62394,48.5529],[37.62394,48.5496],[37.62167,48.54614],[37.61854,48.53742],[37.61789,48.53361],[37.61583,48.53008],[37.61358,48.52306],[37.61032,48.51476],[37.60552,48.51101],[37.60604,48.50649],[37.59488,48.50486],[37.59501,48.5023],[37.59231,48.5013],[37.58943,48.50048],[37.58664,48.49807],[37.58332,48.49756],[37.58055,48.4947],[37.57675,48.49312],[37.58129,48.47265],[37.59429,48.47357],[37.59136,48.46785],[37.58208,48.4652],[37.56821,48.46419],[37.55366,48.46393],[37.54847,48.46595],[37.54066,48.46641],[37.52731,48.46541],[37.5247,48.46325],[37.52568,48.45844],[37.51543,48.45747],[37.50233,48.45905],[37.50007,48.45956],[37.48395,48.46121],[37.48275,48.46987],[37.47867,48.48395],[37.47962,48.49069],[37.43295,48.4963],[37.42917,48.49971],[37.42903,48.5126],[37.4227,48.52935],[37.41307,48.53808],[37.40893,48.55426],[37.40204,48.55556],[37.3989,48.55225],[37.39459,48.54921],[37.38745,48.54236],[37.37859,48.51704],[37.37095,48.51397],[37.35932,48.51095],[37.35378,48.5097],[37.35018,48.5078],[37.35116,48.50629],[37.35065,48.49816],[37.35089,48.49248],[37.34248,48.48736],[37.3384,48.48275],[37.33602,48.47878],[37.33093,48.47884],[37.32419,48.48175],[37.31704,48.48357],[37.31439,48.48862],[37.29796,48.48703],[37.29637,48.49495],[37.2935,48.49944],[37.28702,48.50166],[37.28565,48.50911],[37.28093,48.5143],[37.27586,48.51362],[37.27673,48.50965],[37.27079,48.50217],[37.26453,48.49876],[37.26394,48.49024],[37.26728,48.47632],[37.26038,48.4755],[37.25618,48.47372],[37.24782,48.47164],[37.2306,48.47056],[37.22786,48.47505],[37.22156,48.47456],[37.22106,48.48835],[37.21867,48.49919],[37.20925,48.51313],[37.20857,48.51566],[37.17801,48.51441],[37.1773,48.50538],[37.17898,48.49589],[37.17176,48.49248],[37.15458,48.49157],[37.1264,48.49544],[37.10964,48.49545],[37.09725,48.49184],[37.0954,48.48875],[37.09639,48.4843],[37.11192,48.48296],[37.16028,48.46944],[37.1799,48.46477],[37.18921,48.4528],[37.18792,48.44782],[37.18247,48.44742],[37.16809,48.44805],[37.16458,48.44626],[37.16365,48.44434],[37.17971,48.43918],[37.18356,48.42179],[37.18479,48.41699],[37.16997,48.4164],[37.171,48.41087],[37.17426,48.41067],[37.18409,48.4107],[37.18434,48.40962],[37.18699,48.40742],[37.18446,48.40613],[37.18422,48.40443],[37.17495,48.4034],[37.17645,48.40055],[37.17486,48.39443],[37.16727,48.39131],[37.16367,48.38927],[37.15792,48.38143],[37.15921,48.38098],[37.15835,48.37904],[37.15579,48.37951],[37.1517,48.37371],[37.14977,48.37431],[37.15217,48.37741],[37.13111,48.38403],[37.13314,48.38669],[37.13469,48.38904],[37.13952,48.39904],[37.13606,48.40263],[37.12711,48.40485],[37.11415,48.40485],[37.11085,48.40266],[37.09552,48.40327],[37.0823,48.40669],[37.07621,48.40928],[37.07296,48.41421],[37.07194,48.42147],[37.05795,48.42455],[37.03314,48.42477],[37.02349,48.42449],[37.02253,48.42265],[37.02947,48.42002],[37.03409,48.41965],[37.03638,48.40391],[37.00371,48.40012],[37.00648,48.38471],[37.00935,48.36372],[37.02472,48.35887],[37.02459,48.3573],[37.02549,48.34889],[37.0326,48.34877],[37.03381,48.34244],[37.03544,48.34101],[37.03747,48.33225],[37.04113,48.33185],[37.04272,48.33043],[37.04452,48.32429],[37.04507,48.32165],[37.04647,48.32086],[37.04653,48.31862],[37.04416,48.31614],[37.04442,48.31312],[37.04322,48.30824],[37.0403,48.30384],[37.02968,48.29614],[37.02026,48.29164],[36.98554,48.28817],[36.98416,48.28662],[36.98247,48.2855],[36.97839,48.28659],[36.97841,48.28804],[36.97613,48.28894],[36.96273,48.29056],[36.95756,48.29021],[36.95745,48.28854],[36.95867,48.28806],[36.96051,48.2761],[36.93746,48.27387],[36.93589,48.27174],[36.93758,48.26795],[36.94031,48.26644],[36.956,48.26282],[36.96052,48.25907],[36.9619,48.25604],[36.96327,48.24899],[36.93846,48.24631],[36.92508,48.25182],[36.92208,48.2535],[36.90435,48.25153],[36.90688,48.23735],[36.91838,48.23768],[36.92246,48.21779],[36.91804,48.21644],[36.91649,48.21438],[36.91709,48.20809],[36.90176,48.2105],[36.88442,48.20873],[36.88245,48.20716],[36.87721,48.20622],[36.87833,48.19952],[36.87558,48.19388],[36.86811,48.18893],[36.87039,48.18439],[36.87314,48.18381],[36.87683,48.16649],[36.88258,48.14157],[36.89233,48.14252],[36.89432,48.13367],[36.89887,48.13409],[36.90166,48.11901],[36.8878,48.11759],[36.8919,48.09902],[36.85059,48.09593],[36.82224,48.09641],[36.80978,48.09563],[36.79556,48.09421],[36.79568,48.08999],[36.79224,48.08983],[36.78908,48.09368],[36.7679,48.09276],[36.76569,48.09463],[36.76047,48.09604],[36.74214,48.09592],[36.73283,48.09551],[36.6997,48.09035],[36.69426,48.08834],[36.69317,48.08638],[36.6963,48.08565],[36.69849,48.08434],[36.70019,48.08312],[36.70066,48.08261],[36.70193,48.0823],[36.70621,48.08222],[36.70702,48.08179],[36.70768,48.081],[36.70876,48.0802],[36.70974,48.07987],[36.71341,48.08008],[36.71696,48.07302],[36.71622,48.06572],[36.74124,48.05373],[36.74207,48.05294],[36.74384,48.05221],[36.74424,48.05094],[36.74601,48.05045],[36.75184,48.04941],[36.75665,48.04999],[36.75751,48.04558],[36.75695,48.0421],[36.75119,48.03989],[36.75019,48.03625],[36.74857,48.02603],[36.74321,48.02634],[36.74142,48.01509],[36.74878,48.00481],[36.7434,48.00231],[36.73425,48.00417],[36.72558,48.00361],[36.71837,47.99447],[36.71721,47.98549],[36.71292,47.97975],[36.71217,47.97191],[36.7119,47.97131],[36.70293,47.97004],[36.70422,47.96468],[36.6684,47.9597],[36.61969,47.95374],[36.62002,47.94799],[36.60548,47.9462],[36.59773,47.94552],[36.58804,47.94515],[36.58285,47.9457],[36.58085,47.94263],[36.58733,47.93809],[36.59167,47.92979],[36.59067,47.92311],[36.59245,47.91086],[36.5807,47.90909],[36.57594,47.90883],[36.5759,47.90905],[36.5642,47.9081],[36.57007,47.88551],[36.57754,47.88026],[36.58079,47.86282],[36.58183,47.85803],[36.53522,47.84703],[36.52908,47.84857],[36.52139,47.85954],[36.5121,47.86176],[36.50162,47.86304],[36.49512,47.86117],[36.49721,47.84974],[36.50662,47.84451],[36.50574,47.83901],[36.49948,47.83885],[36.46005,47.83491],[36.45475,47.83107],[36.43908,47.83076],[36.43281,47.82764],[36.42439,47.81991],[36.41938,47.81767],[36.39042,47.81377],[36.38951,47.80607],[36.38405,47.80537],[36.38489,47.80222],[36.37942,47.80134],[36.37847,47.79984],[36.36726,47.79845],[36.36004,47.8036],[36.34868,47.80334],[36.33767,47.81017],[36.33011,47.81083],[36.32513,47.80988],[36.32196,47.82058],[36.30273,47.81841],[36.3005,47.81328],[36.29124,47.80946],[36.28425,47.80804],[36.27684,47.80085],[36.24343,47.79825],[36.22025,47.79851],[36.21714,47.81175],[36.21293,47.81643],[36.20624,47.816],[36.20027,47.81245],[36.19105,47.81011],[36.16534,47.81422],[36.15126,47.82021],[36.15049,47.82744],[36.14847,47.82803],[36.14706,47.83035],[36.14274,47.8317],[36.14211,47.83293],[36.13608,47.83267],[36.13591,47.83142],[36.13512,47.82996],[36.12586,47.82949],[36.12613,47.82588],[36.11986,47.82585],[36.11726,47.82374],[36.11664,47.81921],[36.11079,47.81448],[36.1077,47.81324],[36.10873,47.80891],[36.11371,47.80566],[36.13586,47.80482],[36.13989,47.79686],[36.14689,47.79249],[36.15616,47.7903],[36.16286,47.79024],[36.16308,47.78121],[36.13943,47.78127],[36.13177,47.78661],[36.12926,47.79107],[36.12523,47.7911],[36.12222,47.76339],[36.11821,47.75879],[36.11274,47.75316],[36.09777,47.74164],[36.09222,47.74248],[36.07768,47.74092],[36.07558,47.73223],[36.0773,47.72914],[36.10158,47.73024],[36.11527,47.73105],[36.12203,47.72533],[36.123,47.72421],[36.11699,47.70446],[36.11785,47.70117],[36.12034,47.69603],[36.10111,47.69725],[36.10274,47.68942],[36.11002,47.68232],[36.11331,47.66781],[36.11228,47.66742],[36.11242,47.66373],[36.10697,47.66243],[36.10832,47.65227],[36.11119,47.64632],[36.11267,47.64386],[36.10413,47.64261],[36.10181,47.64094],[36.08541,47.62737],[36.08814,47.61382],[36.08447,47.61041],[36.08224,47.6104],[36.07556,47.60647],[36.07344,47.61346],[36.06275,47.6126],[36.04932,47.6104],[36.05003,47.60254],[36.039,47.59203],[36.03179,47.58729],[36.03188,47.58477],[36.02314,47.5824],[35.98305,47.57603],[35.98387,47.56908],[36.02985,47.56792],[36.03268,47.55151],[36.03528,47.53973],[36.03778,47.53329],[36.03798,47.53105],[36.03746,47.53007],[36.0268,47.53092],[36.01331,47.53163],[36.00304,47.53352],[36.00414,47.52912],[36.00512,47.52807],[36.00435,47.52715],[36.00444,47.52465],[36.00366,47.5221],[36.00295,47.51784],[35.99778,47.51826],[35.99092,47.52225],[35.98585,47.52552],[35.97993,47.53053],[35.97373,47.53054],[35.97391,47.52841],[35.95226,47.52917],[35.9522,47.53276],[35.95129,47.53425],[35.94641,47.53831],[35.94372,47.53821],[35.93955,47.53631],[35.93603,47.53677],[35.91317,47.54162],[35.89499,47.54498],[35.88181,47.5488],[35.86546,47.54573],[35.86344,47.53768],[35.89639,47.52835],[35.90034,47.52643],[35.9081,47.52459],[35.91058,47.51624],[35.91238,47.5149],[35.92327,47.5147],[35.93228,47.51418],[35.93237,47.51296],[35.93026,47.51175],[35.92778,47.50969],[35.92147,47.50748],[35.9193,47.5058],[35.92119,47.50232],[35.92136,47.50082],[35.91607,47.49863],[35.90109,47.49831],[35.88838,47.49954],[35.88816,47.49755],[35.86956,47.49966],[35.86519,47.49596],[35.85362,47.49676],[35.84574,47.49713],[35.83404,47.5011],[35.83418,47.50424],[35.83595,47.50929],[35.8362,47.51885],[35.83006,47.54421],[35.84033,47.5531],[35.84505,47.56104],[35.83277,47.56399],[35.8298,47.56421],[35.82803,47.56344],[35.81572,47.5609],[35.80008,47.56333],[35.79756,47.56051],[35.80163,47.55503],[35.80552,47.55267],[35.80787,47.55212],[35.80277,47.54687],[35.80757,47.52532],[35.80661,47.51122],[35.80277,47.50241],[35.80162,47.50022],[35.80115,47.49614],[35.79622,47.49579],[35.79163,47.49444],[35.78976,47.49119],[35.78801,47.49092],[35.76639,47.49],[35.76793,47.49421],[35.76911,47.49984],[35.76119,47.50049],[35.7553,47.50079],[35.75083,47.5034],[35.74654,47.50798],[35.73928,47.50731],[35.73891,47.50663],[35.72168,47.5184],[35.71754,47.52103],[35.70908,47.51792],[35.6932,47.51461],[35.68651,47.5157],[35.68062,47.51232],[35.67786,47.5127],[35.67257,47.51921],[35.64924,47.51176],[35.63849,47.51771],[35.63083,47.51635],[35.62307,47.52537],[35.61051,47.54045],[35.59993,47.53315],[35.5985,47.5339],[35.60613,47.54093],[35.60325,47.55177],[35.59542,47.58333],[35.57871,47.58754],[35.57247,47.59395],[35.56207,47.59398],[35.55948,47.59735],[35.52334,47.597],[35.51333,47.59332],[35.49835,47.59277],[35.47643,47.58473],[35.47288,47.5832],[35.47036,47.58027],[35.46418,47.57362],[35.45369,47.56809],[35.42655,47.56226],[35.41528,47.55834],[35.4124,47.55701],[35.40733,47.55698],[35.40509,47.55995],[35.41208,47.56272],[35.41066,47.57413],[35.41338,47.57407],[35.4145,47.57954],[35.41325,47.58802],[35.41041,47.59169],[35.39908,47.59664],[35.37749,47.59298],[35.37344,47.5928],[35.36291,47.59137],[35.36157,47.58948],[35.35169,47.58916]],[[37.74223,48.99357],[37.7272,49.00207],[37.71198,48.99798],[37.70978,48.99518],[37.7269,48.99142],[37.73834,48.99058],[37.74223,48.99357]],[[37.72647,48.88795],[37.70465,48.86594],[37.7078,48.85866],[37.7232,48.86062],[37.7333,48.86803],[37.7386,48.87745],[37.74055,48.88201],[37.7346,48.88685],[37.72647,48.88795]],[[37.73635,49.13067],[37.72871,49.13305],[37.72432,49.13455],[37.72922,49.13268],[37.73635,49.13067]],[[37.70057,48.99929],[37.70646,48.99389],[37.6964,49.00321],[37.70057,48.99929]],[[37.69903,48.5378],[37.69973,48.53837],[37.70021,48.53812],[37.70052,48.53838],[37.6995,48.5389],[37.69928,48.53865],[37.69826,48.53917],[37.69722,48.53836],[37.69936,48.53729],[37.69961,48.53753],[37.69903,48.5378]],[[37.69258,48.54115],[37.69302,48.54094],[37.69331,48.54118],[37.6929,48.54138],[37.69258,48.54115]],[[37.69142,48.54245],[37.69192,48.54222],[37.69239,48.54263],[37.69188,48.54284],[37.69142,48.54245]],[[37.68775,48.53891],[37.68836,48.53942],[37.68776,48.53974],[37.68713,48.53919],[37.68775,48.53891]],[[37.68511,48.54389],[37.68552,48.54367],[37.68597,48.544],[37.68556,48.54422],[37.68511,48.54389]],[[37.67201,48.54574],[37.67217,48.54606],[37.67176,48.54617],[37.67155,48.54589],[37.67201,48.54574]],[[37.66691,48.55904],[37.666,48.55844],[37.66753,48.55748],[37.66855,48.55808],[37.66691,48.55904]],[[37.66249,48.55248],[37.66209,48.55223],[37.66249,48.55195],[37.66291,48.5522],[37.66249,48.55248]],[[37.60127,49.70045],[37.60164,49.70017],[37.60236,49.69998],[37.603,49.70031],[37.60206,49.70099],[37.60127,49.70045]],[[37.59873,49.69842],[37.59978,49.69919],[37.59871,49.6999],[37.5977,49.69908],[37.59873,49.69842]],[[37.24051,48.51525],[37.24131,48.51285],[37.24174,48.51167],[37.24176,48.51168],[37.24051,48.51525]],[[36.4382,50.21158],[36.44026,50.21061],[36.44705,50.20768],[36.44706,50.2077],[36.4382,50.21158]],[[36.00676,47.65316],[36.00976,47.63824],[36.03431,47.6409],[36.03216,47.65078],[36.0283,47.65047],[36.02718,47.65501],[36.00676,47.65316]]],[[[36.91357,50.26876],[36.90846,50.27112],[36.9054,50.27344],[36.89987,50.2749],[36.90165,50.27765],[36.90101,50.28022],[36.9036,50.28143],[36.90718,50.28409],[36.91201,50.28443],[36.9148,50.28162],[36.9141,50.2797],[36.91797,50.27479],[36.92177,50.27141],[36.92366,50.27226],[36.92839,50.26793],[36.92242,50.26452],[36.92161,50.26567],[36.92036,50.26567],[36.91946,50.26477],[36.9144,50.26595],[36.91475,50.268],[36.91357,50.26876]]],[[[36.84469,50.24889],[36.84976,50.24648],[36.85353,50.2476],[36.85907,50.24846],[36.86735,50.25131],[36.87349,50.25106],[36.87744,50.24942],[36.87881,50.24796],[36.87225,50.24428],[36.86967,50.24349],[36.86023,50.23775],[36.85553,50.23505],[36.85211,50.23331],[36.84714,50.23438],[36.84319,50.23814],[36.84058,50.24258],[36.84229,50.2456],[36.84469,50.24889]]],[[[32.84411,46.68783],[32.8531,46.69288],[32.85606,46.6914],[32.85236,46.68979],[32.84877,46.68794],[32.83408,46.68235],[32.82996,46.68059],[32.82953,46.68113],[32.84411,46.68783]]],[[[32.73061,46.66433],[32.73894,46.66461],[32.75176,46.66441],[32.75568,46.66485],[32.75792,46.66488],[32.75826,46.66458],[32.75824,46.6637],[32.7577,46.66317],[32.75114,46.66272],[32.74496,46.66279],[32.73867,46.6631],[32.73049,46.66301],[32.72925,46.66325],[32.72664,46.66316],[32.72554,46.66295],[32.72553,46.66318],[32.72605,46.66349],[32.72608,46.6647],[32.72716,46.66441],[32.72941,46.66447],[32.73016,46.6641],[32.73061,46.66433]]],[[[32.72552,46.66072],[32.72583,46.6601],[32.72581,46.65903],[32.72505,46.65894],[32.72481,46.6593],[32.7249,46.65952],[32.72452,46.65978],[32.7237,46.65987],[32.72423,46.65935],[32.72453,46.65939],[32.72467,46.65892],[32.72047,46.65879],[32.71993,46.66086],[32.71675,46.66402],[32.71219,46.66336],[32.71362,46.66503],[32.71926,46.66573],[32.72489,46.66485],[32.72596,46.6646],[32.72581,46.66357],[32.72468,46.66283],[32.72452,46.66258],[32.72456,46.66158],[32.72509,46.66097],[32.72552,46.66072]]],[[[32.61728,46.61713],[32.61733,46.61762],[32.61893,46.61937],[32.62181,46.6217],[32.62339,46.62247],[32.624,46.62245],[32.62417,46.62161],[32.62972,46.62052],[32.63144,46.62181],[32.63166,46.62226],[32.62636,46.62339],[32.62571,46.62329],[32.62501,46.62276],[32.62424,46.62287],[32.62396,46.62315],[32.62618,46.62492],[32.62722,46.62527],[32.62809,46.62516],[32.62759,46.62471],[32.62763,46.62451],[32.63358,46.62336],[32.63488,46.62442],[32.6353,46.62503],[32.62994,46.62615],[32.62927,46.62578],[32.62853,46.62577],[32.62817,46.62592],[32.6281,46.6262],[32.62944,46.62703],[32.6301,46.62698],[32.63023,46.62723],[32.63053,46.62729],[32.63417,46.62679],[32.63448,46.62692],[32.6347,46.62766],[32.63631,46.62766],[32.63754,46.62405],[32.63106,46.6198],[32.63101,46.61783],[32.62685,46.61662],[32.62085,46.61528],[32.61919,46.61541],[32.61806,46.61607],[32.61728,46.61713]]],[[[32.53829,46.5893],[32.5282,46.58891],[32.5106,46.5892],[32.51004,46.59003],[32.51244,46.59086],[32.51416,46.5911],[32.52083,46.59088],[32.52925,46.59134],[32.5366,46.59142],[32.54353,46.59224],[32.55543,46.596],[32.55893,46.59646],[32.56883,46.59419],[32.58183,46.59275],[32.58195,46.59076],[32.57632,46.58125],[32.57343,46.58255],[32.57362,46.5852],[32.57026,46.58844],[32.57082,46.59133],[32.56082,46.59413],[32.55076,46.59248],[32.53829,46.5893]]],[[[32.56622,46.60024],[32.56891,46.60035],[32.57053,46.60017],[32.5706,46.59981],[32.57045,46.59964],[32.57062,46.59958],[32.57033,46.59951],[32.57078,46.59929],[32.57075,46.59893],[32.56919,46.59915],[32.56921,46.59897],[32.57254,46.59809],[32.57291,46.59813],[32.57305,46.59833],[32.57297,46.59846],[32.57265,46.59854],[32.5725,46.59876],[32.57201,46.59887],[32.57171,46.59875],[32.57175,46.59889],[32.57147,46.59878],[32.57106,46.59899],[32.57074,46.60002],[32.57085,46.60015],[32.57117,46.6003],[32.57432,46.59983],[32.57513,46.59954],[32.57561,46.59969],[32.57603,46.59932],[32.57734,46.59916],[32.57761,46.59934],[32.57834,46.59905],[32.57879,46.59916],[32.57942,46.599],[32.57956,46.59848],[32.58,46.59831],[32.57972,46.59786],[32.57982,46.59769],[32.57925,46.59761],[32.57886,46.59733],[32.57491,46.59705],[32.57446,46.59724],[32.57175,46.59744],[32.56972,46.59786],[32.56918,46.59817],[32.56817,46.59813],[32.56629,46.59864],[32.56604,46.59862],[32.56618,46.59846],[32.56596,46.59832],[32.56574,46.59833],[32.56553,46.59855],[32.56516,46.5986],[32.56505,46.5988],[32.56462,46.59869],[32.56395,46.59888],[32.56386,46.59922],[32.56354,46.59912],[32.56318,46.59944],[32.56367,46.59978],[32.56403,46.59971],[32.56429,46.59991],[32.56622,46.60024]]]]},"properties":{"source":"ukrdaily","source_name":"UkrDailyUpdate","source_url":"https://map.ukrdailyupdate.com/","category":"ukraine","category_label":"Ukraine-controlled / recently liberated","snapshot_time":"2026-09-19","fetched_at_utc":"2026-09-26T20:51:49+00:00","source_labels":["Poltavka Strong Point","Strong Point","Ukraine Control","Ukraine Liberate","Ukrainian Advance","Ukrainian Capture","Ukrainian Control","Ukrainian Liberation","Ukrainian Line","Ukrainian Presence","Ukrainian Strong Point"],"source_polygons":254,"area_km2_approx":27041,"processing":"merged and simplified"}},{"type":"Feature","geometry":{"type":"MultiPolygon","coordinates":[[[[31.71577,46.42306],[31.69319,46.44153],[31.65361,46.47439],[31.62632,46.49417],[31.59627,46.51288],[31.57536,46.52378],[31.5527,46.53752],[31.53895,46.54762],[31.53275,46.5527],[31.52319,46.56174],[31.52118,46.56399],[31.51762,46.5709],[31.51345,46.57516],[31.51247,46.5766],[31.51482,46.57525],[31.51673,46.57307],[31.52157,46.56562],[31.52375,46.56292],[31.52753,46.55888],[31.53153,46.5557],[31.53861,46.55137],[31.54859,46.54643],[31.56783,46.53948],[31.58177,46.53661],[31.5955,46.53725],[31.60991,46.53881],[31.63428,46.5394],[31.66275,46.5364],[31.7087,46.54513],[31.75367,46.54631],[31.78966,46.53218],[31.84434,46.52021],[31.85704,46.51716],[31.85958,46.51633],[31.86358,46.51685],[31.86728,46.5166],[31.86919,46.51452],[31.8729,46.51291],[31.87687,46.51447],[31.88204,46.51496],[31.88681,46.51802],[31.89446,46.51858],[31.89923,46.5179],[31.90452,46.51811],[31.9036,46.515],[31.9055,46.51221],[31.90817,46.5109],[31.91284,46.51231],[31.91415,46.51065],[31.91408,46.50912],[31.9159,46.50811],[31.91956,46.50977],[31.92461,46.50863],[31.9267,46.50672],[31.93673,46.5051],[31.93778,46.50381],[31.942,46.50235],[31.94341,46.50072],[31.95257,46.49959],[31.95505,46.49795],[31.96328,46.49578],[31.96634,46.49574],[31.96745,46.49454],[31.97044,46.49454],[31.97155,46.4952],[31.97114,46.49597],[31.9716,46.49651],[31.97526,46.49506],[31.97666,46.49274],[31.98741,46.49089],[31.98949,46.49235],[31.99174,46.49177],[31.9966,46.48911],[32.00549,46.48864],[32.04941,46.48964],[32.07946,46.49854],[32.09037,46.49719],[32.09715,46.49821],[32.11855,46.49806],[32.12444,46.49786],[32.13931,46.4951],[32.15417,46.49269],[32.15573,46.49285],[32.15755,46.49466],[32.16389,46.49411],[32.16451,46.49322],[32.16732,46.49203],[32.16845,46.49134],[32.16842,46.49073],[32.1666,46.49169],[32.16452,46.49195],[32.16334,46.48972],[32.18473,46.48441],[32.19798,46.48034],[32.21535,46.47851],[32.22394,46.48032],[32.23951,46.48048],[32.25138,46.47802],[32.2639,46.47661],[32.27307,46.47445],[32.28515,46.47009],[32.29096,46.46975],[32.30048,46.4671],[32.31514,46.46521],[32.35004,46.46279],[32.37069,46.4641],[32.38557,46.4689],[32.40663,46.47333],[32.40362,46.47729],[32.41701,46.48396],[32.42388,46.4849],[32.42697,46.48489],[32.42816,46.48202],[32.44056,46.48762],[32.44154,46.48861],[32.44072,46.48915],[32.44043,46.48916],[32.44007,46.48848],[32.43962,46.48846],[32.43908,46.48896],[32.43906,46.48943],[32.43979,46.48972],[32.44042,46.48977],[32.44184,46.49055],[32.44186,46.49082],[32.44207,46.49101],[32.44307,46.49124],[32.44346,46.49105],[32.44389,46.49037],[32.44412,46.48957],[32.44455,46.48936],[32.44545,46.48956],[32.44634,46.49],[32.4469,46.49083],[32.44757,46.49088],[32.44757,46.49047],[32.44798,46.49038],[32.44849,46.49056],[32.4484,46.491],[32.44933,46.49198],[32.44919,46.49265],[32.44979,46.49296],[32.45059,46.49299],[32.45106,46.49253],[32.45221,46.4923],[32.45361,46.49302],[32.45397,46.49383],[32.45741,46.49415],[32.45867,46.49355],[32.45994,46.49356],[32.4613,46.49386],[32.46326,46.49492],[32.46355,46.49535],[32.46501,46.49608],[32.46524,46.49643],[32.46512,46.49673],[32.4654,46.49693],[32.46726,46.49744],[32.46825,46.49818],[32.46976,46.49856],[32.47004,46.49902],[32.46917,46.49931],[32.46923,46.49976],[32.47023,46.50011],[32.47038,46.50044],[32.47002,46.50082],[32.4693,46.50084],[32.46881,46.50119],[32.47009,46.50152],[32.47073,46.50154],[32.47135,46.50136],[32.47105,46.50093],[32.47125,46.50054],[32.47125,46.50009],[32.47165,46.49978],[32.47233,46.49987],[32.47284,46.50016],[32.47318,46.50068],[32.47487,46.5015],[32.47547,46.50207],[32.47549,46.50255],[32.47505,46.50307],[32.47575,46.50346],[32.47678,46.50376],[32.47755,46.50365],[32.47816,46.50392],[32.47833,46.50476],[32.48086,46.50691],[32.48085,46.50758],[32.47345,46.51082],[32.47297,46.51124],[32.47263,46.51234],[32.48596,46.5241],[32.50706,46.5384],[32.50976,46.53965],[32.51408,46.54067],[32.51904,46.5401],[32.52532,46.53851],[32.53236,46.53638],[32.53888,46.53793],[32.54385,46.53934],[32.54657,46.53945],[32.5478,46.53995],[32.55411,46.54085],[32.55854,46.54193],[32.56316,46.54396],[32.57182,46.54848],[32.57635,46.55134],[32.57885,46.55259],[32.58143,46.55418],[32.58307,46.55493],[32.59968,46.55939],[32.60456,46.56194],[32.6113,46.56417],[32.61185,46.56432],[32.61261,46.5642],[32.61403,46.56537],[32.61727,46.56695],[32.62017,46.56926],[32.62234,46.5695],[32.62307,46.56932],[32.62374,46.56968],[32.62399,46.57034],[32.62571,46.57068],[32.6283,46.57212],[32.62898,46.57195],[32.63141,46.57353],[32.63248,46.5739],[32.63334,46.57456],[32.63402,46.57462],[32.63604,46.5758],[32.63768,46.5778],[32.63909,46.5783],[32.63957,46.57896],[32.641,46.57979],[32.64116,46.58036],[32.64326,46.58203],[32.64397,46.58221],[32.6457,46.58362],[32.64653,46.58503],[32.64629,46.58577],[32.64696,46.58658],[32.64593,46.58717],[32.64613,46.58805],[32.64744,46.58916],[32.64765,46.59031],[32.64738,46.59176],[32.64686,46.5925],[32.64548,46.59315],[32.64372,46.59354],[32.64183,46.59311],[32.64027,46.59348],[32.64133,46.59398],[32.6416,46.59421],[32.64167,46.59464],[32.64149,46.59488],[32.64098,46.59509],[32.63984,46.5952],[32.63963,46.5955],[32.63956,46.59718],[32.64049,46.59791],[32.64059,46.59825],[32.64033,46.59883],[32.63969,46.59934],[32.63891,46.59969],[32.63892,46.60043],[32.63754,46.60184],[32.63766,46.60211],[32.64264,46.60492],[32.64354,46.60579],[32.6442,46.60703],[32.64644,46.60859],[32.64775,46.60895],[32.64951,46.60916],[32.65019,46.60954],[32.65522,46.61095],[32.66045,46.61325],[32.66113,46.61336],[32.66154,46.61326],[32.66346,46.61416],[32.66526,46.61588],[32.66706,46.61708],[32.66726,46.61753],[32.66788,46.61817],[32.6684,46.61846],[32.67041,46.61873],[32.67561,46.61858],[32.68057,46.61948],[32.6822,46.61933],[32.68598,46.61998],[32.68595,46.62025],[32.68677,46.62067],[32.68727,46.62169],[32.68733,46.62236],[32.68765,46.62258],[32.68856,46.62269],[32.68896,46.62291],[32.68917,46.62328],[32.69075,46.62394],[32.69357,46.62437],[32.69539,46.62446],[32.69748,46.62512],[32.6984,46.62498],[32.69882,46.62585],[32.69972,46.62667],[32.70034,46.62715],[32.70121,46.6275],[32.70666,46.62839],[32.7103,46.62961],[32.71272,46.63011],[32.71878,46.63024],[32.72225,46.63115],[32.72302,46.63121],[32.72312,46.63148],[32.71978,46.63651],[32.72155,46.63607],[32.72492,46.63478],[32.72672,46.6339],[32.73046,46.63301],[32.73915,46.63302],[32.74188,46.63343],[32.74408,46.63354],[32.74645,46.633],[32.7492,46.6319],[32.75171,46.63139],[32.75783,46.63229],[32.7646,46.63484],[32.76743,46.6351],[32.77119,46.63572],[32.77274,46.63639],[32.77354,46.6364],[32.77424,46.63611],[32.77503,46.63542],[32.77559,46.63447],[32.77668,46.6342],[32.77811,46.63327],[32.77899,46.63313],[32.7787,46.63062],[32.7792,46.62974],[32.78604,46.62762],[32.79222,46.62849],[32.79422,46.62913],[32.79746,46.63283],[32.79854,46.63376],[32.79957,46.63541],[32.80093,46.63658],[32.80118,46.63793],[32.80167,46.63891],[32.80234,46.63979],[32.80422,46.64073],[32.80721,46.64255],[32.80897,46.64387],[32.81505,46.64539],[32.81899,46.64614],[32.82635,46.64914],[32.82971,46.65012],[32.83276,46.65142],[32.83192,46.65246],[32.832,46.65276],[32.83316,46.65382],[32.83359,46.65459],[32.83354,46.6549],[32.83379,46.65563],[32.83441,46.65642],[32.83615,46.65807],[32.83975,46.66026],[32.84361,46.66192],[32.84533,46.66292],[32.84649,46.66319],[32.85393,46.66866],[32.85711,46.67123],[32.86286,46.67934],[32.86501,46.68409],[32.86591,46.68495],[32.87106,46.68586],[32.87483,46.68515],[32.88116,46.68448],[32.8899,46.68985],[32.8913,46.69336],[32.89479,46.69557],[32.89634,46.69728],[32.89836,46.69828],[32.90025,46.69898],[32.90339,46.69846],[32.90525,46.7009],[32.91066,46.70274],[32.91006,46.70692],[32.91043,46.70779],[32.90853,46.71173],[32.9222,46.71766],[32.92471,46.71809],[32.92783,46.71809],[32.93224,46.71724],[32.93684,46.7155],[32.94017,46.71387],[32.94326,46.71277],[32.94807,46.71203],[32.96174,46.71087],[32.97411,46.71027],[32.98014,46.71021],[32.98153,46.71059],[32.98568,46.71239],[32.98937,46.71363],[32.99355,46.71461],[33.0096,46.71668],[33.01839,46.71721],[33.03187,46.72059],[33.04107,46.7225],[33.0437,46.72337],[33.04414,46.72298],[33.04526,46.72318],[33.04568,46.72347],[33.04621,46.72345],[33.04791,46.72404],[33.04869,46.72443],[33.04865,46.72459],[33.04889,46.72481],[33.04942,46.72506],[33.05014,46.72512],[33.05028,46.72487],[33.05208,46.72547],[33.05343,46.72568],[33.05415,46.72606],[33.05551,46.72625],[33.05524,46.72642],[33.05583,46.72667],[33.05635,46.72654],[33.05743,46.72712],[33.0579,46.72696],[33.05964,46.72744],[33.0606,46.72778],[33.06036,46.7283],[33.06072,46.72859],[33.06116,46.72854],[33.06253,46.72887],[33.0628,46.72859],[33.06279,46.72903],[33.06403,46.72956],[33.06422,46.72951],[33.06436,46.72971],[33.06488,46.72971],[33.06539,46.72998],[33.06675,46.7301],[33.0674,46.73042],[33.06731,46.7306],[33.06774,46.73053],[33.06835,46.73094],[33.06863,46.73088],[33.06863,46.73104],[33.06928,46.73114],[33.06976,46.73142],[33.07003,46.73146],[33.07012,46.73125],[33.07015,46.73147],[33.07124,46.73209],[33.07112,46.73225],[33.07246,46.73307],[33.07362,46.73348],[33.07619,46.73391],[33.07678,46.73436],[33.07771,46.73457],[33.07871,46.73518],[33.0797,46.73548],[33.08004,46.73544],[33.08022,46.73601],[33.08072,46.73633],[33.08434,46.73768],[33.08647,46.73766],[33.08752,46.7379],[33.0883,46.73864],[33.08832,46.73903],[33.08774,46.73922],[33.0876,46.73962],[33.08806,46.74012],[33.08955,46.74103],[33.09131,46.74188],[33.09176,46.74182],[33.09341,46.74264],[33.09581,46.74282],[33.09946,46.74351],[33.09982,46.74346],[33.10205,46.7452],[33.10352,46.7459],[33.10386,46.74622],[33.10395,46.74707],[33.10415,46.74735],[33.10859,46.74847],[33.11062,46.74862],[33.11295,46.74982],[33.11558,46.75038],[33.11671,46.75046],[33.1178,46.75104],[33.11893,46.75106],[33.11932,46.75152],[33.11979,46.7514],[33.12029,46.75184],[33.12083,46.75207],[33.12142,46.75204],[33.12179,46.75234],[33.12274,46.7523],[33.12321,46.75248],[33.12431,46.75251],[33.13213,46.75498],[33.1325,46.75562],[33.13283,46.7557],[33.13299,46.75594],[33.1336,46.75597],[33.13459,46.75574],[33.13604,46.75624],[33.1371,46.75577],[33.1387,46.75622],[33.13919,46.75655],[33.14002,46.75661],[33.14016,46.75683],[33.13917,46.75772],[33.1389,46.75839],[33.13838,46.75889],[33.13841,46.75909],[33.13902,46.75919],[33.13919,46.75946],[33.13966,46.75967],[33.14298,46.75988],[33.14345,46.75999],[33.14349,46.76015],[33.14505,46.76039],[33.14523,46.76069],[33.14725,46.76123],[33.14778,46.76158],[33.14822,46.76171],[33.14897,46.76158],[33.14918,46.76176],[33.14892,46.76201],[33.14902,46.76225],[33.14961,46.76246],[33.1513,46.7628],[33.15181,46.76276],[33.15223,46.76239],[33.15282,46.76277],[33.15284,46.763],[33.15372,46.76279],[33.15347,46.76308],[33.1537,46.76339],[33.15446,46.76365],[33.1553,46.76337],[33.15577,46.76406],[33.15673,46.7646],[33.15716,46.76459],[33.15703,46.76522],[33.15677,46.7653],[33.15646,46.76568],[33.15645,46.76662],[33.15563,46.76692],[33.15531,46.76752],[33.15619,46.76885],[33.15699,46.76896],[33.15687,46.76959],[33.15839,46.77108],[33.15822,46.7715],[33.15921,46.77153],[33.15953,46.77126],[33.15987,46.77005],[33.15955,46.76981],[33.15957,46.76937],[33.16221,46.76719],[33.16337,46.76649],[33.16364,46.76606],[33.16322,46.7658],[33.16435,46.76558],[33.16455,46.76516],[33.16541,46.765],[33.16535,46.76538],[33.16602,46.76522],[33.16724,46.76538],[33.16758,46.76563],[33.17028,46.76531],[33.17295,46.76587],[33.17842,46.76617],[33.17854,46.76601],[33.1784,46.76509],[33.17865,46.76468],[33.17989,46.76455],[33.18051,46.76348],[33.18417,46.76337],[33.18453,46.7635],[33.19121,46.7632],[33.19792,46.76354],[33.19813,46.76421],[33.19863,46.76483],[33.19852,46.76533],[33.19936,46.76555],[33.20039,46.76559],[33.20105,46.76595],[33.20132,46.76576],[33.20286,46.76566],[33.20383,46.76619],[33.20403,46.76687],[33.20742,46.76647],[33.20789,46.767],[33.21503,46.76595],[33.21939,46.76511],[33.22058,46.76513],[33.22377,46.76442],[33.22417,46.765],[33.22474,46.76506],[33.23255,46.76341],[33.24125,46.76258],[33.2449,46.76111],[33.24782,46.75866],[33.24979,46.75601],[33.25318,46.75346],[33.25817,46.75187],[33.26727,46.75052],[33.28646,46.74875],[33.30656,46.75022],[33.31808,46.75259],[33.3318,46.75451],[33.3362,46.75588],[33.33892,46.75622],[33.35666,46.7625],[33.35767,46.76337],[33.36466,46.76729],[33.36715,46.76841],[33.36828,46.76909],[33.36877,46.76997],[33.37385,46.77317],[33.37374,46.77367],[33.37412,46.77402],[33.37398,46.77416],[33.36654,46.77021],[33.35934,46.76609],[33.35845,46.76584],[33.35757,46.76685],[33.35866,46.76801],[33.359,46.76919],[33.36097,46.77016],[33.36704,46.77249],[33.3678,46.77291],[33.36825,46.77338],[33.36912,46.77354],[33.37119,46.77462],[33.37077,46.77508],[33.37285,46.77614],[33.37415,46.77556],[33.3746,46.77515],[33.37684,46.77638],[33.37721,46.77637],[33.37744,46.77618],[33.37428,46.77434],[33.37445,46.77417],[33.37759,46.77593],[33.37821,46.77603],[33.37849,46.77589],[33.37558,46.7741],[33.38595,46.76337],[33.3938,46.7654],[33.39762,46.76976],[33.4004,46.76684],[33.40512,46.77156],[33.41077,46.78089],[33.41522,46.78147],[33.41959,46.78528],[33.42791,46.78991],[33.43832,46.79653],[33.44558,46.79902],[33.4537,46.80327],[33.4558,46.80886],[33.46773,46.81712],[33.47674,46.8189],[33.48953,46.82045],[33.49674,46.82025],[33.51577,46.82013],[33.52641,46.81965],[33.55626,46.81671],[33.57588,46.81842],[33.58627,46.82247],[33.59908,46.82581],[33.60492,46.82402],[33.60991,46.81964],[33.61219,46.81686],[33.61295,46.81537],[33.61509,46.81587],[33.61593,46.81863],[33.61865,46.82111],[33.61412,46.8216],[33.61207,46.82486],[33.61714,46.8265],[33.6235,46.83119],[33.62627,46.83588],[33.63592,46.84456],[33.63877,46.85082],[33.64041,46.85979],[33.64215,46.86198],[33.64174,46.86576],[33.63687,46.87013],[33.63542,46.89171],[33.63948,46.89737],[33.64837,46.9009],[33.65821,46.90291],[33.66381,46.90226],[33.67107,46.89894],[33.67615,46.89826],[33.68123,46.89875],[33.68553,46.90088],[33.6908,46.90784],[33.69453,46.91141],[33.69459,46.91619],[33.69123,46.91599],[33.68924,46.91638],[33.68968,46.92132],[33.69459,46.92826],[33.69477,46.93572],[33.69744,46.93641],[33.69603,46.94425],[33.6967,46.94858],[33.69909,46.95157],[33.69995,46.95479],[33.69883,46.95854],[33.69771,46.961],[33.69901,46.97526],[33.70129,46.98537],[33.70295,46.98656],[33.70048,46.98764],[33.69932,46.99226],[33.70666,46.99974],[33.72054,47.00956],[33.73407,47.01774],[33.75757,47.02872],[33.76881,47.0386],[33.78403,47.04612],[33.80784,47.05832],[33.80877,47.06097],[33.81612,47.07],[33.82062,47.07254],[33.82639,47.07404],[33.82976,47.07625],[33.82692,47.08004],[33.84149,47.09593],[33.84731,47.10715],[33.85242,47.13588],[33.86476,47.14412],[33.89874,47.15665],[33.92792,47.1743],[33.93155,47.1801],[33.93847,47.18901],[33.9471,47.19676],[33.95477,47.20233],[33.96552,47.20883],[33.98636,47.23091],[33.9935,47.2649],[34.00781,47.29127],[34.00948,47.29805],[34.0163,47.30716],[34.02672,47.31348],[34.02855,47.31779],[34.03485,47.32374],[34.02547,47.33516],[34.01736,47.34275],[34.01749,47.3464],[34.03687,47.38107],[34.04666,47.42039],[34.07127,47.42306],[34.11688,47.41603],[34.14326,47.42339],[34.20188,47.41092],[34.24578,47.42712],[34.25873,47.43516],[34.27604,47.43703],[34.29004,47.42616],[34.29559,47.42686],[34.31161,47.43208],[34.32727,47.43659],[34.33685,47.44638],[34.34275,47.44963],[34.34329,47.45272],[34.3398,47.46532],[34.34011,47.46813],[34.34381,47.47112],[34.34777,47.47672],[34.34971,47.47745],[34.35136,47.48017],[34.35095,47.48051],[34.35105,47.48109],[34.35289,47.48203],[34.36071,47.48328],[34.36338,47.48225],[34.37304,47.4869],[34.37355,47.48876],[34.37079,47.48864],[34.3676,47.48899],[34.36697,47.49002],[34.36711,47.49094],[34.37434,47.49534],[34.37576,47.49558],[34.37698,47.49526],[34.37777,47.49547],[34.37973,47.4989],[34.37971,47.50088],[34.38014,47.5011],[34.38121,47.50001],[34.38101,47.49935],[34.3824,47.49902],[34.38304,47.49978],[34.38423,47.50199],[34.38579,47.50237],[34.38742,47.50235],[34.38978,47.50341],[34.39005,47.50399],[34.39071,47.50448],[34.3901,47.5054],[34.38893,47.50638],[34.38847,47.5063],[34.38839,47.50526],[34.38647,47.50443],[34.38366,47.50412],[34.3824,47.50436],[34.38069,47.50403],[34.37931,47.50419],[34.37538,47.50414],[34.37381,47.50362],[34.37316,47.50393],[34.37267,47.5057],[34.37394,47.50709],[34.38012,47.50889],[34.38255,47.51046],[34.38349,47.51126],[34.38432,47.51259],[34.38522,47.51193],[34.38701,47.51199],[34.39006,47.5102],[34.3926,47.50812],[34.39485,47.50536],[34.39987,47.5019],[34.41977,47.49807],[34.47055,47.49828],[34.50281,47.49986],[34.53267,47.52871],[34.54264,47.53251],[34.58041,47.51918],[34.5998,47.53451],[34.61783,47.54426],[34.63673,47.54524],[34.64633,47.54045],[34.68992,47.49461],[34.70366,47.48965],[34.71981,47.49189],[34.73715,47.49006],[34.74901,47.49217],[34.76901,47.47682],[34.79655,47.46646],[34.81972,47.46407],[34.8428,47.45476],[34.87171,47.44846],[34.87256,47.43811],[34.86509,47.42992],[34.86277,47.42034],[34.87923,47.40638],[34.9216,47.39417],[34.94381,47.38969],[34.96601,47.38961],[34.99353,47.39866],[35.02414,47.41421],[35.06138,47.44831],[35.09485,47.45089],[35.12227,47.4495],[35.1456,47.44497],[35.20075,47.44367],[35.22817,47.45426],[35.26349,47.47307],[35.26912,47.47297],[35.26953,47.4692],[35.26579,47.45502],[35.27404,47.45814],[35.2823,47.46845],[35.28292,47.47141],[35.27809,47.48144],[35.27391,47.49253],[35.27394,47.49528],[35.28006,47.50262],[35.28834,47.50726],[35.30035,47.511],[35.31494,47.51299],[35.32657,47.51716],[35.33391,47.52347],[35.34107,47.53479],[35.34119,47.53579],[35.34215,47.53635],[35.34368,47.53664],[35.34494,47.53656],[35.34809,47.53739],[35.3493,47.53735],[35.35014,47.53699],[35.3505,47.5362],[35.35416,47.53623],[35.35677,47.53673],[35.36219,47.53743],[35.36272,47.53796],[35.36344,47.53824],[35.36267,47.53845],[35.36264,47.53895],[35.36291,47.53951],[35.36269,47.54025],[35.36115,47.54085],[35.35527,47.54046],[35.35299,47.54235],[35.34838,47.54338],[35.34213,47.54412],[35.3409,47.54389],[35.33966,47.54277],[35.33736,47.54298],[35.33677,47.54319],[35.33475,47.54508],[35.3323,47.5462],[35.3317,47.54722],[35.33035,47.55324],[35.34369,47.55663],[35.35207,47.56122],[35.3446,47.56809],[35.34842,47.57201],[35.34807,47.57365],[35.34629,47.57667],[35.34612,47.57823],[35.36061,47.5791],[35.37661,47.57902],[35.37719,47.57049],[35.3779,47.56482],[35.38371,47.56504],[35.38447,47.55454],[35.38894,47.55137],[35.39017,47.54718],[35.39708,47.54592],[35.39858,47.54482],[35.39871,47.54233],[35.39746,47.54008],[35.39916,47.53908],[35.40287,47.53741],[35.4048,47.5374],[35.40601,47.53664],[35.40945,47.53538],[35.41279,47.53647],[35.43075,47.53771],[35.44129,47.53993],[35.44972,47.53885],[35.45569,47.53885],[35.45819,47.53784],[35.462,47.53744],[35.46219,47.53544],[35.46992,47.536],[35.46938,47.54045],[35.48005,47.53788],[35.49826,47.5382],[35.52041,47.54001],[35.53682,47.54717],[35.54291,47.55209],[35.56016,47.55336],[35.57802,47.55562],[35.58561,47.55287],[35.58763,47.53929],[35.59038,47.52578],[35.59312,47.51669],[35.60753,47.49912],[35.61272,47.49708],[35.63099,47.49598],[35.63921,47.49666],[35.63961,47.50322],[35.66114,47.5042],[35.66931,47.50794],[35.66934,47.51644],[35.67254,47.51664],[35.6725,47.50851],[35.68203,47.50844],[35.69208,47.51053],[35.69875,47.51153],[35.70475,47.51347],[35.70926,47.51388],[35.71111,47.51295],[35.71119,47.50315],[35.72082,47.50111],[35.72308,47.49055],[35.73117,47.4895],[35.74513,47.48986],[35.76449,47.48269],[35.7828,47.48081],[35.79848,47.4753],[35.79953,47.47328],[35.79826,47.46873],[35.84188,47.47149],[35.85566,47.47016],[35.86583,47.47545],[35.8707,47.48953],[35.89142,47.48248],[35.90224,47.4783],[35.91522,47.48143],[35.91582,47.49595],[35.95169,47.49124],[35.95091,47.51484],[35.95941,47.51272],[35.96828,47.51189],[35.97988,47.51286],[35.99359,47.50614],[36.01904,47.5112],[36.01907,47.51482],[36.01278,47.51971],[36.01419,47.52803],[36.02179,47.52789],[36.04066,47.52564],[36.05331,47.52589],[36.06478,47.55255],[36.06864,47.5626],[36.07152,47.56431],[36.07397,47.56665],[36.07907,47.57093],[36.08599,47.57574],[36.09306,47.58428],[36.08036,47.58535],[36.08061,47.58787],[36.06871,47.58904],[36.06962,47.59367],[36.07289,47.59458],[36.08916,47.59011],[36.10852,47.58919],[36.1058,47.59971],[36.10363,47.61264],[36.09999,47.6214],[36.09939,47.62754],[36.1027,47.63041],[36.10471,47.63185],[36.11857,47.63373],[36.12463,47.63665],[36.13854,47.63994],[36.14573,47.64219],[36.14922,47.6477],[36.15456,47.65097],[36.1586,47.65375],[36.16192,47.65173],[36.17016,47.65393],[36.16381,47.66399],[36.16037,47.67053],[36.16654,47.67268],[36.16741,47.67884],[36.17226,47.68081],[36.1681,47.68922],[36.16409,47.69024],[36.16102,47.69316],[36.15355,47.69759],[36.14287,47.70086],[36.14021,47.70401],[36.13604,47.71358],[36.14507,47.71828],[36.14703,47.72315],[36.16368,47.72763],[36.16635,47.72946],[36.16446,47.73506],[36.16352,47.74528],[36.16601,47.74678],[36.17364,47.74718],[36.17347,47.7537],[36.17875,47.75699],[36.19525,47.76077],[36.21558,47.7631],[36.21385,47.77309],[36.22269,47.7765],[36.23539,47.77759],[36.24987,47.76302],[36.28712,47.76677],[36.29742,47.77758],[36.31734,47.77926],[36.32732,47.78026],[36.32811,47.78501],[36.33559,47.78658],[36.34498,47.79147],[36.37189,47.7947],[36.37455,47.79549],[36.3805,47.79377],[36.38461,47.79099],[36.39209,47.79256],[36.3975,47.79619],[36.39569,47.8072],[36.40737,47.80853],[36.41698,47.80891],[36.41852,47.80888],[36.41955,47.80576],[36.43312,47.80712],[36.43427,47.80187],[36.4514,47.80372],[36.4605,47.80824],[36.46372,47.81121],[36.47039,47.81163],[36.5061,47.81454],[36.50424,47.823],[36.50612,47.82315],[36.51561,47.82769],[36.52047,47.83384],[36.52068,47.83684],[36.50456,47.84647],[36.50285,47.85211],[36.50199,47.86],[36.51177,47.85873],[36.52121,47.85361],[36.52626,47.84652],[36.53896,47.83933],[36.58106,47.84841],[36.58808,47.86098],[36.59067,47.8685],[36.58922,47.87374],[36.58485,47.88168],[36.58299,47.89017],[36.58239,47.89475],[36.5866,47.90347],[36.61011,47.90272],[36.64282,47.89829],[36.64977,47.90289],[36.64832,47.91039],[36.64217,47.92514],[36.63781,47.92577],[36.61618,47.92344],[36.61,47.92557],[36.60779,47.93534],[36.63589,47.93881],[36.6556,47.94067],[36.6719,47.93957],[36.68971,47.95097],[36.72226,47.95585],[36.7195,47.96674],[36.73495,47.96881],[36.73951,47.97553],[36.74,47.97605],[36.74122,47.97678],[36.74191,47.97896],[36.74202,47.98395],[36.74149,47.98598],[36.74231,47.98823],[36.74198,47.98934],[36.74075,47.9906],[36.73974,47.99381],[36.74562,47.99269],[36.75025,47.99138],[36.75124,47.99063],[36.75377,47.98989],[36.76785,47.98897],[36.76998,48.01095],[36.77271,48.02818],[36.77932,48.03355],[36.79404,48.05007],[36.78692,48.0522],[36.77861,48.06022],[36.77528,48.06566],[36.77815,48.06725],[36.79482,48.05992],[36.82641,48.06254],[36.82581,48.06512],[36.8283,48.06885],[36.83233,48.06949],[36.83902,48.07619],[36.83915,48.07824],[36.84054,48.07931],[36.84108,48.08017],[36.84207,48.08073],[36.84312,48.08078],[36.85084,48.07946],[36.85273,48.07986],[36.85518,48.08085],[36.85686,48.08125],[36.85678,48.08191],[36.85694,48.08238],[36.85743,48.08267],[36.86066,48.08252],[36.8636,48.08195],[36.86683,48.08267],[36.86936,48.08288],[36.87273,48.08274],[36.87575,48.08205],[36.87822,48.08247],[36.88067,48.08229],[36.88736,48.08277],[36.88983,48.08192],[36.89423,48.08221],[36.89439,48.0892],[36.89355,48.09588],[36.89986,48.09698],[36.9018,48.0983],[36.90343,48.10119],[36.90343,48.10228],[36.90467,48.10308],[36.9026,48.11461],[36.92479,48.11602],[36.92401,48.12062],[36.92752,48.12097],[36.92518,48.12863],[36.92162,48.1294],[36.91755,48.132],[36.91285,48.13344],[36.90981,48.13488],[36.9078,48.13665],[36.91147,48.13836],[36.91077,48.14482],[36.91888,48.14569],[36.91592,48.16671],[36.92425,48.16997],[36.93781,48.17478],[36.93726,48.17877],[36.9411,48.18803],[36.94012,48.19315],[36.93391,48.20081],[36.93148,48.21296],[36.93037,48.21493],[36.92936,48.22204],[36.9305,48.22275],[36.95562,48.22456],[36.95365,48.23423],[36.94648,48.23392],[36.94519,48.24001],[36.96881,48.23886],[36.97074,48.24074],[36.97041,48.24353],[36.98299,48.24498],[36.9802,48.2583],[36.97911,48.26282],[36.99503,48.26391],[36.99568,48.26462],[37.00139,48.26502],[37.0022,48.26282],[37.01177,48.26197],[37.03209,48.25981],[37.03055,48.26721],[37.05665,48.26961],[37.05655,48.27293],[37.05494,48.28036],[37.06613,48.28157],[37.06078,48.31323],[37.06308,48.31791],[37.06313,48.32082],[37.0554,48.32211],[37.05326,48.32471],[37.04772,48.32973],[37.04935,48.3321],[37.04607,48.34272],[37.03976,48.34682],[37.04208,48.34839],[37.04701,48.34562],[37.04783,48.34582],[37.05173,48.34354],[37.05628,48.34309],[37.06466,48.33874],[37.06935,48.34054],[37.06701,48.34573],[37.0674,48.35154],[37.0713,48.35219],[37.0753,48.35342],[37.07697,48.35467],[37.07972,48.35593],[37.08263,48.35681],[37.08525,48.35735],[37.08492,48.36281],[37.10325,48.36532],[37.10671,48.37868],[37.10946,48.38139],[37.11126,48.38219],[37.1201,48.37737],[37.12237,48.37013],[37.12852,48.3653],[37.15944,48.36613],[37.167,48.3657],[37.1664,48.37224],[37.16769,48.37379],[37.17409,48.38983],[37.18527,48.39236],[37.18718,48.40053],[37.1955,48.40153],[37.19515,48.40479],[37.18845,48.41024],[37.18998,48.41406],[37.22282,48.41698],[37.22361,48.41961],[37.21987,48.42936],[37.21987,48.4323],[37.2294,48.43742],[37.22824,48.44317],[37.24064,48.44428],[37.23949,48.45261],[37.24425,48.45557],[37.24547,48.4597],[37.26452,48.46448],[37.27512,48.46974],[37.28096,48.4723],[37.2934,48.4758],[37.29984,48.47643],[37.30203,48.47609],[37.30237,48.47674],[37.30383,48.47734],[37.30636,48.47586],[37.31194,48.47424],[37.31782,48.47454],[37.33167,48.47275],[37.34086,48.47457],[37.35043,48.47488],[37.36526,48.47299],[37.36724,48.48177],[37.36908,48.48572],[37.37243,48.49058],[37.38061,48.49678],[37.3853,48.49682],[37.41564,48.49342],[37.43616,48.48918],[37.43892,48.48991],[37.44118,48.48711],[37.44628,48.48516],[37.45686,48.48241],[37.45961,48.47792],[37.46313,48.47115],[37.46422,48.46642],[37.47141,48.4659],[37.47385,48.4651],[37.47226,48.46227],[37.47247,48.4609],[37.47367,48.45985],[37.47346,48.45922],[37.47708,48.45098],[37.47899,48.45026],[37.49826,48.44876],[37.49904,48.45039],[37.50714,48.44994],[37.50894,48.45066],[37.51263,48.44931],[37.5228,48.44794],[37.53047,48.44584],[37.53832,48.44715],[37.54712,48.44573],[37.55163,48.44388],[37.55841,48.44351],[37.57254,48.44523],[37.58599,48.44722],[37.58533,48.44977],[37.58695,48.44992],[37.59716,48.44958],[37.60348,48.45133],[37.60541,48.45234],[37.60683,48.45673],[37.6091,48.45721],[37.61,48.45919],[37.61125,48.45932],[37.61541,48.45727],[37.62318,48.45815],[37.62416,48.46191],[37.62712,48.46384],[37.62858,48.46677],[37.6268,48.47672],[37.61681,48.48763],[37.61132,48.49258],[37.61261,48.49474],[37.61311,48.49609],[37.62108,48.49972],[37.62271,48.51866],[37.62405,48.52419],[37.63671,48.52569],[37.64568,48.52481],[37.64929,48.5106],[37.66187,48.50463],[37.67721,48.49911],[37.67874,48.49895],[37.68616,48.49632],[37.68707,48.4922],[37.68819,48.49178],[37.68832,48.4914],[37.68921,48.49113],[37.69365,48.48697],[37.70097,48.49075],[37.70389,48.49018],[37.70595,48.48879],[37.70951,48.48596],[37.71235,48.48462],[37.71454,48.48502],[37.71737,48.48653],[37.72036,48.48911],[37.72334,48.49086],[37.72557,48.49241],[37.72626,48.4936],[37.72921,48.49572],[37.73187,48.4963],[37.73342,48.49557],[37.73709,48.49439],[37.73815,48.49628],[37.73987,48.49665],[37.74188,48.49392],[37.74292,48.4909],[37.74758,48.4867],[37.75264,48.4848],[37.75704,48.48564],[37.75922,48.4837],[37.76197,48.48336],[37.77898,48.49089],[37.78081,48.49235],[37.77454,48.49524],[37.77237,48.49769],[37.769,48.49985],[37.76978,48.50445],[37.77141,48.50791],[37.77138,48.51208],[37.77035,48.51566],[37.76716,48.52133],[37.76999,48.52228],[37.76685,48.52723],[37.76453,48.52817],[37.76162,48.53023],[37.76028,48.53235],[37.75647,48.53402],[37.75347,48.53339],[37.74666,48.53231],[37.74725,48.5348],[37.75358,48.5396],[37.76781,48.54338],[37.78899,48.54633],[37.79606,48.55042],[37.79632,48.558],[37.79369,48.55914],[37.7894,48.5586],[37.78679,48.55898],[37.78706,48.56012],[37.78807,48.56073],[37.78942,48.56118],[37.79044,48.56176],[37.79029,48.56242],[37.79216,48.56282],[37.79176,48.56389],[37.80345,48.56437],[37.80315,48.56586],[37.80281,48.56976],[37.80319,48.57236],[37.80772,48.57297],[37.81141,48.5729],[37.81942,48.57537],[37.81766,48.5776],[37.81967,48.5813],[37.81909,48.58255],[37.81653,48.58402],[37.81529,48.58656],[37.81405,48.5878],[37.81422,48.58878],[37.80946,48.589],[37.80899,48.59168],[37.7841,48.58913],[37.78326,48.59449],[37.78628,48.5948],[37.79331,48.59676],[37.79294,48.60062],[37.7823,48.59972],[37.77867,48.62021],[37.7924,48.62163],[37.80045,48.63065],[37.79981,48.63737],[37.79396,48.63926],[37.79191,48.64128],[37.7902,48.64363],[37.78642,48.65157],[37.78706,48.65284],[37.78719,48.655],[37.78567,48.6562],[37.78344,48.66596],[37.78224,48.67338],[37.785,48.67492],[37.79571,48.67999],[37.79622,48.68852],[37.78648,48.68926],[37.78674,48.69113],[37.79498,48.69059],[37.79742,48.69308],[37.80359,48.69373],[37.80552,48.70163],[37.81137,48.71084],[37.80958,48.71169],[37.8075,48.71578],[37.79959,48.72027],[37.79761,48.72273],[37.80803,48.72447],[37.81155,48.72872],[37.811,48.7304],[37.81122,48.73253],[37.81292,48.73448],[37.81723,48.7374],[37.81167,48.73939],[37.81407,48.74233],[37.8216,48.73972],[37.84418,48.73075],[37.84543,48.73312],[37.84532,48.73521],[37.85272,48.7394],[37.84725,48.7446],[37.84746,48.74615],[37.85098,48.74814],[37.85622,48.75002],[37.85492,48.75171],[37.85273,48.75109],[37.85153,48.75126],[37.84698,48.75032],[37.83539,48.75143],[37.82523,48.75642],[37.81845,48.76191],[37.83591,48.77845],[37.83682,48.77825],[37.84235,48.77777],[37.84849,48.77511],[37.87119,48.77641],[37.87226,48.78197],[37.88022,48.78213],[37.89375,48.77827],[37.90278,48.77065],[37.91985,48.78545],[37.92103,48.79504],[37.93437,48.7966],[37.93153,48.81126],[37.91637,48.81015],[37.91443,48.81359],[37.90959,48.83394],[37.89378,48.82769],[37.86701,48.82142],[37.8623,48.82018],[37.85766,48.81964],[37.85788,48.82817],[37.85564,48.83199],[37.84569,48.83199],[37.84011,48.83312],[37.84037,48.83718],[37.84886,48.83679],[37.86054,48.8391],[37.87092,48.83868],[37.87426,48.84311],[37.8737,48.84644],[37.88048,48.84707],[37.89121,48.84707],[37.89516,48.85153],[37.90487,48.85145],[37.90771,48.85352],[37.90993,48.85939],[37.90975,48.86279],[37.90576,48.86282],[37.90486,48.86351],[37.90072,48.86328],[37.8982,48.86265],[37.89587,48.86241],[37.89363,48.86307],[37.89271,48.86406],[37.89271,48.86478],[37.89599,48.86485],[37.90602,48.86697],[37.9064,48.87025],[37.90411,48.87179],[37.89936,48.87583],[37.89915,48.87754],[37.90114,48.87827],[37.90335,48.87745],[37.90475,48.87731],[37.90574,48.87742],[37.90896,48.87836],[37.90966,48.87939],[37.91164,48.87958],[37.91391,48.87899],[37.91559,48.87923],[37.91893,48.88047],[37.92171,48.88191],[37.92258,48.88285],[37.92403,48.88341],[37.9268,48.88546],[37.92697,48.88605],[37.92976,48.88885],[37.93144,48.89105],[37.93187,48.89251],[37.93148,48.89321],[37.9316,48.89387],[37.93255,48.89528],[37.93285,48.89852],[37.93366,48.89993],[37.93091,48.90077],[37.93156,48.90213],[37.93937,48.90777],[37.94529,48.91127],[37.95147,48.91823],[37.95415,48.92235],[37.95381,48.92572],[37.95445,48.93027],[37.95702,48.93243],[37.95896,48.93356],[37.96119,48.9345],[37.96516,48.93678],[37.96575,48.93744],[37.966,48.94164],[37.96515,48.94257],[37.95701,48.94412],[37.9557,48.94529],[37.95407,48.94584],[37.95238,48.94724],[37.94929,48.94292],[37.93397,48.9436],[37.93167,48.93756],[37.93133,48.9313],[37.92789,48.9273],[37.92626,48.92511],[37.92664,48.92124],[37.92442,48.91715],[37.92198,48.91205],[37.92039,48.90993],[37.90645,48.91746],[37.90944,48.93081],[37.90984,48.93364],[37.88934,48.93533],[37.88822,48.93993],[37.88007,48.94145],[37.87732,48.9459],[37.88122,48.95081],[37.92485,48.96132],[37.92704,48.96298],[37.92579,48.96538],[37.96712,48.96611],[37.9687,48.97201],[37.9687,48.97371],[37.96752,48.97598],[37.96743,48.97717],[37.96696,48.97841],[37.96914,48.97935],[37.97235,48.98575],[37.97743,48.9869],[37.97732,48.9883],[37.97777,48.98957],[37.97327,48.99335],[37.96391,49.00492],[37.95879,49.00519],[37.9562,49.00562],[37.95365,49.00814],[37.94494,49.00855],[37.94491,49.01286],[37.94461,49.0191],[37.94614,49.01914],[37.94618,49.02166],[37.95017,49.02158],[37.95453,49.02393],[37.95727,49.02596],[37.95684,49.02757],[37.95748,49.02841],[37.95998,49.02962],[37.96524,49.03427],[37.96052,49.04432],[37.96628,49.0482],[37.96748,49.05417],[37.96486,49.06101],[37.95534,49.06046],[37.95396,49.06104],[37.95297,49.06665],[37.9534,49.06798],[37.95254,49.06879],[37.94206,49.07206],[37.94242,49.0799],[37.9504,49.09471],[37.94949,49.09544],[37.94655,49.09633],[37.94103,49.09585],[37.93652,49.09233],[37.93267,49.08672],[37.93314,49.08451],[37.93269,49.08361],[37.93385,49.0823],[37.93492,49.08167],[37.9353,49.08092],[37.9256,49.07793],[37.92062,49.07994],[37.90701,49.08425],[37.89935,49.08773],[37.89454,49.09228],[37.8994,49.10251],[37.89565,49.10675],[37.90941,49.11059],[37.91562,49.11405],[37.91779,49.11734],[37.91899,49.12108],[37.92569,49.13642],[37.92571,49.14342],[37.92796,49.15674],[37.9261,49.16107],[37.92102,49.165],[37.92545,49.17662],[37.92416,49.18068],[37.92476,49.18646],[37.93034,49.19083],[37.9352,49.19214],[37.93403,49.19576],[37.93532,49.20074],[37.93454,49.21167],[37.9282,49.21948],[37.92713,49.22217],[37.92476,49.22328],[37.92235,49.22547],[37.92179,49.22658],[37.92535,49.22819],[37.92634,49.23144],[37.92359,49.23346],[37.92457,49.23509],[37.9225,49.23885],[37.93149,49.24044],[37.93918,49.23733],[37.94751,49.23654],[37.958,49.23464],[37.96122,49.23509],[37.96187,49.23842],[37.96345,49.2396],[37.9665,49.23994],[37.9698,49.23977],[37.97916,49.24123],[37.98096,49.24333],[37.98045,49.24568],[37.98324,49.24731],[37.98405,49.24865],[37.98366,49.25168],[37.98697,49.25123],[37.98851,49.25196],[37.99163,49.25085],[37.9951,49.25126],[38.00012,49.25455],[38.00543,49.25484],[38.00909,49.25751],[38.00909,49.2681],[38.01423,49.28562],[38.01295,49.2873],[38.00196,49.28914],[37.99887,49.28682],[37.9975,49.28629],[37.99789,49.28289],[37.98691,49.28346],[37.98614,49.28299],[37.98502,49.28115],[37.98363,49.28074],[37.97884,49.28262],[37.96952,49.28776],[37.97394,49.28849],[37.97922,49.28832],[37.97888,49.29182],[37.97374,49.29213],[37.96953,49.29328],[37.97133,49.29577],[37.97028,49.29921],[37.96505,49.29929],[37.96481,49.29988],[37.97007,49.30008],[37.96981,49.31253],[37.96771,49.31222],[37.96575,49.31497],[37.96374,49.3162],[37.96271,49.31772],[37.96463,49.3207],[37.96618,49.32118],[37.96631,49.32884],[37.96918,49.32922],[37.96776,49.33201],[37.96464,49.33507],[37.95749,49.33503],[37.95006,49.33972],[37.9494,49.34166],[37.94828,49.34261],[37.94386,49.34832],[37.95308,49.35111],[37.95505,49.35399],[37.95482,49.35527],[37.95403,49.35623],[37.95437,49.35964],[37.94989,49.36244],[37.93903,49.37741],[37.93328,49.3809],[37.92427,49.37951],[37.91976,49.37942],[37.91915,49.38453],[37.91185,49.3852],[37.90653,49.3845],[37.89361,49.38475],[37.89344,49.38338],[37.88614,49.37975],[37.877,49.37808],[37.87486,49.37794],[37.86022,49.38028],[37.85027,49.38056],[37.85285,49.39408],[37.82354,49.39549],[37.82221,49.39103],[37.82103,49.39014],[37.81873,49.39139],[37.80191,49.3971],[37.76912,49.40916],[37.76716,49.40117],[37.76572,49.39913],[37.73552,49.40796],[37.73761,49.41042],[37.7375,49.41131],[37.738,49.41253],[37.7301,49.41507],[37.72778,49.41443],[37.72405,49.41413],[37.72281,49.41201],[37.72152,49.41245],[37.72336,49.41731],[37.69754,49.41767],[37.69501,49.4139],[37.69037,49.41407],[37.6796,49.41275],[37.67673,49.41337],[37.67545,49.41508],[37.67541,49.41767],[37.67734,49.4203],[37.6855,49.42382],[37.69571,49.42677],[37.69785,49.42839],[37.70419,49.42998],[37.71155,49.4316],[37.71165,49.43764],[37.70987,49.43812],[37.70908,49.43907],[37.72113,49.44198],[37.7256,49.44461],[37.73732,49.44854],[37.74053,49.45007],[37.74958,49.45231],[37.75061,49.45205],[37.75315,49.45417],[37.75765,49.45721],[37.76697,49.45644],[37.76802,49.46741],[37.77689,49.4812],[37.74298,49.49047],[37.74843,49.50052],[37.75048,49.50557],[37.75017,49.51078],[37.74145,49.51064],[37.73163,49.51073],[37.7297,49.51148],[37.72745,49.51533],[37.72554,49.51592],[37.72522,49.52104],[37.71256,49.52324],[37.71063,49.52179],[37.70901,49.51746],[37.70771,49.50966],[37.70309,49.51],[37.69818,49.51217],[37.70024,49.51481],[37.70103,49.5183],[37.69991,49.5256],[37.69704,49.52633],[37.69346,49.52644],[37.69312,49.52693],[37.69477,49.52958],[37.69715,49.53289],[37.69849,49.53405],[37.69814,49.53592],[37.6972,49.53715],[37.69788,49.5381],[37.69784,49.53927],[37.6969,49.53966],[37.69694,49.54088],[37.69827,49.54236],[37.69986,49.54236],[37.70106,49.54333],[37.70166,49.54467],[37.70063,49.54556],[37.70024,49.54709],[37.70153,49.54924],[37.70119,49.55202],[37.7019,49.55374],[37.70693,49.5573],[37.71113,49.55775],[37.71517,49.55672],[37.71847,49.55653],[37.72923,49.55207],[37.72992,49.55111],[37.73937,49.54928],[37.74084,49.54864],[37.74636,49.54867],[37.74845,49.54971],[37.75324,49.55141],[37.76148,49.55224],[37.76555,49.55518],[37.76646,49.5585],[37.76282,49.56148],[37.76138,49.57105],[37.77292,49.57317],[37.77254,49.57489],[37.79524,49.57947],[37.80248,49.5813],[37.80637,49.58457],[37.82105,49.59565],[37.82118,49.59984],[37.80569,49.59992],[37.79493,49.59935],[37.78995,49.59835],[37.78643,49.5988],[37.78926,49.6043],[37.81604,49.60717],[37.8158,49.61467],[37.81155,49.62392],[37.80032,49.62691],[37.79529,49.63759],[37.77829,49.64026],[37.77903,49.65143],[37.77329,49.65351],[37.76801,49.65476],[37.74829,49.65505],[37.73405,49.654],[37.72727,49.65199],[37.725,49.64233],[37.71256,49.64208],[37.71325,49.65045],[37.71676,49.65316],[37.71786,49.65642],[37.7157,49.65666],[37.71569,49.65746],[37.71548,49.65813],[37.7129,49.65875],[37.71277,49.66559],[37.71681,49.66587],[37.72715,49.66833],[37.72933,49.67004],[37.73997,49.67027],[37.76728,49.66729],[37.7783,49.67249],[37.78048,49.6782],[37.77986,49.6859],[37.77677,49.68641],[37.77402,49.68934],[37.77368,49.69283],[37.77318,49.69554],[37.77092,49.6977],[37.76943,49.70126],[37.76922,49.70282],[37.7684,49.70377],[37.76875,49.70597],[37.77181,49.70651],[37.77622,49.71555],[37.77924,49.71625],[37.78065,49.71824],[37.78348,49.71969],[37.78136,49.73178],[37.76162,49.73677],[37.75244,49.74055],[37.74274,49.7421],[37.73219,49.74026],[37.72937,49.7383],[37.72653,49.73826],[37.7247,49.73754],[37.72105,49.73652],[37.71416,49.73659],[37.7106,49.74141],[37.69005,49.74584],[37.67832,49.74894],[37.67152,49.7522],[37.6674,49.75173],[37.66075,49.75134],[37.65598,49.75189],[37.65015,49.75508],[37.64495,49.76002],[37.64573,49.7616],[37.64697,49.76329],[37.64716,49.76597],[37.64079,49.77368],[37.63433,49.77356],[37.6327,49.77551],[37.63083,49.77701],[37.63017,49.77795],[37.63088,49.77874],[37.6283,49.77927],[37.62347,49.77924],[37.6222,49.78922],[37.62256,49.79059],[37.62695,49.79516],[37.62934,49.80061],[37.62814,49.80365],[37.62655,49.80476],[37.62569,49.80753],[37.62351,49.80932],[37.62119,49.80987],[37.62461,49.81492],[37.62939,49.81656],[37.63415,49.82264],[37.63536,49.82168],[37.63633,49.81994],[37.63898,49.8179],[37.64751,49.81515],[37.65777,49.81318],[37.66143,49.80857],[37.66588,49.80877],[37.67041,49.81255],[37.67318,49.81567],[37.67049,49.81897],[37.66868,49.82063],[37.66907,49.82881],[37.66749,49.83383],[37.66402,49.8375],[37.66911,49.83989],[37.66751,49.84196],[37.6645,49.84708],[37.66884,49.84904],[37.67095,49.85392],[37.65879,49.85728],[37.65965,49.86018],[37.65442,49.86047],[37.65298,49.86327],[37.65439,49.86929],[37.65478,49.87255],[37.65036,49.88229],[37.6501,49.88762],[37.65126,49.88986],[37.65422,49.88948],[37.66227,49.8774],[37.67014,49.87569],[37.67417,49.87706],[37.68797,49.88556],[37.69472,49.88751],[37.69409,49.89147],[37.69457,49.8909],[37.6965,49.89045],[37.69918,49.89046],[37.70161,49.8912],[37.70715,49.89347],[37.70801,49.89253],[37.73513,49.90147],[37.73563,49.90054],[37.73553,49.89671],[37.73786,49.89658],[37.73948,49.89567],[37.74287,49.89629],[37.74305,49.8977],[37.74377,49.89871],[37.74412,49.90036],[37.74568,49.90217],[37.74802,49.9033],[37.74835,49.90579],[37.74787,49.90761],[37.75029,49.90891],[37.75111,49.91145],[37.74562,49.91314],[37.74639,49.91499],[37.75072,49.91662],[37.7572,49.91615],[37.77197,49.9138],[37.77568,49.91305],[37.7825,49.92837],[37.76801,49.93557],[37.75229,49.93993],[37.75226,49.95439],[37.73371,49.95585],[37.72676,49.96088],[37.72916,49.96254],[37.74109,49.9663],[37.74486,49.9697],[37.7525,49.97139],[37.76306,49.96923],[37.76675,49.97778],[37.77465,49.98165],[37.77456,49.98823],[37.77858,49.99248],[37.78065,49.99545],[37.78044,49.99874],[37.77921,50.00497],[37.77796,50.00671],[37.77888,50.0125],[37.77448,50.01638],[37.77736,50.02237],[37.76991,50.0263],[37.76735,50.02987],[37.76309,50.03932],[37.76249,50.04957],[37.76863,50.0554],[37.76717,50.05832],[37.75893,50.06361],[37.75859,50.06598],[37.76237,50.06614],[37.76208,50.06853],[37.74939,50.07017],[37.73919,50.07044],[37.73277,50.07388],[37.73362,50.081],[37.72415,50.08268],[37.72044,50.0845],[37.71772,50.08528],[37.71113,50.08602],[37.70851,50.08732],[37.70776,50.09095],[37.70403,50.09262],[37.70042,50.09347],[37.69871,50.09456],[37.68598,50.0914],[37.67514,50.09054],[37.67381,50.08677],[37.67254,50.08619],[37.67206,50.08666],[37.67194,50.09257],[37.66915,50.09308],[37.66449,50.09989],[37.66697,50.10194],[37.66644,50.10796],[37.66769,50.10986],[37.66813,50.11195],[37.66542,50.11278],[37.65959,50.11556],[37.65663,50.1165],[37.65371,50.11707],[37.65152,50.1185],[37.65131,50.1198],[37.65262,50.12249],[37.6538,50.12324],[37.65653,50.12858],[37.65868,50.12974],[37.66112,50.13343],[37.66268,50.13781],[37.66509,50.13923],[37.65326,50.14448],[37.64944,50.14335],[37.64841,50.14335],[37.64575,50.14297],[37.63532,50.14033],[37.6309,50.13862],[37.6264,50.13815],[37.61825,50.1386],[37.61476,50.14259],[37.61005,50.1474],[37.60391,50.14817],[37.60296,50.15125],[37.60485,50.15944],[37.61472,50.16511],[37.61823,50.16549],[37.62715,50.16733],[37.63297,50.17565],[37.63333,50.17652],[37.63912,50.18073],[37.66741,50.15433],[37.70803,50.13408],[37.71458,50.11767],[37.73348,50.10391],[37.75616,50.0799],[37.79052,50.08562],[37.8614,50.05551],[37.89613,50.05059],[37.90661,50.04519],[37.92488,50.03634],[37.93443,50.02067],[37.93804,50.01555],[37.96471,49.97997],[37.98004,49.97694],[37.99936,49.96336],[38.00537,49.96711],[38.04395,49.93277],[38.01691,49.92451],[38.01957,49.92101],[38.01245,49.91851],[38.02618,49.90625],[38.03622,49.90423],[38.04609,49.91541],[38.05751,49.92349],[38.12503,49.94243],[38.12885,49.93065],[38.12675,49.92245],[38.17095,49.94186],[38.16255,49.95151],[38.19786,49.96215],[38.19574,49.96655],[38.19585,49.96952],[38.21698,49.97876],[38.19154,50.01293],[38.17854,50.08011],[38.25469,50.07282],[38.27659,50.07389],[38.29121,50.07955],[38.30124,50.08734],[38.31306,50.08836],[38.3295,50.08534],[38.33333,50.05856],[38.34968,50.03785],[38.35125,50.00676],[38.41595,49.98271],[38.43687,50.0017],[38.46702,49.99467],[38.48776,49.96542],[38.52771,49.95824],[38.58151,49.97831],[38.61871,49.97598],[38.64766,49.95685],[38.66494,49.97128],[38.6781,49.97334],[38.67603,50.00659],[38.69385,50.00508],[38.717,49.98262],[38.68599,49.96124],[38.69345,49.93633],[38.72482,49.92804],[38.73763,49.9003],[38.81671,49.88186],[38.84485,49.86687],[38.8997,49.87049],[38.91361,49.85733],[38.91806,49.81695],[38.92763,49.7978],[39.0293,49.82201],[39.06645,49.81605],[39.10998,49.83927],[39.13019,49.86247],[39.18083,49.8888],[39.2259,49.84263],[39.23675,49.80291],[39.28429,49.75776],[39.3779,49.73899],[39.44214,49.7615],[39.48346,49.75631],[39.53987,49.73957],[39.61009,49.73355],[39.59124,49.71926],[39.6129,49.69131],[39.63593,49.64474],[39.63845,49.63336],[39.65929,49.61556],[39.68606,49.61261],[39.69738,49.60455],[39.71145,49.60716],[39.75395,49.59624],[39.80741,49.55792],[39.83941,49.56356],[39.86639,49.55948],[39.89269,49.55984],[39.93417,49.57293],[39.95124,49.59732],[40.05606,49.60748],[40.06316,49.59917],[40.13481,49.61711],[40.13911,49.59585],[40.16743,49.56881],[40.03711,49.51973],[40.04284,49.4987],[40.02829,49.45442],[40.05382,49.43979],[40.07824,49.40948],[40.11225,49.38585],[40.15106,49.37546],[40.19533,49.34583],[40.18615,49.2851],[40.2202,49.26199],[40.21621,49.24579],[40.17977,49.23669],[40.13235,49.23655],[40.07535,49.18601],[40.02947,49.17942],[39.93721,49.08402],[39.94118,49.06322],[39.93349,49.05765],[39.90902,49.05817],[39.88043,49.06453],[39.81751,49.0576],[39.80734,49.06043],[39.76698,49.0403],[39.73982,49.04207],[39.69138,49.05013],[39.67591,49.03163],[39.6776,49.01358],[39.66419,49.00026],[39.67699,48.9896],[39.69108,48.99624],[39.69745,49.0009],[39.72833,48.97991],[39.75232,48.98686],[39.78966,48.93507],[39.77603,48.92361],[39.78747,48.91382],[39.80246,48.91512],[39.81928,48.90502],[39.81738,48.89624],[39.83104,48.88598],[39.83828,48.90422],[39.85547,48.89014],[39.9255,48.89623],[39.93868,48.88634],[39.94499,48.87735],[39.99266,48.86925],[40.00149,48.90265],[40.03285,48.91524],[40.0557,48.91062],[40.07044,48.87883],[40.07934,48.86984],[39.97639,48.79398],[39.94383,48.79905],[39.8886,48.81992],[39.80207,48.84316],[39.7681,48.76566],[39.74521,48.77262],[39.707,48.71135],[39.71825,48.68178],[39.65885,48.606],[39.67776,48.59648],[39.83254,48.58111],[39.86228,48.5447],[39.86315,48.50102],[39.84675,48.50056],[39.84684,48.47007],[39.89505,48.44731],[39.94466,48.34852],[39.88783,48.33619],[39.84338,48.33114],[39.8422,48.31195],[39.8883,48.30739],[39.90997,48.29139],[39.91515,48.27357],[39.99136,48.31738],[40.02017,48.25795],[40.0037,48.2239],[39.94332,48.22929],[39.93995,48.18437],[39.90478,48.17705],[39.9067,48.15049],[39.87401,48.1152],[39.86744,48.08082],[39.83546,48.06663],[39.88451,48.04968],[39.87346,48.04121],[39.77864,48.04006],[39.79032,48.01331],[39.81571,47.9985],[39.8239,47.95235],[39.80518,47.94971],[39.79196,47.91672],[39.793,47.87097],[39.76384,47.86943],[39.76353,47.85221],[39.73795,47.82919],[39.57153,47.83583],[39.52087,47.82677],[39.47091,47.85996],[39.41545,47.83323],[39.38532,47.87009],[39.23977,47.86594],[39.23019,47.85436],[39.11383,47.84344],[39.10738,47.85251],[39.08306,47.85236],[39.07838,47.86865],[38.86186,47.86635],[38.83794,47.86278],[38.82365,47.81774],[38.79096,47.81522],[38.78922,47.73797],[38.76966,47.68566],[38.73607,47.67922],[38.73339,47.69867],[38.6662,47.69966],[38.66506,47.67019],[38.6296,47.66984],[38.62904,47.65209],[38.61613,47.64451],[38.45738,47.64283],[38.45524,47.61704],[38.35326,47.61377],[38.35057,47.57638],[38.30942,47.57436],[38.31219,47.54554],[38.29163,47.54176],[38.3029,47.39599],[38.24218,47.36164],[38.22135,47.3068],[38.33537,47.30623],[38.32624,47.25713],[38.2877,47.25681],[38.28487,47.24064],[38.24199,47.23095],[38.22638,47.11924],[38.18613,47.09533],[38.16464,47.07121],[38.13494,47.05035],[38.13175,47.06819],[38.12032,47.08602],[38.09057,47.10485],[38.07751,47.10958],[38.05895,47.11104],[38.03307,47.09051],[37.99818,47.09913],[37.9809,47.09876],[37.97158,47.09426],[37.98491,47.08975],[37.98296,47.08711],[37.97116,47.08914],[37.90029,47.1115],[37.88781,47.11143],[37.88346,47.11022],[37.88083,47.10808],[37.8687,47.10789],[37.86019,47.10696],[37.8479,47.10346],[37.82916,47.09669],[37.81984,47.09133],[37.81127,47.08981],[37.79265,47.08493],[37.70523,47.08046],[37.68278,47.08126],[37.67663,47.08283],[37.67168,47.08522],[37.63011,47.09513],[37.62674,47.09441],[37.62667,47.09373],[37.62019,47.08757],[37.60898,47.08408],[37.60783,47.08428],[37.60752,47.08446],[37.60725,47.08489],[37.60622,47.08939],[37.60603,47.08947],[37.60574,47.0883],[37.60501,47.08741],[37.60328,47.08654],[37.60225,47.08635],[37.59523,47.08627],[37.59339,47.08656],[37.59276,47.08711],[37.59223,47.08713],[37.59475,47.08346],[37.59521,47.08263],[37.59524,47.08181],[37.59449,47.08089],[37.5938,47.08049],[37.5879,47.07871],[37.58582,47.07887],[37.58504,47.07928],[37.5838,47.08099],[37.58075,47.08176],[37.57341,47.08573],[37.54798,47.08295],[37.53716,47.08115],[37.52891,47.07841],[37.49579,47.043],[37.49061,47.04334],[37.47188,47.02689],[37.45597,47.00597],[37.43807,46.9868],[37.4168,46.96764],[37.39347,46.95014],[37.35389,46.90866],[37.33815,46.89254],[37.33042,46.88514],[37.31634,46.87481],[37.31125,46.87217],[37.30723,46.87034],[37.30149,46.86857],[37.29642,46.8677],[37.29276,46.86777],[37.29227,46.86799],[37.29178,46.86881],[37.29189,46.86952],[37.29224,46.86998],[37.29287,46.87024],[37.29653,46.87069],[37.29847,46.87153],[37.29948,46.87179],[37.30037,46.87288],[37.30322,46.87472],[37.30668,46.87743],[37.30821,46.87795],[37.30963,46.87989],[37.31055,46.88013],[37.31218,46.88107],[37.31269,46.88105],[37.31481,46.87913],[37.31539,46.87921],[37.31678,46.87987],[37.31872,46.88178],[37.32058,46.88403],[37.32156,46.88448],[37.32278,46.88457],[37.3234,46.88551],[37.32412,46.88777],[37.3257,46.88986],[37.32551,46.89243],[37.32481,46.89614],[37.32143,46.90287],[37.31681,46.91431],[37.30542,46.9243],[37.27855,46.93881],[37.23536,46.9507],[37.2062,46.93453],[37.19283,46.93383],[37.16231,46.91344],[37.12888,46.90874],[37.07841,46.88843],[37.0625,46.88372],[37.03286,46.87075],[37.00929,46.86978],[36.98881,46.86458],[36.92002,46.82572],[36.90072,46.81131],[36.86764,46.76986],[36.83108,46.7021],[36.81813,46.72352],[36.81139,46.7312],[36.80053,46.74088],[36.78841,46.74907],[36.77371,46.75643],[36.76754,46.76063],[36.75983,46.76458],[36.72912,46.77708],[36.71946,46.77961],[36.70979,46.78061],[36.69659,46.78071],[36.68647,46.77963],[36.67772,46.77985],[36.66048,46.781],[36.64191,46.78127],[36.6193,46.77943],[36.60833,46.77707],[36.60131,46.77424],[36.601,46.77257],[36.58082,46.76547],[36.56518,46.7616],[36.53512,46.75822],[36.42083,46.72893],[36.38087,46.71268],[36.35621,46.69855],[36.3079,46.65331],[36.27621,46.61418],[36.26188,46.61783],[36.25228,46.63429],[36.23856,46.64627],[36.21951,46.66054],[36.1929,46.67081],[36.14644,46.66923],[36.12949,46.66277],[36.10464,46.6582],[36.04665,46.66825],[36.01919,46.66784],[35.98625,46.66177],[35.93649,46.66116],[35.89482,46.65253],[35.86612,46.6433],[35.82956,46.6237],[35.71548,46.57771],[35.64725,46.52117],[35.5907,46.4853],[35.56849,46.47586],[35.5437,46.47008],[35.53249,46.46671],[35.52367,46.46204],[35.51018,46.45646],[35.49601,46.45241],[35.48092,46.45072],[35.46206,46.44584],[35.44445,46.43561],[35.43989,46.44147],[35.48261,46.45625],[35.49286,46.4624],[35.49746,46.47046],[35.49415,46.47934],[35.48083,46.49157],[35.48299,46.49652],[35.47347,46.50195],[35.47161,46.4953],[35.47723,46.47959],[35.47803,46.47049],[35.4446,46.45807],[35.41664,46.47296],[35.41475,46.51054],[35.38091,46.53677],[35.36433,46.54186],[35.37281,46.5656],[35.37017,46.57732],[35.36135,46.58857],[35.38011,46.63514],[35.35954,46.64952],[35.35476,46.67663],[35.30078,46.72415],[35.28671,46.70838],[35.28224,46.69025],[35.2922,46.67235],[35.28808,46.66245],[35.28259,46.64148],[35.28156,46.6311],[35.29735,46.62733],[35.30181,46.61908],[35.2819,46.59549],[35.28327,46.57756],[35.29907,46.55915],[35.3025,46.49585],[35.31898,46.4741],[35.3334,46.44513],[35.36052,46.41862],[35.37332,46.39566],[35.37581,46.3811],[35.38531,46.38635],[35.40271,46.41646],[35.42596,46.42716],[35.43652,46.43951],[35.44233,46.43354],[35.37907,46.3766],[35.31135,46.30077],[35.3052,46.29701],[35.27759,46.26428],[35.27785,46.26422],[35.27054,46.25623],[35.26747,46.25097],[35.24715,46.23105],[35.19385,46.15855],[35.1618,46.1335],[35.13507,46.11992],[35.10561,46.10895],[35.08135,46.1059],[35.07179,46.1014],[35.00278,46.08135],[34.98186,46.07772],[34.99059,46.10516],[35.03188,46.13555],[35.08214,46.15401],[35.14074,46.16292],[35.21167,46.1864],[35.22272,46.20317],[35.22045,46.21246],[35.22588,46.2244],[35.23905,46.23137],[35.25299,46.24272],[35.27182,46.26485],[35.10291,46.30138],[35.07831,46.27941],[35.04711,46.26533],[35.001,46.25331],[34.89862,46.24124],[34.83201,46.20349],[34.8257,46.19375],[34.8218,46.1807],[34.82108,46.17193],[34.81736,46.16486],[34.81215,46.16098],[34.82256,46.14147],[34.82903,46.12208],[34.83465,46.08497],[34.85229,45.9942],[34.90135,45.8875],[34.95981,45.78269],[34.97354,45.76401],[35.0145,45.70675],[35.0879,45.61637],[35.18712,45.52977],[35.27233,45.44069],[35.36825,45.35636],[35.43527,45.31888],[35.47116,45.30109],[35.51114,45.28716],[35.53625,45.28705],[35.61159,45.31664],[35.71899,45.33542],[35.72808,45.35134],[35.74911,45.36172],[35.76466,45.37981],[35.74855,45.39188],[35.82791,45.44011],[35.82889,45.44722],[35.81956,45.45723],[35.83284,45.46905],[35.84698,45.47324],[35.86181,45.47165],[35.8719,45.46607],[35.86596,45.45726],[35.84628,45.44941],[35.8551,45.43313],[35.87559,45.41203],[35.9122,45.39195],[35.95292,45.37764],[35.99661,45.36989],[36.02103,45.37408],[36.0434,45.38262],[36.06788,45.40016],[36.07383,45.41143],[36.07174,45.41612],[36.0743,45.41968],[36.07515,45.42492],[36.07066,45.4313],[36.07166,45.43842],[36.0822,45.44687],[36.13915,45.46575],[36.19199,45.4716],[36.23973,45.47442],[36.28438,45.48108],[36.29592,45.48042],[36.30504,45.47522],[36.31518,45.47194],[36.32532,45.47012],[36.33786,45.47359],[36.34138,45.47819],[36.33975,45.48122],[36.34234,45.48223],[36.35812,45.47078],[36.36979,45.46871],[36.37904,45.46087],[36.39723,45.45153],[36.41678,45.44555],[36.42625,45.4456],[36.43469,45.44806],[36.43524,45.45027],[36.4429,45.45343],[36.44243,45.45561],[36.44712,45.45851],[36.46178,45.45559],[36.46991,45.45701],[36.47961,45.45512],[36.49309,45.45009],[36.53137,45.42631],[36.55694,45.42405],[36.56843,45.42902],[36.56663,45.43498],[36.571,45.43879],[36.57873,45.44036],[36.59623,45.43774],[36.60444,45.42896],[36.6135,45.42175],[36.61158,45.41622],[36.60639,45.41322],[36.61202,45.40528],[36.62788,45.39431],[36.6407,45.38974],[36.64683,45.38232],[36.64229,45.37853],[36.63953,45.37897],[36.63436,45.37699],[36.63083,45.37619],[36.62885,45.37417],[36.63038,45.36846],[36.59678,45.34736],[36.54372,45.34597],[36.4966,45.36456],[36.47967,45.35715],[36.47099,45.33718],[36.48384,45.30787],[36.43497,45.29631],[36.41658,45.28182],[36.41941,45.27265],[36.42734,45.26902],[36.42739,45.27768],[36.43665,45.2741],[36.43422,45.25937],[36.42047,45.24246],[36.41982,45.23968],[36.42191,45.2369],[36.4107,45.22651],[36.4019,45.21176],[36.40619,45.19254],[36.40361,45.17961],[36.40876,45.16915],[36.41596,45.16305],[36.429,45.12132],[36.45435,45.10227],[36.44794,45.08861],[36.37289,45.05894],[36.32096,45.05975],[36.27659,45.05471],[36.247,45.04772],[36.24662,45.04132],[36.2284,45.03006],[36.0392,45.05096],[36.00958,45.04487],[35.99301,45.03635],[35.98355,45.02424],[35.95128,45.01405],[35.91012,45.02052],[35.84257,44.99657],[35.79384,45.05193],[35.71477,45.10143],[35.61914,45.12662],[35.57816,45.1312],[35.53719,45.12656],[35.45806,45.10246],[35.40509,45.07009],[35.38138,45.03559],[35.41382,45.02271],[35.42805,45.01322],[35.38752,44.99743],[35.36365,44.99317],[35.3549,44.98163],[35.37086,44.95515],[35.38604,44.95502],[35.39298,44.9515],[35.38048,44.94784],[35.33749,44.96593],[35.26221,44.96796],[35.24764,44.95334],[35.25162,44.94017],[35.23881,44.91646],[35.16558,44.89976],[35.14037,44.86943],[35.13029,44.82256],[35.08202,44.79451],[35.04775,44.80156],[35.04984,44.81628],[35.02858,44.83003],[34.96892,44.83971],[34.94012,44.83415],[34.90377,44.81932],[34.85306,44.81594],[34.80647,44.81936],[34.75851,44.81496],[34.63272,44.78071],[34.49395,44.72937],[34.41991,44.68087],[34.34226,44.54763],[34.25983,44.51042],[34.16376,44.49081],[34.11996,44.43],[33.9778,44.39247],[33.86,44.40442],[33.75319,44.38879],[33.65208,44.42412],[33.64194,44.44072],[33.64202,44.45454],[33.63107,44.4786],[33.61599,44.48795],[33.59915,44.49339],[33.58763,44.49025],[33.57832,44.49157],[33.55009,44.48832],[33.52417,44.50048],[33.50024,44.50435],[33.48799,44.49842],[33.46462,44.52726],[33.41825,44.55],[33.39932,44.56343],[33.3795,44.58382],[33.4025,44.5897],[33.40233,44.57136],[33.40866,44.57732],[33.41156,44.56469],[33.41598,44.58688],[33.42744,44.57349],[33.43546,44.57135],[33.42688,44.58272],[33.4231,44.59605],[33.43637,44.60547],[33.49794,44.61653],[33.5517,44.61631],[33.58692,44.6112],[33.5887,44.61611],[33.58089,44.61759],[33.57377,44.62011],[33.56824,44.62021],[33.56408,44.62074],[33.56517,44.62284],[33.56157,44.62539],[33.55502,44.62373],[33.55248,44.62394],[33.55116,44.62617],[33.5514,44.62881],[33.55074,44.62888],[33.55015,44.62613],[33.54849,44.62433],[33.54363,44.62359],[33.53629,44.62334],[33.53575,44.62394],[33.53698,44.62484],[33.5366,44.62615],[33.53484,44.6267],[33.53254,44.62585],[33.53198,44.62697],[33.53109,44.6275],[33.52908,44.62754],[33.52846,44.62695],[33.52719,44.62728],[33.52571,44.62714],[33.52568,44.62758],[33.52444,44.62878],[33.52351,44.62925],[33.52215,44.6295],[33.52051,44.62909],[33.51983,44.628],[33.51915,44.628],[33.51843,44.62874],[33.51673,44.62929],[33.51596,44.62939],[33.51447,44.62913],[33.51323,44.62675],[33.51254,44.62623],[33.51207,44.62636],[33.51143,44.62666],[33.51187,44.62748],[33.51278,44.62839],[33.51238,44.63013],[33.51149,44.63117],[33.51036,44.63111],[33.51017,44.63147],[33.51396,44.63334],[33.51515,44.63516],[33.51825,44.63753],[33.51986,44.63781],[33.52093,44.6385],[33.52285,44.63829],[33.52396,44.63858],[33.52464,44.6381],[33.52658,44.63839],[33.52809,44.63889],[33.52933,44.63995],[33.53138,44.64039],[33.53422,44.64293],[33.53705,44.6471],[33.53918,44.6523],[33.54096,44.65446],[33.54369,44.66121],[33.54684,44.67797],[33.54838,44.6994],[33.54708,44.71022],[33.54853,44.72079],[33.5469,44.7311],[33.54505,44.73283],[33.54232,44.73998],[33.54096,44.74506],[33.54164,44.75549],[33.54112,44.76491],[33.53424,44.79163],[33.54176,44.80214],[33.551,44.81166],[33.5497,44.8398],[33.56096,44.84142],[33.57137,44.83756],[33.58049,44.841],[33.58749,44.84661],[33.59518,44.84785],[33.59982,44.85343],[33.60773,44.87131],[33.61256,44.90717],[33.61011,44.93948],[33.59804,44.97494],[33.59987,44.97784],[33.60479,44.9799],[33.60468,44.99359],[33.60095,45.0085],[33.58761,45.04016],[33.56368,45.08199],[33.53915,45.10897],[33.51083,45.13472],[33.48351,45.1543],[33.44793,45.17701],[33.40832,45.19581],[33.38762,45.19794],[33.37903,45.19586],[33.37576,45.19282],[33.37557,45.18553],[33.35187,45.17575],[33.34316,45.17346],[33.33136,45.17286],[33.32514,45.17474],[33.31241,45.17465],[33.30467,45.17334],[33.29892,45.17002],[33.29639,45.16551],[33.29558,45.16039],[33.28751,45.15422],[33.2834,45.14889],[33.27474,45.14635],[33.26632,45.14656],[33.25979,45.14794],[33.2543,45.15065],[33.23588,45.1681],[33.22706,45.1741],[33.20946,45.1814],[33.20136,45.18343],[33.19464,45.18413],[33.1886,45.18362],[33.1489,45.20282],[33.14298,45.20902],[33.143,45.21099],[33.13993,45.21671],[33.13378,45.22187],[33.10733,45.23486],[33.0899,45.25563],[33.06147,45.27833],[33.0128,45.30777],[33.02892,45.34045],[33.06249,45.36625],[33.06206,45.37168],[33.0764,45.37747],[33.08833,45.37199],[33.10129,45.37512],[33.11734,45.39237],[33.12901,45.39791],[33.13064,45.40653],[33.12043,45.40189],[33.10713,45.39357],[33.08906,45.38718],[33.06792,45.38672],[33.05254,45.38062],[33.04387,45.36812],[32.95778,45.35018],[32.86707,45.36673],[32.74051,45.3602],[32.6525,45.31497],[32.49111,45.34768],[32.52435,45.37702],[32.47243,45.39285],[32.55086,45.46576],[32.70102,45.52605],[32.90041,45.63673],[33.19977,45.75551],[33.30594,45.76768],[33.48375,45.84863],[33.53837,45.83375],[33.56569,45.8703],[33.60952,45.88771],[33.68481,45.84745],[33.67611,45.89998],[33.68596,45.91188],[33.6957,45.90723],[33.73017,45.92742],[33.75915,45.93065],[33.75448,45.9377],[33.75228,45.95004],[33.65757,45.9549],[33.63942,45.94932],[33.63913,45.94327],[33.62275,45.94119],[33.6147,46.05392],[33.63847,46.08266],[33.61671,46.11941],[33.61303,46.13422],[33.59493,46.15521],[33.57624,46.15656],[33.56581,46.13888],[33.54645,46.135],[33.53808,46.1197],[33.51285,46.11653],[33.51372,46.10338],[33.54849,46.08443],[33.56127,46.07214],[33.51364,46.08176],[33.49486,46.07327],[33.48845,46.05669],[33.51361,46.02962],[33.48707,46.03123],[33.46086,46.04998],[33.44839,46.04108],[33.41795,46.03091],[33.32903,46.11344],[33.30926,46.07372],[33.28127,46.07496],[33.27859,46.09819],[33.29439,46.09371],[33.30744,46.09685],[33.30746,46.12313],[33.26629,46.13474],[33.21621,46.13083],[33.20185,46.10692],[33.21013,46.14107],[33.22526,46.15719],[33.21018,46.1695],[33.19302,46.17135],[33.18137,46.15512],[33.13198,46.12455],[33.08417,46.13495],[33.06712,46.15489],[33.02534,46.15484],[33.02786,46.13766],[33.01803,46.11763],[33.0423,46.11279],[32.89925,46.10693],[32.86362,46.11656],[32.82662,46.10904],[32.77117,46.11777],[32.68688,46.1017],[32.64037,46.10517],[32.59524,46.09624],[32.54599,46.07921],[32.54757,46.07264],[32.79684,46.03689],[32.86827,46.05873],[32.91358,46.03852],[32.94302,46.04683],[32.96032,46.03732],[32.98311,46.02924],[32.9971,46.03214],[33.01957,46.02507],[33.03362,46.02809],[33.08503,46.01217],[33.06376,46.01259],[33.02602,46.00584],[32.956,46.0122],[32.92169,46.01138],[32.80764,46.02514],[32.70291,46.04069],[32.66798,46.04852],[32.48208,46.07681],[32.45861,46.08173],[32.44403,46.08403],[32.39898,46.09296],[32.26986,46.12125],[32.22548,46.13213],[32.2377,46.14598],[32.23849,46.15201],[32.23447,46.16244],[32.19126,46.17633],[32.16387,46.20008],[32.1173,46.20892],[32.08526,46.22771],[32.04769,46.25693],[32.03089,46.24873],[31.97702,46.25713],[31.95405,46.26964],[31.94034,46.29133],[31.88818,46.30335],[31.89504,46.28247],[31.87341,46.26539],[31.86183,46.27192],[31.84917,46.26866],[31.77849,46.2661],[31.78154,46.27253],[31.77085,46.29107],[31.75669,46.29611],[31.76595,46.30714],[31.76925,46.31755],[31.78388,46.32226],[31.83822,46.33476],[31.87444,46.33275],[31.95942,46.3433],[32.00661,46.35953],[32.02465,46.38346],[32.034,46.3786],[32.04967,46.38115],[32.06128,46.39355],[32.05675,46.40027],[32.03754,46.41648],[32.03238,46.43535],[32.02783,46.44329],[32.0171,46.45005],[32.00491,46.45363],[31.99478,46.45347],[31.98681,46.44718],[31.96958,46.43963],[31.95265,46.43982],[31.88719,46.4613],[31.77011,46.48689],[31.75423,46.48865],[31.7413,46.48795],[31.72855,46.48535],[31.71198,46.47957],[31.70442,46.47361],[31.6991,46.46741],[31.69529,46.44862],[31.70248,46.44336],[31.70951,46.43725],[31.70826,46.43548],[31.71577,46.42306]],[[39.14755,48.67601],[39.14404,48.67261],[39.14405,48.6726],[39.14982,48.67698],[39.14755,48.67601]],[[38.98969,48.73551],[38.98821,48.7368],[38.99781,48.72657],[38.99783,48.72658],[38.98969,48.73551]],[[38.93511,48.7422],[38.93855,48.74368],[38.93855,48.7437],[38.93581,48.74274],[38.93511,48.7422]],[[38.34946,48.93322],[38.34568,48.93823],[38.34945,48.93321],[38.34946,48.93322]],[[38.25899,48.45237],[38.26067,48.45409],[38.26148,48.45922],[38.25876,48.4598],[38.25807,48.46026],[38.25816,48.46117],[38.26028,48.46474],[38.26155,48.46574],[38.26283,48.46648],[38.26933,48.4674],[38.27146,48.46807],[38.27236,48.47101],[38.27195,48.47132],[38.27235,48.47327],[38.27378,48.47652],[38.27324,48.47814],[38.27366,48.47942],[38.27446,48.47973],[38.27678,48.47877],[38.27974,48.47902],[38.2811,48.47869],[38.28644,48.48474],[38.2853,48.4867],[38.27839,48.48369],[38.27264,48.48522],[38.26341,48.48382],[38.26002,48.48447],[38.25635,48.48272],[38.25573,48.48152],[38.25596,48.48058],[38.26212,48.47936],[38.26526,48.47765],[38.26596,48.47114],[38.26426,48.47066],[38.26096,48.47272],[38.25618,48.47243],[38.2544,48.46017],[38.25609,48.45398],[38.25283,48.44991],[38.24994,48.44942],[38.24139,48.44879],[38.23208,48.44971],[38.23211,48.44827],[38.24433,48.44288],[38.25201,48.44374],[38.25457,48.44529],[38.25389,48.44702],[38.25618,48.44774],[38.25682,48.44877],[38.25689,48.44979],[38.25789,48.45043],[38.25799,48.4511],[38.25729,48.45168],[38.25899,48.45237]],[[38.25324,48.80733],[38.25421,48.80727],[38.25383,48.80748],[38.25331,48.80751],[38.25277,48.80796],[38.25226,48.80815],[38.25123,48.80791],[38.25078,48.80825],[38.24995,48.80854],[38.24976,48.80837],[38.24961,48.80758],[38.25,48.8073],[38.25043,48.80748],[38.25219,48.80764],[38.25283,48.80761],[38.25324,48.80733]],[[38.23414,48.9436],[38.2338,48.9429],[38.23385,48.94231],[38.23364,48.94179],[38.23078,48.93917],[38.23042,48.93824],[38.23347,48.94075],[38.2344,48.94235],[38.23419,48.94282],[38.23453,48.94277],[38.23489,48.94201],[38.23531,48.94178],[38.23568,48.94192],[38.2354,48.94243],[38.23472,48.94285],[38.23476,48.94371],[38.23454,48.94424],[38.23482,48.94439],[38.23316,48.94631],[38.23172,48.94739],[38.22769,48.94931],[38.22623,48.94964],[38.22713,48.94883],[38.23134,48.94704],[38.23306,48.94574],[38.23399,48.94467],[38.23414,48.9436]],[[38.22546,48.39375],[38.21456,48.40753],[38.20529,48.41109],[38.19731,48.42069],[38.19998,48.42334],[38.20788,48.43248],[38.20985,48.43552],[38.21474,48.43868],[38.218,48.44272],[38.21843,48.44893],[38.21892,48.46171],[38.21474,48.46388],[38.19363,48.45897],[38.1874,48.45861],[38.18636,48.45527],[38.18658,48.4526],[38.18731,48.44949],[38.18641,48.4477],[38.1807,48.44397],[38.18121,48.44134],[38.18225,48.44023],[38.18329,48.43986],[38.18468,48.43904],[38.18676,48.43609],[38.18639,48.43559],[38.18993,48.43388],[38.19057,48.4329],[38.19023,48.43092],[38.18836,48.42873],[38.18752,48.42548],[38.18526,48.42291],[38.18189,48.42029],[38.17763,48.41821],[38.17501,48.41756],[38.17376,48.41494],[38.16095,48.40381],[38.1608,48.40068],[38.15073,48.39499],[38.13586,48.39266],[38.13403,48.39034],[38.1464,48.39012],[38.19139,48.41303],[38.20031,48.40446],[38.21936,48.39139],[38.22546,48.39375]],[[38.09594,49.17284],[38.10064,49.17375],[38.09131,49.17209],[38.09594,49.17284]],[[38.0931,48.84943],[38.09473,48.84698],[38.09493,48.84676],[38.09494,48.84677],[38.0931,48.84943]],[[38.07023,48.72925],[38.07621,48.72818],[38.06751,48.72978],[38.07023,48.72925]],[[38.05063,48.74738],[38.05118,48.74735],[38.05118,48.74737],[38.05084,48.74739],[38.05063,48.74738]],[[38.04589,49.16568],[38.04597,49.16482],[38.0459,49.16568],[38.04589,49.16568]],[[38.01095,48.5742],[38.01345,48.57368],[38.01571,48.57218],[38.01599,48.57275],[38.01867,48.57272],[38.01674,48.5754],[38.0157,48.57599],[38.01079,48.5753],[38.01095,48.5742]],[[38.00396,49.48962],[37.99889,49.49083],[37.99751,49.49113],[37.99751,49.49111],[38.00396,49.48962]],[[37.99777,48.45389],[37.99858,48.45243],[37.99993,48.45113],[37.99861,48.45248],[37.99777,48.45389]],[[37.99786,49.33779],[37.99677,49.33913],[37.99469,49.34117],[37.99468,49.34115],[37.99786,49.33779]],[[37.98703,48.52361],[37.98721,48.52438],[37.98671,48.525],[37.98319,48.52537],[37.98266,48.52438],[37.98224,48.52414],[37.98183,48.52343],[37.98111,48.52297],[37.98094,48.52247],[37.98206,48.52155],[37.98203,48.5212],[37.98148,48.52029],[37.98086,48.51978],[37.9804,48.51904],[37.98003,48.51884],[37.97989,48.51823],[37.97961,48.51811],[37.97941,48.51779],[37.98106,48.51748],[37.98165,48.51751],[37.98279,48.51805],[37.98421,48.52015],[37.9852,48.5211],[37.98567,48.5224],[37.98653,48.52264],[37.98703,48.52361]],[[37.98076,48.58316],[37.98,48.58412],[37.97998,48.58411],[37.98076,48.58316]],[[37.97507,48.61236],[37.97446,48.61162],[37.97293,48.61063],[37.97251,48.61005],[37.97006,48.60818],[37.96975,48.60775],[37.96944,48.60637],[37.97015,48.60537],[37.97253,48.60775],[37.97299,48.60778],[37.97628,48.61014],[37.97716,48.61123],[37.9753,48.61244],[37.97507,48.61236]],[[37.97296,48.58587],[37.97338,48.58637],[37.97294,48.58588],[37.97296,48.58587]],[[37.97189,48.48744],[37.96924,48.48403],[37.96925,48.48402],[37.97077,48.48596],[37.97189,48.48744]],[[37.96542,49.19539],[37.96849,49.1939],[37.9685,49.19392],[37.96681,49.19475],[37.96542,49.19539]],[[37.95099,49.12859],[37.94684,49.12576],[37.94921,49.1216],[37.95138,49.12129],[37.95321,49.12009],[37.96437,49.11914],[37.96273,49.12126],[37.96021,49.12253],[37.95811,49.1316],[37.95676,49.13227],[37.95396,49.13121],[37.95099,49.12859]],[[37.95571,49.09588],[37.95674,49.09811],[37.95741,49.10096],[37.95927,49.10332],[37.95957,49.10592],[37.96108,49.10907],[37.95309,49.11047],[37.95086,49.10498],[37.94686,49.10344],[37.94701,49.09744],[37.95123,49.09545],[37.95571,49.09588]],[[37.95285,48.81849],[37.95388,48.81953],[37.95283,48.8185],[37.95285,48.81849]],[[37.94213,48.59574],[37.94181,48.59542],[37.94122,48.5953],[37.93944,48.59537],[37.93758,48.59515],[37.93764,48.59478],[37.93967,48.59397],[37.93965,48.59359],[37.93888,48.59354],[37.93796,48.59308],[37.93762,48.59244],[37.93783,48.59189],[37.93839,48.59149],[37.93902,48.59131],[37.93971,48.5913],[37.94083,48.59161],[37.94255,48.59259],[37.94734,48.5947],[37.94917,48.5958],[37.94886,48.59616],[37.94889,48.59642],[37.94601,48.5987],[37.94275,48.59722],[37.94213,48.59574]],[[37.91709,48.53828],[37.91315,48.53774],[37.91709,48.53826],[37.91709,48.53828]],[[37.90674,49.51137],[37.91003,49.5091],[37.90676,49.51139],[37.90674,49.51137]],[[37.90327,49.48476],[37.9032,49.48466],[37.90328,49.48475],[37.90327,49.48476]],[[37.90109,48.38711],[37.9018,48.38803],[37.90206,48.38849],[37.90205,48.3885],[37.90109,48.38711]],[[37.89754,49.54589],[37.89752,49.54553],[37.89775,49.54486],[37.89776,49.54486],[37.89754,49.54589]],[[37.89579,48.71517],[37.89157,48.71304],[37.8958,48.71515],[37.89579,48.71517]],[[37.89198,49.51164],[37.89037,49.50938],[37.892,49.51163],[37.89198,49.51164]],[[37.89188,47.47173],[37.89095,47.47511],[37.88832,47.48143],[37.8883,47.48142],[37.89188,47.47173]],[[37.87484,47.45497],[37.88114,47.46014],[37.89005,47.46815],[37.89004,47.46816],[37.87484,47.45497]],[[37.86926,49.58547],[37.86729,49.58607],[37.86657,49.58588],[37.86529,49.58508],[37.86556,49.58368],[37.86477,49.58295],[37.86241,49.58234],[37.86161,49.58177],[37.86179,49.58105],[37.8617,49.58058],[37.86127,49.58013],[37.86169,49.57928],[37.86498,49.57889],[37.86567,49.57958],[37.86736,49.57986],[37.8676,49.58053],[37.86678,49.58101],[37.86759,49.58231],[37.86727,49.5831],[37.86746,49.58367],[37.86853,49.5839],[37.86926,49.58547]],[[37.86101,49.70005],[37.86113,49.70207],[37.86099,49.70006],[37.86101,49.70005]],[[37.85193,49.55483],[37.84482,49.55839],[37.85192,49.55482],[37.85193,49.55483]],[[37.84034,48.69611],[37.84781,48.69406],[37.84782,48.69408],[37.84091,48.69606],[37.83678,48.69676],[37.84034,48.69611]],[[37.8402,48.32621],[37.84145,48.32642],[37.8402,48.32623],[37.8402,48.32621]],[[37.82534,49.96748],[37.82576,49.96794],[37.82419,49.96644],[37.82534,49.96748]],[[37.80835,48.13743],[37.81158,48.13523],[37.8126,48.1343],[37.81546,48.13357],[37.81637,48.13387],[37.81296,48.13633],[37.81323,48.13692],[37.81222,48.13822],[37.8108,48.13876],[37.80889,48.13809],[37.80835,48.13743]],[[37.816,48.67019],[37.81594,48.66956],[37.81603,48.67024],[37.816,48.67019]],[[37.80214,48.14115],[37.8029,48.14092],[37.80301,48.14057],[37.8027,48.13998],[37.80272,48.13959],[37.80349,48.13945],[37.80493,48.13869],[37.80527,48.1381],[37.80537,48.13727],[37.80598,48.13727],[37.8062,48.13771],[37.80705,48.13851],[37.80795,48.13859],[37.80855,48.13844],[37.81014,48.13902],[37.80887,48.14132],[37.80915,48.1417],[37.80812,48.14367],[37.80334,48.14249],[37.8031,48.14261],[37.80246,48.14137],[37.80214,48.14115]],[[37.80499,48.13473],[37.80525,48.13468],[37.80681,48.13574],[37.80649,48.13626],[37.80363,48.13621],[37.80348,48.13597],[37.80424,48.1355],[37.80499,48.13473]],[[37.80037,48.15252],[37.80493,48.15085],[37.80494,48.15087],[37.80052,48.15251],[37.80037,48.15252]],[[37.80462,48.12471],[37.80213,48.12457],[37.80213,48.12455],[37.80348,48.12462],[37.80462,48.12471]],[[37.7774,48.2681],[37.77596,48.27387],[37.77506,48.27696],[37.77504,48.27695],[37.7774,48.2681]],[[37.76791,48.18688],[37.76919,48.18629],[37.77175,48.18329],[37.77277,48.1815],[37.77379,48.1804],[37.77418,48.17913],[37.77654,48.17864],[37.77343,48.18355],[37.77076,48.18708],[37.76902,48.1891],[37.76666,48.18812],[37.76791,48.18688]],[[37.74499,48.15886],[37.74864,48.1566],[37.75154,48.15536],[37.75344,48.15478],[37.75461,48.15463],[37.75507,48.155],[37.75636,48.15514],[37.75695,48.15562],[37.7568,48.15601],[37.75723,48.15629],[37.75809,48.15628],[37.75852,48.15596],[37.75964,48.15609],[37.7604,48.1563],[37.76129,48.15683],[37.76162,48.15672],[37.76207,48.15765],[37.76268,48.15764],[37.76342,48.15801],[37.76476,48.1576],[37.76509,48.15793],[37.76491,48.1584],[37.76287,48.15992],[37.76037,48.1608],[37.75485,48.16135],[37.75441,48.16091],[37.75266,48.16175],[37.75078,48.1619],[37.7465,48.16149],[37.746,48.16172],[37.74468,48.16163],[37.74426,48.16139],[37.74422,48.16093],[37.74445,48.16054],[37.74439,48.15994],[37.74475,48.15974],[37.74463,48.1593],[37.74499,48.15886]],[[37.73335,48.17694],[37.73278,48.17783],[37.73084,48.17934],[37.73031,48.17995],[37.73024,48.18042],[37.7308,48.18098],[37.73293,48.18116],[37.73368,48.18146],[37.73602,48.18171],[37.73721,48.18204],[37.74116,48.18266],[37.7413,48.18325],[37.74012,48.18557],[37.73933,48.18525],[37.73853,48.18536],[37.73826,48.18503],[37.73757,48.185],[37.73645,48.18465],[37.73594,48.18481],[37.73566,48.18443],[37.73523,48.18455],[37.73475,48.18424],[37.7338,48.18438],[37.73,48.18289],[37.7291,48.18324],[37.72893,48.18295],[37.72861,48.18303],[37.7274,48.18227],[37.72557,48.18154],[37.72569,48.18103],[37.72619,48.18053],[37.7266,48.18049],[37.72746,48.18079],[37.72786,48.18024],[37.72825,48.18004],[37.72836,48.17946],[37.72876,48.17925],[37.72949,48.17844],[37.73113,48.17735],[37.7312,48.17707],[37.73193,48.17652],[37.73335,48.17694]],[[37.7336,48.17119],[37.73225,48.17139],[37.7322,48.17066],[37.73166,48.17024],[37.73085,48.16993],[37.73151,48.16916],[37.73348,48.16985],[37.73378,48.17006],[37.7336,48.17119]],[[37.73257,48.17449],[37.73302,48.17524],[37.73367,48.17572],[37.73354,48.17666],[37.73187,48.17611],[37.73163,48.17558],[37.73154,48.17525],[37.73175,48.17488],[37.7317,48.17446],[37.73257,48.17449]],[[37.7326,48.17188],[37.733,48.17181],[37.73324,48.17209],[37.73324,48.17296],[37.733,48.17366],[37.73264,48.17424],[37.73162,48.17418],[37.73153,48.17386],[37.7326,48.17188]],[[37.72839,48.21084],[37.73228,48.21112],[37.72839,48.21086],[37.72839,48.21084]],[[37.73094,48.16748],[37.73076,48.168],[37.73112,48.16846],[37.73004,48.16965],[37.72966,48.16968],[37.72853,48.16925],[37.72743,48.16855],[37.72715,48.16813],[37.7275,48.16764],[37.72906,48.16795],[37.72945,48.16787],[37.73023,48.16735],[37.73075,48.1673],[37.73094,48.16748]],[[37.72858,48.46478],[37.72916,48.46434],[37.72859,48.46479],[37.72858,48.46478]],[[37.6815,48.09913],[37.68036,48.09897],[37.67999,48.09753],[37.68071,48.09735],[37.68221,48.09742],[37.68249,48.09729],[37.68746,48.09756],[37.69232,48.09837],[37.69209,48.09848],[37.69089,48.09838],[37.68962,48.09877],[37.68855,48.09826],[37.68748,48.09838],[37.68578,48.09828],[37.68558,48.09835],[37.68543,48.09895],[37.68559,48.09922],[37.68593,48.09934],[37.68608,48.09971],[37.68583,48.10009],[37.68555,48.09982],[37.68551,48.10027],[37.68515,48.10049],[37.68501,48.09964],[37.68468,48.09923],[37.68463,48.09872],[37.68427,48.09847],[37.68341,48.09818],[37.68287,48.09822],[37.6825,48.09863],[37.6815,48.09913]],[[37.68677,48.25885],[37.68655,48.25857],[37.6872,48.25791],[37.68784,48.25685],[37.68812,48.25679],[37.68872,48.25705],[37.68915,48.25682],[37.68928,48.25809],[37.68879,48.25843],[37.68902,48.2591],[37.69002,48.25969],[37.68998,48.26086],[37.68951,48.26116],[37.68855,48.26115],[37.68758,48.26082],[37.68769,48.26007],[37.68687,48.2594],[37.6864,48.25925],[37.68677,48.25885]],[[37.68516,48.10151],[37.6859,48.10144],[37.68616,48.10187],[37.68601,48.10209],[37.68625,48.10254],[37.68557,48.10262],[37.68516,48.10151]],[[37.67127,48.15194],[37.67371,48.15208],[37.67354,48.15226],[37.67092,48.15239],[37.6694,48.153],[37.66877,48.15306],[37.66766,48.15243],[37.66369,48.15274],[37.66336,48.15243],[37.66328,48.15193],[37.66337,48.15163],[37.6673,48.15165],[37.66787,48.15123],[37.66812,48.15124],[37.6681,48.15159],[37.66997,48.15219],[37.67127,48.15194]],[[37.65783,48.06652],[37.65872,48.06671],[37.66062,48.06599],[37.66214,48.06503],[37.66621,48.06393],[37.66907,48.06343],[37.67102,48.06365],[37.67332,48.06325],[37.66962,48.06515],[37.66477,48.06586],[37.66126,48.06731],[37.65852,48.06911],[37.65704,48.06875],[37.65617,48.06874],[37.65556,48.069],[37.65509,48.06959],[37.65421,48.06959],[37.65073,48.07135],[37.64816,48.07235],[37.64797,48.07305],[37.64656,48.07377],[37.64608,48.0738],[37.64576,48.07276],[37.65027,48.07059],[37.65412,48.06898],[37.65454,48.06897],[37.65566,48.06848],[37.6573,48.06804],[37.65672,48.06698],[37.65783,48.06652]],[[37.66064,48.49696],[37.66242,48.49944],[37.66401,48.50176],[37.66399,48.50177],[37.66064,48.49696]],[[37.65749,48.15235],[37.6584,48.15232],[37.65954,48.15253],[37.66025,48.15282],[37.66045,48.15309],[37.65841,48.15283],[37.6564,48.15291],[37.65532,48.15261],[37.654,48.15253],[37.65328,48.15269],[37.65324,48.15286],[37.65195,48.15308],[37.65145,48.15198],[37.65213,48.15179],[37.65543,48.15177],[37.65749,48.15235]],[[37.65258,48.48432],[37.65257,48.48387],[37.65259,48.48387],[37.65259,48.48404],[37.65258,48.48432]],[[37.6457,48.19338],[37.64542,48.19355],[37.64392,48.19264],[37.64359,48.19268],[37.64307,48.19244],[37.643,48.19174],[37.64354,48.19147],[37.64467,48.19153],[37.64705,48.19211],[37.64738,48.19247],[37.64745,48.19297],[37.64699,48.1927],[37.64573,48.1925],[37.64558,48.19275],[37.6457,48.19338]],[[37.64643,48.19993],[37.64657,48.20008],[37.64641,48.19994],[37.64643,48.19993]],[[37.63934,48.27541],[37.63866,48.27464],[37.63831,48.27373],[37.63795,48.27327],[37.63814,48.27304],[37.63896,48.273],[37.63997,48.27361],[37.64138,48.27551],[37.63989,48.27572],[37.63934,48.27541]],[[37.62923,48.08167],[37.63134,48.08095],[37.63195,48.08032],[37.63289,48.07985],[37.63282,48.07926],[37.63386,48.07843],[37.63649,48.07742],[37.6367,48.07665],[37.63739,48.07619],[37.64071,48.07545],[37.64123,48.07571],[37.63819,48.07713],[37.62977,48.08341],[37.6294,48.0834],[37.62831,48.08208],[37.6286,48.08146],[37.62923,48.08167]],[[37.62729,48.10194],[37.61702,48.1021],[37.61828,48.09896],[37.61887,48.09908],[37.61918,48.09886],[37.62064,48.09916],[37.62202,48.09973],[37.62383,48.10001],[37.62618,48.10011],[37.6272,48.10056],[37.62821,48.10055],[37.62879,48.10027],[37.63541,48.09881],[37.6368,48.09905],[37.63956,48.09906],[37.6393,48.09972],[37.6329,48.10032],[37.62729,48.10194]],[[37.63529,48.14314],[37.63765,48.14235],[37.63557,48.1434],[37.63366,48.14393],[37.63325,48.1444],[37.6311,48.1451],[37.62894,48.14554],[37.62863,48.14498],[37.63335,48.14335],[37.63447,48.14311],[37.63529,48.14314]],[[37.62846,48.17166],[37.63023,48.17081],[37.63089,48.17229],[37.63083,48.17303],[37.63205,48.17401],[37.63192,48.17473],[37.63287,48.17609],[37.63377,48.17611],[37.63428,48.17678],[37.6351,48.17686],[37.6363,48.1766],[37.63573,48.17691],[37.6356,48.17716],[37.6346,48.17749],[37.63386,48.17731],[37.63303,48.17736],[37.63283,48.17707],[37.63107,48.1765],[37.63065,48.17579],[37.63084,48.17536],[37.63016,48.17496],[37.6302,48.17413],[37.62932,48.17269],[37.62846,48.17166]],[[37.63571,48.18373],[37.63468,48.18339],[37.63455,48.18289],[37.63503,48.18247],[37.63479,48.182],[37.63447,48.18197],[37.63417,48.1817],[37.63397,48.18136],[37.63392,48.18061],[37.63323,48.18001],[37.63292,48.17932],[37.63301,48.17765],[37.63377,48.1775],[37.63445,48.17773],[37.6344,48.17897],[37.63492,48.18044],[37.63496,48.18113],[37.63528,48.18143],[37.63511,48.18188],[37.63532,48.1825],[37.63485,48.18281],[37.63513,48.1833],[37.63577,48.18361],[37.63571,48.18373]],[[37.62811,48.16424],[37.62868,48.16349],[37.62827,48.16296],[37.62858,48.16213],[37.62777,48.16178],[37.62737,48.16132],[37.62746,48.16106],[37.62718,48.16073],[37.62573,48.15955],[37.6249,48.15943],[37.62424,48.15782],[37.62557,48.15794],[37.62868,48.15941],[37.62916,48.15985],[37.63053,48.15991],[37.63244,48.15933],[37.63431,48.15926],[37.6329,48.15952],[37.63166,48.16009],[37.63127,48.16049],[37.62934,48.16135],[37.63063,48.162],[37.6312,48.16202],[37.63211,48.16236],[37.63143,48.16259],[37.63079,48.1631],[37.63016,48.16308],[37.62986,48.1634],[37.63028,48.16405],[37.62999,48.16467],[37.62834,48.16515],[37.62814,48.16504],[37.62811,48.16424]],[[37.60198,48.09696],[37.60286,48.09702],[37.60428,48.09663],[37.605,48.09666],[37.60525,48.09614],[37.60636,48.09624],[37.6069,48.09608],[37.60765,48.09522],[37.60891,48.09566],[37.60689,48.0974],[37.6068,48.09795],[37.60744,48.09815],[37.60784,48.09803],[37.6097,48.09857],[37.61103,48.09869],[37.61088,48.09907],[37.61125,48.09957],[37.61163,48.09976],[37.61194,48.09971],[37.6118,48.10051],[37.60836,48.10003],[37.60486,48.10045],[37.60104,48.10035],[37.60054,48.09721],[37.60198,48.09696]],[[37.61125,48.31238],[37.61062,48.31151],[37.61126,48.31237],[37.61125,48.31238]],[[37.58402,48.10562],[37.58268,48.10524],[37.58245,48.10426],[37.58351,48.10362],[37.58409,48.10355],[37.58446,48.1039],[37.58488,48.1039],[37.5853,48.10366],[37.58707,48.10327],[37.59082,48.10098],[37.59103,48.101],[37.59125,48.10133],[37.59242,48.10128],[37.59327,48.10065],[37.59389,48.10043],[37.59379,48.09928],[37.59419,48.09908],[37.59462,48.10023],[37.59433,48.10059],[37.59284,48.10124],[37.59254,48.1018],[37.59115,48.10191],[37.59041,48.10248],[37.59059,48.10257],[37.58968,48.10368],[37.58832,48.10452],[37.58792,48.10437],[37.5869,48.10436],[37.58602,48.10494],[37.58552,48.10555],[37.58486,48.10543],[37.58402,48.10562]],[[37.59136,48.35098],[37.58114,48.33095],[37.59137,48.35097],[37.59136,48.35098]],[[37.58401,48.15307],[37.58373,48.15333],[37.58285,48.15254],[37.58179,48.15262],[37.58129,48.15312],[37.58071,48.15338],[37.58054,48.15385],[37.5798,48.15417],[37.57933,48.15412],[37.57797,48.15353],[37.57561,48.15361],[37.57522,48.15344],[37.57504,48.15286],[37.57439,48.15273],[37.57338,48.15318],[37.57306,48.15317],[37.57231,48.15287],[37.57189,48.15252],[37.57054,48.15222],[37.569,48.15269],[37.56786,48.15352],[37.56703,48.1535],[37.56349,48.152],[37.56119,48.15216],[37.56087,48.15193],[37.56067,48.15151],[37.56066,48.15055],[37.56083,48.1502],[37.56129,48.15007],[37.56281,48.15015],[37.56322,48.14998],[37.56335,48.15018],[37.56442,48.15038],[37.56465,48.15058],[37.56766,48.1511],[37.56851,48.15083],[37.5686,48.15061],[37.57366,48.15071],[37.57448,48.15111],[37.57569,48.15132],[37.57631,48.15178],[37.5772,48.15168],[37.57792,48.15199],[37.57987,48.15186],[37.58089,48.15144],[37.58151,48.15146],[37.58184,48.15125],[37.5824,48.15118],[37.58283,48.15129],[37.58321,48.15173],[37.58378,48.15188],[37.58422,48.1517],[37.58493,48.15207],[37.58433,48.15229],[37.58401,48.15307]],[[37.57408,48.3262],[37.57601,48.32654],[37.57618,48.32754],[37.57013,48.33229],[37.56717,48.33048],[37.5715,48.32765],[37.57408,48.3262]],[[37.56294,48.01433],[37.57204,48.01427],[37.55827,48.01446],[37.56294,48.01433]],[[37.56956,48.26361],[37.56884,48.26193],[37.56957,48.2636],[37.56956,48.26361]],[[37.55488,47.91752],[37.55745,47.91696],[37.56068,47.91767],[37.564,47.91744],[37.56474,47.91801],[37.54898,47.92221],[37.54689,47.91969],[37.55488,47.91752]],[[37.55524,48.10886],[37.55747,48.1081],[37.56054,48.10756],[37.56131,48.1071],[37.56217,48.10705],[37.56243,48.1075],[37.55973,48.10838],[37.55924,48.10868],[37.55572,48.10969],[37.55334,48.11123],[37.55259,48.11189],[37.55164,48.11239],[37.55116,48.11229],[37.55055,48.11153],[37.55154,48.1108],[37.55295,48.11007],[37.55283,48.10931],[37.55329,48.10888],[37.55524,48.10886]],[[37.56068,48.23507],[37.56181,48.2356],[37.56228,48.23606],[37.56103,48.23572],[37.55867,48.23562],[37.55622,48.23589],[37.55575,48.23572],[37.55558,48.23534],[37.55558,48.23486],[37.55789,48.23491],[37.55842,48.23462],[37.55876,48.23491],[37.56068,48.23507]],[[37.55951,48.20385],[37.56083,48.20464],[37.56039,48.20473],[37.55971,48.20461],[37.55851,48.20416],[37.5574,48.20309],[37.55648,48.20326],[37.55563,48.20305],[37.55555,48.20247],[37.55533,48.20233],[37.55491,48.20247],[37.5537,48.20226],[37.55322,48.20261],[37.55269,48.20219],[37.54967,48.20171],[37.54932,48.20149],[37.54837,48.20149],[37.54768,48.20124],[37.54834,48.20099],[37.54745,48.20057],[37.5459,48.20014],[37.54569,48.1992],[37.5466,48.19825],[37.5501,48.19881],[37.55106,48.19996],[37.55299,48.20044],[37.5536,48.20107],[37.55486,48.20142],[37.5562,48.20152],[37.55724,48.20212],[37.55793,48.20231],[37.55886,48.20304],[37.55951,48.20385]],[[37.54477,48.28867],[37.54278,48.28988],[37.54108,48.29051],[37.53937,48.2916],[37.53771,48.29285],[37.53756,48.29334],[37.53709,48.29322],[37.53598,48.29186],[37.53823,48.29038],[37.53836,48.28976],[37.53901,48.28902],[37.54043,48.28845],[37.54273,48.288],[37.54349,48.28752],[37.54344,48.28719],[37.54433,48.28631],[37.54666,48.28582],[37.54743,48.2861],[37.54576,48.28712],[37.54554,48.28778],[37.54507,48.28802],[37.54477,48.28867]],[[37.54477,48.38118],[37.54529,48.38206],[37.54389,48.38371],[37.5427,48.3839],[37.53966,48.38354],[37.54052,48.38193],[37.53859,48.38014],[37.53696,48.37826],[37.5364,48.37629],[37.53485,48.37529],[37.53648,48.37361],[37.53792,48.37325],[37.5388,48.37324],[37.53992,48.37278],[37.54073,48.37144],[37.54202,48.37042],[37.54301,48.37026],[37.5432,48.36942],[37.5425,48.36886],[37.5452,48.36756],[37.54592,48.37013],[37.54602,48.3712],[37.5437,48.37378],[37.54028,48.37684],[37.54014,48.37807],[37.54164,48.38004],[37.54477,48.38118]],[[37.54479,48.3353],[37.54416,48.33425],[37.54481,48.33529],[37.54479,48.3353]],[[37.50864,48.1219],[37.50019,48.12439],[37.49663,48.12576],[37.49667,48.12649],[37.49634,48.12666],[37.49498,48.12678],[37.49407,48.12663],[37.49357,48.12611],[37.49325,48.12608],[37.49302,48.12642],[37.49291,48.12731],[37.49278,48.12731],[37.49255,48.12682],[37.49276,48.12596],[37.49166,48.12506],[37.49094,48.12398],[37.49062,48.12256],[37.48932,48.12104],[37.48674,48.11874],[37.48605,48.11852],[37.48438,48.11958],[37.48376,48.11925],[37.48464,48.1185],[37.48461,48.11679],[37.48487,48.11615],[37.48907,48.11478],[37.49302,48.11698],[37.49397,48.11683],[37.49435,48.11631],[37.49489,48.11648],[37.49527,48.11694],[37.49568,48.11699],[37.49598,48.11684],[37.49652,48.11703],[37.49698,48.11757],[37.49783,48.11759],[37.5021,48.11657],[37.50551,48.11538],[37.50732,48.11362],[37.50853,48.11339],[37.50926,48.11286],[37.50935,48.11258],[37.51056,48.11185],[37.51131,48.11171],[37.51179,48.11239],[37.51069,48.11322],[37.50999,48.11426],[37.50978,48.11527],[37.51139,48.11573],[37.51914,48.1141],[37.52032,48.11419],[37.5256,48.1137],[37.5332,48.11448],[37.53556,48.11379],[37.53597,48.11414],[37.53827,48.11348],[37.5393,48.11367],[37.53977,48.11321],[37.54063,48.11314],[37.5414,48.11359],[37.54042,48.1145],[37.53768,48.11463],[37.53244,48.1165],[37.53155,48.11668],[37.52836,48.11686],[37.52734,48.11662],[37.52623,48.11677],[37.5255,48.11716],[37.52487,48.11727],[37.52398,48.11709],[37.52351,48.1164],[37.5231,48.11624],[37.5225,48.11617],[37.52083,48.11641],[37.5192,48.11805],[37.50864,48.1219]],[[37.4866,48.16021],[37.4863,48.15832],[37.49014,48.15401],[37.49141,48.15081],[37.49243,48.15013],[37.4896,48.14778],[37.48939,48.14693],[37.48999,48.14648],[37.48686,48.14389],[37.48812,48.14244],[37.48829,48.14056],[37.4873,48.13794],[37.48801,48.13618],[37.49169,48.13523],[37.4927,48.13176],[37.49525,48.12898],[37.49837,48.12875],[37.49939,48.12971],[37.5005,48.13027],[37.5021,48.1305],[37.50318,48.13131],[37.50337,48.13274],[37.50228,48.13435],[37.50327,48.13551],[37.50489,48.13502],[37.51449,48.13392],[37.51821,48.1339],[37.52253,48.13479],[37.52318,48.13428],[37.52553,48.13486],[37.52791,48.13473],[37.52907,48.13555],[37.53137,48.13583],[37.53234,48.13671],[37.53221,48.13832],[37.5326,48.13915],[37.53181,48.13975],[37.53101,48.13955],[37.53046,48.13777],[37.52896,48.13716],[37.52655,48.13696],[37.52436,48.1373],[37.5178,48.1363],[37.51169,48.13821],[37.50731,48.13892],[37.50494,48.13826],[37.49686,48.14302],[37.49531,48.14512],[37.49517,48.14684],[37.49632,48.15025],[37.48942,48.16022],[37.4866,48.16021]],[[37.52164,47.99352],[37.52323,47.99302],[37.52712,47.9919],[37.52713,47.99192],[37.52164,47.99352]],[[37.50925,48.20038],[37.50966,48.20253],[37.51003,48.20491],[37.51001,48.20491],[37.50925,48.20038]],[[37.4966,48.22024],[37.49583,48.21949],[37.49686,48.21923],[37.4972,48.21823],[37.49665,48.2178],[37.4969,48.21709],[37.49596,48.21629],[37.49611,48.21498],[37.49671,48.21439],[37.49767,48.21403],[37.49841,48.21344],[37.49889,48.21244],[37.49789,48.21215],[37.49619,48.21133],[37.49497,48.21134],[37.49474,48.21111],[37.49544,48.21093],[37.49575,48.21052],[37.49565,48.20944],[37.49607,48.20841],[37.49759,48.20783],[37.50088,48.2091],[37.49994,48.21047],[37.502,48.21253],[37.50114,48.21402],[37.49839,48.21648],[37.49968,48.21899],[37.4966,48.22024]],[[37.49815,47.98333],[37.4991,47.98262],[37.5003,47.98259],[37.50112,47.98326],[37.50082,47.98331],[37.50026,47.98389],[37.49933,47.98414],[37.49843,47.98494],[37.49726,47.98546],[37.4957,47.98583],[37.49599,47.98624],[37.49674,47.98588],[37.49766,47.98586],[37.4979,47.98611],[37.49558,47.98694],[37.49313,47.98722],[37.49038,47.98596],[37.4909,47.9827],[37.49117,47.98182],[37.4921,47.98185],[37.49216,47.98217],[37.49244,47.98244],[37.49623,47.98362],[37.49749,47.98356],[37.49815,47.98333]],[[37.49961,47.9386],[37.50002,47.93825],[37.49963,47.93861],[37.49961,47.9386]],[[37.4966,47.8693],[37.4947,47.88258],[37.49658,47.8693],[37.4966,47.8693]],[[37.47674,47.9542],[37.48369,47.95278],[37.49226,47.95],[37.49382,47.95],[37.49402,47.95046],[37.49101,47.95254],[37.48786,47.95361],[37.48734,47.95354],[37.48637,47.95403],[37.48478,47.95444],[37.48351,47.95501],[37.48211,47.9553],[37.48191,47.95564],[37.48052,47.95646],[37.48007,47.957],[37.47964,47.95723],[37.47815,47.95702],[37.47735,47.95709],[37.47655,47.95753],[37.47633,47.95794],[37.47496,47.95871],[37.47428,47.95881],[37.47345,47.95856],[37.4723,47.95659],[37.47211,47.95598],[37.47218,47.95537],[37.47342,47.95471],[37.47674,47.9542]],[[37.49286,48.01601],[37.49145,48.01615],[37.49286,48.01599],[37.49286,48.01601]],[[37.48978,48.07854],[37.48608,48.07986],[37.48245,48.08102],[37.48621,48.07977],[37.48978,48.07854]],[[37.4751,47.85806],[37.476,47.85845],[37.47629,47.85833],[37.47646,47.85846],[37.47638,47.85872],[37.47599,47.85887],[37.47587,47.85925],[37.47638,47.85935],[37.47665,47.85921],[37.47684,47.85976],[37.47667,47.8603],[37.47612,47.86054],[37.47564,47.86048],[37.47464,47.85984],[37.47377,47.86013],[37.47313,47.85974],[37.47248,47.85975],[37.47045,47.85993],[37.46665,47.86067],[37.46602,47.86053],[37.465,47.86072],[37.4648,47.86109],[37.46341,47.86156],[37.46302,47.86158],[37.46272,47.8614],[37.46239,47.85888],[37.46282,47.85855],[37.46478,47.85817],[37.46536,47.85847],[37.46695,47.85854],[37.46796,47.85787],[37.46849,47.8578],[37.46987,47.85816],[37.47108,47.85796],[37.47163,47.85767],[37.4734,47.85766],[37.47406,47.85799],[37.4751,47.85806]],[[37.46754,47.95744],[37.47078,47.95661],[37.47119,47.9567],[37.47188,47.95779],[37.47226,47.95887],[37.47174,47.95914],[37.47141,47.95968],[37.47099,47.95999],[37.47006,47.96011],[37.46933,47.9604],[37.46734,47.96062],[37.46685,47.96099],[37.46645,47.96099],[37.4644,47.9619],[37.46419,47.96223],[37.46365,47.9625],[37.46058,47.96334],[37.45895,47.96337],[37.45802,47.9637],[37.45772,47.96407],[37.45668,47.96423],[37.45433,47.96538],[37.45368,47.96437],[37.45329,47.96253],[37.45485,47.96108],[37.4661,47.95802],[37.46754,47.95744]],[[37.47093,47.9626],[37.46879,47.96328],[37.46878,47.96326],[37.47093,47.9626]],[[37.45493,48.01783],[37.45806,48.01811],[37.45998,48.01803],[37.46168,48.01819],[37.4623,48.01869],[37.46277,48.01966],[37.46432,48.02094],[37.46331,48.02169],[37.46043,48.02039],[37.45425,48.02022],[37.45202,48.01879],[37.44979,48.01833],[37.44696,48.01902],[37.44361,48.02045],[37.44013,48.02051],[37.437,48.01999],[37.43335,48.01881],[37.42994,48.01958],[37.42706,48.01981],[37.42502,48.01808],[37.42185,48.01911],[37.41975,48.02043],[37.41601,48.02078],[37.40454,48.02533],[37.40161,48.0213],[37.41548,48.01664],[37.41591,48.01592],[37.41784,48.01469],[37.42072,48.01388],[37.42587,48.0148],[37.42818,48.014],[37.42835,48.01624],[37.43444,48.01649],[37.44272,48.01712],[37.44483,48.01799],[37.448,48.01692],[37.45212,48.01687],[37.45493,48.01783]],[[37.4577,47.74982],[37.45206,47.74932],[37.45206,47.7493],[37.4577,47.74982]],[[37.43232,47.86382],[37.43328,47.8639],[37.43367,47.86367],[37.4344,47.86355],[37.4358,47.8635],[37.43638,47.86354],[37.43714,47.86384],[37.43763,47.86374],[37.43856,47.86318],[37.44061,47.86346],[37.44236,47.863],[37.44428,47.86326],[37.44445,47.86274],[37.44481,47.8624],[37.44611,47.86228],[37.44886,47.86259],[37.44979,47.86393],[37.44829,47.86428],[37.44831,47.86454],[37.44806,47.86483],[37.44699,47.86535],[37.44629,47.8655],[37.44537,47.86537],[37.44454,47.86555],[37.44386,47.86595],[37.44217,47.8661],[37.4401,47.86569],[37.43862,47.86591],[37.4381,47.86615],[37.43252,47.86686],[37.42691,47.86938],[37.4257,47.86952],[37.42535,47.86941],[37.4249,47.86815],[37.42494,47.86781],[37.42665,47.86609],[37.42969,47.86456],[37.43154,47.86428],[37.43232,47.86382]],[[37.42232,48.11111],[37.42443,48.11016],[37.42486,48.11151],[37.42242,48.1126],[37.42133,48.11217],[37.42133,48.11191],[37.42232,48.11111]],[[37.41812,48.11455],[37.41859,48.11399],[37.42007,48.11373],[37.42084,48.11293],[37.42202,48.11314],[37.42179,48.11368],[37.41871,48.11478],[37.41812,48.11455]],[[37.36043,47.87363],[37.36549,47.87345],[37.36833,47.87215],[37.37215,47.87106],[37.37498,47.87054],[37.37751,47.8708],[37.37798,47.87149],[37.37983,47.87178],[37.38149,47.87241],[37.38167,47.87172],[37.38337,47.87111],[37.38338,47.87207],[37.38264,47.87296],[37.38089,47.87336],[37.37737,47.87247],[37.37336,47.87351],[37.36773,47.87581],[37.36282,47.87759],[37.36138,47.8769],[37.35703,47.87783],[37.35564,47.87851],[37.35488,47.87756],[37.35438,47.87598],[37.35451,47.87512],[37.36026,47.8742],[37.36043,47.87363]],[[37.35234,47.76772],[37.3525,47.77312],[37.35232,47.76772],[37.35234,47.76772]],[[37.27973,48.00003],[37.27226,48.00314],[37.27165,48.00434],[37.26546,48.00693],[37.26254,48.00598],[37.25756,48.0077],[37.2543,48.01086],[37.25138,48.0127],[37.24563,48.01396],[37.23988,48.01379],[37.2325,48.01522],[37.22488,48.01821],[37.22211,48.0171],[37.21979,48.01503],[37.2174,48.01384],[37.212,48.0134],[37.21122,48.00642],[37.21303,48.00351],[37.21524,48.00204],[37.22001,48.00076],[37.22411,48.00156],[37.23286,48.00121],[37.24167,48.00028],[37.24414,47.99825],[37.24712,47.99784],[37.25062,47.9952],[37.25521,47.99363],[37.26445,47.9925],[37.26483,47.99227],[37.26737,47.99218],[37.2744,47.99236],[37.27601,47.99168],[37.27919,47.99162],[37.28195,47.9912],[37.28294,47.99149],[37.28897,47.99133],[37.28948,47.99176],[37.29068,47.99156],[37.29266,47.99186],[37.29463,47.99149],[37.29485,47.99229],[37.29918,47.99153],[37.30576,47.99218],[37.30774,47.99144],[37.31067,47.9911],[37.32347,47.99241],[37.32799,47.99196],[37.33117,47.99105],[37.33226,47.99006],[37.3344,47.98932],[37.33539,47.9888],[37.33706,47.98892],[37.34083,47.98999],[37.33473,47.99144],[37.327,47.99484],[37.32621,47.9998],[37.32544,47.99929],[37.31969,47.99785],[37.31317,47.99762],[37.30785,47.99945],[37.30338,48.00176],[37.29774,48.00372],[37.29034,48.00589],[37.28755,48.0013],[37.28452,48.00032],[37.27973,48.00003]],[[37.32518,48.35611],[37.32448,48.36309],[37.32437,48.36381],[37.32435,48.36381],[37.32518,48.35611]],[[37.3135,47.94176],[37.30119,47.94494],[37.29387,47.94676],[37.29386,47.94674],[37.3135,47.94176]],[[37.31333,47.9993],[37.31321,47.99863],[37.31318,47.99792],[37.3132,47.99792],[37.31333,47.9993]],[[37.26187,48.22673],[37.26546,48.22561],[37.27091,48.22414],[37.27091,48.22416],[37.26187,48.22673]],[[37.22697,48.21047],[37.22905,48.21036],[37.22698,48.21049],[37.22697,48.21047]],[[37.21046,47.88397],[37.20986,47.88668],[37.20911,47.88755],[37.20848,47.88891],[37.20872,47.89106],[37.20964,47.89179],[37.21123,47.89241],[37.2135,47.89269],[37.21472,47.89657],[37.20765,47.89743],[37.20606,47.89628],[37.20546,47.89536],[37.20512,47.89387],[37.20609,47.89308],[37.20564,47.8901],[37.20584,47.8881],[37.20754,47.88695],[37.20745,47.88556],[37.2089,47.88332],[37.21046,47.88397]],[[37.19094,48.38318],[37.18933,48.3809],[37.18935,48.38089],[37.19039,48.38234],[37.19094,48.38318]],[[37.16091,48.32453],[37.1648,48.32441],[37.1648,48.32443],[37.16091,48.32453]],[[37.08998,47.7792],[37.08946,47.77916],[37.13093,47.77194],[37.13093,47.77196],[37.08998,47.7792]],[[37.11832,47.73438],[37.12012,47.73398],[37.11832,47.7344],[37.11832,47.73438]],[[37.10411,48.24568],[37.10729,48.24714],[37.1041,48.2457],[37.10411,48.24568]],[[37.05272,48.25476],[37.05236,48.25459],[37.05112,48.25392],[37.05113,48.2539],[37.05272,48.25476]],[[37.03711,47.53752],[37.03694,47.53769],[37.03689,47.53586],[37.03691,47.53586],[37.03711,47.53752]],[[37.01974,48.06193],[37.0146,48.06296],[37.0146,48.06294],[37.01974,48.06193]],[[36.87262,48.00832],[36.8691,48.00958],[36.87261,48.0083],[36.87262,48.00832]],[[36.82673,47.83712],[36.82762,47.83588],[36.82674,47.83713],[36.82673,47.83712]],[[36.7873,47.91862],[36.78935,47.91872],[36.78935,47.91874],[36.7873,47.91862]],[[36.45458,47.7365],[36.45191,47.73873],[36.45478,47.73626],[36.45935,47.73347],[36.45458,47.7365]],[[36.44703,47.71671],[36.44843,47.71714],[36.44986,47.71763],[36.44985,47.71765],[36.44703,47.71671]],[[35.84263,47.43729],[35.84884,47.43775],[35.84262,47.43731],[35.84263,47.43729]],[[35.29767,46.29679],[35.29494,46.30321],[35.29983,46.31418],[35.3181,46.31662],[35.33582,46.33609],[35.35821,46.36104],[35.355,46.36386],[35.34767,46.36337],[35.33301,46.35764],[35.32566,46.34618],[35.32237,46.33493],[35.31578,46.33281],[35.30159,46.35385],[35.26561,46.35529],[35.25213,46.39703],[35.2704,46.41902],[35.26534,46.44101],[35.25615,46.4488],[35.2346,46.44997],[35.20961,46.45893],[35.18555,46.49008],[35.18537,46.50944],[35.16047,46.4995],[35.17933,46.45975],[35.20948,46.43313],[35.21347,46.41206],[35.19511,46.37225],[35.13329,46.34919],[35.10339,46.30171],[35.2723,46.2655],[35.29767,46.29679]],[[34.60935,45.96118],[34.64135,45.94828],[34.65027,45.93586],[34.64829,45.92894],[34.6343,45.91413],[34.62993,45.90756],[34.62624,45.88666],[34.58435,45.87279],[34.57131,45.88427],[34.55757,45.87566],[34.55483,45.84267],[34.51706,45.82257],[34.52462,45.78667],[34.65645,45.86754],[34.73748,45.88522],[34.75327,45.89765],[34.77593,45.90243],[34.79035,45.89287],[34.75052,45.8618],[34.7361,45.87949],[34.67293,45.85749],[34.65989,45.79386],[34.6846,45.80534],[34.72992,45.81827],[34.75327,45.82162],[34.78279,45.79338],[34.74434,45.7541],[34.89465,45.71278],[34.95854,45.76],[34.94069,45.78419],[34.92921,45.81726],[34.90189,45.85449],[34.88415,45.86076],[34.87569,45.8565],[34.86946,45.84961],[34.86774,45.83582],[34.85968,45.8261],[34.82518,45.81216],[34.81677,45.83458],[34.83679,45.8627],[34.8424,45.88555],[34.81217,46.03567],[34.80365,46.04448],[34.79256,46.05185],[34.78065,46.05322],[34.77541,46.05143],[34.77138,46.0488],[34.76891,46.04501],[34.76352,46.03491],[34.76315,46.01032],[34.75904,46.00639],[34.75702,46.01378],[34.75398,46.01688],[34.74981,46.02504],[34.74548,46.03118],[34.73681,46.03901],[34.7314,46.04243],[34.72076,46.04808],[34.71698,46.04837],[34.71371,46.04818],[34.71113,46.04709],[34.7086,46.04821],[34.70698,46.05181],[34.7076,46.05517],[34.71172,46.05778],[34.71661,46.06396],[34.71757,46.0664],[34.71777,46.06896],[34.71697,46.07271],[34.71515,46.07628],[34.70859,46.08337],[34.70328,46.08621],[34.69754,46.08822],[34.69192,46.08906],[34.68348,46.0892],[34.67661,46.09095],[34.67334,46.09025],[34.67231,46.09109],[34.67008,46.10013],[34.67267,46.10095],[34.67707,46.10135],[34.68407,46.10156],[34.71819,46.09561],[34.73454,46.09694],[34.75536,46.10494],[34.75756,46.10607],[34.76034,46.10559],[34.76268,46.09225],[34.77835,46.07269],[34.78954,46.07114],[34.80026,46.07852],[34.80446,46.0851],[34.80711,46.09489],[34.81737,46.11261],[34.81596,46.13259],[34.80271,46.15397],[34.7922,46.16226],[34.778,46.17145],[34.7672,46.17476],[34.76018,46.17533],[34.74964,46.17363],[34.73898,46.17028],[34.73393,46.16891],[34.73103,46.16916],[34.70511,46.18206],[34.67507,46.18379],[34.62767,46.17345],[34.62267,46.16645],[34.62249,46.14709],[34.62761,46.13119],[34.6428,46.09831],[34.64254,46.09315],[34.63542,46.07998],[34.62659,46.07252],[34.62012,46.06402],[34.61537,46.04814],[34.60724,46.03021],[34.58635,46.00971],[34.55298,45.98804],[34.55491,45.98875],[34.55592,45.98895],[34.55915,45.98832],[34.56174,45.98748],[34.56881,45.98313],[34.57626,45.97687],[34.59038,45.96779],[34.605,45.96169],[34.60935,45.96118]],[[34.50633,45.88182],[34.51384,45.88651],[34.51949,45.89381],[34.53246,45.90651],[34.53449,45.90766],[34.5348,45.91096],[34.53208,45.9133],[34.53339,45.91646],[34.53702,45.91867],[34.54461,45.91998],[34.55204,45.91814],[34.55921,45.91485],[34.56414,45.91103],[34.56781,45.90906],[34.57148,45.90864],[34.57457,45.90918],[34.57817,45.91103],[34.58152,45.91389],[34.58332,45.91712],[34.58341,45.92022],[34.58229,45.92488],[34.57247,45.93986],[34.56247,45.9484],[34.55908,45.95621],[34.5536,45.96716],[34.54624,45.97716],[34.53769,45.99252],[34.52774,45.99733],[34.52226,45.99833],[34.51621,45.99592],[34.50409,45.98714],[34.49451,45.98329],[34.49341,45.97999],[34.4942,45.96954],[34.49151,45.96391],[34.48906,45.96172],[34.48625,45.96042],[34.48484,45.95998],[34.48363,45.95758],[34.48387,45.9562],[34.48008,45.95268],[34.4775,45.94408],[34.49007,45.91979],[34.48983,45.91696],[34.48551,45.91142],[34.47794,45.89528],[34.47913,45.89103],[34.48497,45.88806],[34.48822,45.88283],[34.49921,45.88014],[34.50633,45.88182]]],[[[37.68752,49.62562],[37.68798,49.62525],[37.68648,49.62488],[37.68627,49.62525],[37.68752,49.62562]]],[[[37.57204,50.23648],[37.57792,50.2336],[37.58796,50.23172],[37.592,50.23238],[37.59268,50.23771],[37.58667,50.24237],[37.58667,50.25061],[37.5914,50.25094],[37.605,50.25353],[37.61307,50.25561],[37.62612,50.25575],[37.6264,50.23882],[37.61362,50.21913],[37.59715,50.2214],[37.5956,50.22415],[37.5811,50.22816],[37.55904,50.23217],[37.54766,50.23313],[37.54148,50.2345],[37.53767,50.23653],[37.54277,50.24002],[37.54668,50.23955],[37.54947,50.2367],[37.5656,50.23601],[37.57204,50.23648]]],[[[37.44537,50.43275],[37.43574,50.43824],[37.43304,50.44016],[37.43262,50.44361],[37.46896,50.45354],[37.47308,50.45557],[37.47694,50.45945],[37.49093,50.45733],[37.48471,50.44559],[37.48567,50.43632],[37.48231,50.43312],[37.47871,50.43144],[37.46936,50.43099],[37.46516,50.42998],[37.46349,50.42457],[37.46583,50.41792],[37.46477,50.41416],[37.46131,50.41559],[37.4588,50.41799],[37.45899,50.4206],[37.45353,50.42479],[37.44932,50.42996],[37.44537,50.43275]]],[[[37.18716,50.35891],[37.18641,50.35348],[37.17315,50.34762],[37.15985,50.34028],[37.1571,50.33524],[37.14466,50.33502],[37.14062,50.3428],[37.14011,50.34932],[37.13819,50.36108],[37.14882,50.356],[37.18315,50.36346],[37.18716,50.35891]]],[[[37.08092,50.33966],[37.08083,50.34826],[37.08388,50.34862],[37.08345,50.33481],[37.07611,50.33281],[37.07371,50.33599],[37.0759,50.33876],[37.08092,50.33966]]],[[[36.76574,50.26771],[36.76042,50.26801],[36.74534,50.26804],[36.73262,50.26722],[36.72599,50.26977],[36.72006,50.27745],[36.72891,50.27737],[36.73995,50.28298],[36.74134,50.28302],[36.74147,50.28225],[36.7423,50.28176],[36.74546,50.2818],[36.74556,50.28135],[36.74645,50.28061],[36.74791,50.28033],[36.74876,50.28045],[36.74981,50.28095],[36.75037,50.28166],[36.75015,50.28214],[36.7507,50.28318],[36.75081,50.28442],[36.75034,50.28487],[36.75026,50.28634],[36.74786,50.28748],[36.75376,50.28963],[36.75806,50.28966],[36.76427,50.29075],[36.76493,50.2931],[36.76669,50.29585],[36.76829,50.30189],[36.76936,50.30193],[36.77081,50.30302],[36.78094,50.3031],[36.78374,50.30375],[36.78578,50.30482],[36.79017,50.30507],[36.79402,50.30577],[36.79933,50.30592],[36.80093,50.30644],[36.80285,50.30864],[36.80433,50.30966],[36.80535,50.31018],[36.80952,50.31146],[36.81231,50.31149],[36.81517,50.31192],[36.81864,50.31278],[36.82509,50.31266],[36.82886,50.31229],[36.83335,50.31321],[36.85256,50.32793],[36.85428,50.32985],[36.8611,50.33117],[36.86258,50.33172],[36.86374,50.33248],[36.8721,50.33567],[36.88207,50.33652],[36.91512,50.34625],[36.93769,50.35025],[36.95626,50.34918],[37.03734,50.34869],[37.02751,50.34648],[37.02807,50.33441],[37.03153,50.33238],[37.03662,50.33146],[37.0395,50.33136],[37.04058,50.32907],[37.04456,50.32691],[37.04946,50.32153],[37.04861,50.31887],[37.04256,50.31834],[37.03692,50.31736],[37.0365,50.31538],[37.03389,50.31044],[37.03087,50.31009],[37.0261,50.30919],[37.02196,50.30682],[37.01338,50.30457],[37.0103,50.30306],[37.00893,50.30142],[37.00681,50.30146],[37.00073,50.30308],[36.99365,50.30265],[36.99111,50.30182],[36.98892,50.30134],[36.98692,50.30166],[36.9826,50.30285],[36.98159,50.30278],[36.97605,50.30156],[36.97524,50.30064],[36.97472,50.29971],[36.97414,50.2964],[36.96587,50.29352],[36.96807,50.28838],[36.96021,50.28544],[36.95266,50.28322],[36.95107,50.28103],[36.94368,50.27932],[36.94507,50.2768],[36.95587,50.27772],[36.95672,50.27578],[36.96601,50.27745],[36.96767,50.27606],[36.9599,50.27228],[36.94835,50.26953],[36.94466,50.26985],[36.94131,50.27101],[36.93634,50.26909],[36.92876,50.26895],[36.92418,50.27358],[36.92494,50.27509],[36.92051,50.28297],[36.91837,50.28631],[36.91528,50.28943],[36.91351,50.2893],[36.91259,50.28879],[36.91167,50.28942],[36.91087,50.28894],[36.9099,50.28934],[36.90616,50.29029],[36.89319,50.2906],[36.89822,50.28447],[36.89629,50.28113],[36.89238,50.27787],[36.89444,50.27403],[36.89216,50.26956],[36.89537,50.26807],[36.89895,50.26864],[36.90285,50.26872],[36.90344,50.26818],[36.90554,50.26757],[36.90808,50.26741],[36.90881,50.26453],[36.90601,50.26276],[36.90605,50.26104],[36.90565,50.26017],[36.89906,50.26307],[36.89595,50.26121],[36.89552,50.25921],[36.89375,50.25546],[36.89341,50.25392],[36.89375,50.25219],[36.89633,50.25213],[36.89732,50.25452],[36.90225,50.2558],[36.90667,50.25447],[36.90695,50.25322],[36.90482,50.25147],[36.90388,50.24978],[36.89974,50.24983],[36.89363,50.25054],[36.88865,50.24972],[36.88487,50.25027],[36.87899,50.25392],[36.87217,50.25403],[36.87217,50.25727],[36.87644,50.25911],[36.87299,50.26217],[36.86895,50.26188],[36.86636,50.25965],[36.86503,50.25776],[36.86233,50.25639],[36.85881,50.25661],[36.85503,50.2576],[36.84851,50.26017],[36.84615,50.25943],[36.84121,50.2562],[36.83653,50.25411],[36.83405,50.25169],[36.83071,50.25016],[36.82921,50.24698],[36.82188,50.24454],[36.81722,50.24445],[36.81461,50.24703],[36.8121,50.2468],[36.80779,50.24875],[36.80958,50.25309],[36.80452,50.25409],[36.80123,50.25424],[36.79222,50.25674],[36.78376,50.26022],[36.78265,50.26607],[36.76574,50.26771]]],[[[36.40564,50.26799],[36.39613,50.26653],[36.39037,50.2696],[36.38947,50.27503],[36.38703,50.27695],[36.38962,50.27931],[36.38807,50.2826],[36.38486,50.28412],[36.38359,50.28559],[36.37854,50.28509],[36.37788,50.283],[36.37887,50.28255],[36.37911,50.28224],[36.37908,50.28137],[36.3817,50.28028],[36.382,50.27934],[36.38183,50.27827],[36.38213,50.27756],[36.38217,50.27698],[36.3696,50.27775],[36.36994,50.28184],[36.36363,50.28455],[36.36205,50.28554],[36.36117,50.28732],[36.36437,50.28772],[36.36615,50.28778],[36.36729,50.28857],[36.3788,50.29335],[36.37415,50.29994],[36.37438,50.30044],[36.37552,50.30088],[36.39952,50.30695],[36.40031,50.30731],[36.40038,50.30785],[36.40134,50.30827],[36.40208,50.30821],[36.4062,50.31042],[36.40881,50.31211],[36.41219,50.3148],[36.41319,50.31588],[36.41306,50.31606],[36.41518,50.31837],[36.41591,50.31858],[36.41742,50.31989],[36.42156,50.32406],[36.42246,50.32578],[36.42314,50.32646],[36.42431,50.32693],[36.42482,50.32774],[36.42685,50.32884],[36.43364,50.33069],[36.44025,50.31089],[36.44152,50.31121],[36.44538,50.3117],[36.47209,50.31311],[36.48091,50.31246],[36.48758,50.31164],[36.48824,50.31065],[36.48965,50.31016],[36.48995,50.30961],[36.48973,50.30791],[36.49096,50.30615],[36.49262,50.30473],[36.49426,50.30368],[36.49763,50.30226],[36.50024,50.29966],[36.50086,50.29924],[36.5112,50.29539],[36.512,50.29546],[36.51317,50.29588],[36.51393,50.29577],[36.51583,50.29586],[36.51634,50.29544],[36.51626,50.29421],[36.51662,50.29396],[36.51666,50.29376],[36.51713,50.2936],[36.51752,50.29383],[36.51875,50.2938],[36.52033,50.29332],[36.52134,50.29319],[36.52396,50.2936],[36.52728,50.29264],[36.52533,50.28601],[36.53484,50.2843],[36.54057,50.28362],[36.55013,50.2818],[36.55313,50.28206],[36.55605,50.28135],[36.55637,50.28175],[36.55836,50.28249],[36.55896,50.2835],[36.5603,50.28419],[36.56414,50.28503],[36.56845,50.28546],[36.56981,50.28575],[36.5721,50.2857],[36.58306,50.28629],[36.58428,50.28606],[36.58684,50.28504],[36.58782,50.28427],[36.58875,50.28386],[36.58805,50.28173],[36.58815,50.28115],[36.58952,50.27937],[36.59127,50.27858],[36.59354,50.27806],[36.59379,50.2758],[36.57379,50.27531],[36.57554,50.27442],[36.57651,50.27007],[36.58044,50.26253],[36.57507,50.26069],[36.57782,50.2586],[36.57395,50.25531],[36.56867,50.25773],[36.56012,50.25076],[36.55615,50.24804],[36.54619,50.25007],[36.54061,50.24436],[36.51467,50.24136],[36.50649,50.23804],[36.4974,50.24076],[36.48692,50.24298],[36.48091,50.24135],[36.47988,50.243],[36.47696,50.24451],[36.47468,50.24756],[36.46915,50.25167],[36.46666,50.25217],[36.46477,50.25159],[36.46082,50.25439],[36.45756,50.25612],[36.45226,50.25769],[36.45021,50.25679],[36.44656,50.25594],[36.44051,50.25669],[36.43705,50.25812],[36.43222,50.25503],[36.42972,50.25488],[36.42825,50.25546],[36.42622,50.2558],[36.42506,50.25345],[36.4219,50.25411],[36.41781,50.25661],[36.41618,50.257],[36.4149,50.25752],[36.41174,50.26344],[36.40564,50.26799]]],[[[36.30111,50.32302],[36.30416,50.322],[36.30845,50.32091],[36.30974,50.31962],[36.3195,50.31741],[36.32284,50.3104],[36.32995,50.30306],[36.331,50.2895],[36.30925,50.2965],[36.29519,50.29728],[36.29032,50.29905],[36.28719,50.30193],[36.28677,50.30473],[36.28533,50.31079],[36.28005,50.31775],[36.28536,50.32663],[36.28996,50.32567],[36.29725,50.32337],[36.30111,50.32302]]],[[[36.27851,50.33071],[36.27787,50.33051],[36.27694,50.32904],[36.27425,50.33114],[36.28123,50.33732],[36.28372,50.33558],[36.27888,50.33133],[36.27851,50.33071]]],[[[36.23119,50.3697],[36.23168,50.36896],[36.23276,50.36505],[36.23383,50.36377],[36.24175,50.3585],[36.23755,50.35835],[36.22748,50.3572],[36.20784,50.34212],[36.19805,50.33431],[36.19365,50.33327],[36.19003,50.33538],[36.18984,50.33902],[36.19411,50.34519],[36.20732,50.35729],[36.22126,50.36785],[36.23096,50.37085],[36.23119,50.3697]]],[[[36.19503,50.4134],[36.19809,50.4161],[36.20538,50.40727],[36.20779,50.40566],[36.20869,50.40455],[36.20979,50.40449],[36.21086,50.40491],[36.21215,50.40613],[36.21491,50.40693],[36.21707,50.40701],[36.21855,50.40611],[36.21951,50.40421],[36.2203,50.40325],[36.22113,50.40276],[36.22202,50.40178],[36.22118,50.40128],[36.22067,50.40075],[36.21891,50.40025],[36.21815,50.39957],[36.21765,50.39883],[36.21734,50.39866],[36.21444,50.39842],[36.21312,50.3993],[36.20233,50.39641],[36.20518,50.39458],[36.20793,50.39175],[36.20697,50.39137],[36.2075,50.3907],[36.20748,50.38987],[36.20588,50.39051],[36.20036,50.38953],[36.19878,50.39131],[36.19532,50.39053],[36.19493,50.39114],[36.19243,50.39096],[36.18824,50.39027],[36.18815,50.39088],[36.18883,50.39125],[36.18817,50.39265],[36.18889,50.39282],[36.18805,50.39433],[36.19281,50.39894],[36.19577,50.40349],[36.19503,50.4134]]],[[[35.90131,50.43823],[35.90838,50.43722],[35.91214,50.4343],[35.92139,50.43685],[35.93345,50.43041],[35.92555,50.43034],[35.91272,50.43102],[35.90238,50.43356],[35.90131,50.43823]]],[[[35.21524,51.05083],[35.21399,51.04948],[35.21026,51.04983],[35.20163,51.05286],[35.20103,51.05531],[35.1952,51.05768],[35.19061,51.05795],[35.18275,51.06176],[35.18292,51.06292],[35.18133,51.06525],[35.17442,51.07126],[35.1663,51.07733],[35.16621,51.08046],[35.17373,51.08726],[35.17679,51.0973],[35.16839,51.1005],[35.16459,51.10081],[35.15505,51.10009],[35.14805,51.10157],[35.14812,51.1046],[35.15525,51.11032],[35.16378,51.12139],[35.16355,51.12739],[35.14489,51.13533],[35.14042,51.13112],[35.11827,51.12697],[35.11604,51.12331],[35.1139,51.12229],[35.11149,51.12145],[35.11004,51.12222],[35.10703,51.12724],[35.0975,51.12676],[35.09544,51.12829],[35.0818,51.13123],[35.07167,51.12983],[35.06916,51.12462],[35.06859,51.12185],[35.05841,51.11542],[35.05086,51.11275],[35.05028,51.10992],[35.04427,51.10547],[35.04103,51.10462],[35.03814,51.1065],[35.03719,51.10817],[35.03762,51.10873],[35.03181,51.11037],[35.02877,51.1057],[35.02256,51.107],[35.02037,51.1059],[35.01689,51.10571],[34.99964,51.1014],[34.99819,51.10179],[34.99733,51.10288],[35.00119,51.10754],[34.99878,51.10994],[34.99132,51.10937],[34.97781,51.10919],[34.97673,51.10733],[34.97372,51.10598],[34.9711,51.10676],[34.97282,51.10921],[34.96862,51.11231],[34.96368,51.11377],[34.9637,51.11975],[34.95081,51.12381],[34.94769,51.12982],[34.93938,51.13021],[34.93586,51.13118],[34.93667,51.13237],[34.92899,51.1343],[34.93092,51.13754],[34.92856,51.13813],[34.92865,51.13926],[34.92221,51.1402],[34.91405,51.14672],[34.89556,51.14335],[34.89415,51.14252],[34.88522,51.14858],[34.87797,51.1451],[34.8811,51.13514],[34.88024,51.13194],[34.87811,51.12948],[34.86891,51.12537],[34.86612,51.12275],[34.8476,51.12723],[34.84422,51.13694],[34.84216,51.13625],[34.83306,51.13429],[34.82568,51.13319],[34.82056,51.13398],[34.81789,51.131],[34.8134,51.13022],[34.80208,51.13063],[34.80182,51.13666],[34.80014,51.14317],[34.79988,51.14495],[34.79507,51.1513],[34.78598,51.15184],[34.76798,51.16211],[34.75778,51.16521],[34.75356,51.16496],[34.75014,51.16639],[34.74972,51.16787],[34.74886,51.1692],[34.74372,51.16959],[34.73696,51.17938],[34.74611,51.17911],[34.7532,51.18062],[34.76297,51.17605],[34.77393,51.17508],[34.7793,51.17722],[34.78131,51.18115],[34.78543,51.18397],[34.79168,51.20424],[34.80416,51.22933],[34.80502,51.23588],[34.80142,51.24266],[34.79901,51.25781],[34.79558,51.26586],[34.80416,51.2707],[34.79343,51.27494],[34.80489,51.29338],[34.77867,51.29717],[34.77715,51.30049],[34.7665,51.31165],[34.77114,51.31552],[34.78024,51.31337],[34.78341,51.31536],[34.78272,51.3226],[34.79844,51.33168],[34.78887,51.33926],[34.78101,51.34994],[34.80401,51.35573],[34.82187,51.38059],[34.83675,51.38502],[34.86678,51.38193],[34.89227,51.3867],[34.89922,51.39147],[34.90832,51.40326],[34.92145,51.40989],[34.93403,51.41256],[34.94112,51.41136],[34.94025,51.4146],[34.94472,51.41573],[34.94575,51.41701],[34.94892,51.41904],[34.95193,51.41787],[34.95742,51.42006],[34.9612,51.42215],[34.96215,51.43028],[34.96165,51.439],[34.96457,51.44006],[34.96205,51.45307],[34.97484,51.45559],[34.99587,51.4589],[35.00952,51.46061],[35.01905,51.4642],[35.03424,51.47152],[35.04002,51.47072],[35.04666,51.46934],[35.05685,51.47266],[35.06285,51.47757],[35.07833,51.47322],[35.08993,51.4688],[35.09601,51.46836],[35.10152,51.465],[35.10273,51.4601],[35.11287,51.45838],[35.11494,51.44287],[35.11813,51.44251],[35.11907,51.44149],[35.12036,51.44165],[35.12156,51.44363],[35.125,51.44427],[35.13547,51.44368],[35.13495,51.44031],[35.14096,51.44058],[35.14225,51.44572],[35.15087,51.44633],[35.16371,51.44026],[35.17508,51.44297],[35.18414,51.44388],[35.18747,51.44669],[35.18604,51.45013],[35.18093,51.45112],[35.1844,51.45981],[35.19168,51.46308],[35.19408,51.46668],[35.19425,51.47],[35.19752,51.47465],[35.197,51.48117],[35.20481,51.48149],[35.20756,51.47909],[35.20816,51.47636],[35.21647,51.47718],[35.22191,51.47922],[35.23319,51.47719],[35.2428,51.47863],[35.24984,51.47858],[35.25574,51.47475],[35.25796,51.46319],[35.25422,51.45591],[35.24603,51.45013],[35.24826,51.43463],[35.24204,51.42889],[35.23839,51.41598],[35.22346,51.41536],[35.21678,51.41731],[35.21335,51.40952],[35.2094,51.4053],[35.21215,51.39947],[35.21225,51.39588],[35.21762,51.39397],[35.22563,51.39795],[35.23582,51.39977],[35.23571,51.40121],[35.23622,51.4035],[35.23718,51.40542],[35.23816,51.40559],[35.23815,51.40499],[35.23931,51.40415],[35.2444,51.40329],[35.25222,51.40403],[35.25786,51.40543],[35.26275,51.40738],[35.26258,51.41145],[35.26524,51.41209],[35.2679,51.41188],[35.26747,51.41284],[35.27769,51.41209],[35.27606,51.40867],[35.27563,51.40267],[35.27563,51.39673],[35.27644,51.39448],[35.27586,51.38979],[35.28502,51.3867],[35.27434,51.38229],[35.27134,51.37784],[35.27723,51.37633],[35.28259,51.376],[35.28662,51.37611],[35.28837,51.37784],[35.29008,51.38009],[35.29197,51.3818],[35.29223,51.38384],[35.29206,51.38614],[35.30382,51.38791],[35.30948,51.38636],[35.31154,51.38486],[35.31678,51.38266],[35.31654,51.37851],[35.32544,51.37599],[35.32922,51.3799],[35.33087,51.38514],[35.33308,51.38791],[35.33248,51.39214],[35.33772,51.39295],[35.34441,51.3949],[35.34699,51.39414],[35.34793,51.39321],[35.34574,51.39075],[35.34664,51.3885],[35.34724,51.38443],[35.34647,51.3795],[35.33917,51.37558],[35.33857,51.37263],[35.3483,51.37068],[35.35718,51.3686],[35.36006,51.36648],[35.36202,51.36351],[35.36794,51.36345],[35.38068,51.35751],[35.39102,51.34971],[35.38542,51.3374],[35.39364,51.33414],[35.40703,51.33656],[35.41338,51.33184],[35.41932,51.32971],[35.42546,51.32254],[35.43112,51.32089],[35.43711,51.3205],[35.44653,51.31832],[35.44662,51.30193],[35.4267,51.29999],[35.41967,51.28776],[35.41159,51.27892],[35.40741,51.27566],[35.40631,51.2716],[35.40092,51.2693],[35.39501,51.26851],[35.39921,51.26496],[35.39325,51.26226],[35.39419,51.26097],[35.39617,51.25979],[35.39771,51.25777],[35.39909,51.25699],[35.39977,51.25549],[35.40617,51.25396],[35.40858,51.25368],[35.41994,51.25664],[35.42977,51.2568],[35.43535,51.25339],[35.44213,51.24976],[35.43874,51.24474],[35.43917,51.24157],[35.43574,51.2381],[35.43651,51.23413],[35.43411,51.22993],[35.4249,51.22806],[35.41398,51.22887],[35.40802,51.21961],[35.40431,51.21055],[35.39648,51.20891],[35.39698,51.20697],[35.39881,51.20668],[35.40016,51.20607],[35.40194,51.20585],[35.39981,51.19756],[35.39543,51.19798],[35.39456,51.19224],[35.39609,51.18647],[35.40473,51.18309],[35.40061,51.17814],[35.39383,51.17825],[35.3843,51.16965],[35.40336,51.16081],[35.39256,51.14659],[35.38837,51.14247],[35.39242,51.13318],[35.40395,51.12366],[35.43952,51.11368],[35.45585,51.10461],[35.47896,51.09403],[35.48603,51.08409],[35.50974,51.0819],[35.51128,51.07454],[35.50458,51.07021],[35.51212,51.06649],[35.51486,51.06072],[35.51347,51.05118],[35.50127,51.04853],[35.48754,51.04933],[35.48384,51.0456],[35.46847,51.04381],[35.46721,51.04098],[35.46113,51.03967],[35.45953,51.04245],[35.45517,51.04383],[35.45281,51.04646],[35.44136,51.05427],[35.42686,51.05122],[35.41688,51.05509],[35.40699,51.05209],[35.39865,51.05298],[35.38986,51.06047],[35.3818,51.06608],[35.36767,51.07976],[35.35522,51.07221],[35.34638,51.06962],[35.3387,51.06676],[35.32816,51.07116],[35.31599,51.06632],[35.30636,51.06151],[35.28893,51.06011],[35.27974,51.06044],[35.273,51.06127],[35.26555,51.06533],[35.26468,51.06812],[35.25593,51.06758],[35.24793,51.06756],[35.24256,51.06537],[35.23315,51.06373],[35.22971,51.06285],[35.22875,51.06206],[35.22842,51.06147],[35.22754,51.06069],[35.22649,51.06013],[35.22292,51.0561],[35.22009,51.05249],[35.21524,51.05083]],[[35.38462,51.1479],[35.38401,51.15304],[35.38496,51.1439],[35.38462,51.1479]],[[35.22769,51.35195],[35.22777,51.35211],[35.22838,51.35421],[35.22836,51.35421],[35.22769,51.35195]],[[35.05943,51.27692],[35.06165,51.27566],[35.06366,51.27502],[35.06241,51.27545],[35.05943,51.27692]],[[35.05274,51.27174],[35.04406,51.26902],[35.04406,51.269],[35.05274,51.27174]],[[34.98047,51.23675],[34.98705,51.23663],[34.99489,51.24022],[34.98652,51.23671],[34.98047,51.23675]]],[[[35.39527,50.68261],[35.3905,50.68693],[35.38931,50.68908],[35.3853,50.692],[35.38306,50.6925],[35.37966,50.69234],[35.37695,50.69267],[35.37685,50.69356],[35.37726,50.69441],[35.3798,50.69569],[35.38018,50.69738],[35.37885,50.69932],[35.38466,50.70063],[35.38511,50.70205],[35.38522,50.70428],[35.38293,50.70515],[35.38282,50.70845],[35.38183,50.71269],[35.38134,50.7171],[35.39907,50.7186],[35.41194,50.71822],[35.41829,50.71903],[35.42343,50.72761],[35.41236,50.72946],[35.40687,50.73196],[35.40524,50.73555],[35.40464,50.7381],[35.39767,50.74164],[35.39363,50.75245],[35.39137,50.75494],[35.39148,50.7568],[35.39328,50.76695],[35.39453,50.78303],[35.39389,50.78381],[35.38724,50.78707],[35.38767,50.78899],[35.38727,50.79099],[35.38456,50.79149],[35.37729,50.79436],[35.37387,50.79476],[35.37228,50.79555],[35.37182,50.79648],[35.3704,50.79822],[35.37023,50.80109],[35.37091,50.80294],[35.37533,50.80684],[35.37592,50.80914],[35.37735,50.81196],[35.38063,50.81403],[35.39266,50.81603],[35.39495,50.81912],[35.39604,50.82551],[35.39817,50.83294],[35.39245,50.84026],[35.39206,50.84823],[35.38457,50.86099],[35.38521,50.86792],[35.39566,50.86476],[35.39958,50.86463],[35.40289,50.86478],[35.40635,50.86252],[35.40791,50.85836],[35.41102,50.85669],[35.41943,50.84321],[35.41981,50.84198],[35.41997,50.84058],[35.41928,50.83746],[35.42008,50.8299],[35.41686,50.82011],[35.41331,50.81516],[35.41164,50.80988],[35.41023,50.80677],[35.4114,50.8029],[35.41463,50.80007],[35.41924,50.79766],[35.43318,50.79435],[35.43647,50.79141],[35.45022,50.78315],[35.45395,50.78204],[35.46403,50.78331],[35.46744,50.78314],[35.47033,50.78339],[35.47441,50.78456],[35.48825,50.77725],[35.47441,50.75569],[35.47702,50.75262],[35.47104,50.74673],[35.47411,50.74392],[35.47563,50.73916],[35.47346,50.73788],[35.46929,50.73663],[35.4634,50.73604],[35.46537,50.73352],[35.4649,50.73188],[35.45926,50.73139],[35.45361,50.72948],[35.45207,50.72765],[35.45208,50.72529],[35.45396,50.71922],[35.46962,50.71845],[35.46809,50.71758],[35.46753,50.71667],[35.46728,50.71434],[35.4675,50.71235],[35.46736,50.71105],[35.46633,50.70912],[35.46459,50.7095],[35.46058,50.70931],[35.45994,50.70645],[35.45737,50.70414],[35.45731,50.70355],[35.45774,50.70314],[35.45923,50.70243],[35.46046,50.70162],[35.4609,50.70087],[35.46099,50.70048],[35.46055,50.69925],[35.46032,50.697],[35.46098,50.69627],[35.46215,50.69562],[35.46293,50.69399],[35.46059,50.69094],[35.46017,50.68997],[35.46019,50.68904],[35.46139,50.68703],[35.46245,50.68627],[35.46412,50.68465],[35.469,50.6822],[35.4724,50.68109],[35.48166,50.68197],[35.49573,50.67851],[35.48694,50.67084],[35.48708,50.66893],[35.48905,50.65841],[35.48586,50.65605],[35.48073,50.6577],[35.46272,50.66632],[35.42697,50.65526],[35.40088,50.65635],[35.4158,50.65735],[35.41578,50.66462],[35.41857,50.67196],[35.41672,50.67515],[35.41548,50.67661],[35.41428,50.67838],[35.41415,50.67974],[35.41363,50.68094],[35.41154,50.68343],[35.40074,50.68275],[35.39527,50.68261]],[[35.43741,50.77007],[35.43676,50.7704],[35.43633,50.77058],[35.43633,50.77056],[35.43741,50.77007]]],[[[35.38702,50.87503],[35.39377,50.87769],[35.40178,50.87965],[35.3892,50.88514],[35.40177,50.88497],[35.42589,50.8802],[35.424,50.87354],[35.42298,50.87235],[35.40937,50.87313],[35.39551,50.873],[35.38702,50.87503]]],[[[35.38792,50.92893],[35.38768,50.92829],[35.39313,50.92481],[35.3931,50.9194],[35.40044,50.91485],[35.40174,50.91083],[35.38755,50.91309],[35.38485,50.91294],[35.37442,50.91492],[35.37009,50.91736],[35.36099,50.91945],[35.35465,50.91599],[35.34683,50.9181],[35.34623,50.92208],[35.34139,50.92547],[35.34374,50.92781],[35.34479,50.93118],[35.34206,50.93446],[35.33951,50.93417],[35.33114,50.93467],[35.32586,50.94678],[35.31449,50.94919],[35.31535,50.95086],[35.29999,50.95863],[35.29796,50.96116],[35.30245,50.96257],[35.30595,50.96401],[35.30653,50.96643],[35.30649,50.97127],[35.32503,50.98721],[35.32976,50.99625],[35.33791,50.99878],[35.34306,51.00188],[35.35258,51.00255],[35.34701,50.99841],[35.34504,50.99672],[35.34469,50.99478],[35.35195,50.98813],[35.35872,50.97501],[35.36197,50.96284],[35.35982,50.96008],[35.36394,50.95489],[35.36982,50.95324],[35.38462,50.95765],[35.396,50.95197],[35.4056,50.94911],[35.41002,50.94654],[35.41255,50.94456],[35.41302,50.94298],[35.40311,50.94052],[35.40234,50.93805],[35.40895,50.92907],[35.38792,50.92893]]],[[[34.67345,51.21193],[34.66941,51.21047],[34.66632,51.21064],[34.66303,51.24315],[34.66225,51.24733],[34.65989,51.24756],[34.65728,51.24693],[34.64904,51.24805],[34.64482,51.24913],[34.63871,51.2498],[34.63603,51.25079],[34.6339,51.25063],[34.63172,51.25089],[34.63008,51.25088],[34.62689,51.25053],[34.62384,51.2509],[34.62143,51.25034],[34.60982,51.25149],[34.60508,51.25446],[34.60165,51.25406],[34.60108,51.25194],[34.60094,51.24726],[34.60206,51.24621],[34.59747,51.24596],[34.59476,51.24428],[34.5809,51.23432],[34.56525,51.24508],[34.5592,51.25749],[34.53364,51.2533],[34.52299,51.25281],[34.51267,51.2419],[34.50486,51.24285],[34.48628,51.24453],[34.48494,51.24501],[34.48309,51.24516],[34.48113,51.24686],[34.48671,51.25488],[34.49092,51.26396],[34.49861,51.28415],[34.50582,51.30229],[34.52453,51.30535],[34.605,51.30683],[34.62238,51.30669],[34.63632,51.29858],[34.69499,51.29632],[34.69639,51.28296],[34.71281,51.24791],[34.69448,51.24301],[34.69112,51.24392],[34.68647,51.24436],[34.67957,51.24716],[34.67593,51.24588],[34.67792,51.24399],[34.6823,51.24227],[34.68419,51.23948],[34.68058,51.23615],[34.68007,51.23341],[34.67535,51.23282],[34.67322,51.22821],[34.67851,51.21295],[34.67345,51.21193]]],[[[34.24601,51.26389],[34.23927,51.2643],[34.24405,51.26848],[34.25721,51.27046],[34.26607,51.27265],[34.27198,51.27716],[34.27383,51.28076],[34.27502,51.28021],[34.27708,51.28046],[34.28184,51.28149],[34.28296,51.28145],[34.28152,51.2789],[34.28187,51.27385],[34.28011,51.27232],[34.2796,51.27168],[34.27404,51.27288],[34.27061,51.27259],[34.26944,51.27154],[34.27361,51.26889],[34.28161,51.26791],[34.2962,51.27132],[34.30787,51.27221],[34.30907,51.27038],[34.3119,51.27065],[34.32241,51.27385],[34.32274,51.27589],[34.32137,51.27903],[34.33819,51.27914],[34.35308,51.27688],[34.36952,51.28042],[34.38737,51.28128],[34.407,51.28183],[34.4173,51.28027],[34.40039,51.27076],[34.3842,51.27376],[34.37966,51.27058],[34.374,51.26772],[34.35895,51.26584],[34.34989,51.26388],[34.32264,51.24683],[34.32506,51.23953],[34.30523,51.23832],[34.29726,51.24238],[34.30101,51.25854],[34.28596,51.26293],[34.28077,51.25897],[34.27773,51.25403],[34.26352,51.25749],[34.2558,51.26068],[34.24601,51.26389]]],[[[34.38523,51.84384],[34.3736,51.83766],[34.36789,51.83684],[34.36016,51.84042],[34.3481,51.83984],[34.34561,51.84347],[34.34814,51.84591],[34.34939,51.85153],[34.35813,51.86029],[34.35932,51.85789],[34.38523,51.84384]]],[[[34.29567,51.71848],[34.29932,51.71954],[34.29923,51.72358],[34.30704,51.72395],[34.30957,51.72008],[34.29235,51.70535],[34.29563,51.7121],[34.29468,51.71598],[34.29567,51.71848]]],[[[32.71599,46.64249],[32.71505,46.64332],[32.71471,46.64327],[32.71364,46.64478],[32.71278,46.64476],[32.71225,46.64511],[32.71237,46.64566],[32.71276,46.64608],[32.71229,46.64666],[32.71296,46.64658],[32.71339,46.64704],[32.71407,46.64679],[32.71468,46.64684],[32.71486,46.647],[32.71492,46.64757],[32.71461,46.64764],[32.71469,46.64778],[32.71769,46.64779],[32.71842,46.64807],[32.71902,46.6489],[32.72313,46.64898],[32.72475,46.63602],[32.7238,46.63649],[32.72086,46.63728],[32.71889,46.63758],[32.71647,46.63766],[32.71446,46.6375],[32.71273,46.63714],[32.71236,46.63745],[32.71713,46.64156],[32.71718,46.64224],[32.71599,46.64249]]],[[[32.55181,46.55297],[32.55364,46.55537],[32.55503,46.55623],[32.55516,46.5566],[32.55587,46.55711],[32.56019,46.5588],[32.56158,46.5586],[32.56238,46.55795],[32.56291,46.5573],[32.56424,46.55488],[32.56622,46.55386],[32.56783,46.55375],[32.56986,46.55418],[32.57101,46.5548],[32.5719,46.55556],[32.57256,46.55656],[32.57331,46.55629],[32.57452,46.55621],[32.57538,46.5557],[32.57685,46.55544],[32.57847,46.5549],[32.57916,46.55406],[32.57801,46.55315],[32.57399,46.55067],[32.57028,46.54871],[32.56627,46.54692],[32.56374,46.54498],[32.55915,46.54292],[32.55144,46.54106],[32.54602,46.54055],[32.53943,46.53906],[32.53909,46.53913],[32.53932,46.53968],[32.54014,46.54053],[32.54061,46.54167],[32.54126,46.54256],[32.54306,46.54362],[32.54615,46.54489],[32.54869,46.54677],[32.55002,46.54865],[32.55181,46.55297]]],[[[32.52604,46.56585],[32.52616,46.56695],[32.52541,46.56765],[32.52576,46.56815],[32.53259,46.57067],[32.53796,46.57121],[32.54308,46.5712],[32.54771,46.57185],[32.54845,46.57155],[32.54962,46.57053],[32.5504,46.57032],[32.55105,46.57032],[32.55226,46.57074],[32.55362,46.57081],[32.55622,46.5703],[32.55812,46.56964],[32.55905,46.56959],[32.56109,46.5704],[32.56105,46.57079],[32.56133,46.57095],[32.56188,46.57098],[32.56278,46.57069],[32.56379,46.57097],[32.56476,46.57079],[32.5664,46.57002],[32.56702,46.56911],[32.5647,46.56654],[32.55547,46.56139],[32.54848,46.55813],[32.53289,46.5542],[32.52413,46.55377],[32.51575,46.55469],[32.509,46.55685],[32.5055,46.55896],[32.50339,46.56101],[32.49998,46.56484],[32.49945,46.5668],[32.50814,46.56427],[32.51085,46.56326],[32.51417,46.56253],[32.5175,46.56116],[32.51953,46.56137],[32.52252,46.56262],[32.52476,46.56414],[32.52563,46.56511],[32.52604,46.56585]]],[[[32.53347,46.55156],[32.5414,46.55369],[32.54825,46.55493],[32.54933,46.55443],[32.54936,46.55306],[32.54809,46.54939],[32.54702,46.54782],[32.54394,46.54583],[32.54138,46.54472],[32.53978,46.54367],[32.53866,46.54238],[32.53798,46.54108],[32.53675,46.53968],[32.53523,46.53849],[32.53428,46.53814],[32.53234,46.53811],[32.52006,46.54162],[32.51603,46.54209],[32.51299,46.54203],[32.51005,46.54164],[32.51214,46.54303],[32.51303,46.54399],[32.51513,46.54556],[32.51566,46.54578],[32.5172,46.54582],[32.52,46.54648],[32.52218,46.54759],[32.52383,46.54882],[32.52517,46.55083],[32.52905,46.55086],[32.53347,46.55156]]]]},"properties":{"source":"ukrdaily","source_name":"UkrDailyUpdate","source_url":"https://map.ukrdailyupdate.com/","category":"russia","category_label":"Russian-occupied","snapshot_time":"2026-09-19","fetched_at_utc":"2026-09-26T20:51:49+00:00","source_labels":["Contested","Crimea Region","East Kherson","Is it Contested?","Kharkiv Oblast","Luhansk Oblast","Myolaiv Oblast","New Contested","Pre 24th Control","Russian Advance","Russian Advance?","Russian Advanced","Russian Apparent Control","Russian Attack","Russian Capture","Russian Control","Russian Control as of","Russian Control?","Russian Controlled","Russian Projection","Russian advance","South Donbas","West Kherson","Zaporizhzhia"],"source_polygons":2448,"area_km2_approx":116451,"processing":"merged and simplified"}},{"type":"Feature","geometry":{"type":"MultiPolygon","coordinates":[[[[35.33035,47.55324],[35.32831,47.56394],[35.32294,47.57138],[35.32063,47.57282],[35.30134,47.5807],[35.33435,47.58251],[35.33596,47.58748],[35.35169,47.58916],[35.36157,47.58948],[35.36291,47.59137],[35.37344,47.5928],[35.37749,47.59298],[35.39908,47.59664],[35.41041,47.59169],[35.41325,47.58802],[35.4145,47.57954],[35.41338,47.57407],[35.41066,47.57413],[35.41208,47.56272],[35.40509,47.55995],[35.40733,47.55698],[35.4124,47.55701],[35.41528,47.55834],[35.42655,47.56226],[35.45369,47.56809],[35.46418,47.57362],[35.47036,47.58027],[35.47288,47.5832],[35.49835,47.59277],[35.51333,47.59332],[35.52334,47.597],[35.55948,47.59735],[35.56207,47.59398],[35.57247,47.59395],[35.57871,47.58754],[35.59542,47.58333],[35.60422,47.548],[35.60613,47.54093],[35.5985,47.5339],[35.59993,47.53315],[35.61051,47.54045],[35.62307,47.52537],[35.63083,47.51635],[35.63849,47.51771],[35.64924,47.51176],[35.67257,47.51921],[35.67786,47.5127],[35.68062,47.51232],[35.68651,47.5157],[35.6932,47.51461],[35.70908,47.51792],[35.71754,47.52103],[35.72168,47.5184],[35.73891,47.50663],[35.73928,47.50731],[35.74654,47.50798],[35.75083,47.5034],[35.7553,47.50079],[35.76119,47.50049],[35.76911,47.49984],[35.76793,47.49421],[35.76639,47.49],[35.78801,47.49092],[35.78976,47.49119],[35.79163,47.49444],[35.79622,47.49579],[35.80115,47.49614],[35.80162,47.50022],[35.8051,47.50749],[35.80661,47.51122],[35.80757,47.52532],[35.80277,47.54687],[35.80787,47.55212],[35.80552,47.55267],[35.80163,47.55503],[35.79756,47.56051],[35.80008,47.56333],[35.81572,47.5609],[35.82803,47.56344],[35.8298,47.56421],[35.83277,47.56399],[35.84505,47.56104],[35.84033,47.5531],[35.83006,47.54421],[35.8362,47.51885],[35.83595,47.50929],[35.83418,47.50424],[35.83404,47.5011],[35.84574,47.49713],[35.86519,47.49596],[35.86956,47.49966],[35.88816,47.49755],[35.88838,47.49954],[35.90109,47.49831],[35.91607,47.49863],[35.92136,47.50082],[35.92119,47.50232],[35.9193,47.5058],[35.92147,47.50748],[35.92778,47.50969],[35.93026,47.51175],[35.93237,47.51296],[35.93228,47.51418],[35.92327,47.5147],[35.91238,47.5149],[35.91058,47.51624],[35.9081,47.52459],[35.90034,47.52643],[35.89639,47.52835],[35.86344,47.53768],[35.86546,47.54573],[35.88181,47.5488],[35.89499,47.54498],[35.91317,47.54162],[35.93603,47.53677],[35.93955,47.53631],[35.94372,47.53821],[35.94641,47.53831],[35.95129,47.53425],[35.9522,47.53276],[35.95226,47.52917],[35.97391,47.52841],[35.97373,47.53054],[35.97993,47.53053],[35.98585,47.52552],[35.99092,47.52225],[35.99778,47.51826],[36.00295,47.51784],[36.00366,47.5221],[36.00444,47.52465],[36.00435,47.52715],[36.00512,47.52807],[36.00414,47.52912],[36.00304,47.53352],[36.01331,47.53163],[36.0268,47.53092],[36.03746,47.53007],[36.03798,47.53105],[36.03778,47.53329],[36.03528,47.53973],[36.03268,47.55151],[36.02985,47.56792],[35.98387,47.56908],[35.98305,47.57603],[36.02314,47.5824],[36.03188,47.58477],[36.03179,47.58729],[36.039,47.59203],[36.05003,47.60254],[36.04932,47.6104],[36.06275,47.6126],[36.07344,47.61346],[36.07556,47.60647],[36.08224,47.6104],[36.08447,47.61041],[36.08814,47.61382],[36.08541,47.62737],[36.09323,47.63391],[36.10413,47.64261],[36.11267,47.64386],[36.11119,47.64632],[36.10832,47.65227],[36.10697,47.66243],[36.11242,47.66373],[36.11228,47.66742],[36.11331,47.66781],[36.11002,47.68232],[36.10274,47.68942],[36.10111,47.69725],[36.12034,47.69603],[36.11785,47.70117],[36.11699,47.70446],[36.123,47.72421],[36.12203,47.72533],[36.11527,47.73105],[36.10158,47.73024],[36.0773,47.72914],[36.07558,47.73223],[36.07768,47.74092],[36.09222,47.74248],[36.09777,47.74164],[36.11274,47.75316],[36.11821,47.75879],[36.12222,47.76339],[36.12523,47.7911],[36.12926,47.79107],[36.13177,47.78661],[36.13943,47.78127],[36.16308,47.78121],[36.16286,47.79024],[36.15616,47.7903],[36.14689,47.79249],[36.13989,47.79686],[36.13586,47.80482],[36.11371,47.80566],[36.10873,47.80891],[36.1077,47.81324],[36.11079,47.81448],[36.11664,47.81921],[36.11726,47.82374],[36.11986,47.82585],[36.12613,47.82588],[36.12586,47.82949],[36.13512,47.82996],[36.13591,47.83142],[36.13608,47.83267],[36.14211,47.83293],[36.14274,47.8317],[36.14706,47.83035],[36.14847,47.82803],[36.15049,47.82744],[36.15126,47.82021],[36.16534,47.81422],[36.19105,47.81011],[36.20027,47.81245],[36.20624,47.816],[36.21293,47.81643],[36.21714,47.81175],[36.22025,47.79851],[36.24343,47.79825],[36.27684,47.80085],[36.28425,47.80804],[36.29124,47.80946],[36.3005,47.81328],[36.30273,47.81841],[36.32196,47.82058],[36.32513,47.80988],[36.33011,47.81083],[36.33767,47.81017],[36.34868,47.80334],[36.36004,47.8036],[36.36726,47.79845],[36.37847,47.79984],[36.37942,47.80134],[36.38489,47.80222],[36.38405,47.80537],[36.38951,47.80607],[36.39042,47.81377],[36.41938,47.81767],[36.42439,47.81991],[36.43281,47.82764],[36.43908,47.83076],[36.45475,47.83107],[36.46005,47.83491],[36.49948,47.83885],[36.50574,47.83901],[36.50665,47.84433],[36.5063,47.84469],[36.49721,47.84974],[36.49459,47.86148],[36.50162,47.86304],[36.5121,47.86176],[36.52139,47.85954],[36.52908,47.84857],[36.53522,47.84703],[36.58183,47.85803],[36.57754,47.88026],[36.57007,47.88551],[36.5642,47.9081],[36.5759,47.90905],[36.57594,47.90883],[36.5807,47.90909],[36.59245,47.91086],[36.59067,47.92311],[36.59167,47.92979],[36.58733,47.93809],[36.58085,47.94263],[36.58285,47.9457],[36.58804,47.94515],[36.59773,47.94552],[36.60548,47.9462],[36.62002,47.94799],[36.61969,47.95374],[36.6684,47.9597],[36.70422,47.96468],[36.70293,47.97004],[36.7119,47.97131],[36.71217,47.97191],[36.71292,47.97975],[36.71721,47.98549],[36.71837,47.99447],[36.72558,48.00361],[36.73425,48.00417],[36.7434,48.00231],[36.74878,48.00481],[36.74142,48.01509],[36.74321,48.02634],[36.74857,48.02603],[36.75019,48.03625],[36.75119,48.03989],[36.75695,48.0421],[36.75751,48.04558],[36.75665,48.04999],[36.75184,48.04941],[36.74601,48.05045],[36.74424,48.05094],[36.74384,48.05221],[36.74207,48.05294],[36.74124,48.05373],[36.71622,48.06572],[36.71696,48.07302],[36.71341,48.08008],[36.70974,48.07987],[36.70876,48.0802],[36.70768,48.081],[36.70702,48.08179],[36.70621,48.08222],[36.70193,48.0823],[36.70066,48.08261],[36.70019,48.08312],[36.69849,48.08434],[36.6963,48.08565],[36.69317,48.08638],[36.69426,48.08834],[36.6997,48.09035],[36.73283,48.09551],[36.74214,48.09592],[36.76047,48.09604],[36.76569,48.09463],[36.7679,48.09276],[36.78908,48.09368],[36.79224,48.08983],[36.79568,48.08999],[36.79556,48.09421],[36.80978,48.09563],[36.82224,48.09641],[36.85059,48.09593],[36.8919,48.09902],[36.8878,48.11759],[36.90166,48.11901],[36.89887,48.13409],[36.89432,48.13367],[36.89233,48.14252],[36.88258,48.14157],[36.87683,48.16649],[36.87314,48.18381],[36.87039,48.18439],[36.86811,48.18893],[36.87558,48.19388],[36.87833,48.19952],[36.87721,48.20622],[36.88245,48.20716],[36.88442,48.20873],[36.90176,48.2105],[36.91709,48.20809],[36.91649,48.21438],[36.91804,48.21644],[36.92246,48.21779],[36.91838,48.23768],[36.90688,48.23735],[36.90435,48.25153],[36.92208,48.2535],[36.92508,48.25182],[36.93846,48.24631],[36.96327,48.24899],[36.9619,48.25604],[36.96052,48.25907],[36.956,48.26282],[36.94031,48.26644],[36.93758,48.26795],[36.93589,48.27174],[36.93746,48.27387],[36.96051,48.2761],[36.95867,48.28806],[36.95745,48.28854],[36.95756,48.29021],[36.96273,48.29056],[36.97613,48.28894],[36.97841,48.28804],[36.97839,48.28659],[36.98247,48.2855],[36.98416,48.28662],[36.98554,48.28817],[37.02026,48.29164],[37.02968,48.29614],[37.0403,48.30384],[37.04322,48.30824],[37.04442,48.31312],[37.04416,48.31614],[37.04653,48.31862],[37.04647,48.32086],[37.04507,48.32165],[37.04452,48.32429],[37.04272,48.33043],[37.04113,48.33185],[37.03747,48.33225],[37.03544,48.34101],[37.03381,48.34244],[37.0326,48.34877],[37.02549,48.34889],[37.02459,48.3573],[37.02472,48.35887],[37.00935,48.36372],[37.00648,48.38471],[37.00371,48.40012],[37.03638,48.40391],[37.03409,48.41965],[37.02947,48.42002],[37.02253,48.42265],[37.02349,48.42449],[37.03314,48.42477],[37.05795,48.42455],[37.07194,48.42147],[37.07296,48.41421],[37.07621,48.40928],[37.0823,48.40669],[37.09552,48.40327],[37.11085,48.40266],[37.11415,48.40485],[37.12711,48.40485],[37.13606,48.40263],[37.13952,48.39904],[37.13469,48.38904],[37.13314,48.38669],[37.13111,48.38403],[37.15217,48.37741],[37.14977,48.37431],[37.1517,48.37371],[37.15579,48.37951],[37.15835,48.37904],[37.15921,48.38098],[37.15792,48.38143],[37.16367,48.38927],[37.16727,48.39131],[37.17486,48.39443],[37.17645,48.40055],[37.17495,48.4034],[37.18422,48.40443],[37.18446,48.40613],[37.18699,48.40742],[37.18434,48.40962],[37.18409,48.4107],[37.17426,48.41067],[37.171,48.41087],[37.16997,48.4164],[37.18479,48.41699],[37.18356,48.42179],[37.17971,48.43918],[37.16365,48.44434],[37.16458,48.44626],[37.16809,48.44805],[37.18247,48.44742],[37.18792,48.44782],[37.18921,48.4528],[37.1799,48.46477],[37.16028,48.46944],[37.12703,48.47847],[37.11192,48.48296],[37.09639,48.4843],[37.0954,48.48875],[37.09725,48.49184],[37.10964,48.49545],[37.1264,48.49544],[37.15458,48.49157],[37.17176,48.49248],[37.17898,48.49589],[37.1773,48.50538],[37.17801,48.51441],[37.20857,48.51566],[37.20925,48.51313],[37.21867,48.49919],[37.22106,48.48835],[37.22156,48.47456],[37.22786,48.47505],[37.2306,48.47056],[37.24782,48.47164],[37.25618,48.47372],[37.26038,48.4755],[37.26728,48.47632],[37.26391,48.4907],[37.26453,48.49876],[37.27079,48.50217],[37.27673,48.50965],[37.27586,48.51362],[37.28093,48.5143],[37.28565,48.50911],[37.28702,48.50166],[37.2935,48.49944],[37.29637,48.49495],[37.29796,48.48703],[37.31439,48.48862],[37.31704,48.48357],[37.32419,48.48175],[37.33093,48.47884],[37.33602,48.47878],[37.3384,48.48275],[37.34248,48.48736],[37.35089,48.49248],[37.35065,48.49816],[37.35116,48.50629],[37.35018,48.5078],[37.35378,48.5097],[37.35932,48.51095],[37.37095,48.51397],[37.37859,48.51704],[37.38745,48.54236],[37.39459,48.54921],[37.3989,48.55225],[37.40204,48.55556],[37.40893,48.55426],[37.41307,48.53808],[37.4227,48.52935],[37.42903,48.5126],[37.42917,48.49971],[37.43295,48.4963],[37.47962,48.49069],[37.47867,48.48395],[37.48275,48.46987],[37.48395,48.46121],[37.50007,48.45956],[37.50233,48.45905],[37.51543,48.45747],[37.52568,48.45844],[37.5247,48.46325],[37.52731,48.46541],[37.54066,48.46641],[37.54847,48.46595],[37.55366,48.46393],[37.56821,48.46419],[37.58208,48.4652],[37.59136,48.46785],[37.59429,48.47357],[37.58129,48.47265],[37.57675,48.49312],[37.58055,48.4947],[37.58332,48.49756],[37.58664,48.49807],[37.58943,48.50048],[37.59231,48.5013],[37.59501,48.5023],[37.59488,48.50486],[37.60604,48.50649],[37.60552,48.51101],[37.61032,48.51476],[37.61358,48.52306],[37.61583,48.53008],[37.61789,48.53361],[37.61854,48.53742],[37.62167,48.54614],[37.62394,48.5496],[37.62394,48.5529],[37.62982,48.55512],[37.63622,48.55531],[37.64077,48.55227],[37.63965,48.55009],[37.64068,48.5481],[37.64377,48.54668],[37.6514,48.54785],[37.65504,48.54994],[37.6644,48.54608],[37.67114,48.54256],[37.68733,48.53507],[37.6908,48.53399],[37.69257,48.53443],[37.69327,48.53505],[37.69408,48.53466],[37.6947,48.53532],[37.69782,48.53382],[37.69558,48.53175],[37.70666,48.52691],[37.71047,48.52475],[37.71054,48.52505],[37.71267,48.52705],[37.7116,48.52763],[37.71872,48.53377],[37.70956,48.53794],[37.70877,48.53722],[37.70845,48.53736],[37.70922,48.5381],[37.69819,48.54304],[37.70021,48.54454],[37.70253,48.54593],[37.70483,48.55307],[37.68706,48.55742],[37.68659,48.56694],[37.68494,48.57044],[37.68946,48.57662],[37.69379,48.59211],[37.69731,48.59648],[37.70782,48.5979],[37.71241,48.59555],[37.7188,48.5878],[37.72558,48.58343],[37.72946,48.58341],[37.73723,48.57889],[37.74418,48.57443],[37.7468,48.56566],[37.76225,48.55845],[37.76688,48.55583],[37.77102,48.56378],[37.78065,48.56922],[37.78632,48.57155],[37.7902,48.57739],[37.78466,48.58018],[37.78067,48.58094],[37.77823,48.58191],[37.7752,48.59469],[37.76836,48.60068],[37.76495,48.61785],[37.76367,48.6229],[37.77191,48.62463],[37.77586,48.62636],[37.783,48.62728],[37.78336,48.63022],[37.78255,48.63328],[37.77503,48.63285],[37.76721,48.64313],[37.75789,48.65274],[37.75435,48.66131],[37.75949,48.66488],[37.76293,48.6659],[37.77203,48.67214],[37.77246,48.68676],[37.77846,48.68798],[37.77994,48.69628],[37.78633,48.69909],[37.79101,48.70594],[37.7928,48.70999],[37.78373,48.71008],[37.7733,48.70949],[37.76308,48.70796],[37.74686,48.70886],[37.7236,48.70864],[37.72085,48.71498],[37.72369,48.71962],[37.73871,48.72047],[37.75056,48.72236],[37.76747,48.72277],[37.77319,48.72363],[37.78276,48.72342],[37.77906,48.73289],[37.7776,48.73609],[37.77765,48.7379],[37.78361,48.73844],[37.7849,48.74033],[37.78777,48.74164],[37.80163,48.74464],[37.80205,48.7468],[37.79343,48.75261],[37.79453,48.75772],[37.79237,48.76306],[37.79344,48.76685],[37.80384,48.77307],[37.79913,48.77864],[37.7872,48.7822],[37.7745,48.78322],[37.76282,48.77875],[37.75724,48.77621],[37.749,48.77423],[37.746,48.7779],[37.75767,48.78294],[37.76402,48.78367],[37.77038,48.78667],[37.77699,48.79029],[37.78428,48.79057],[37.78814,48.78984],[37.78909,48.78814],[37.79407,48.78757],[37.79741,48.78678],[37.80145,48.78203],[37.80725,48.77707],[37.8116,48.77612],[37.81707,48.78075],[37.82013,48.78241],[37.83113,48.79069],[37.84658,48.78352],[37.85552,48.78453],[37.86467,48.78298],[37.86969,48.78493],[37.87225,48.78886],[37.87318,48.79465],[37.86879,48.7965],[37.86331,48.79543],[37.85755,48.79291],[37.85098,48.78793],[37.84613,48.79011],[37.84096,48.79672],[37.83305,48.79881],[37.82368,48.80372],[37.82462,48.80854],[37.82917,48.8129],[37.82817,48.81444],[37.8257,48.81547],[37.82287,48.81731],[37.78908,48.82922],[37.79165,48.83487],[37.79886,48.83521],[37.81484,48.83662],[37.81424,48.84108],[37.81328,48.84523],[37.80826,48.85127],[37.80628,48.85695],[37.81004,48.85811],[37.8162,48.85904],[37.8276,48.85417],[37.83673,48.85674],[37.84381,48.86225],[37.83951,48.86857],[37.83651,48.87348],[37.83582,48.87794],[37.83251,48.87998],[37.83252,48.88378],[37.83417,48.88583],[37.83743,48.88642],[37.841,48.88634],[37.84349,48.888],[37.84784,48.8869],[37.85234,48.88605],[37.85823,48.88553],[37.86067,48.88681],[37.86263,48.8865],[37.86389,48.88544],[37.8637,48.88399],[37.86111,48.88246],[37.86046,48.88141],[37.86422,48.87994],[37.86586,48.87986],[37.86725,48.87885],[37.87151,48.8772],[37.87405,48.87679],[37.87779,48.8772],[37.88213,48.87791],[37.88471,48.879],[37.88529,48.88023],[37.88509,48.88146],[37.88312,48.88272],[37.8831,48.88494],[37.88385,48.88562],[37.88657,48.88615],[37.88954,48.8864],[37.8915,48.88715],[37.8933,48.88819],[37.89551,48.88843],[37.89848,48.88788],[37.90285,48.88438],[37.90599,48.88816],[37.91244,48.88827],[37.91701,48.89772],[37.90551,48.90162],[37.90062,48.90251],[37.89824,48.9044],[37.88667,48.907],[37.88854,48.91827],[37.88856,48.9219],[37.88687,48.92365],[37.88435,48.92489],[37.88201,48.9266],[37.8841,48.92794],[37.87353,48.93412],[37.8753,48.93752],[37.87265,48.93995],[37.87032,48.94159],[37.86706,48.94633],[37.86864,48.95236],[37.86183,48.95323],[37.86175,48.96095],[37.85387,48.96433],[37.84828,48.96851],[37.84425,48.9691],[37.84214,48.9731],[37.88027,48.97486],[37.88323,48.9741],[37.88902,48.97425],[37.89224,48.97546],[37.89134,48.97695],[37.89091,48.98199],[37.92023,48.98359],[37.91834,49.00409],[37.89319,49.00595],[37.87735,49.00612],[37.8734,49.00457],[37.87429,48.9923],[37.86312,48.99182],[37.86245,48.99824],[37.85732,48.99798],[37.85634,49.00492],[37.85197,49.00727],[37.85192,49.01042],[37.83845,49.0102],[37.83768,49.02016],[37.83683,49.02011],[37.83893,49.02338],[37.84193,49.0235],[37.85811,49.02071],[37.86019,49.01727],[37.86607,49.01701],[37.86795,49.02095],[37.88349,49.02216],[37.89683,49.02275],[37.89652,49.0279],[37.91465,49.02922],[37.92269,49.03213],[37.93617,49.03598],[37.93518,49.03856],[37.93928,49.04222],[37.94409,49.04163],[37.94751,49.04333],[37.94698,49.04517],[37.94753,49.04724],[37.94333,49.04705],[37.9382,49.04761],[37.93792,49.04834],[37.93832,49.05015],[37.93977,49.0507],[37.9406,49.05146],[37.94038,49.05279],[37.94109,49.05385],[37.94017,49.05541],[37.94059,49.06097],[37.94166,49.06222],[37.94195,49.06387],[37.93875,49.06553],[37.93733,49.0655],[37.92754,49.05209],[37.9257,49.05687],[37.92613,49.0624],[37.92381,49.06513],[37.92038,49.06802],[37.92055,49.07137],[37.90949,49.07352],[37.89786,49.07242],[37.88103,49.06957],[37.86561,49.06914],[37.84754,49.0675],[37.84738,49.07018],[37.84092,49.07113],[37.83229,49.06944],[37.81502,49.06334],[37.79537,49.06755],[37.78764,49.07407],[37.7873,49.08256],[37.77708,49.09459],[37.78678,49.09864],[37.7776,49.10369],[37.75949,49.10898],[37.75344,49.11883],[37.74803,49.12096],[37.74684,49.12808],[37.74188,49.13038],[37.7457,49.13532],[37.74514,49.13673],[37.74154,49.14099],[37.74283,49.14473],[37.74141,49.14845],[37.75485,49.1574],[37.76611,49.15362],[37.76902,49.15093],[37.77111,49.14932],[37.78571,49.15061],[37.78665,49.15181],[37.78588,49.15277],[37.77325,49.15749],[37.76203,49.16313],[37.76379,49.16804],[37.76019,49.17062],[37.75886,49.17276],[37.75408,49.17544],[37.74726,49.17791],[37.74364,49.17501],[37.741,49.17451],[37.73978,49.17573],[37.74027,49.17674],[37.7418,49.17788],[37.74267,49.17909],[37.74297,49.18024],[37.74248,49.18317],[37.74598,49.18666],[37.75673,49.18748],[37.76484,49.19439],[37.77095,49.19152],[37.77537,49.19066],[37.77974,49.18599],[37.79769,49.18123],[37.80619,49.17981],[37.80761,49.18378],[37.80506,49.18646],[37.8079,49.19039],[37.80279,49.19333],[37.80648,49.20121],[37.81488,49.20075],[37.82612,49.19498],[37.8335,49.1943],[37.83894,49.19354],[37.83984,49.19829],[37.84407,49.19873],[37.85833,49.19787],[37.87588,49.19557],[37.87791,49.19895],[37.87828,49.20162],[37.8738,49.20344],[37.87713,49.21209],[37.87472,49.21479],[37.87643,49.21752],[37.87347,49.22206],[37.87351,49.22534],[37.87192,49.23467],[37.86943,49.23826],[37.87091,49.23968],[37.87418,49.24133],[37.87796,49.24248],[37.88313,49.24361],[37.89257,49.23005],[37.89969,49.22913],[37.91145,49.23017],[37.91175,49.23061],[37.916,49.23124],[37.91948,49.23124],[37.91989,49.23234],[37.91907,49.2355],[37.91705,49.2404],[37.91635,49.24088],[37.91312,49.24194],[37.91063,49.2462],[37.90788,49.24927],[37.91088,49.25129],[37.91625,49.25121],[37.91835,49.25275],[37.92183,49.25423],[37.92868,49.2557],[37.93671,49.2571],[37.94605,49.25699],[37.95408,49.25806],[37.96215,49.25971],[37.9714,49.25993],[37.97797,49.2578],[37.98502,49.26],[37.98881,49.25833],[37.99123,49.25835],[37.99754,49.26107],[38.00037,49.25969],[38.00226,49.25989],[38.00325,49.26331],[38.00651,49.2644],[38.00715,49.26541],[37.99956,49.26868],[37.9969,49.27056],[37.99776,49.2772],[38.00179,49.27672],[38.00398,49.27935],[38.00441,49.2821],[38.00282,49.28215],[38.00274,49.28047],[37.99729,49.28072],[37.99337,49.27903],[37.98231,49.27963],[37.97162,49.27392],[37.9593,49.28537],[37.95256,49.29279],[37.95811,49.29415],[37.9634,49.29619],[37.96325,49.29984],[37.95916,49.30132],[37.95931,49.30387],[37.95519,49.304],[37.95395,49.31182],[37.95301,49.31249],[37.95248,49.31327],[37.95256,49.31429],[37.95299,49.31555],[37.95614,49.31662],[37.9569,49.31783],[37.95979,49.31941],[37.96194,49.3221],[37.95986,49.32293],[37.95311,49.32277],[37.94178,49.32298],[37.94078,49.33562],[37.93344,49.33705],[37.93157,49.33896],[37.93261,49.34056],[37.93416,49.34165],[37.94304,49.34348],[37.9436,49.34445],[37.94143,49.34517],[37.93615,49.34461],[37.93506,49.34969],[37.94021,49.35123],[37.94141,49.35204],[37.94214,49.35358],[37.94781,49.3573],[37.94914,49.35872],[37.95077,49.35979],[37.95017,49.36078],[37.94885,49.36083],[37.94763,49.36038],[37.94708,49.35978],[37.94313,49.36018],[37.93697,49.35893],[37.93536,49.3619],[37.93731,49.36683],[37.9388,49.36956],[37.933,49.37154],[37.9339,49.37288],[37.93206,49.37445],[37.93064,49.37456],[37.93,49.37599],[37.92389,49.37506],[37.92109,49.37378],[37.9135,49.38038],[37.89174,49.38074],[37.89037,49.37477],[37.8777,49.37086],[37.87817,49.3693],[37.86066,49.3674],[37.8612,49.3731],[37.84405,49.37207],[37.84368,49.37915],[37.83864,49.38004],[37.83512,49.38184],[37.82233,49.38184],[37.81207,49.38257],[37.80417,49.38434],[37.79379,49.38726],[37.77177,49.39852],[37.76756,49.39446],[37.76215,49.3968],[37.75919,49.39368],[37.74368,49.40038],[37.73044,49.40298],[37.7223,49.39858],[37.7127,49.39127],[37.71107,49.38546],[37.68292,49.3816],[37.67485,49.38685],[37.67639,49.39886],[37.67611,49.4076],[37.67634,49.40975],[37.66544,49.41919],[37.6687,49.42683],[37.6691,49.42826],[37.65436,49.42911],[37.66224,49.43956],[37.65111,49.44036],[37.65463,49.44388],[37.66708,49.45191],[37.67406,49.4612],[37.6816,49.46305],[37.68257,49.4648],[37.6841,49.46454],[37.68475,49.4649],[37.68377,49.46579],[37.68386,49.46618],[37.68703,49.46776],[37.69048,49.46587],[37.69163,49.46684],[37.69512,49.46761],[37.71499,49.46697],[37.71722,49.46808],[37.73309,49.46191],[37.73663,49.46789],[37.74045,49.47143],[37.74345,49.47199],[37.74309,49.47292],[37.74438,49.47584],[37.74241,49.48117],[37.74016,49.48444],[37.7291,49.48932],[37.7179,49.49268],[37.71253,49.49588],[37.71444,49.49831],[37.71059,49.49962],[37.7105,49.50065],[37.71093,49.50289],[37.71767,49.50318],[37.71968,49.50636],[37.724,49.5089],[37.72469,49.51088],[37.72336,49.51191],[37.71769,49.51172],[37.71413,49.51205],[37.71308,49.50925],[37.71164,49.5083],[37.71052,49.50469],[37.70981,49.50405],[37.70802,49.50344],[37.70471,49.50285],[37.69958,49.50232],[37.69495,49.50347],[37.69326,49.50057],[37.69092,49.50055],[37.68678,49.50019],[37.65833,49.51163],[37.66563,49.51581],[37.67763,49.51704],[37.68398,49.52152],[37.68813,49.52531],[37.68955,49.52814],[37.69012,49.53313],[37.68965,49.53474],[37.68503,49.54489],[37.68016,49.56152],[37.69029,49.55853],[37.70331,49.55647],[37.70811,49.55942],[37.71129,49.56453],[37.72093,49.56319],[37.74299,49.56478],[37.74239,49.5586],[37.74466,49.55849],[37.74595,49.56367],[37.74866,49.5662],[37.74849,49.57202],[37.76119,49.57273],[37.76293,49.57225],[37.77113,49.57383],[37.77093,49.59156],[37.78156,49.59164],[37.78036,49.59295],[37.77242,49.59309],[37.77229,49.5964],[37.77573,49.59645],[37.77616,49.59768],[37.77255,49.59974],[37.77324,49.60519],[37.7809,49.6093],[37.79149,49.60768],[37.79979,49.60912],[37.80637,49.61147],[37.80727,49.61259],[37.80032,49.62691],[37.81155,49.62392],[37.8158,49.61467],[37.81604,49.60717],[37.78926,49.6043],[37.78643,49.5988],[37.78995,49.59835],[37.79493,49.59935],[37.80569,49.59992],[37.82118,49.59984],[37.82105,49.59565],[37.80637,49.58457],[37.80248,49.5813],[37.79524,49.57947],[37.77254,49.57489],[37.77292,49.57317],[37.76138,49.57105],[37.76282,49.56148],[37.76646,49.5585],[37.76555,49.55518],[37.76148,49.55224],[37.75324,49.55141],[37.74845,49.54971],[37.74636,49.54867],[37.74084,49.54864],[37.73937,49.54928],[37.72992,49.55111],[37.72923,49.55207],[37.71847,49.55653],[37.71517,49.55672],[37.71113,49.55775],[37.70693,49.5573],[37.7019,49.55374],[37.70119,49.55202],[37.70153,49.54924],[37.70024,49.54709],[37.70063,49.54556],[37.70166,49.54467],[37.70106,49.54333],[37.69986,49.54236],[37.69827,49.54236],[37.69694,49.54088],[37.6969,49.53966],[37.69784,49.53927],[37.69788,49.5381],[37.6972,49.53715],[37.69814,49.53592],[37.69849,49.53405],[37.69715,49.53289],[37.69477,49.52958],[37.69312,49.52693],[37.69346,49.52644],[37.69704,49.52633],[37.69991,49.5256],[37.70103,49.5183],[37.70024,49.51481],[37.69818,49.51217],[37.70309,49.51],[37.70771,49.50966],[37.70901,49.51746],[37.71063,49.52179],[37.71256,49.52324],[37.72522,49.52104],[37.72554,49.51592],[37.72745,49.51533],[37.7297,49.51148],[37.73163,49.51073],[37.74145,49.51064],[37.75017,49.51078],[37.75048,49.50557],[37.74843,49.50052],[37.74298,49.49047],[37.77689,49.4812],[37.76802,49.46741],[37.76697,49.45644],[37.75765,49.45721],[37.75315,49.45417],[37.75061,49.45205],[37.74958,49.45231],[37.74053,49.45007],[37.73732,49.44854],[37.7256,49.44461],[37.72113,49.44198],[37.70908,49.43907],[37.70987,49.43812],[37.71165,49.43764],[37.71155,49.4316],[37.70419,49.42998],[37.69785,49.42839],[37.69571,49.42677],[37.6855,49.42382],[37.67734,49.4203],[37.67541,49.41767],[37.67545,49.41508],[37.67673,49.41337],[37.6796,49.41275],[37.69037,49.41407],[37.69501,49.4139],[37.69754,49.41767],[37.72336,49.41731],[37.72152,49.41245],[37.72281,49.41201],[37.72405,49.41413],[37.72778,49.41443],[37.7301,49.41507],[37.738,49.41253],[37.7375,49.41131],[37.73761,49.41042],[37.73552,49.40796],[37.76572,49.39913],[37.76716,49.40117],[37.76912,49.40916],[37.80191,49.3971],[37.81873,49.39139],[37.82103,49.39014],[37.82221,49.39103],[37.82354,49.39549],[37.85285,49.39408],[37.85027,49.38056],[37.86022,49.38028],[37.87486,49.37794],[37.877,49.37808],[37.88614,49.37975],[37.89344,49.38338],[37.89361,49.38475],[37.90653,49.3845],[37.91185,49.3852],[37.91915,49.38453],[37.91976,49.37942],[37.92427,49.37951],[37.93328,49.3809],[37.93903,49.37741],[37.94989,49.36244],[37.95437,49.35964],[37.95403,49.35623],[37.95482,49.35527],[37.95505,49.35399],[37.95308,49.35111],[37.94386,49.34832],[37.94828,49.34261],[37.9494,49.34166],[37.95006,49.33972],[37.95749,49.33503],[37.96464,49.33507],[37.96776,49.33201],[37.96918,49.32922],[37.96631,49.32884],[37.96618,49.32118],[37.96463,49.3207],[37.96271,49.31772],[37.96374,49.3162],[37.96575,49.31497],[37.96771,49.31222],[37.96981,49.31253],[37.97007,49.30008],[37.96481,49.29988],[37.96505,49.29929],[37.97028,49.29921],[37.97133,49.29577],[37.96953,49.29328],[37.97374,49.29213],[37.97888,49.29182],[37.97922,49.28832],[37.97394,49.28849],[37.96952,49.28776],[37.97884,49.28262],[37.98363,49.28074],[37.98502,49.28115],[37.98614,49.28299],[37.98691,49.28346],[37.99789,49.28289],[37.9975,49.28629],[37.99887,49.28682],[38.00196,49.28914],[38.01295,49.2873],[38.01423,49.28562],[38.01203,49.27773],[38.00909,49.2681],[38.00909,49.25751],[38.00543,49.25484],[38.00012,49.25455],[37.9951,49.25126],[37.99163,49.25085],[37.98851,49.25196],[37.98697,49.25123],[37.98366,49.25168],[37.98405,49.24865],[37.98324,49.24731],[37.98045,49.24568],[37.98096,49.24333],[37.97916,49.24123],[37.9698,49.23977],[37.9665,49.23994],[37.96345,49.2396],[37.96187,49.23842],[37.96122,49.23509],[37.958,49.23464],[37.94751,49.23654],[37.93918,49.23733],[37.93149,49.24044],[37.9225,49.23885],[37.92457,49.23509],[37.92359,49.23346],[37.92634,49.23144],[37.92535,49.22819],[37.92179,49.22658],[37.92235,49.22547],[37.92476,49.22328],[37.92713,49.22217],[37.9282,49.21948],[37.93454,49.21167],[37.93532,49.20074],[37.93403,49.19576],[37.9352,49.19214],[37.93034,49.19083],[37.92476,49.18646],[37.92416,49.18068],[37.92545,49.17662],[37.92102,49.165],[37.9261,49.16107],[37.92796,49.15674],[37.92571,49.14342],[37.92569,49.13642],[37.91899,49.12108],[37.91779,49.11734],[37.91562,49.11405],[37.90941,49.11059],[37.89565,49.10675],[37.8994,49.10251],[37.89454,49.09228],[37.89935,49.08773],[37.90701,49.08425],[37.92062,49.07994],[37.9256,49.07793],[37.92665,49.07819],[37.9289,49.07383],[37.9296,49.07166],[37.93201,49.06876],[37.93878,49.06651],[37.9405,49.0692],[37.94206,49.07206],[37.95254,49.06879],[37.9534,49.06798],[37.95297,49.06665],[37.95396,49.06104],[37.95534,49.06046],[37.96486,49.06101],[37.96748,49.05417],[37.96628,49.0482],[37.96052,49.04432],[37.96524,49.03427],[37.95998,49.02962],[37.95748,49.02841],[37.95684,49.02757],[37.95727,49.02596],[37.95453,49.02393],[37.95017,49.02158],[37.94618,49.02166],[37.94614,49.01914],[37.94461,49.0191],[37.94491,49.01286],[37.94494,49.00855],[37.95365,49.00814],[37.9562,49.00562],[37.95879,49.00519],[37.96391,49.00492],[37.97327,48.99335],[37.97777,48.98957],[37.97732,48.9883],[37.97743,48.9869],[37.97235,48.98575],[37.96914,48.97935],[37.96696,48.97841],[37.96743,48.97717],[37.96752,48.97598],[37.9687,48.97371],[37.9687,48.97201],[37.96712,48.96611],[37.92579,48.96538],[37.92704,48.96298],[37.92485,48.96132],[37.88122,48.95081],[37.87732,48.9459],[37.88007,48.94145],[37.88822,48.93993],[37.88934,48.93533],[37.90984,48.93364],[37.90944,48.93081],[37.90645,48.91746],[37.92039,48.90993],[37.92198,48.91205],[37.92442,48.91715],[37.92664,48.92124],[37.92626,48.92511],[37.92789,48.9273],[37.93133,48.9313],[37.93167,48.93756],[37.93397,48.9436],[37.94929,48.94292],[37.95238,48.94724],[37.95407,48.94584],[37.9557,48.94529],[37.95701,48.94412],[37.96515,48.94257],[37.966,48.94164],[37.96575,48.93744],[37.96516,48.93678],[37.96119,48.9345],[37.95896,48.93356],[37.95702,48.93243],[37.95445,48.93027],[37.95381,48.92572],[37.95415,48.92235],[37.95147,48.91823],[37.94529,48.91127],[37.93937,48.90777],[37.93156,48.90213],[37.93091,48.90077],[37.93366,48.89993],[37.93285,48.89852],[37.93255,48.89528],[37.9316,48.89387],[37.93148,48.89321],[37.93187,48.89251],[37.93144,48.89105],[37.92976,48.88885],[37.92697,48.88605],[37.9268,48.88546],[37.92403,48.88341],[37.92258,48.88285],[37.92171,48.88191],[37.91893,48.88047],[37.91559,48.87923],[37.91391,48.87899],[37.91164,48.87958],[37.90966,48.87939],[37.90896,48.87836],[37.90574,48.87742],[37.90475,48.87731],[37.90335,48.87745],[37.90114,48.87827],[37.89915,48.87754],[37.89936,48.87583],[37.90411,48.87179],[37.9064,48.87025],[37.90602,48.86697],[37.89599,48.86485],[37.89271,48.86478],[37.89271,48.86406],[37.89363,48.86307],[37.89587,48.86241],[37.8982,48.86265],[37.90072,48.86328],[37.90486,48.86351],[37.90576,48.86282],[37.90975,48.86279],[37.90993,48.85939],[37.90771,48.85352],[37.90487,48.85145],[37.89516,48.85153],[37.89121,48.84707],[37.88048,48.84707],[37.8737,48.84644],[37.87426,48.84311],[37.87092,48.83868],[37.86054,48.8391],[37.84886,48.83679],[37.84037,48.83718],[37.84011,48.83312],[37.84569,48.83199],[37.85564,48.83199],[37.85788,48.82817],[37.85766,48.81964],[37.8623,48.82018],[37.86701,48.82142],[37.89378,48.82769],[37.90959,48.83394],[37.91443,48.81359],[37.91637,48.81015],[37.93153,48.81126],[37.93437,48.7966],[37.92103,48.79504],[37.91985,48.78545],[37.90278,48.77065],[37.89375,48.77827],[37.88022,48.78213],[37.87226,48.78197],[37.87119,48.77641],[37.84849,48.77511],[37.84235,48.77777],[37.83682,48.77825],[37.83591,48.77845],[37.81845,48.76191],[37.82523,48.75642],[37.83539,48.75143],[37.84698,48.75032],[37.85153,48.75126],[37.85273,48.75109],[37.85492,48.75171],[37.85622,48.75002],[37.85098,48.74814],[37.84746,48.74615],[37.84725,48.7446],[37.85272,48.7394],[37.84532,48.73521],[37.84543,48.73312],[37.84418,48.73075],[37.8216,48.73972],[37.81407,48.74233],[37.81167,48.73939],[37.81723,48.7374],[37.81292,48.73448],[37.81122,48.73253],[37.811,48.7304],[37.81155,48.72872],[37.80803,48.72447],[37.79761,48.72273],[37.79959,48.72027],[37.8075,48.71578],[37.80958,48.71169],[37.81137,48.71084],[37.80552,48.70163],[37.80359,48.69373],[37.79742,48.69308],[37.79498,48.69059],[37.78674,48.69113],[37.78648,48.68926],[37.79622,48.68852],[37.79571,48.67999],[37.785,48.67492],[37.78224,48.67338],[37.78344,48.66596],[37.78567,48.6562],[37.78719,48.655],[37.78706,48.65284],[37.78642,48.65157],[37.7902,48.64363],[37.79191,48.64128],[37.79396,48.63926],[37.79981,48.63737],[37.80045,48.63065],[37.7924,48.62163],[37.77867,48.62021],[37.7823,48.59972],[37.79294,48.60062],[37.79331,48.59676],[37.78628,48.5948],[37.78326,48.59449],[37.7841,48.58913],[37.80899,48.59168],[37.80946,48.589],[37.81422,48.58878],[37.81405,48.5878],[37.81529,48.58656],[37.81653,48.58402],[37.81909,48.58255],[37.81967,48.5813],[37.81766,48.5776],[37.81942,48.57537],[37.81141,48.5729],[37.80772,48.57297],[37.80319,48.57236],[37.80281,48.56976],[37.80315,48.56586],[37.80345,48.56437],[37.79176,48.56389],[37.79216,48.56282],[37.79029,48.56242],[37.79044,48.56176],[37.78942,48.56118],[37.78807,48.56073],[37.78706,48.56012],[37.78679,48.55898],[37.7894,48.5586],[37.79369,48.55914],[37.79632,48.558],[37.79606,48.55042],[37.78899,48.54633],[37.76781,48.54338],[37.75358,48.5396],[37.74725,48.5348],[37.74666,48.53231],[37.75347,48.53339],[37.75647,48.53402],[37.76028,48.53235],[37.76162,48.53023],[37.76453,48.52817],[37.76685,48.52723],[37.76999,48.52228],[37.76716,48.52133],[37.77035,48.51566],[37.77138,48.51208],[37.77141,48.50791],[37.76978,48.50445],[37.769,48.49985],[37.77237,48.49769],[37.77454,48.49524],[37.78081,48.49235],[37.77898,48.49089],[37.76197,48.48336],[37.75922,48.4837],[37.75704,48.48564],[37.75264,48.4848],[37.74758,48.4867],[37.74292,48.4909],[37.74188,48.49392],[37.73987,48.49665],[37.73815,48.49628],[37.73709,48.49439],[37.73342,48.49557],[37.73187,48.4963],[37.72921,48.49572],[37.72626,48.4936],[37.72557,48.49241],[37.72334,48.49086],[37.72036,48.48911],[37.71737,48.48653],[37.71454,48.48502],[37.71235,48.48462],[37.70951,48.48596],[37.70595,48.48879],[37.70389,48.49018],[37.70097,48.49075],[37.69365,48.48697],[37.68921,48.49113],[37.68832,48.4914],[37.68819,48.49178],[37.68707,48.4922],[37.68616,48.49632],[37.67874,48.49895],[37.67721,48.49911],[37.66187,48.50463],[37.64929,48.5106],[37.64568,48.52481],[37.63671,48.52569],[37.62405,48.52419],[37.62271,48.51866],[37.62108,48.49972],[37.61311,48.49609],[37.61261,48.49474],[37.61132,48.49258],[37.61681,48.48763],[37.6268,48.47672],[37.62858,48.46677],[37.62712,48.46384],[37.62416,48.46191],[37.62318,48.45815],[37.61541,48.45727],[37.61125,48.45932],[37.61,48.45919],[37.6091,48.45721],[37.60683,48.45673],[37.60541,48.45234],[37.60348,48.45133],[37.59716,48.44958],[37.58695,48.44992],[37.58533,48.44977],[37.58599,48.44722],[37.57254,48.44523],[37.55841,48.44351],[37.55163,48.44388],[37.54712,48.44573],[37.53832,48.44715],[37.53047,48.44584],[37.5228,48.44794],[37.51263,48.44931],[37.50894,48.45066],[37.50714,48.44994],[37.49904,48.45039],[37.49826,48.44876],[37.47899,48.45026],[37.47708,48.45098],[37.47346,48.45922],[37.47367,48.45985],[37.47247,48.4609],[37.47226,48.46227],[37.47385,48.4651],[37.47141,48.4659],[37.46422,48.46642],[37.46313,48.47115],[37.45961,48.47792],[37.45686,48.48241],[37.44628,48.48516],[37.44118,48.48711],[37.43892,48.48991],[37.43616,48.48918],[37.41564,48.49342],[37.3853,48.49682],[37.38061,48.49678],[37.37243,48.49058],[37.36908,48.48572],[37.36724,48.48177],[37.36526,48.47299],[37.35043,48.47488],[37.34086,48.47457],[37.33167,48.47275],[37.31782,48.47454],[37.31194,48.47424],[37.30636,48.47586],[37.30383,48.47734],[37.30237,48.47674],[37.30203,48.47609],[37.29984,48.47643],[37.2934,48.4758],[37.28096,48.4723],[37.27512,48.46974],[37.26452,48.46448],[37.24547,48.4597],[37.24425,48.45557],[37.23949,48.45261],[37.24064,48.44428],[37.22824,48.44317],[37.2294,48.43742],[37.21987,48.4323],[37.21987,48.42936],[37.22361,48.41961],[37.22282,48.41698],[37.18998,48.41406],[37.18845,48.41024],[37.19515,48.40479],[37.1955,48.40153],[37.18718,48.40053],[37.18527,48.39236],[37.17409,48.38983],[37.16769,48.37379],[37.1664,48.37224],[37.167,48.3657],[37.15944,48.36613],[37.12852,48.3653],[37.12237,48.37013],[37.1201,48.37737],[37.11126,48.38219],[37.10946,48.38139],[37.10671,48.37868],[37.10325,48.36532],[37.08492,48.36281],[37.08525,48.35735],[37.08263,48.35681],[37.07972,48.35593],[37.07697,48.35467],[37.0753,48.35342],[37.0713,48.35219],[37.0674,48.35154],[37.06701,48.34573],[37.06935,48.34054],[37.06466,48.33874],[37.05628,48.34309],[37.05173,48.34354],[37.04783,48.34582],[37.04701,48.34562],[37.04208,48.34839],[37.03976,48.34682],[37.04607,48.34272],[37.04935,48.3321],[37.04772,48.32973],[37.05326,48.32471],[37.0554,48.32211],[37.06313,48.32082],[37.06308,48.31791],[37.06078,48.31323],[37.06613,48.28157],[37.05494,48.28036],[37.05655,48.27293],[37.05665,48.26961],[37.03055,48.26721],[37.03209,48.25981],[37.01177,48.26197],[37.0022,48.26282],[37.00139,48.26502],[36.99568,48.26462],[36.99503,48.26391],[36.97911,48.26282],[36.9802,48.2583],[36.98299,48.24498],[36.97041,48.24353],[36.97074,48.24074],[36.96881,48.23886],[36.94519,48.24001],[36.94648,48.23392],[36.95365,48.23423],[36.95562,48.22456],[36.9305,48.22275],[36.92936,48.22204],[36.93037,48.21493],[36.93148,48.21296],[36.93391,48.20081],[36.94012,48.19315],[36.9411,48.18803],[36.93726,48.17877],[36.93781,48.17478],[36.92425,48.16997],[36.91592,48.16671],[36.91888,48.14569],[36.91077,48.14482],[36.91147,48.13836],[36.9078,48.13665],[36.90981,48.13488],[36.91285,48.13344],[36.91755,48.132],[36.92162,48.1294],[36.92518,48.12863],[36.92752,48.12097],[36.92401,48.12062],[36.92479,48.11602],[36.9026,48.11461],[36.90467,48.10308],[36.90343,48.10228],[36.90343,48.10119],[36.9018,48.0983],[36.89986,48.09698],[36.89355,48.09588],[36.89336,48.09669],[36.89439,48.0892],[36.89423,48.08221],[36.88983,48.08192],[36.88736,48.08277],[36.88067,48.08229],[36.87822,48.08247],[36.87562,48.08207],[36.87273,48.08274],[36.86936,48.08288],[36.86683,48.08267],[36.8636,48.08195],[36.86066,48.08252],[36.85743,48.08267],[36.85694,48.08238],[36.85678,48.08191],[36.85686,48.08125],[36.85518,48.08085],[36.85273,48.07986],[36.85084,48.07946],[36.84312,48.08078],[36.84207,48.08073],[36.84109,48.08023],[36.84054,48.07931],[36.83915,48.07824],[36.83902,48.07619],[36.83233,48.06949],[36.8283,48.06885],[36.82581,48.06512],[36.82641,48.06254],[36.79482,48.05992],[36.77815,48.06725],[36.77528,48.06566],[36.77861,48.06022],[36.78692,48.0522],[36.79404,48.05007],[36.77932,48.03355],[36.77271,48.02818],[36.76998,48.01095],[36.76785,47.98897],[36.75377,47.98989],[36.75124,47.99063],[36.75025,47.99138],[36.74562,47.99269],[36.73974,47.99381],[36.74075,47.9906],[36.74198,47.98934],[36.74231,47.98823],[36.74149,47.98598],[36.74202,47.98395],[36.74191,47.97896],[36.74122,47.97678],[36.74,47.97605],[36.73951,47.97553],[36.73495,47.96881],[36.7195,47.96674],[36.72226,47.95585],[36.68971,47.95097],[36.6719,47.93957],[36.6556,47.94067],[36.63589,47.93881],[36.60779,47.93534],[36.61,47.92557],[36.61618,47.92344],[36.63781,47.92577],[36.64217,47.92514],[36.64832,47.91039],[36.64977,47.90289],[36.64282,47.89829],[36.61011,47.90272],[36.5866,47.90347],[36.58239,47.89475],[36.58299,47.89017],[36.58485,47.88168],[36.58922,47.87374],[36.59067,47.8685],[36.58808,47.86098],[36.58106,47.84841],[36.53896,47.83933],[36.52626,47.84652],[36.52121,47.85361],[36.51177,47.85873],[36.50199,47.86],[36.50285,47.85211],[36.50456,47.84647],[36.52068,47.83684],[36.52047,47.83384],[36.51561,47.82769],[36.50612,47.82315],[36.50424,47.823],[36.50609,47.81454],[36.47039,47.81163],[36.46372,47.81121],[36.4605,47.80824],[36.4514,47.80372],[36.43427,47.80187],[36.43312,47.80712],[36.41955,47.80576],[36.41852,47.80888],[36.41698,47.80891],[36.40737,47.80853],[36.39569,47.8072],[36.3975,47.79619],[36.39209,47.79256],[36.38461,47.79099],[36.3805,47.79377],[36.37455,47.79549],[36.37189,47.7947],[36.34498,47.79147],[36.33559,47.78658],[36.32811,47.78501],[36.32732,47.78026],[36.31734,47.77926],[36.29742,47.77758],[36.28712,47.76677],[36.24987,47.76302],[36.23539,47.77759],[36.22269,47.7765],[36.21385,47.77309],[36.21558,47.7631],[36.19525,47.76077],[36.17875,47.75699],[36.17347,47.7537],[36.17364,47.74718],[36.16601,47.74678],[36.16352,47.74528],[36.16446,47.73506],[36.16635,47.72946],[36.16368,47.72763],[36.14703,47.72315],[36.14507,47.71828],[36.13604,47.71358],[36.14021,47.70401],[36.14287,47.70086],[36.15355,47.69759],[36.16102,47.69316],[36.16409,47.69024],[36.1681,47.68922],[36.17226,47.68081],[36.16741,47.67884],[36.16654,47.67268],[36.16037,47.67053],[36.16381,47.66399],[36.17016,47.65393],[36.16192,47.65173],[36.1586,47.65375],[36.15456,47.65097],[36.14922,47.6477],[36.14573,47.64219],[36.13854,47.63994],[36.12463,47.63665],[36.11857,47.63373],[36.10471,47.63185],[36.1027,47.63041],[36.09939,47.62754],[36.09999,47.6214],[36.10363,47.61264],[36.1058,47.59971],[36.10852,47.58919],[36.08916,47.59011],[36.07289,47.59458],[36.06962,47.59367],[36.06871,47.58904],[36.08061,47.58787],[36.08036,47.58535],[36.09306,47.58428],[36.08599,47.57574],[36.07907,47.57093],[36.07397,47.56665],[36.07152,47.56431],[36.06864,47.5626],[36.06478,47.55255],[36.05331,47.52589],[36.04066,47.52564],[36.02179,47.52789],[36.01419,47.52803],[36.01278,47.51971],[36.01907,47.51482],[36.01904,47.5112],[35.99359,47.50614],[35.97988,47.51286],[35.96828,47.51189],[35.95941,47.51272],[35.95091,47.51484],[35.95169,47.49124],[35.91582,47.49595],[35.91522,47.48143],[35.90224,47.4783],[35.89142,47.48248],[35.8707,47.48953],[35.86583,47.47545],[35.85566,47.47016],[35.84188,47.47149],[35.79826,47.46873],[35.79953,47.47328],[35.79848,47.4753],[35.7828,47.48081],[35.76449,47.48269],[35.74513,47.48986],[35.73117,47.48949],[35.72308,47.49055],[35.72082,47.50111],[35.71119,47.50315],[35.71111,47.51295],[35.70926,47.51388],[35.70475,47.51347],[35.69875,47.51153],[35.69208,47.51053],[35.68203,47.50844],[35.6725,47.50851],[35.67254,47.51664],[35.66934,47.51644],[35.66931,47.50794],[35.66114,47.5042],[35.63961,47.50322],[35.63921,47.49666],[35.63099,47.49598],[35.61272,47.49708],[35.60753,47.49912],[35.59312,47.51669],[35.59038,47.52578],[35.58763,47.53929],[35.58561,47.55287],[35.57802,47.55562],[35.56016,47.55336],[35.54291,47.55209],[35.53682,47.54717],[35.52041,47.54001],[35.49826,47.5382],[35.48005,47.53788],[35.46938,47.54045],[35.46992,47.536],[35.46219,47.53544],[35.462,47.53744],[35.45819,47.53784],[35.45569,47.53885],[35.44972,47.53885],[35.44129,47.53993],[35.43075,47.53771],[35.41279,47.53647],[35.40945,47.53538],[35.40601,47.53664],[35.4048,47.5374],[35.40287,47.53741],[35.39916,47.53908],[35.39746,47.54008],[35.39871,47.54233],[35.39858,47.54482],[35.39708,47.54592],[35.39017,47.54718],[35.38894,47.55137],[35.38447,47.55454],[35.38371,47.56504],[35.3779,47.56482],[35.37719,47.57049],[35.37661,47.57902],[35.36061,47.5791],[35.34612,47.57823],[35.34629,47.57667],[35.34807,47.57365],[35.34842,47.57201],[35.3446,47.56809],[35.35207,47.56122],[35.34369,47.55663],[35.33035,47.55324]],[[36.76697,48.05517],[36.76973,48.05218],[36.77049,48.05149],[36.7705,48.05151],[36.76697,48.05517]]],[[[37.80032,49.62691],[37.7654,49.62526],[37.75994,49.62995],[37.75926,49.6323],[37.74522,49.63675],[37.73557,49.63719],[37.7347,49.63715],[37.73527,49.63131],[37.72651,49.62055],[37.71351,49.62344],[37.70168,49.62251],[37.69288,49.62054],[37.68996,49.62215],[37.68365,49.6251],[37.67731,49.62725],[37.67424,49.62742],[37.6707,49.62854],[37.67156,49.6311],[37.67716,49.63142],[37.67848,49.63256],[37.68252,49.63708],[37.68822,49.64142],[37.69196,49.64152],[37.6923,49.64314],[37.69221,49.64428],[37.68937,49.64622],[37.68827,49.64746],[37.68889,49.64947],[37.68862,49.65105],[37.67338,49.65459],[37.66929,49.65597],[37.66639,49.65749],[37.66405,49.65818],[37.65802,49.65884],[37.65605,49.66046],[37.65772,49.66268],[37.6656,49.66436],[37.66903,49.66835],[37.67388,49.66982],[37.68002,49.66923],[37.682,49.66936],[37.68391,49.66969],[37.6887,49.66572],[37.68948,49.66972],[37.69415,49.66974],[37.69771,49.66957],[37.70025,49.67252],[37.7018,49.67713],[37.70361,49.67808],[37.70362,49.67956],[37.70242,49.6837],[37.70158,49.69006],[37.70526,49.68971],[37.70705,49.68904],[37.71218,49.68937],[37.72649,49.69464],[37.72963,49.6961],[37.72543,49.70054],[37.71851,49.71158],[37.71399,49.71462],[37.71023,49.71621],[37.70706,49.71907],[37.70676,49.72219],[37.70615,49.72214],[37.68969,49.73224],[37.68841,49.73673],[37.68142,49.74174],[37.65911,49.74817],[37.65723,49.7451],[37.65243,49.738],[37.64446,49.73178],[37.6419,49.73039],[37.63862,49.72962],[37.63573,49.73016],[37.63439,49.72707],[37.63338,49.72565],[37.63083,49.72554],[37.63014,49.72502],[37.62932,49.72384],[37.62455,49.72333],[37.62463,49.71846],[37.62507,49.70965],[37.61674,49.70988],[37.61686,49.71065],[37.61574,49.71261],[37.61525,49.71401],[37.61207,49.71344],[37.61266,49.71145],[37.61248,49.71062],[37.61264,49.7097],[37.60955,49.70938],[37.60874,49.71076],[37.60887,49.71128],[37.60807,49.71259],[37.60697,49.71282],[37.60606,49.71403],[37.60344,49.7145],[37.60293,49.71523],[37.60302,49.71583],[37.60273,49.71624],[37.6021,49.71643],[37.60107,49.71752],[37.5963,49.71916],[37.59501,49.71778],[37.59191,49.71891],[37.5901,49.72039],[37.59038,49.72128],[37.59085,49.72165],[37.59134,49.72271],[37.59218,49.72313],[37.59305,49.72306],[37.59381,49.72341],[37.59469,49.723],[37.59625,49.72448],[37.60016,49.72598],[37.59933,49.72687],[37.598,49.72782],[37.59696,49.72925],[37.60236,49.73094],[37.60535,49.73158],[37.60638,49.73172],[37.60809,49.73159],[37.61073,49.7322],[37.61396,49.7319],[37.6148,49.73296],[37.61551,49.73465],[37.61612,49.73994],[37.61209,49.742],[37.61089,49.74412],[37.61529,49.74831],[37.62059,49.74581],[37.6228,49.74529],[37.62605,49.74688],[37.62343,49.74894],[37.62584,49.7506],[37.62412,49.75368],[37.62393,49.75728],[37.62464,49.76044],[37.62439,49.76505],[37.62566,49.76937],[37.62484,49.77165],[37.62467,49.77332],[37.62426,49.77416],[37.62302,49.77431],[37.61611,49.77394],[37.60997,49.777],[37.60785,49.77851],[37.60301,49.78055],[37.60214,49.78272],[37.5919,49.79214],[37.59512,49.7973],[37.60948,49.79965],[37.61106,49.80364],[37.61445,49.8066],[37.61012,49.81045],[37.60707,49.81203],[37.59195,49.81222],[37.59134,49.81737],[37.5917,49.8193],[37.59492,49.82547],[37.59655,49.82647],[37.60174,49.82639],[37.61114,49.82885],[37.61601,49.82774],[37.62428,49.82704],[37.62938,49.82691],[37.64148,49.82481],[37.64526,49.82048],[37.65781,49.81571],[37.66259,49.81802],[37.66243,49.82058],[37.66418,49.82151],[37.6634,49.82456],[37.66036,49.82506],[37.6563,49.82413],[37.64637,49.83221],[37.65153,49.84108],[37.65127,49.84241],[37.66051,49.85096],[37.66182,49.85184],[37.66178,49.85443],[37.65373,49.85862],[37.64485,49.86019],[37.63857,49.86348],[37.64144,49.86787],[37.63717,49.86919],[37.63715,49.86972],[37.63802,49.87175],[37.63447,49.87241],[37.63772,49.87581],[37.63784,49.87621],[37.63672,49.87654],[37.63756,49.87795],[37.63749,49.87924],[37.63666,49.88125],[37.64432,49.88417],[37.64544,49.88993],[37.64827,49.89297],[37.6554,49.89142],[37.66434,49.88788],[37.66619,49.88532],[37.66781,49.88495],[37.67512,49.89158],[37.67368,49.90056],[37.67345,49.90351],[37.67654,49.90606],[37.6913,49.90671],[37.70226,49.90698],[37.7184,49.90657],[37.7381,49.90324],[37.74283,49.90732],[37.74278,49.9106],[37.74235,49.91657],[37.7445,49.92171],[37.74165,49.92545],[37.74411,49.93383],[37.746,49.94642],[37.7439,49.94962],[37.73068,49.94984],[37.72767,49.95072],[37.71995,49.95089],[37.72055,49.96469],[37.72651,49.96552],[37.73123,49.96552],[37.73158,49.96665],[37.73591,49.96751],[37.73597,49.96985],[37.74211,49.97033],[37.74316,49.97129],[37.74446,49.9736],[37.74648,49.97383],[37.74751,49.9752],[37.75221,49.9768],[37.75283,49.97863],[37.75367,49.98265],[37.75374,49.99109],[37.75852,49.99129],[37.75594,49.99821],[37.76125,50.00514],[37.76037,50.01093],[37.75694,50.01678],[37.75828,50.03201],[37.75504,50.04982],[37.75329,50.05451],[37.7548,50.05992],[37.74827,50.06441],[37.74784,50.0665],[37.73757,50.06653],[37.73594,50.06591],[37.73482,50.06493],[37.72665,50.0681],[37.72793,50.07027],[37.72655,50.0722],[37.72506,50.07302],[37.72179,50.07419],[37.72128,50.07596],[37.72132,50.07773],[37.72111,50.07942],[37.71621,50.08041],[37.70508,50.08434],[37.69752,50.0832],[37.68626,50.08409],[37.68384,50.07841],[37.68244,50.07749],[37.67384,50.07743],[37.66978,50.07652],[37.66828,50.0809],[37.6639,50.0855],[37.65699,50.08957],[37.6539,50.09233],[37.64812,50.10964],[37.64699,50.11255],[37.64338,50.112],[37.63736,50.11295],[37.63272,50.11483],[37.6262,50.11646],[37.63179,50.12501],[37.63839,50.12665],[37.6407,50.12835],[37.64949,50.128],[37.65477,50.13182],[37.65601,50.13559],[37.65786,50.13798],[37.6479,50.14137],[37.64374,50.13617],[37.64176,50.13589],[37.63812,50.13419],[37.63151,50.13336],[37.62632,50.13351],[37.62447,50.13266],[37.62123,50.13455],[37.61885,50.13466],[37.61382,50.13176],[37.61019,50.13065],[37.58912,50.12663],[37.5759,50.13215],[37.57101,50.14212],[37.57667,50.1518],[37.58546,50.15439],[37.58911,50.15709],[37.58474,50.15849],[37.58821,50.16179],[37.59388,50.16579],[37.59638,50.16457],[37.60141,50.16485],[37.60684,50.16724],[37.60936,50.16964],[37.6146,50.17279],[37.61693,50.17479],[37.61374,50.17949],[37.60471,50.18094],[37.60505,50.18506],[37.60879,50.1852],[37.61404,50.18625],[37.62022,50.18913],[37.60537,50.21239],[37.58496,50.20959],[37.56736,50.21349],[37.56693,50.21777],[37.56213,50.22299],[37.54745,50.22162],[37.53363,50.22436],[37.52368,50.22497],[37.51389,50.23233],[37.51398,50.2399],[37.5175,50.25],[37.52574,50.25203],[37.52951,50.25275],[37.54496,50.25115],[37.5526,50.24841],[37.56771,50.24589],[37.57474,50.24742],[37.58178,50.25181],[37.59285,50.25203],[37.58472,50.27186],[37.5877,50.28823],[37.55656,50.31638],[37.49631,50.34273],[37.47917,50.35182],[37.46579,50.36442],[37.45447,50.3815],[37.46013,50.39053],[37.45558,50.40269],[37.45353,50.40581],[37.44499,50.40571],[37.44477,50.41222],[37.43653,50.41633],[37.43438,50.42169],[37.43164,50.42508],[37.42459,50.42623],[37.41068,50.42454],[37.38965,50.41918],[37.37223,50.4165],[37.35913,50.41982],[37.35409,50.425],[37.34418,50.42569],[37.31823,50.42054],[37.30564,50.40373],[37.29111,50.39681],[37.28436,50.3957],[37.25813,50.3894],[37.25671,50.38008],[37.24602,50.37754],[37.2267,50.37138],[37.2232,50.3709],[37.21806,50.3691],[37.21901,50.36548],[37.21849,50.35995],[37.21549,50.35622],[37.20596,50.35414],[37.19794,50.34743],[37.18669,50.34404],[37.18361,50.33939],[37.17949,50.33567],[37.1782,50.33093],[37.17575,50.32927],[37.175,50.32709],[37.17055,50.32423],[37.16755,50.32402],[37.16606,50.32331],[37.16357,50.32159],[37.16087,50.32071],[37.15671,50.32131],[37.15134,50.32103],[37.14946,50.31998],[37.14196,50.30962],[37.14055,50.30391],[37.13388,50.29028],[37.12333,50.28924],[37.12204,50.29313],[37.12487,50.29856],[37.12582,50.30115],[37.12586,50.30404],[37.12942,50.31215],[37.12822,50.31426],[37.12127,50.31372],[37.1153,50.31288],[37.11002,50.31336],[37.10605,50.31139],[37.09659,50.30338],[37.09783,50.29342],[37.0929,50.28633],[37.08672,50.28183],[37.07865,50.28644],[37.07668,50.29625],[37.07841,50.31179],[37.07775,50.31533],[37.07358,50.31816],[37.07019,50.32144],[37.06461,50.33092],[37.06113,50.33442],[37.05651,50.33559],[37.05241,50.33299],[37.04701,50.32987],[37.05302,50.32578],[37.05626,50.3247],[37.05772,50.32292],[37.05613,50.31701],[37.05382,50.31411],[37.05201,50.31338],[37.04418,50.31283],[37.04506,50.30722],[37.0414,50.30342],[37.03565,50.29366],[37.01693,50.28894],[37.00977,50.29108],[37.00741,50.29475],[36.99492,50.2964],[36.99239,50.29234],[36.99397,50.2851],[36.99964,50.27676],[37.00376,50.27325],[36.99277,50.26233],[36.97175,50.2688],[36.96691,50.26939],[36.96196,50.26972],[36.9468,50.26548],[36.9468,50.26412],[36.9396,50.26366],[36.93773,50.26249],[36.93889,50.26157],[36.94604,50.26152],[36.94448,50.25825],[36.95814,50.25479],[36.9569,50.253],[36.96048,50.25185],[36.97114,50.24712],[36.97024,50.24185],[36.95185,50.24367],[36.94895,50.24374],[36.94407,50.23976],[36.94047,50.23839],[36.93871,50.23721],[36.93245,50.23793],[36.93133,50.23922],[36.94125,50.24331],[36.94473,50.24491],[36.94529,50.24615],[36.94369,50.24703],[36.94172,50.2473],[36.94105,50.24483],[36.93121,50.24312],[36.93056,50.24479],[36.93226,50.24526],[36.93269,50.24649],[36.93191,50.24671],[36.93214,50.2474],[36.93543,50.24891],[36.93267,50.25193],[36.93328,50.25367],[36.92961,50.25458],[36.93116,50.25916],[36.93013,50.25938],[36.91764,50.2599],[36.91173,50.25697],[36.9116,50.25603],[36.91217,50.25489],[36.91193,50.2534],[36.90978,50.25286],[36.90945,50.25233],[36.90961,50.25188],[36.91221,50.25078],[36.91219,50.24913],[36.90514,50.24729],[36.90571,50.24602],[36.90489,50.23684],[36.90771,50.22973],[36.90668,50.225],[36.90402,50.22308],[36.9017,50.22173],[36.89865,50.22327],[36.90088,50.23733],[36.90058,50.24068],[36.90189,50.24481],[36.90103,50.24636],[36.89787,50.24864],[36.89455,50.24967],[36.89333,50.24972],[36.88975,50.24893],[36.88954,50.24277],[36.88873,50.23726],[36.88978,50.23581],[36.89083,50.23468],[36.89004,50.22778],[36.89227,50.22649],[36.89227,50.22423],[36.891,50.21957],[36.89344,50.21754],[36.894,50.21641],[36.89548,50.21449],[36.89804,50.21257],[36.89873,50.21172],[36.89581,50.20636],[36.8904,50.20441],[36.88628,50.20359],[36.88877,50.21015],[36.88991,50.21657],[36.88785,50.21773],[36.88669,50.22064],[36.88656,50.23085],[36.8857,50.23272],[36.88618,50.23501],[36.88596,50.23581],[36.88557,50.23601],[36.88532,50.23689],[36.88253,50.23832],[36.88407,50.24158],[36.88356,50.24364],[36.88171,50.24548],[36.88051,50.24581],[36.8788,50.2451],[36.87515,50.24208],[36.87223,50.23878],[36.86528,50.23398],[36.8586,50.23062],[36.85552,50.22746],[36.85707,50.22547],[36.86007,50.21651],[36.85922,50.21074],[36.85492,50.2097],[36.85355,50.21299],[36.85471,50.21472],[36.85578,50.21689],[36.85424,50.21885],[36.85147,50.22139],[36.84338,50.22728],[36.83997,50.22658],[36.83017,50.23506],[36.81673,50.23412],[36.81227,50.23047],[36.80412,50.23184],[36.80412,50.23956],[36.79928,50.24813],[36.7989,50.24961],[36.79793,50.25061],[36.79894,50.25298],[36.79634,50.25367],[36.78824,50.2527],[36.78533,50.24952],[36.77917,50.24983],[36.76952,50.25202],[36.76537,50.25513],[36.77515,50.26009],[36.77665,50.26394],[36.76326,50.26542],[36.75549,50.26352],[36.74863,50.2647],[36.74353,50.26437],[36.73765,50.26275],[36.73097,50.26502],[36.72437,50.26581],[36.7058,50.25759],[36.69761,50.25984],[36.69401,50.26149],[36.69133,50.26086],[36.68835,50.25959],[36.68659,50.25953],[36.68466,50.25818],[36.68367,50.25538],[36.68577,50.25393],[36.68603,50.25308],[36.68719,50.25198],[36.68516,50.24852],[36.68483,50.24652],[36.68571,50.24604],[36.6871,50.24371],[36.68655,50.24319],[36.68305,50.24487],[36.68222,50.2449],[36.68077,50.24043],[36.68433,50.23856],[36.6827,50.23549],[36.68223,50.23283],[36.68352,50.23211],[36.66963,50.21828],[36.6577,50.21423],[36.63779,50.21522],[36.62023,50.21679],[36.58722,50.22112],[36.59106,50.22418],[36.58374,50.22681],[36.57859,50.22538],[36.57014,50.22711],[36.55928,50.22774],[36.55708,50.22443],[36.53801,50.22637],[36.50351,50.21859],[36.49165,50.21201],[36.4839,50.21464],[36.48154,50.21578],[36.4759,50.2164],[36.47096,50.21747],[36.46949,50.2169],[36.46261,50.21942],[36.4618,50.22181],[36.4608,50.22398],[36.45975,50.22819],[36.46525,50.22868],[36.46702,50.23093],[36.46605,50.23419],[36.46827,50.23605],[36.46857,50.23796],[36.46539,50.24326],[36.46269,50.24441],[36.45865,50.24512],[36.45792,50.246],[36.45161,50.2468],[36.44664,50.24358],[36.42956,50.2497],[36.42856,50.2495],[36.42042,50.25062],[36.41493,50.25069],[36.40699,50.25039],[36.40644,50.25374],[36.39744,50.25271],[36.38352,50.26337],[36.36035,50.26907],[36.34541,50.27645],[36.34136,50.28005],[36.32928,50.28479],[36.32855,50.28944],[36.30546,50.29192],[36.30301,50.29206],[36.29708,50.29204],[36.29679,50.28304],[36.28623,50.27967],[36.277,50.28063],[36.27664,50.29354],[36.27378,50.29596],[36.26943,50.30852],[36.26986,50.31354],[36.2684,50.31927],[36.26728,50.33091],[36.25107,50.33847],[36.24259,50.33864],[36.21421,50.33224],[36.20644,50.31997],[36.19794,50.31684],[36.18786,50.3115],[36.17782,50.31202],[36.17945,50.31695],[36.17473,50.31843],[36.16385,50.32428],[36.16301,50.32909],[36.17271,50.34272],[36.17173,50.34742],[36.18449,50.35419],[36.19319,50.35405],[36.19967,50.35834],[36.20283,50.35867],[36.20675,50.361],[36.20967,50.36374],[36.21155,50.36675],[36.21059,50.36971],[36.21091,50.37136],[36.20859,50.37386],[36.20585,50.37491],[36.19763,50.37997],[36.19326,50.38096],[36.18656,50.38178],[36.18407,50.38977],[36.18148,50.3929],[36.15932,50.40254],[36.15133,50.40822],[36.15737,50.42],[36.15604,50.4233],[36.14812,50.43232],[36.14932,50.43421],[36.14698,50.43482],[36.14402,50.43529],[36.14269,50.43471],[36.14026,50.43561],[36.13607,50.43465],[36.12308,50.42769],[36.07785,50.44001],[36.06957,50.44375],[36.06172,50.44039],[36.05006,50.44273],[35.95987,50.42624],[35.93447,50.41902],[35.90683,50.42356],[35.88649,50.41803],[35.85877,50.41942],[35.83562,50.41197],[35.81957,50.40363],[35.81588,50.39674],[35.81768,50.39116],[35.79202,50.37632],[35.78068,50.3664],[35.7512,50.34362],[35.72091,50.34053],[35.68058,50.33398],[35.63886,50.34055],[35.61226,50.34997],[35.60453,50.35764],[35.59324,50.36498],[35.59049,50.37287],[35.58156,50.38195],[35.57247,50.39344],[35.56938,50.40231],[35.5656,50.42408],[35.56292,50.44205],[35.54478,50.45084],[35.53048,50.45859],[35.50529,50.46839],[35.48566,50.47697],[35.46978,50.48437],[35.46635,50.49068],[35.45604,50.50212],[35.45136,50.50974],[35.44255,50.51981],[35.43266,50.52849],[35.43215,50.5394],[35.43215,50.54627],[35.42648,50.55495],[35.41773,50.55871],[35.40451,50.56683],[35.38899,50.57695],[35.38607,50.57946],[35.39388,50.59134],[35.40899,50.59654],[35.41848,50.60482],[35.4165,50.60844],[35.4153,50.61274],[35.40285,50.6132],[35.3957,50.61989],[35.3851,50.63968],[35.38662,50.64715],[35.3881,50.65155],[35.3893,50.65441],[35.39913,50.6624],[35.40024,50.66991],[35.39543,50.6767],[35.38512,50.68492],[35.38181,50.68733],[35.37554,50.68896],[35.37294,50.69066],[35.3724,50.69474],[35.37705,50.70042],[35.37463,50.70891],[35.37085,50.71435],[35.37031,50.72168],[35.36933,50.72453],[35.3761,50.73502],[35.38322,50.73813],[35.37953,50.74616],[35.37885,50.75143],[35.37558,50.75648],[35.37507,50.76484],[35.37376,50.77039],[35.37093,50.77381],[35.37041,50.77658],[35.37771,50.77864],[35.38355,50.78475],[35.38104,50.78597],[35.37718,50.78931],[35.37553,50.79227],[35.37375,50.79388],[35.37158,50.79475],[35.36894,50.79548],[35.36764,50.79759],[35.36647,50.80612],[35.37221,50.81475],[35.38205,50.81827],[35.38173,50.83851],[35.37778,50.85119],[35.36708,50.86742],[35.35819,50.87205],[35.36163,50.89057],[35.36248,50.89633],[35.36328,50.89931],[35.36676,50.89979],[35.36766,50.90123],[35.3653,50.90534],[35.36109,50.90978],[35.35547,50.9111],[35.34298,50.91343],[35.34025,50.91688],[35.33504,50.91749],[35.33061,50.9158],[35.3249,50.9169],[35.3189,50.92895],[35.31684,50.93151],[35.31285,50.93292],[35.30851,50.93235],[35.30357,50.93379],[35.29803,50.93598],[35.29479,50.93951],[35.2929,50.9453],[35.28543,50.94607],[35.28182,50.95121],[35.27401,50.95364],[35.26543,50.95299],[35.26679,50.96373],[35.27048,50.96654],[35.27178,50.97451],[35.27375,50.97915],[35.29003,50.98546],[35.30252,50.99563],[35.31282,50.9969],[35.32629,50.99773],[35.33007,50.99727],[35.33673,50.99954],[35.33117,51.0032],[35.3278,51.00968],[35.32357,51.01281],[35.32596,51.01387],[35.32955,51.01098],[35.33538,51.00867],[35.34962,51.00617],[35.3495,51.00844],[35.35116,51.00664],[35.35319,51.00616],[35.35837,51.00539],[35.36356,51.00239],[35.36703,51.00172],[35.37351,51.00296],[35.37819,51.00425],[35.37776,51.00701],[35.38468,51.01146],[35.39221,51.01441],[35.38738,51.01721],[35.40909,51.02605],[35.38588,51.0384],[35.36424,51.05468],[35.3622,51.05731],[35.36567,51.05878],[35.36678,51.06156],[35.36243,51.06206],[35.35784,51.0604],[35.34335,51.05964],[35.33322,51.05851],[35.3364,51.04275],[35.33004,51.03599],[35.31382,51.03626],[35.29732,51.04536],[35.27702,51.04552],[35.26612,51.04268],[35.24651,51.04714],[35.24622,51.0524],[35.24028,51.05251],[35.2217,51.04695],[35.21934,51.04328],[35.21243,51.04288],[35.19819,51.04377],[35.19457,51.04432],[35.19223,51.04595],[35.18968,51.04568],[35.18627,51.04758],[35.18409,51.04899],[35.17377,51.05314],[35.16736,51.0632],[35.15556,51.07913],[35.15384,51.08241],[35.15358,51.08392],[35.15192,51.08467],[35.15434,51.08958],[35.15815,51.09063],[35.16064,51.09236],[35.1487,51.09626],[35.14416,51.09633],[35.14249,51.0987],[35.14494,51.10471],[35.14841,51.10913],[35.14929,51.11197],[35.14768,51.11614],[35.14411,51.11823],[35.13944,51.11854],[35.12242,51.11829],[35.11713,51.11895],[35.11348,51.11869],[35.11191,51.11949],[35.10837,51.12072],[35.10248,51.12162],[35.08951,51.1201],[35.08769,51.11969],[35.08673,51.11918],[35.08628,51.11811],[35.08584,51.11753],[35.08574,51.1169],[35.0853,51.11675],[35.08505,51.11695],[35.08413,51.11701],[35.08098,51.11672],[35.08019,51.11623],[35.07987,51.11525],[35.07825,51.11521],[35.07775,51.11503],[35.07719,51.11458],[35.07614,51.11435],[35.0755,51.1134],[35.07496,51.11204],[35.07567,51.11001],[35.0677,51.09926],[35.0547,51.10361],[35.04569,51.0989],[35.02587,51.10424],[35.01672,51.0987],[35.00349,51.0979],[34.96497,51.09935],[34.95933,51.10259],[34.95574,51.10635],[34.94534,51.10844],[34.94026,51.10793],[34.93792,51.10634],[34.91997,51.10908],[34.91662,51.10342],[34.91001,51.10614],[34.91083,51.10961],[34.90926,51.10905],[34.90683,51.10086],[34.88885,51.09992],[34.87903,51.09995],[34.87413,51.10423],[34.87458,51.11677],[34.86479,51.11841],[34.85045,51.12052],[34.84254,51.12068],[34.84281,51.12652],[34.84263,51.12772],[34.833,51.12716],[34.8275,51.13032],[34.82344,51.13185],[34.82164,51.1314],[34.82239,51.13018],[34.82274,51.12915],[34.82427,51.12734],[34.82344,51.12547],[34.82813,51.12292],[34.82706,51.11914],[34.81315,51.11989],[34.81066,51.12056],[34.80427,51.12102],[34.79889,51.1225],[34.78704,51.12239],[34.78129,51.12566],[34.77199,51.1209],[34.76871,51.12309],[34.76302,51.12307],[34.75954,51.12341],[34.74972,51.14487],[34.74729,51.14935],[34.75279,51.15066],[34.75,51.16057],[34.74653,51.16535],[34.73922,51.16437],[34.72256,51.16788],[34.71732,51.16819],[34.71702,51.17177],[34.71293,51.17315],[34.71279,51.17381],[34.71227,51.17393],[34.71161,51.17346],[34.70604,51.17568],[34.69699,51.17872],[34.69008,51.1808],[34.68676,51.17724],[34.66374,51.19362],[34.65296,51.20331],[34.65339,51.20807],[34.65847,51.21047],[34.65642,51.21289],[34.64626,51.2208],[34.64245,51.23515],[34.63636,51.23795],[34.63763,51.24434],[34.63641,51.24756],[34.62006,51.24739],[34.61118,51.24628],[34.60453,51.24436],[34.58343,51.23245],[34.58026,51.23099],[34.57674,51.23101],[34.56605,51.23593],[34.55644,51.23838],[34.54485,51.2434],[34.53575,51.24668],[34.5274,51.24831],[34.52079,51.23869],[34.5013,51.23633],[34.47933,51.24208],[34.47367,51.24691],[34.46785,51.24884],[34.44828,51.25153],[34.43301,51.25394],[34.42211,51.25846],[34.41807,51.26044],[34.41146,51.26007],[34.40528,51.25796],[34.39906,51.25739],[34.39309,51.25976],[34.38137,51.25992],[34.36322,51.26232],[34.3584,51.25934],[34.33052,51.24071],[34.33044,51.23987],[34.33078,51.23548],[34.31052,51.23349],[34.29997,51.23392],[34.27147,51.24388],[34.2604,51.24644],[34.2601,51.24743],[34.25717,51.25264],[34.25714,51.25662],[34.25424,51.25866],[34.23815,51.26267],[34.23081,51.26503],[34.23211,51.26817],[34.23376,51.26912],[34.23402,51.26954],[34.2339,51.26995],[34.23356,51.27014],[34.23132,51.27083],[34.23101,51.27162],[34.231,51.2722],[34.23147,51.27274],[34.23426,51.27426],[34.2356,51.27473],[34.24705,51.27622],[34.24833,51.27614],[34.25089,51.27558],[34.25737,51.2754],[34.26261,51.27803],[34.26415,51.27659],[34.26793,51.27787],[34.27128,51.2797],[34.27213,51.2833],[34.27419,51.28646],[34.27711,51.28824],[34.28243,51.28866],[34.2869,51.28952],[34.29076,51.29167],[34.29333,51.29339],[34.29943,51.29511],[34.30346,51.298],[34.30638,51.30042],[34.30629,51.30257],[34.30372,51.3046],[34.30217,51.30772],[34.30235,51.31126],[34.30638,51.3133],[34.30861,51.31314],[34.31136,51.31582],[34.30921,51.31775],[34.30398,51.32027],[34.30638,51.32236],[34.30947,51.32225],[34.31136,51.32172],[34.31376,51.32343],[34.31119,51.32751],[34.3123,51.33025],[34.31321,51.33445],[34.33851,51.35624],[34.34169,51.35151],[34.34375,51.34545],[34.34598,51.3439],[34.34195,51.34111],[34.34813,51.33231],[34.34152,51.32282],[34.3422,51.31746],[34.34632,51.3107],[34.34547,51.30694],[34.33791,51.30093],[34.33053,51.29653],[34.32438,51.29316],[34.31923,51.29423],[34.3164,51.29691],[34.31348,51.30169],[34.30086,51.29358],[34.29357,51.29053],[34.28859,51.28752],[34.277,51.28484],[34.27383,51.28076],[34.27198,51.27716],[34.26607,51.27265],[34.25721,51.27046],[34.24405,51.26848],[34.23927,51.2643],[34.24601,51.26389],[34.2558,51.26068],[34.26352,51.25749],[34.27773,51.25403],[34.28077,51.25897],[34.28596,51.26293],[34.30101,51.25854],[34.29726,51.24238],[34.30523,51.23832],[34.32506,51.23953],[34.32264,51.24683],[34.34989,51.26388],[34.35895,51.26584],[34.374,51.26772],[34.37966,51.27058],[34.3842,51.27376],[34.40039,51.27076],[34.4173,51.28027],[34.46682,51.27104],[34.4785,51.26341],[34.48202,51.2582],[34.46789,51.25122],[34.47145,51.25032],[34.47387,51.24942],[34.47652,51.24791],[34.4794,51.24737],[34.48112,51.24686],[34.48309,51.24516],[34.48494,51.24501],[34.48628,51.24453],[34.50486,51.24285],[34.51267,51.2419],[34.52299,51.25281],[34.53364,51.2533],[34.5592,51.25749],[34.56525,51.24508],[34.5809,51.23432],[34.59476,51.24428],[34.59747,51.24596],[34.60206,51.24621],[34.60094,51.24726],[34.60108,51.25194],[34.60165,51.25406],[34.60508,51.25446],[34.60982,51.25149],[34.62143,51.25034],[34.62384,51.2509],[34.62689,51.25053],[34.63008,51.25088],[34.63172,51.25089],[34.6339,51.25063],[34.63603,51.25079],[34.63871,51.2498],[34.64482,51.24913],[34.64904,51.24805],[34.65728,51.24693],[34.65989,51.24756],[34.66225,51.24733],[34.66303,51.24315],[34.66632,51.21064],[34.66774,51.1986],[34.68805,51.18105],[34.69207,51.1809],[34.69681,51.18288],[34.70553,51.18175],[34.71233,51.17932],[34.72243,51.18685],[34.73162,51.18251],[34.73696,51.17938],[34.74372,51.16959],[34.74886,51.1692],[34.74972,51.16787],[34.75014,51.16639],[34.75356,51.16496],[34.75778,51.16521],[34.76798,51.16211],[34.78598,51.15184],[34.79507,51.1513],[34.79988,51.14495],[34.80014,51.14317],[34.80182,51.13666],[34.80208,51.13063],[34.8134,51.13022],[34.81789,51.131],[34.82056,51.13398],[34.82568,51.13319],[34.83306,51.13429],[34.84216,51.13625],[34.84422,51.13694],[34.8476,51.12723],[34.86612,51.12275],[34.86891,51.12537],[34.87811,51.12948],[34.88024,51.13194],[34.8811,51.13514],[34.87797,51.1451],[34.88522,51.14858],[34.89415,51.14252],[34.89556,51.14335],[34.91405,51.14672],[34.92221,51.1402],[34.92865,51.13926],[34.92856,51.13813],[34.93092,51.13754],[34.92899,51.1343],[34.93667,51.13237],[34.93586,51.13118],[34.93938,51.13021],[34.94769,51.12982],[34.95081,51.12381],[34.9637,51.11975],[34.96368,51.11377],[34.96862,51.11231],[34.97282,51.10921],[34.9711,51.10676],[34.97372,51.10598],[34.97673,51.10733],[34.97781,51.10919],[34.99132,51.10937],[34.99878,51.10994],[35.00119,51.10754],[34.99733,51.10288],[34.99819,51.10179],[34.99964,51.1014],[35.01689,51.10571],[35.02037,51.1059],[35.02256,51.107],[35.02877,51.1057],[35.03181,51.11037],[35.03762,51.10873],[35.03719,51.10817],[35.03814,51.1065],[35.04103,51.10462],[35.04427,51.10547],[35.05028,51.10992],[35.05086,51.11275],[35.05841,51.11542],[35.06859,51.12185],[35.06916,51.12462],[35.07167,51.12983],[35.0818,51.13123],[35.09544,51.12829],[35.0975,51.12676],[35.10703,51.12724],[35.11004,51.12222],[35.11149,51.12145],[35.1139,51.12229],[35.11604,51.12331],[35.11827,51.12697],[35.14042,51.13112],[35.14489,51.13533],[35.16355,51.12739],[35.16378,51.12139],[35.15525,51.11032],[35.14812,51.1046],[35.14805,51.10157],[35.15505,51.10009],[35.16459,51.10081],[35.16839,51.1005],[35.17679,51.0973],[35.17373,51.08726],[35.16621,51.08046],[35.1663,51.07733],[35.17442,51.07126],[35.18133,51.06525],[35.18292,51.06292],[35.18275,51.06176],[35.19061,51.05795],[35.1952,51.05768],[35.20103,51.05531],[35.20163,51.05286],[35.21026,51.04983],[35.21399,51.04948],[35.21524,51.05083],[35.22009,51.05249],[35.22292,51.0561],[35.22649,51.06013],[35.22754,51.06069],[35.22842,51.06147],[35.22875,51.06206],[35.22971,51.06285],[35.23315,51.06373],[35.24256,51.06537],[35.24793,51.06756],[35.25593,51.06758],[35.26468,51.06812],[35.26555,51.06533],[35.273,51.06127],[35.27974,51.06044],[35.28893,51.06011],[35.30636,51.06151],[35.31599,51.06632],[35.32816,51.07116],[35.3387,51.06676],[35.34638,51.06962],[35.35522,51.07221],[35.36767,51.07976],[35.3818,51.06608],[35.38986,51.06047],[35.39865,51.05298],[35.40699,51.05209],[35.41688,51.05509],[35.42686,51.05122],[35.41914,51.04295],[35.41811,51.02773],[35.41589,51.02766],[35.41299,51.02641],[35.41354,51.02482],[35.41293,51.02176],[35.41154,51.02158],[35.40852,51.02204],[35.40559,51.02159],[35.40412,51.02058],[35.3996,51.01992],[35.39808,51.01897],[35.39926,51.01486],[35.40171,51.01084],[35.39446,51.00809],[35.38628,51.0056],[35.38212,51.00325],[35.38092,51.00377],[35.3789,51.00198],[35.37961,51.00144],[35.37863,51.0005],[35.37753,50.9977],[35.36942,50.99755],[35.3674,50.99643],[35.36345,50.99626],[35.3627,50.99534],[35.3598,50.99576],[35.35502,50.99874],[35.35843,51.00248],[35.35591,51.00389],[35.35476,51.00387],[35.35258,51.00255],[35.34306,51.00188],[35.33791,50.99878],[35.32976,50.99625],[35.32503,50.98721],[35.30649,50.97127],[35.30653,50.96643],[35.30595,50.96401],[35.30245,50.96257],[35.29796,50.96116],[35.29999,50.95863],[35.31535,50.95086],[35.31449,50.94919],[35.32586,50.94678],[35.33114,50.93467],[35.33951,50.93417],[35.34206,50.93446],[35.34479,50.93118],[35.34374,50.92781],[35.34139,50.92547],[35.34623,50.92208],[35.34683,50.9181],[35.35465,50.91599],[35.36099,50.91945],[35.37009,50.91736],[35.37442,50.91492],[35.38485,50.91294],[35.38755,50.91309],[35.40174,50.91083],[35.39724,50.90931],[35.39645,50.90724],[35.40344,50.90297],[35.40167,50.90194],[35.37937,50.89572],[35.38695,50.88659],[35.38974,50.88503],[35.40178,50.87965],[35.39377,50.87769],[35.38702,50.87503],[35.38224,50.87036],[35.38521,50.86792],[35.38457,50.86099],[35.39206,50.84823],[35.39245,50.84026],[35.39817,50.83294],[35.39604,50.82551],[35.39495,50.81912],[35.39266,50.81603],[35.38063,50.81403],[35.37735,50.81196],[35.37592,50.80914],[35.37533,50.80684],[35.37091,50.80294],[35.37023,50.80109],[35.3704,50.79822],[35.37182,50.79648],[35.37228,50.79555],[35.37387,50.79476],[35.37729,50.79436],[35.38456,50.79149],[35.38727,50.79099],[35.38767,50.78899],[35.38724,50.78707],[35.39389,50.78381],[35.39453,50.78303],[35.39328,50.76695],[35.39148,50.7568],[35.39137,50.75494],[35.39363,50.75245],[35.39767,50.74164],[35.40464,50.7381],[35.40524,50.73555],[35.40687,50.73196],[35.41236,50.72946],[35.42343,50.72761],[35.41829,50.71903],[35.41194,50.71822],[35.39907,50.7186],[35.38134,50.7171],[35.38183,50.71269],[35.38282,50.70845],[35.38293,50.70515],[35.38522,50.70428],[35.38511,50.70205],[35.38466,50.70063],[35.37885,50.69932],[35.38018,50.69738],[35.3798,50.69569],[35.37726,50.69441],[35.37685,50.69356],[35.37695,50.69267],[35.37966,50.69234],[35.38306,50.6925],[35.3853,50.692],[35.38931,50.68908],[35.3905,50.68693],[35.39527,50.68261],[35.40074,50.68275],[35.41154,50.68343],[35.41363,50.68094],[35.41415,50.67974],[35.41428,50.67838],[35.41548,50.67661],[35.41672,50.67515],[35.41857,50.67196],[35.41578,50.66462],[35.4158,50.65735],[35.40088,50.65635],[35.39276,50.64997],[35.39202,50.64207],[35.4024,50.63203],[35.41284,50.61358],[35.41455,50.61508],[35.41815,50.61605],[35.42124,50.6156],[35.41882,50.60891],[35.42513,50.60304],[35.42097,50.59931],[35.40068,50.59034],[35.391,50.58009],[35.42072,50.56661],[35.42759,50.56238],[35.43068,50.55862],[35.4312,50.55541],[35.43974,50.54226],[35.4363,50.53587],[35.43697,50.53003],[35.44485,50.52949],[35.44548,50.5233],[35.45797,50.51298],[35.47639,50.48828],[35.49176,50.48484],[35.50292,50.48099],[35.5091,50.47552],[35.52489,50.46809],[35.53072,50.46665],[35.5417,50.45891],[35.54736,50.45771],[35.55275,50.45834],[35.55502,50.45578],[35.55381,50.45285],[35.56392,50.45111],[35.5706,50.45544],[35.57174,50.45641],[35.57169,50.4578],[35.56213,50.45646],[35.56192,50.45783],[35.56308,50.45956],[35.56643,50.46228],[35.56978,50.46426],[35.57138,50.4626],[35.57298,50.45941],[35.57638,50.4569],[35.57918,50.4557],[35.57987,50.45277],[35.58464,50.44998],[35.58649,50.44791],[35.58732,50.43108],[35.58345,50.42993],[35.58441,50.39288],[35.5938,50.39301],[35.59686,50.38432],[35.61262,50.37518],[35.6015,50.36728],[35.62659,50.35209],[35.62832,50.35487],[35.65823,50.35133],[35.67255,50.35517],[35.7382,50.35473],[35.75673,50.36844],[35.79626,50.39368],[35.80501,50.40152],[35.8062,50.41023],[35.7952,50.41161],[35.79278,50.41628],[35.83217,50.43389],[35.83548,50.42489],[35.85488,50.42955],[35.8724,50.4227],[35.87487,50.42598],[35.88893,50.43876],[35.90131,50.43823],[35.90238,50.43356],[35.91272,50.43102],[35.92555,50.43034],[35.93345,50.43041],[35.93776,50.43331],[35.94997,50.43512],[35.95583,50.43376],[35.9715,50.43716],[35.97478,50.44126],[35.98252,50.44085],[35.99669,50.44295],[36.00331,50.44569],[36.06724,50.45125],[36.06881,50.44621],[36.08618,50.44839],[36.09361,50.44459],[36.11232,50.43954],[36.11675,50.4386],[36.11771,50.43816],[36.11954,50.43842],[36.13606,50.43763],[36.15534,50.4331],[36.15548,50.4316],[36.1601,50.43137],[36.16116,50.43051],[36.17065,50.40895],[36.1773,50.40167],[36.19503,50.4134],[36.19577,50.40349],[36.19281,50.39894],[36.18805,50.39433],[36.18889,50.39282],[36.18817,50.39265],[36.18883,50.39125],[36.18815,50.39088],[36.18824,50.39027],[36.19243,50.39096],[36.19493,50.39114],[36.19532,50.39053],[36.19878,50.39131],[36.20036,50.38953],[36.20588,50.39051],[36.20748,50.38987],[36.20883,50.3885],[36.20957,50.38699],[36.21081,50.38583],[36.21138,50.38568],[36.22054,50.37821],[36.23115,50.37134],[36.23096,50.37085],[36.22126,50.36785],[36.20732,50.35729],[36.19411,50.34519],[36.18984,50.33902],[36.19003,50.33538],[36.19365,50.33327],[36.19805,50.33431],[36.20784,50.34212],[36.22748,50.3572],[36.23755,50.35835],[36.24175,50.3585],[36.24299,50.35806],[36.25559,50.35536],[36.28123,50.33732],[36.27425,50.33114],[36.27694,50.32904],[36.28236,50.32677],[36.28536,50.32663],[36.28005,50.31775],[36.28533,50.31079],[36.28677,50.30473],[36.28719,50.30193],[36.29032,50.29905],[36.29519,50.29728],[36.30925,50.2965],[36.331,50.2895],[36.35444,50.28881],[36.35881,50.28764],[36.36117,50.28732],[36.36205,50.28554],[36.36363,50.28455],[36.36994,50.28184],[36.3696,50.27775],[36.38217,50.27698],[36.38213,50.27756],[36.38183,50.27827],[36.382,50.27934],[36.3817,50.28028],[36.37908,50.28137],[36.37911,50.28224],[36.37887,50.28255],[36.37788,50.283],[36.37854,50.28509],[36.38359,50.28559],[36.38486,50.28412],[36.38807,50.2826],[36.38962,50.27931],[36.38703,50.27695],[36.38947,50.27503],[36.39037,50.2696],[36.39613,50.26653],[36.40564,50.26799],[36.41174,50.26344],[36.4149,50.25752],[36.41618,50.257],[36.41781,50.25661],[36.4219,50.25411],[36.42506,50.25345],[36.42622,50.2558],[36.42825,50.25546],[36.42972,50.25488],[36.43222,50.25503],[36.43705,50.25812],[36.44051,50.25669],[36.44656,50.25594],[36.45021,50.25679],[36.45226,50.25769],[36.45756,50.25612],[36.46082,50.25439],[36.46477,50.25159],[36.46666,50.25217],[36.46915,50.25167],[36.47468,50.24756],[36.47696,50.24451],[36.47988,50.243],[36.48091,50.24135],[36.48692,50.24298],[36.4974,50.24076],[36.50649,50.23804],[36.51467,50.24136],[36.54061,50.24436],[36.54619,50.25007],[36.55615,50.24804],[36.56012,50.25076],[36.5702,50.24394],[36.57163,50.24395],[36.57537,50.24199],[36.57772,50.23965],[36.58289,50.23693],[36.59719,50.23137],[36.59547,50.22999],[36.61349,50.22372],[36.61479,50.22682],[36.61591,50.22712],[36.61866,50.22712],[36.63997,50.22229],[36.64785,50.21776],[36.66396,50.22217],[36.67879,50.23708],[36.66792,50.241],[36.66972,50.24392],[36.66834,50.24631],[36.67899,50.24543],[36.67924,50.24722],[36.67401,50.24785],[36.66976,50.24864],[36.66809,50.24952],[36.66615,50.24883],[36.66294,50.2498],[36.65967,50.2504],[36.65654,50.25216],[36.6663,50.25825],[36.67311,50.25644],[36.67349,50.25592],[36.6742,50.25559],[36.67495,50.25614],[36.67804,50.25552],[36.67841,50.256],[36.67315,50.25765],[36.6712,50.25863],[36.66778,50.25932],[36.67542,50.26301],[36.68079,50.26154],[36.68197,50.26231],[36.67886,50.26319],[36.67866,50.26364],[36.68869,50.26683],[36.69293,50.26873],[36.69464,50.26912],[36.69562,50.26903],[36.69686,50.26677],[36.70073,50.26429],[36.70241,50.26423],[36.70426,50.26506],[36.70336,50.26868],[36.70586,50.26892],[36.72006,50.27745],[36.72599,50.26977],[36.73262,50.26722],[36.74534,50.26804],[36.76042,50.26801],[36.76574,50.26771],[36.78265,50.26607],[36.78376,50.26022],[36.79222,50.25674],[36.80123,50.25424],[36.80452,50.25409],[36.80958,50.25309],[36.80779,50.24875],[36.8121,50.2468],[36.81461,50.24703],[36.81722,50.24445],[36.82188,50.24454],[36.82921,50.24698],[36.83071,50.25016],[36.83405,50.25169],[36.83653,50.25411],[36.84121,50.2562],[36.84615,50.25943],[36.84851,50.26017],[36.85503,50.2576],[36.85881,50.25661],[36.86233,50.25639],[36.86503,50.25776],[36.86636,50.25965],[36.86895,50.26188],[36.87299,50.26217],[36.87644,50.25911],[36.87217,50.25727],[36.87217,50.25403],[36.87899,50.25392],[36.88487,50.25027],[36.88865,50.24972],[36.89363,50.25054],[36.89974,50.24983],[36.90388,50.24978],[36.90482,50.25147],[36.90695,50.25322],[36.90667,50.25447],[36.90225,50.2558],[36.89732,50.25452],[36.89633,50.25213],[36.89375,50.25219],[36.89341,50.25392],[36.89375,50.25546],[36.89552,50.25921],[36.89595,50.26121],[36.89906,50.26307],[36.90565,50.26017],[36.90605,50.26104],[36.90601,50.26276],[36.90881,50.26453],[36.90808,50.26741],[36.90554,50.26757],[36.90344,50.26818],[36.90285,50.26872],[36.89895,50.26864],[36.89537,50.26807],[36.89216,50.26956],[36.89444,50.27403],[36.89238,50.27787],[36.89629,50.28113],[36.89822,50.28447],[36.89319,50.2906],[36.90616,50.29029],[36.9099,50.28934],[36.91087,50.28894],[36.91167,50.28942],[36.91259,50.28879],[36.91351,50.2893],[36.91528,50.28943],[36.91837,50.28631],[36.92103,50.28204],[36.92494,50.27509],[36.92418,50.27358],[36.92876,50.26895],[36.93634,50.26909],[36.94131,50.27101],[36.94466,50.26985],[36.94835,50.26953],[36.9599,50.27228],[36.96767,50.27606],[36.96601,50.27745],[36.95672,50.27578],[36.95587,50.27772],[36.94507,50.2768],[36.94368,50.27932],[36.95107,50.28103],[36.95266,50.28322],[36.96021,50.28544],[36.96807,50.28838],[36.96587,50.29352],[36.97414,50.2964],[36.97472,50.29971],[36.97524,50.30064],[36.97605,50.30156],[36.98159,50.30278],[36.9826,50.30285],[36.98692,50.30166],[36.98892,50.30134],[36.99111,50.30182],[36.99365,50.30265],[37.00073,50.30308],[37.00681,50.30146],[37.00893,50.30142],[37.0103,50.30306],[37.01338,50.30457],[37.02196,50.30682],[37.0261,50.30919],[37.03087,50.31009],[37.03389,50.31044],[37.0365,50.31538],[37.03692,50.31736],[37.04256,50.31834],[37.04861,50.31887],[37.04946,50.32153],[37.04456,50.32691],[37.04058,50.32907],[37.0395,50.33136],[37.03662,50.33146],[37.03153,50.33238],[37.02807,50.33441],[37.02751,50.34648],[37.03734,50.34869],[37.04495,50.34497],[37.05977,50.34725],[37.07035,50.3468],[37.08083,50.34826],[37.08092,50.33966],[37.0759,50.33876],[37.07371,50.33599],[37.07611,50.33281],[37.08345,50.33481],[37.08388,50.34862],[37.10566,50.35171],[37.1057,50.35333],[37.1033,50.35736],[37.13819,50.36108],[37.14011,50.34932],[37.14062,50.3428],[37.14466,50.33502],[37.1571,50.33524],[37.15985,50.34028],[37.17315,50.34762],[37.18641,50.35348],[37.18716,50.35891],[37.18315,50.36346],[37.20014,50.37041],[37.21378,50.37415],[37.22331,50.378],[37.22211,50.37912],[37.25595,50.39269],[37.2577,50.39093],[37.26414,50.39413],[37.29172,50.40099],[37.29946,50.40619],[37.30913,50.42289],[37.31021,50.42647],[37.31971,50.43292],[37.33237,50.43702],[37.35259,50.43741],[37.37728,50.43275],[37.39597,50.43114],[37.42109,50.43471],[37.43262,50.44361],[37.43304,50.44016],[37.43574,50.43824],[37.43836,50.43666],[37.44537,50.43275],[37.44932,50.42996],[37.45353,50.42479],[37.45899,50.4206],[37.4588,50.41799],[37.46131,50.41559],[37.46477,50.41416],[37.46656,50.40561],[37.46577,50.39826],[37.46659,50.38722],[37.46482,50.38498],[37.46746,50.37849],[37.47112,50.3754],[37.47084,50.37092],[37.47222,50.36864],[37.48152,50.36319],[37.4832,50.36151],[37.48272,50.35929],[37.48508,50.35679],[37.50595,50.35206],[37.506,50.35054],[37.5088,50.34684],[37.52179,50.33636],[37.555,50.33002],[37.57685,50.30649],[37.58573,50.3144],[37.59508,50.31625],[37.60984,50.31655],[37.63001,50.31376],[37.63497,50.31163],[37.63746,50.30203],[37.62553,50.29179],[37.62612,50.25575],[37.61307,50.25561],[37.605,50.25353],[37.5914,50.25094],[37.58667,50.25061],[37.58667,50.24237],[37.59268,50.23771],[37.592,50.23238],[37.58796,50.23172],[37.57792,50.2336],[37.57204,50.23648],[37.5656,50.23601],[37.54947,50.2367],[37.54668,50.23955],[37.54277,50.24002],[37.53767,50.23653],[37.54148,50.2345],[37.54766,50.23313],[37.55904,50.23217],[37.5811,50.22816],[37.5956,50.22415],[37.59715,50.2214],[37.61362,50.21913],[37.64066,50.19197],[37.63912,50.18073],[37.63333,50.17652],[37.63297,50.17565],[37.62715,50.16733],[37.61823,50.16549],[37.61472,50.16511],[37.60485,50.15944],[37.60296,50.15125],[37.60391,50.14817],[37.61005,50.1474],[37.61476,50.14259],[37.61825,50.1386],[37.6264,50.13815],[37.6309,50.13862],[37.63532,50.14033],[37.64575,50.14297],[37.64841,50.14335],[37.64944,50.14335],[37.65326,50.14448],[37.66509,50.13923],[37.66268,50.13781],[37.66112,50.13343],[37.65868,50.12974],[37.65653,50.12858],[37.6538,50.12324],[37.65262,50.12249],[37.65131,50.1198],[37.65152,50.1185],[37.65371,50.11707],[37.65663,50.1165],[37.65959,50.11556],[37.66542,50.11278],[37.66813,50.11195],[37.66769,50.10986],[37.66644,50.10796],[37.66697,50.10194],[37.66449,50.09989],[37.66915,50.09308],[37.67194,50.09257],[37.67206,50.08666],[37.67534,50.08238],[37.67254,50.08619],[37.67381,50.08677],[37.67514,50.09054],[37.68598,50.0914],[37.69871,50.09456],[37.70042,50.09347],[37.70403,50.09262],[37.70776,50.09095],[37.70851,50.08732],[37.71113,50.08602],[37.71772,50.08528],[37.72044,50.0845],[37.72415,50.08268],[37.73362,50.081],[37.73277,50.07388],[37.73919,50.07044],[37.74939,50.07017],[37.76208,50.06853],[37.76237,50.06614],[37.75859,50.06598],[37.75893,50.06361],[37.76717,50.05832],[37.76863,50.0554],[37.76249,50.04957],[37.76309,50.03932],[37.76735,50.02987],[37.76991,50.0263],[37.77736,50.02237],[37.77448,50.01638],[37.77888,50.0125],[37.77796,50.00671],[37.77921,50.00497],[37.78044,49.99874],[37.78065,49.99545],[37.77858,49.99248],[37.77456,49.98823],[37.77465,49.98165],[37.76675,49.97778],[37.76306,49.96923],[37.7525,49.97139],[37.74486,49.9697],[37.74109,49.9663],[37.72916,49.96254],[37.72676,49.96088],[37.73371,49.95585],[37.75226,49.95439],[37.75229,49.93993],[37.76801,49.93557],[37.7825,49.92837],[37.77568,49.91305],[37.77197,49.9138],[37.7572,49.91615],[37.75072,49.91662],[37.74639,49.91499],[37.74562,49.91314],[37.75111,49.91145],[37.75029,49.90891],[37.74787,49.90761],[37.74835,49.90579],[37.74802,49.9033],[37.74568,49.90217],[37.74412,49.90036],[37.74377,49.89871],[37.74305,49.8977],[37.74287,49.89629],[37.73948,49.89567],[37.73786,49.89658],[37.73553,49.89671],[37.73563,49.90054],[37.73513,49.90147],[37.70801,49.89253],[37.70715,49.89347],[37.70161,49.8912],[37.69918,49.89046],[37.6965,49.89045],[37.69457,49.8909],[37.69409,49.89147],[37.69472,49.88751],[37.68797,49.88556],[37.67417,49.87706],[37.67014,49.87569],[37.66227,49.8774],[37.65422,49.88948],[37.65126,49.88986],[37.6501,49.88762],[37.65036,49.88229],[37.65478,49.87255],[37.65439,49.86929],[37.65298,49.86327],[37.65442,49.86047],[37.65965,49.86018],[37.65879,49.85728],[37.67095,49.85392],[37.66884,49.84904],[37.6645,49.84708],[37.66751,49.84196],[37.66911,49.83989],[37.66402,49.8375],[37.66749,49.83383],[37.66907,49.82881],[37.66868,49.82063],[37.67049,49.81897],[37.67318,49.81567],[37.67041,49.81255],[37.66588,49.80877],[37.66143,49.80857],[37.65777,49.81318],[37.64751,49.81515],[37.63898,49.8179],[37.63633,49.81994],[37.63536,49.82168],[37.63415,49.82264],[37.62939,49.81656],[37.62461,49.81492],[37.62119,49.80987],[37.62351,49.80932],[37.62569,49.80753],[37.62655,49.80476],[37.62814,49.80365],[37.62934,49.80061],[37.62695,49.79516],[37.62256,49.79059],[37.6222,49.78922],[37.62347,49.77924],[37.6283,49.77927],[37.63088,49.77874],[37.63017,49.77795],[37.63083,49.77701],[37.6327,49.77551],[37.63433,49.77356],[37.64079,49.77368],[37.64716,49.76597],[37.64697,49.76329],[37.64573,49.7616],[37.64495,49.76002],[37.65015,49.75508],[37.65598,49.75189],[37.66075,49.75134],[37.6674,49.75173],[37.67152,49.7522],[37.67832,49.74894],[37.69005,49.74584],[37.7106,49.74141],[37.71416,49.73659],[37.72105,49.73652],[37.7247,49.73754],[37.72653,49.73826],[37.72937,49.7383],[37.73219,49.74026],[37.74274,49.7421],[37.75244,49.74055],[37.76162,49.73677],[37.78136,49.73178],[37.78348,49.71969],[37.78065,49.71824],[37.77924,49.71625],[37.77622,49.71555],[37.77181,49.70651],[37.76875,49.70597],[37.7684,49.70377],[37.76922,49.70282],[37.76943,49.70126],[37.77092,49.6977],[37.77318,49.69554],[37.77368,49.69283],[37.77402,49.68934],[37.77677,49.68641],[37.77986,49.6859],[37.78048,49.6782],[37.7783,49.67249],[37.76728,49.66729],[37.73997,49.67027],[37.72933,49.67004],[37.72715,49.66833],[37.71681,49.66587],[37.71277,49.66559],[37.7129,49.65875],[37.71548,49.65813],[37.71569,49.65746],[37.7157,49.65666],[37.71786,49.65642],[37.71676,49.65316],[37.71325,49.65045],[37.71256,49.64208],[37.725,49.64233],[37.72727,49.65199],[37.73405,49.654],[37.74829,49.65505],[37.76801,49.65476],[37.77329,49.65351],[37.77903,49.65143],[37.77829,49.64026],[37.79529,49.63759],[37.80032,49.62691]],[[37.70509,49.62413],[37.70559,49.62439],[37.70508,49.62414],[37.70509,49.62413]],[[37.68522,49.89585],[37.68981,49.89593],[37.68821,49.89601],[37.68522,49.89585]],[[37.68648,49.62488],[37.68798,49.62525],[37.68752,49.62562],[37.68627,49.62525],[37.68648,49.62488]],[[36.91946,50.26477],[36.92036,50.26567],[36.92161,50.26567],[36.92242,50.26452],[36.92839,50.26793],[36.92366,50.27226],[36.92177,50.27141],[36.91797,50.27479],[36.9141,50.2797],[36.9148,50.28162],[36.91201,50.28443],[36.90718,50.28409],[36.9036,50.28143],[36.90101,50.28022],[36.90165,50.27765],[36.89987,50.2749],[36.9054,50.27344],[36.90846,50.27112],[36.91357,50.26876],[36.91475,50.268],[36.9144,50.26595],[36.91946,50.26477]],[[36.85353,50.2476],[36.84976,50.24648],[36.84469,50.24889],[36.84229,50.2456],[36.84058,50.24258],[36.84319,50.23814],[36.84714,50.23438],[36.85211,50.23331],[36.85553,50.23505],[36.86023,50.23775],[36.86967,50.24349],[36.87225,50.24428],[36.87881,50.24796],[36.87744,50.24942],[36.87349,50.25106],[36.86735,50.25131],[36.85907,50.24846],[36.85353,50.2476]],[[34.23275,51.26813],[34.2352,51.26801],[34.23275,51.26815],[34.23275,51.26813]]],[[[37.69973,48.53837],[37.69903,48.5378],[37.69961,48.53753],[37.69936,48.53729],[37.69722,48.53836],[37.69826,48.53917],[37.69928,48.53865],[37.6995,48.5389],[37.70052,48.53838],[37.70021,48.53812],[37.69973,48.53837]]],[[[37.6929,48.54138],[37.69331,48.54118],[37.69302,48.54094],[37.69258,48.54115],[37.6929,48.54138]]],[[[37.69142,48.54245],[37.69188,48.54284],[37.69239,48.54263],[37.69192,48.54222],[37.69142,48.54245]]],[[[37.68776,48.53974],[37.68836,48.53942],[37.68775,48.53891],[37.68713,48.53919],[37.68776,48.53974]]],[[[37.68511,48.54389],[37.68556,48.54422],[37.68597,48.544],[37.68552,48.54367],[37.68511,48.54389]]],[[[37.67217,48.54606],[37.67201,48.54574],[37.67155,48.54589],[37.67176,48.54617],[37.67217,48.54606]]],[[[37.666,48.55844],[37.66691,48.55904],[37.66855,48.55808],[37.66753,48.55748],[37.666,48.55844]]],[[[37.66291,48.5522],[37.66249,48.55195],[37.66209,48.55223],[37.66249,48.55248],[37.66291,48.5522]]],[[[37.60236,49.69998],[37.60164,49.70017],[37.60127,49.70045],[37.60206,49.70099],[37.603,49.70031],[37.60236,49.69998]]],[[[37.5977,49.69908],[37.59871,49.6999],[37.59978,49.69919],[37.59873,49.69842],[37.5977,49.69908]]],[[[36.0283,47.65047],[36.03216,47.65078],[36.03431,47.6409],[36.00976,47.63824],[36.00676,47.65316],[36.02718,47.65501],[36.0283,47.65047]]],[[[34.33633,51.75569],[34.3802,51.75907],[34.41416,51.76366],[34.4121,51.76664],[34.39651,51.77901],[34.3972,51.79085],[34.39171,51.80411],[34.37918,51.81939],[34.33525,51.81459],[34.32418,51.81904],[34.31431,51.83018],[34.31593,51.84263],[34.26312,51.87857],[34.27629,51.88807],[34.3037,51.88776],[34.30455,51.88578],[34.30831,51.88364],[34.31038,51.88364],[34.31322,51.88328],[34.31548,51.88259],[34.32416,51.87556],[34.32785,51.8717],[34.34014,51.86683],[34.34297,51.86603],[34.34571,51.86476],[34.34664,51.8637],[34.35234,51.86261],[34.35813,51.86029],[34.34939,51.85153],[34.34814,51.84591],[34.34561,51.84347],[34.3481,51.83984],[34.36016,51.84042],[34.36789,51.83684],[34.3736,51.83766],[34.38637,51.84437],[34.38772,51.84375],[34.38645,51.84137],[34.38687,51.84038],[34.38758,51.84006],[34.38798,51.84013],[34.388,51.83957],[34.38751,51.83888],[34.38783,51.83853],[34.38783,51.8379],[34.38889,51.83728],[34.39,51.83588],[34.39452,51.83557],[34.39819,51.83598],[34.39879,51.83595],[34.39941,51.83558],[34.40053,51.83566],[34.40107,51.83543],[34.40121,51.83496],[34.40085,51.83471],[34.40122,51.83416],[34.40244,51.83361],[34.40221,51.83283],[34.40319,51.83199],[34.40491,51.83159],[34.40532,51.83172],[34.4066,51.83167],[34.40787,51.83126],[34.4092,51.82962],[34.40999,51.82902],[34.41085,51.82891],[34.41113,51.82841],[34.4109,51.82823],[34.41087,51.82768],[34.41193,51.82678],[34.41551,51.82575],[34.4168,51.80907],[34.40827,51.79081],[34.41003,51.78263],[34.42792,51.77331],[34.43652,51.7623],[34.43636,51.74962],[34.44014,51.74407],[34.43636,51.73588],[34.42365,51.7228],[34.36198,51.71289],[34.32711,51.71569],[34.30957,51.72008],[34.30704,51.72395],[34.29923,51.72358],[34.29932,51.71954],[34.29567,51.71848],[34.29468,51.71598],[34.29563,51.7121],[34.29235,51.70535],[34.25314,51.70275],[34.2517,51.72143],[34.26805,51.73256],[34.27105,51.74016],[34.27981,51.74255],[34.29816,51.73618],[34.32957,51.73693],[34.33633,51.75569]]],[[[34.29566,51.52396],[34.30545,51.5214],[34.30742,51.51966],[34.30785,51.51566],[34.30721,51.51411],[34.30596,51.51309],[34.30403,51.5124],[34.3012,51.51213],[34.29841,51.51237],[34.29601,51.51205],[34.29343,51.51093],[34.29212,51.50922],[34.29017,51.50907],[34.29824,51.49288],[34.29077,51.48676],[34.2912,51.48059],[34.28158,51.47359],[34.27927,51.4749],[34.27403,51.47583],[34.27363,51.49236],[34.2724,51.50378],[34.26773,51.51659],[34.25953,51.53342],[34.28455,51.53489],[34.28515,51.53305],[34.29553,51.53278],[34.29566,51.52396]]],[[[33.33247,46.77759],[33.33333,46.77677],[33.33483,46.77654],[33.33668,46.77557],[33.33852,46.77521],[33.34041,46.77542],[33.34307,46.77627],[33.34445,46.77548],[33.34496,46.77333],[33.34385,46.7721],[33.34342,46.77051],[33.34196,46.76778],[33.33977,46.76648],[33.3329,46.76125],[33.33003,46.75925],[33.32762,46.75855],[33.32659,46.76713],[33.32621,46.77451],[33.3281,46.77665],[33.33247,46.77759]]],[[[33.31737,46.7559],[33.30125,46.75417],[33.28873,46.75451],[33.2781,46.75572],[33.26824,46.75921],[33.26545,46.7606],[33.26515,46.76135],[33.24893,46.76539],[33.23749,46.76925],[33.23286,46.76971],[33.23211,46.77005],[33.23057,46.77215],[33.23062,46.77346],[33.23139,46.77477],[33.23278,46.77566],[33.23555,46.77703],[33.23694,46.77743],[33.23733,46.77808],[33.23715,46.77875],[33.23651,46.77924],[33.23537,46.77953],[33.23113,46.78002],[33.22727,46.78003],[33.22545,46.77986],[33.22192,46.77922],[33.21727,46.7775],[33.21552,46.77742],[33.21378,46.77804],[33.21134,46.78041],[33.21012,46.78135],[33.20743,46.78267],[33.20602,46.78312],[33.20441,46.78333],[33.20277,46.78328],[33.19966,46.78279],[33.19759,46.78227],[33.19614,46.78212],[33.19496,46.7823],[33.19336,46.78286],[33.19196,46.78343],[33.19082,46.78414],[33.18953,46.78526],[33.18907,46.78626],[33.18895,46.78702],[33.18969,46.78725],[33.19479,46.78709],[33.20193,46.78749],[33.20346,46.7875],[33.20495,46.78725],[33.20605,46.78685],[33.20702,46.78627],[33.20838,46.78528],[33.20961,46.784],[33.2111,46.78292],[33.21236,46.78235],[33.21402,46.78212],[33.21693,46.78242],[33.21968,46.7835],[33.22261,46.78419],[33.22651,46.78477],[33.23285,46.78506],[33.25205,46.78265],[33.25511,46.7826],[33.2565,46.78213],[33.25846,46.78185],[33.26555,46.78133],[33.27361,46.78173],[33.28029,46.78349],[33.28213,46.78345],[33.28347,46.78297],[33.286,46.78096],[33.2987,46.77432],[33.30381,46.77338],[33.3094,46.77334],[33.31604,46.77385],[33.31671,46.77428],[33.31819,46.77475],[33.3194,46.7746],[33.32226,46.77561],[33.32438,46.77609],[33.32505,46.7755],[33.32529,46.7745],[33.32503,46.77375],[33.32596,46.76288],[33.32606,46.75921],[33.32593,46.75821],[33.32475,46.75731],[33.31737,46.7559]]],[[[33.26806,46.75453],[33.26452,46.75498],[33.25767,46.75717],[33.25516,46.75844],[33.25477,46.75895],[33.25414,46.75909],[33.24947,46.76284],[33.24916,46.76286],[33.2489,46.76309],[33.24882,46.76342],[33.24898,46.76367],[33.2494,46.76385],[33.25313,46.76246],[33.25771,46.76095],[33.2587,46.76079],[33.26292,46.75931],[33.26858,46.75633],[33.26975,46.75543],[33.26945,46.75473],[33.26806,46.75453]]],[[[33.20883,46.77162],[33.19991,46.77411],[33.19503,46.77609],[33.18921,46.77912],[33.18547,46.78065],[33.18077,46.7822],[33.17697,46.78327],[33.16855,46.7851],[33.16164,46.78615],[33.16025,46.78646],[33.16016,46.78679],[33.16471,46.78723],[33.17485,46.78724],[33.18523,46.78776],[33.18694,46.7875],[33.18756,46.78715],[33.18809,46.78652],[33.18898,46.78466],[33.18991,46.78378],[33.19259,46.78225],[33.19593,46.78144],[33.19772,46.78165],[33.20242,46.78269],[33.20354,46.78273],[33.20582,46.78236],[33.20835,46.7814],[33.20977,46.7806],[33.21137,46.77936],[33.2131,46.77773],[33.21435,46.77716],[33.21637,46.77672],[33.21813,46.77711],[33.22164,46.77848],[33.22612,46.77936],[33.22987,46.77949],[33.23469,46.77906],[33.23558,46.7789],[33.23575,46.77861],[33.23553,46.77777],[33.23313,46.7767],[33.23154,46.77569],[33.23048,46.7747],[33.22978,46.77325],[33.22984,46.77231],[33.23049,46.77039],[33.23084,46.77029],[33.23086,46.76973],[33.2294,46.76977],[33.22844,46.76952],[33.22695,46.76947],[33.2189,46.76989],[33.21224,46.77089],[33.20883,46.77162]]],[[[33.2018,46.76699],[33.20206,46.76741],[33.20347,46.76738],[33.20351,46.76694],[33.20403,46.76687],[33.20383,46.76619],[33.20286,46.76566],[33.20132,46.76576],[33.20134,46.76607],[33.2018,46.76666],[33.20237,46.76664],[33.2018,46.76699]]],[[[33.18148,46.77126],[33.18969,46.76913],[33.19065,46.76852],[33.19551,46.76793],[33.19546,46.76771],[33.19626,46.76761],[33.19645,46.76791],[33.19714,46.76783],[33.19732,46.76755],[33.19834,46.7673],[33.19901,46.76761],[33.20096,46.76719],[33.20135,46.76746],[33.20153,46.76705],[33.20113,46.76618],[33.20039,46.76574],[33.19838,46.76548],[33.19841,46.76491],[33.19784,46.76369],[33.19123,46.76349],[33.18485,46.76368],[33.1848,46.76349],[33.18453,46.7635],[33.18443,46.7637],[33.18107,46.76382],[33.18084,46.76373],[33.18086,46.76351],[33.18051,46.76348],[33.17988,46.76455],[33.17865,46.76468],[33.1784,46.76509],[33.17854,46.76601],[33.17842,46.76617],[33.17644,46.76604],[33.17588,46.76617],[33.17312,46.76616],[33.17261,46.76591],[33.17202,46.76635],[33.17202,46.76602],[33.17137,46.76579],[33.17067,46.76577],[33.16591,46.76665],[33.16557,46.76695],[33.16541,46.76782],[33.16504,46.76823],[33.16352,46.76857],[33.16163,46.76937],[33.16156,46.76946],[33.16181,46.76969],[33.16242,46.76977],[33.16265,46.77007],[33.1621,46.77078],[33.15987,46.77154],[33.15822,46.7715],[33.15814,46.77282],[33.15776,46.77288],[33.1565,46.77407],[33.15694,46.77484],[33.15693,46.77546],[33.15669,46.77608],[33.15698,46.77645],[33.15689,46.77673],[33.15731,46.77677],[33.15738,46.7771],[33.15832,46.77852],[33.15865,46.77883],[33.15951,46.77892],[33.16525,46.77703],[33.16777,46.77607],[33.16994,46.77502],[33.17796,46.77261],[33.18148,46.77126]]],[[[33.1858,46.77939],[33.18773,46.77835],[33.1878,46.77755],[33.1875,46.77743],[33.18568,46.77751],[33.18621,46.77722],[33.18723,46.77723],[33.18781,46.7768],[33.18781,46.77644],[33.18699,46.77581],[33.18482,46.776],[33.18413,46.77641],[33.18413,46.77685],[33.17987,46.77747],[33.1785,46.77867],[33.17643,46.77896],[33.16825,46.78125],[33.16064,46.78392],[33.15808,46.78461],[33.15747,46.78498],[33.1576,46.78525],[33.15796,46.7854],[33.1623,46.78485],[33.16666,46.78419],[33.17566,46.7825],[33.18031,46.7813],[33.1858,46.77939]]],[[[33.13314,46.75997],[33.13266,46.76027],[33.13279,46.76055],[33.13204,46.76077],[33.1312,46.76063],[33.13105,46.76087],[33.13113,46.76102],[33.13078,46.76083],[33.13078,46.76069],[33.13039,46.7606],[33.13018,46.76064],[33.13016,46.76079],[33.12983,46.76067],[33.12946,46.7603],[33.1288,46.76026],[33.12808,46.76055],[33.1281,46.76089],[33.12841,46.76082],[33.12865,46.76123],[33.129,46.76116],[33.12912,46.76143],[33.12936,46.76152],[33.12905,46.76178],[33.12923,46.76184],[33.12913,46.76204],[33.12854,46.76216],[33.12853,46.76236],[33.12876,46.76246],[33.1287,46.76276],[33.12828,46.76275],[33.12795,46.76305],[33.12799,46.76318],[33.12755,46.76327],[33.12755,46.76344],[33.12662,46.76362],[33.12609,46.76395],[33.12577,46.76459],[33.12601,46.7655],[33.12667,46.76658],[33.12739,46.76719],[33.12824,46.76736],[33.12916,46.76739],[33.12973,46.76716],[33.13009,46.76744],[33.13061,46.76748],[33.13162,46.76737],[33.13192,46.76709],[33.13256,46.76693],[33.13568,46.76727],[33.13581,46.76748],[33.13553,46.76819],[33.13591,46.76896],[33.13664,46.76968],[33.1381,46.77025],[33.13728,46.77097],[33.13704,46.77188],[33.13491,46.77354],[33.13448,46.77334],[33.13375,46.77334],[33.13301,46.77362],[33.13289,46.77434],[33.13179,46.77461],[33.13152,46.77495],[33.13157,46.77557],[33.13121,46.77625],[33.13023,46.77697],[33.13012,46.77723],[33.12964,46.77736],[33.12979,46.77763],[33.12956,46.77789],[33.12845,46.7781],[33.12852,46.77864],[33.13072,46.77938],[33.13826,46.7809],[33.14226,46.78154],[33.14583,46.78168],[33.14912,46.78171],[33.15126,46.78144],[33.15477,46.78067],[33.15802,46.77939],[33.1579,46.77851],[33.15678,46.77715],[33.15672,46.77676],[33.15634,46.77664],[33.15622,46.77589],[33.15651,46.77516],[33.15618,46.77449],[33.155,46.77423],[33.15431,46.7743],[33.15319,46.7749],[33.15288,46.77489],[33.15166,46.77401],[33.15013,46.77379],[33.1496,46.77391],[33.14827,46.77293],[33.14853,46.77282],[33.14879,46.77239],[33.14876,46.77177],[33.14911,46.77082],[33.149,46.77034],[33.14753,46.76917],[33.14671,46.76878],[33.14691,46.76782],[33.14672,46.76759],[33.1467,46.76619],[33.1465,46.76581],[33.14612,46.76549],[33.14547,46.76533],[33.14481,46.76494],[33.14393,46.76368],[33.14357,46.7635],[33.14366,46.76302],[33.14347,46.76247],[33.14321,46.76221],[33.14274,46.76219],[33.14215,46.76174],[33.13988,46.76116],[33.13942,46.76122],[33.13849,46.76079],[33.13721,46.76071],[33.13717,46.76051],[33.13683,46.76042],[33.13499,46.76006],[33.1347,46.76013],[33.13314,46.75997]]],[[[33.09133,46.74308],[33.09045,46.74344],[33.09333,46.74596],[33.09518,46.74936],[33.09619,46.75003],[33.09749,46.75058],[33.10106,46.75158],[33.10368,46.75307],[33.10357,46.75349],[33.10314,46.75384],[33.10163,46.75446],[33.1013,46.75478],[33.10157,46.75512],[33.1027,46.75571],[33.10358,46.75656],[33.10408,46.75777],[33.10416,46.75877],[33.10374,46.7597],[33.10344,46.75992],[33.10224,46.75994],[33.10149,46.75951],[33.0998,46.75782],[33.09888,46.75771],[33.09598,46.75784],[33.09415,46.75744],[33.09361,46.7575],[33.09336,46.75768],[33.09317,46.75816],[33.0933,46.75852],[33.09281,46.7589],[33.0912,46.75915],[33.09007,46.75887],[33.08916,46.75894],[33.08832,46.75928],[33.08782,46.75977],[33.08771,46.76017],[33.08797,46.76063],[33.091,46.76236],[33.09533,46.76444],[33.1077,46.76988],[33.11922,46.77464],[33.12651,46.77798],[33.12728,46.77806],[33.12873,46.77772],[33.12897,46.77733],[33.12943,46.77725],[33.12945,46.77698],[33.13082,46.77622],[33.13087,46.77598],[33.13023,46.77558],[33.12845,46.7754],[33.12783,46.77505],[33.12755,46.77445],[33.12678,46.77366],[33.12536,46.77262],[33.12496,46.77251],[33.12449,46.77197],[33.12343,46.77164],[33.12342,46.77124],[33.12321,46.77088],[33.12275,46.77087],[33.12243,46.77052],[33.12181,46.77026],[33.12196,46.76952],[33.12172,46.76888],[33.12183,46.76841],[33.12158,46.76833],[33.12143,46.76797],[33.12155,46.76757],[33.12124,46.76749],[33.12152,46.76717],[33.12155,46.76677],[33.12129,46.76654],[33.12152,46.76632],[33.1212,46.76583],[33.12154,46.76545],[33.12151,46.76516],[33.12114,46.76496],[33.12129,46.76479],[33.12155,46.76491],[33.12225,46.76479],[33.12249,46.76442],[33.1221,46.76382],[33.12286,46.7638],[33.12314,46.76342],[33.12304,46.76323],[33.12363,46.76252],[33.1232,46.76184],[33.12248,46.76184],[33.1222,46.76145],[33.12163,46.76149],[33.12132,46.76129],[33.12154,46.76074],[33.12257,46.76108],[33.12268,46.76091],[33.12248,46.76072],[33.12248,46.76043],[33.12264,46.76025],[33.12277,46.76024],[33.12286,46.76053],[33.12312,46.76053],[33.12331,46.76033],[33.12354,46.76045],[33.12391,46.76017],[33.12368,46.75993],[33.12416,46.75976],[33.12448,46.75994],[33.12456,46.76007],[33.12438,46.76026],[33.12462,46.76042],[33.1251,46.76024],[33.1258,46.7604],[33.12591,46.76023],[33.12643,46.76019],[33.12801,46.7593],[33.12862,46.7593],[33.12888,46.75908],[33.12908,46.75911],[33.12924,46.75937],[33.12971,46.75936],[33.12992,46.75919],[33.13061,46.75944],[33.131,46.7593],[33.1311,46.75943],[33.13192,46.75954],[33.13231,46.75935],[33.13255,46.75959],[33.1324,46.75971],[33.13207,46.75962],[33.13201,46.75993],[33.13214,46.75999],[33.13282,46.76004],[33.13336,46.75979],[33.13468,46.76009],[33.13564,46.75991],[33.13565,46.76017],[33.1364,46.75977],[33.13649,46.75955],[33.13635,46.75915],[33.13662,46.75893],[33.13711,46.75875],[33.13741,46.75908],[33.13828,46.75907],[33.1389,46.75839],[33.13917,46.75772],[33.14016,46.75683],[33.14002,46.75661],[33.13919,46.75655],[33.1387,46.75622],[33.1371,46.75577],[33.13604,46.75624],[33.13459,46.75574],[33.13347,46.75612],[33.13464,46.7565],[33.13489,46.7567],[33.13473,46.75689],[33.13395,46.7566],[33.13375,46.75673],[33.13243,46.75667],[33.13196,46.75688],[33.13137,46.75678],[33.13041,46.75711],[33.12988,46.75691],[33.12823,46.75686],[33.12801,46.75673],[33.12818,46.75648],[33.12664,46.7561],[33.12622,46.75612],[33.1261,46.75634],[33.12573,46.7565],[33.12463,46.75621],[33.12445,46.75644],[33.12369,46.75642],[33.12302,46.75634],[33.12303,46.75596],[33.12235,46.75573],[33.12163,46.75583],[33.12072,46.75572],[33.11936,46.75529],[33.11891,46.75531],[33.11817,46.75459],[33.11834,46.75428],[33.11812,46.75376],[33.11844,46.75333],[33.11874,46.75319],[33.11892,46.75333],[33.11917,46.75326],[33.1192,46.75303],[33.11897,46.75274],[33.11829,46.75257],[33.11691,46.75249],[33.11629,46.75194],[33.11717,46.75169],[33.11731,46.75095],[33.11713,46.7508],[33.11258,46.74992],[33.11006,46.74905],[33.10482,46.74784],[33.10391,46.74748],[33.10339,46.74709],[33.10353,46.74657],[33.1034,46.74612],[33.10165,46.74527],[33.09979,46.74398],[33.09799,46.74341],[33.09338,46.74283],[33.09192,46.74215],[33.09134,46.74212],[33.09115,46.74247],[33.09138,46.74268],[33.09133,46.74308]]],[[[33.06579,46.74128],[33.06491,46.74113],[33.064,46.74061],[33.06384,46.74037],[33.06375,46.73944],[33.06401,46.73932],[33.06428,46.73858],[33.06392,46.73806],[33.06281,46.73722],[33.06098,46.73648],[33.05896,46.73617],[33.05792,46.73674],[33.05727,46.73686],[33.05589,46.7365],[33.05477,46.73591],[33.0546,46.73565],[33.05505,46.73571],[33.05522,46.73552],[33.05502,46.73522],[33.05432,46.73477],[33.05467,46.73389],[33.05461,46.73366],[33.05428,46.73346],[33.05493,46.73315],[33.05486,46.73273],[33.05466,46.73258],[33.05379,46.73251],[33.05313,46.73277],[33.05295,46.73269],[33.05277,46.73216],[33.05328,46.73188],[33.05338,46.73167],[33.05321,46.73145],[33.05298,46.73128],[33.05252,46.7314],[33.05159,46.73079],[33.05138,46.73088],[33.05125,46.73079],[33.05141,46.73065],[33.04983,46.72878],[33.04822,46.72828],[33.04879,46.72904],[33.04891,46.72952],[33.04882,46.73058],[33.04843,46.73112],[33.04834,46.73227],[33.04938,46.73335],[33.04946,46.73402],[33.04902,46.73443],[33.04868,46.73516],[33.04803,46.73592],[33.04547,46.73691],[33.04486,46.73749],[33.0446,46.73814],[33.04493,46.73874],[33.04487,46.73961],[33.04464,46.73981],[33.04473,46.73999],[33.05101,46.74183],[33.06545,46.74821],[33.08486,46.75905],[33.08728,46.75977],[33.0886,46.75878],[33.09012,46.75862],[33.09228,46.75878],[33.09281,46.7584],[33.09291,46.75751],[33.09342,46.75717],[33.0942,46.75711],[33.09672,46.75763],[33.09904,46.75734],[33.09992,46.75742],[33.10104,46.75862],[33.1027,46.75971],[33.10345,46.7595],[33.10374,46.75889],[33.10377,46.75799],[33.10294,46.75629],[33.10239,46.7558],[33.10101,46.75521],[33.1008,46.7548],[33.10149,46.75413],[33.10299,46.75358],[33.10319,46.7531],[33.10072,46.75176],[33.09729,46.75076],[33.09513,46.74965],[33.09474,46.74922],[33.09302,46.74608],[33.09125,46.74447],[33.0855,46.74077],[33.08095,46.73746],[33.07992,46.73696],[33.07875,46.73657],[33.07761,46.73649],[33.07386,46.73717],[33.07209,46.73708],[33.07162,46.7369],[33.07131,46.7365],[33.07014,46.73677],[33.06874,46.73651],[33.0641,46.73672],[33.06335,46.73702],[33.06519,46.73872],[33.0658,46.73908],[33.06677,46.73919],[33.06744,46.73955],[33.06797,46.73956],[33.06854,46.74021],[33.06861,46.74086],[33.06999,46.74129],[33.07039,46.7411],[33.07061,46.74043],[33.0716,46.74055],[33.07148,46.74072],[33.07059,46.74051],[33.07047,46.74112],[33.07001,46.74135],[33.06894,46.74127],[33.06849,46.74106],[33.06825,46.74123],[33.06848,46.74182],[33.06802,46.74136],[33.06579,46.74128]]],[[[33.09091,46.74241],[33.09119,46.74191],[33.08741,46.73991],[33.08725,46.73952],[33.08789,46.73882],[33.08788,46.73859],[33.08729,46.73803],[33.0861,46.73784],[33.08481,46.73792],[33.08374,46.73767],[33.07993,46.73613],[33.07863,46.73533],[33.07712,46.73469],[33.07199,46.73342],[33.0722,46.73386],[33.07219,46.73482],[33.07167,46.73612],[33.07189,46.73659],[33.07241,46.73689],[33.07465,46.73679],[33.0775,46.73617],[33.07881,46.7362],[33.08227,46.7376],[33.08626,46.74083],[33.09017,46.74324],[33.09119,46.74293],[33.09091,46.74241]]],[[[33.04636,46.72803],[33.04767,46.72802],[33.04912,46.72835],[33.04991,46.7287],[33.05108,46.7298],[33.05239,46.72965],[33.05286,46.72934],[33.05289,46.72903],[33.05257,46.72885],[33.05308,46.72856],[33.05358,46.72873],[33.05354,46.72903],[33.05411,46.72918],[33.05426,46.72938],[33.05413,46.72946],[33.05392,46.72942],[33.05396,46.72927],[33.05343,46.72924],[33.05322,46.72958],[33.05371,46.72979],[33.05545,46.72988],[33.05659,46.73055],[33.05699,46.73052],[33.05686,46.73061],[33.05699,46.73098],[33.05738,46.73111],[33.05752,46.731],[33.05768,46.73123],[33.05758,46.73188],[33.05671,46.73185],[33.05643,46.73134],[33.05602,46.73108],[33.05453,46.73164],[33.05445,46.73224],[33.05475,46.73255],[33.05498,46.73254],[33.05517,46.733],[33.0551,46.73333],[33.05537,46.73343],[33.05603,46.73331],[33.05618,46.73279],[33.05682,46.73282],[33.05698,46.73302],[33.05659,46.73296],[33.05642,46.73316],[33.05696,46.73338],[33.05718,46.73359],[33.05716,46.73385],[33.06211,46.73542],[33.06339,46.73667],[33.06449,46.7365],[33.06835,46.73638],[33.06972,46.73659],[33.07078,46.73653],[33.07132,46.73633],[33.07142,46.73573],[33.07184,46.73488],[33.07188,46.73406],[33.07164,46.73354],[33.07118,46.73292],[33.07048,46.73252],[33.0678,46.73167],[33.06542,46.73134],[33.0632,46.7315],[33.06168,46.73103],[33.05647,46.72849],[33.05409,46.72758],[33.05215,46.72734],[33.0499,46.72738],[33.0477,46.72707],[33.04576,46.72619],[33.04478,46.72553],[33.04467,46.72588],[33.04478,46.72684],[33.04539,46.72769],[33.04636,46.72803]]],[[[33.06122,46.72887],[33.05654,46.72738],[33.05601,46.72774],[33.05942,46.72931],[33.0619,46.73071],[33.06326,46.73113],[33.06639,46.73102],[33.07028,46.73203],[33.07045,46.73195],[33.07027,46.73169],[33.07,46.73169],[33.06999,46.73152],[33.06823,46.73117],[33.06733,46.7307],[33.06445,46.72983],[33.06267,46.72904],[33.06122,46.72887]]],[[[33.05587,46.72685],[33.05313,46.72572],[33.052,46.72566],[33.05075,46.72512],[33.05019,46.7253],[33.04988,46.72514],[33.04927,46.72517],[33.04786,46.72431],[33.04706,46.724],[33.04575,46.72393],[33.04527,46.72358],[33.04468,46.72353],[33.04478,46.72344],[33.04466,46.72324],[33.04433,46.72331],[33.04414,46.72317],[33.04377,46.7235],[33.04577,46.72559],[33.04675,46.72618],[33.04781,46.72657],[33.05011,46.72692],[33.05202,46.72692],[33.05584,46.72752],[33.05597,46.72727],[33.05578,46.72714],[33.05587,46.72685]]],[[[33.04931,46.73379],[33.04907,46.73333],[33.04833,46.73262],[33.04797,46.73179],[33.04815,46.73116],[33.0487,46.73056],[33.04871,46.72959],[33.04839,46.72886],[33.0476,46.72823],[33.04651,46.7282],[33.04514,46.72772],[33.04513,46.72749],[33.04452,46.72663],[33.04458,46.7254],[33.04378,46.72423],[33.04286,46.72363],[33.0408,46.72305],[33.03536,46.72206],[33.03298,46.72185],[33.02508,46.71956],[33.01756,46.71789],[33.01203,46.7176],[33.00404,46.71663],[32.99768,46.71614],[32.99351,46.71545],[32.98945,46.71446],[32.98048,46.71123],[32.97411,46.71099],[32.96999,46.71123],[32.97001,46.71408],[32.96967,46.71451],[32.96948,46.717],[32.96964,46.71742],[32.96958,46.7177],[32.96926,46.718],[32.96933,46.71881],[32.96986,46.71905],[32.97095,46.71826],[32.97389,46.71925],[32.97518,46.71988],[32.97621,46.71985],[32.97648,46.72011],[32.97725,46.72015],[32.97745,46.72032],[32.97936,46.72026],[32.97955,46.72043],[32.98051,46.72056],[32.98183,46.72157],[32.98218,46.72215],[32.98266,46.72241],[32.9827,46.72277],[32.98328,46.72321],[32.98368,46.72434],[32.9842,46.72485],[32.98479,46.72506],[32.98522,46.72563],[32.9857,46.72588],[32.98587,46.72591],[32.98591,46.72577],[32.98717,46.72591],[32.98715,46.72618],[32.98493,46.7263],[32.98478,46.72616],[32.98494,46.72595],[32.98467,46.72562],[32.98381,46.72539],[32.98342,46.72558],[32.98207,46.72485],[32.9798,46.7245],[32.97846,46.72482],[32.97791,46.72516],[32.97771,46.72574],[32.97712,46.72593],[32.97713,46.72611],[32.97629,46.72698],[32.97487,46.72739],[32.97392,46.72715],[32.97339,46.7274],[32.97322,46.72706],[32.97247,46.72638],[32.97057,46.72555],[32.96985,46.72546],[32.96866,46.72565],[32.96792,46.72606],[32.96536,46.72673],[32.965,46.72695],[32.96311,46.72711],[32.9622,46.7276],[32.96089,46.72786],[32.96103,46.72849],[32.96091,46.72976],[32.96058,46.73057],[32.96066,46.73291],[32.96012,46.73392],[32.96022,46.73422],[32.96072,46.73442],[32.96285,46.73438],[32.96879,46.73562],[32.97709,46.73686],[32.98486,46.73768],[32.98991,46.73795],[33.0074,46.73648],[33.01781,46.73662],[33.02143,46.73702],[33.02422,46.73687],[33.02761,46.73698],[33.03561,46.73817],[33.04318,46.73956],[33.0436,46.7398],[33.04431,46.73978],[33.04462,46.7395],[33.04472,46.73898],[33.04459,46.73867],[33.04413,46.73838],[33.04445,46.73819],[33.04443,46.73771],[33.04483,46.73713],[33.04601,46.73641],[33.04758,46.73596],[33.04818,46.73547],[33.04862,46.73463],[33.04931,46.73379]]],[[[32.92458,46.7223],[32.92164,46.72087],[32.91989,46.71949],[32.91841,46.71863],[32.90858,46.71495],[32.90602,46.71421],[32.90448,46.71395],[32.90342,46.71405],[32.90179,46.71378],[32.89622,46.71257],[32.8927,46.71162],[32.89117,46.71099],[32.88964,46.71009],[32.88641,46.70739],[32.8819,46.70526],[32.87671,46.70314],[32.86969,46.70108],[32.8717,46.70257],[32.88555,46.71155],[32.89481,46.71709],[32.90194,46.72084],[32.90797,46.72348],[32.91029,46.72476],[32.91535,46.72695],[32.92269,46.72873],[32.93479,46.73113],[32.95023,46.73307],[32.95957,46.73387],[32.96001,46.73355],[32.96034,46.73261],[32.96029,46.73064],[32.96074,46.72945],[32.96074,46.72751],[32.96023,46.72678],[32.95974,46.7266],[32.95886,46.72744],[32.95919,46.72781],[32.95833,46.72812],[32.958,46.72783],[32.95816,46.72764],[32.95794,46.72735],[32.9573,46.72717],[32.95695,46.72677],[32.95651,46.72708],[32.95626,46.72697],[32.95558,46.72576],[32.95718,46.72555],[32.95747,46.72532],[32.95711,46.72515],[32.95736,46.7247],[32.95768,46.72463],[32.95759,46.7245],[32.95776,46.72439],[32.95757,46.72409],[32.95872,46.72409],[32.95945,46.72381],[32.95969,46.72362],[32.95981,46.72316],[32.96042,46.72334],[32.96149,46.723],[32.9631,46.72347],[32.96385,46.72332],[32.96451,46.72298],[32.96533,46.7221],[32.96754,46.72048],[32.96754,46.72023],[32.96718,46.71984],[32.96835,46.71926],[32.96857,46.71933],[32.96924,46.7189],[32.96909,46.71824],[32.96914,46.71777],[32.96941,46.71742],[32.96929,46.71706],[32.9694,46.71484],[32.96947,46.7144],[32.96981,46.71401],[32.96984,46.7136],[32.96978,46.71125],[32.9622,46.71169],[32.96222,46.7122],[32.96266,46.71305],[32.9631,46.71322],[32.96326,46.71342],[32.96298,46.71383],[32.96323,46.71457],[32.96286,46.71486],[32.96285,46.7152],[32.96268,46.71542],[32.96266,46.7165],[32.96299,46.71651],[32.96299,46.71634],[32.96347,46.71623],[32.96406,46.71548],[32.96498,46.7158],[32.96543,46.71661],[32.96498,46.71691],[32.96442,46.71681],[32.96369,46.71711],[32.96351,46.71701],[32.96362,46.71694],[32.96351,46.71682],[32.9627,46.71657],[32.96232,46.71793],[32.9626,46.71863],[32.96171,46.71968],[32.96076,46.71996],[32.96052,46.72019],[32.96071,46.72048],[32.96047,46.72101],[32.96026,46.7213],[32.96002,46.72153],[32.96011,46.72214],[32.95996,46.72272],[32.96008,46.72217],[32.95999,46.7215],[32.96042,46.72102],[32.96061,46.72045],[32.96045,46.7201],[32.96106,46.7198],[32.96159,46.71971],[32.96239,46.71863],[32.96209,46.71807],[32.96147,46.71769],[32.96129,46.71729],[32.96173,46.71738],[32.96177,46.71767],[32.96195,46.71784],[32.96212,46.71779],[32.96255,46.71687],[32.96245,46.7166],[32.96263,46.71535],[32.96281,46.71517],[32.96282,46.71478],[32.96315,46.71454],[32.9628,46.714],[32.96314,46.71334],[32.96267,46.71329],[32.96245,46.7131],[32.96208,46.71167],[32.94826,46.7129],[32.94356,46.71389],[32.93961,46.71534],[32.93798,46.71629],[32.93065,46.71874],[32.92794,46.71908],[32.9249,46.71903],[32.92201,46.71863],[32.91183,46.71444],[32.90907,46.71296],[32.90582,46.71219],[32.9029,46.71214],[32.90002,46.71261],[32.9004,46.71287],[32.90246,46.71331],[32.90548,46.71347],[32.90887,46.71437],[32.9129,46.71576],[32.91988,46.71846],[32.92197,46.72],[32.92262,46.72074],[32.92342,46.72131],[32.92751,46.72236],[32.93082,46.72341],[32.93183,46.72389],[32.93149,46.72432],[32.93638,46.7256],[32.94084,46.72638],[32.94561,46.72807],[32.95312,46.73034],[32.9495,46.72972],[32.94305,46.72786],[32.9417,46.72716],[32.94072,46.72686],[32.93634,46.7261],[32.93069,46.72466],[32.93028,46.72388],[32.92964,46.72349],[32.92518,46.72211],[32.92526,46.72249],[32.92458,46.7223]],[[32.95984,46.72308],[32.95987,46.72288],[32.95995,46.72276],[32.95994,46.72281],[32.95984,46.72308]]],[[[32.85725,46.69515],[32.87086,46.70011],[32.88063,46.70311],[32.88544,46.70531],[32.88729,46.70644],[32.89046,46.70899],[32.8925,46.71018],[32.89442,46.71105],[32.89695,46.71172],[32.89857,46.71187],[32.89949,46.71178],[32.89997,46.71148],[32.90395,46.71105],[32.90593,46.71122],[32.90853,46.71173],[32.91043,46.70779],[32.91006,46.70692],[32.91066,46.70274],[32.90525,46.7009],[32.90339,46.69846],[32.90025,46.69898],[32.89836,46.69828],[32.89634,46.69728],[32.89479,46.69557],[32.8913,46.69336],[32.8899,46.68985],[32.88116,46.68448],[32.87483,46.68515],[32.87106,46.68586],[32.87657,46.68852],[32.87666,46.68919],[32.8764,46.68921],[32.87636,46.68875],[32.87067,46.68608],[32.86997,46.68607],[32.86532,46.68512],[32.86459,46.68446],[32.86246,46.68008],[32.86008,46.67633],[32.85712,46.67282],[32.85615,46.6713],[32.8474,46.66435],[32.84532,46.66303],[32.84341,46.66455],[32.84167,46.66562],[32.8414,46.66598],[32.84034,46.66651],[32.83969,46.66798],[32.83882,46.66902],[32.83842,46.66922],[32.83779,46.66921],[32.83759,46.66987],[32.83685,46.67049],[32.83525,46.67104],[32.83342,46.67049],[32.83231,46.67049],[32.83093,46.6707],[32.83037,46.67124],[32.82997,46.67134],[32.82796,46.67112],[32.82748,46.67157],[32.82706,46.67173],[32.82709,46.67261],[32.82652,46.67488],[32.8276,46.67737],[32.82704,46.67805],[32.82522,46.67847],[32.82469,46.67885],[32.82953,46.68113],[32.82996,46.68059],[32.83408,46.68235],[32.84877,46.68794],[32.85236,46.68979],[32.85606,46.6914],[32.8531,46.69288],[32.85725,46.69515]],[[32.89869,46.70531],[32.89785,46.70553],[32.89813,46.70667],[32.89756,46.70631],[32.89739,46.70522],[32.90024,46.70508],[32.90034,46.70525],[32.89869,46.70531]]],[[[32.83343,46.65481],[32.83353,46.65466],[32.83321,46.65406],[32.83221,46.653],[32.83175,46.65273],[32.83196,46.65206],[32.83261,46.65135],[32.82971,46.65012],[32.82635,46.64914],[32.81899,46.64614],[32.81505,46.64539],[32.80897,46.64387],[32.80721,46.64255],[32.80422,46.64073],[32.80234,46.63979],[32.80167,46.63891],[32.80118,46.63793],[32.80093,46.63658],[32.79957,46.63541],[32.79854,46.63376],[32.79746,46.63283],[32.79469,46.62954],[32.79422,46.62913],[32.79345,46.62878],[32.78604,46.62762],[32.7792,46.62974],[32.7787,46.63062],[32.77899,46.63335],[32.77783,46.63404],[32.77725,46.63461],[32.77637,46.63503],[32.77476,46.63631],[32.77398,46.6367],[32.77306,46.63683],[32.77043,46.63632],[32.76811,46.63607],[32.7675,46.63645],[32.76913,46.63816],[32.77123,46.63954],[32.77291,46.64017],[32.77464,46.64058],[32.77659,46.64058],[32.78393,46.64439],[32.78454,46.64509],[32.78487,46.64601],[32.78466,46.64711],[32.78379,46.64799],[32.78243,46.65035],[32.78231,46.65114],[32.78278,46.65188],[32.78533,46.65308],[32.79046,46.65443],[32.79144,46.65487],[32.79212,46.65556],[32.79243,46.65669],[32.79355,46.65783],[32.79841,46.65961],[32.79861,46.6598],[32.79943,46.66],[32.80095,46.6599],[32.80182,46.66078],[32.80221,46.6614],[32.80506,46.66275],[32.80663,46.66433],[32.81022,46.66491],[32.81369,46.66626],[32.81449,46.6662],[32.815,46.66549],[32.81525,46.66451],[32.81578,46.66422],[32.81679,46.66466],[32.8172,46.66549],[32.81811,46.66573],[32.82013,46.66591],[32.82096,46.66637],[32.82225,46.66785],[32.82389,46.67075],[32.82602,46.67068],[32.82713,46.67142],[32.82741,46.67141],[32.82811,46.67092],[32.82989,46.67115],[32.83035,46.67102],[32.83097,46.67056],[32.8322,46.67038],[32.83333,46.67038],[32.83547,46.67096],[32.83675,46.67042],[32.83739,46.6699],[32.83781,46.66905],[32.83864,46.66902],[32.83958,46.66789],[32.84016,46.66657],[32.84124,46.66597],[32.84159,46.66553],[32.84265,46.66476],[32.84336,46.66444],[32.8449,46.66306],[32.84045,46.66098],[32.83528,46.65759],[32.83373,46.65578],[32.83343,46.65481]]],[[[32.80331,46.67531],[32.80498,46.67527],[32.80891,46.67587],[32.81213,46.67584],[32.81647,46.67643],[32.82427,46.67872],[32.82512,46.67836],[32.82627,46.67818],[32.82696,46.67766],[32.8273,46.67713],[32.82712,46.67667],[32.82653,46.67595],[32.82623,46.67467],[32.82682,46.6726],[32.82681,46.6715],[32.82608,46.67092],[32.82454,46.67103],[32.82361,46.67091],[32.82199,46.66797],[32.82053,46.66638],[32.81964,46.66601],[32.8174,46.66586],[32.81682,46.66567],[32.81667,46.66498],[32.81625,46.66461],[32.81565,46.66453],[32.81516,46.66598],[32.81451,46.66642],[32.81361,46.66647],[32.81169,46.66571],[32.80919,46.66497],[32.80666,46.66465],[32.80466,46.66291],[32.80273,46.66193],[32.80194,46.66224],[32.79559,46.67256],[32.79579,46.67297],[32.79939,46.67443],[32.80331,46.67531]]],[[[32.66903,46.62845],[32.6646,46.62599],[32.65608,46.62365],[32.65104,46.62207],[32.64524,46.62002],[32.64269,46.61877],[32.6399,46.61682],[32.63769,46.61672],[32.6334,46.61766],[32.63101,46.61783],[32.63106,46.6198],[32.63754,46.62405],[32.63631,46.62766],[32.6347,46.62766],[32.63216,46.62818],[32.63164,46.62785],[32.63122,46.62811],[32.63577,46.63173],[32.64456,46.63818],[32.65864,46.64688],[32.6775,46.65536],[32.69318,46.66002],[32.71362,46.66503],[32.71219,46.66336],[32.71675,46.66402],[32.71993,46.66086],[32.72047,46.65879],[32.72433,46.65884],[32.7245,46.6585],[32.72417,46.6574],[32.72429,46.65709],[32.72449,46.65716],[32.72471,46.65756],[32.72487,46.65818],[32.72542,46.65839],[32.72604,46.65833],[32.72622,46.65852],[32.7261,46.65908],[32.72673,46.65914],[32.72684,46.65903],[32.72726,46.65929],[32.72718,46.65958],[32.72737,46.66],[32.7274,46.66082],[32.7267,46.66164],[32.72853,46.66185],[32.72883,46.66176],[32.72906,46.66082],[32.72917,46.66071],[32.72942,46.66082],[32.72916,46.66146],[32.72934,46.66197],[32.72921,46.66201],[32.72919,46.66247],[32.72824,46.66198],[32.72691,46.6618],[32.72602,46.66192],[32.7269,46.66095],[32.72701,46.6606],[32.72677,46.6593],[32.72605,46.65919],[32.72619,46.66014],[32.72608,46.66048],[32.72467,46.66167],[32.7247,46.66268],[32.72485,46.66283],[32.72664,46.66316],[32.72925,46.66325],[32.73049,46.66301],[32.73867,46.6631],[32.74496,46.66279],[32.75114,46.66272],[32.7577,46.66317],[32.75824,46.6637],[32.75826,46.66458],[32.75985,46.66517],[32.762,46.66538],[32.76307,46.66533],[32.77563,46.66722],[32.78297,46.6688],[32.78851,46.67036],[32.79371,46.67221],[32.79492,46.67146],[32.80102,46.66223],[32.80059,46.66153],[32.79903,46.66047],[32.79641,46.65948],[32.79485,46.66052],[32.79379,46.6604],[32.79424,46.66008],[32.79515,46.65998],[32.79567,46.6597],[32.79582,46.65932],[32.79271,46.65826],[32.79207,46.65761],[32.79145,46.65606],[32.79062,46.65514],[32.78734,46.65399],[32.78358,46.653],[32.78195,46.65231],[32.78144,46.6512],[32.78155,46.6502],[32.78357,46.64713],[32.78395,46.64602],[32.78329,46.6448],[32.77777,46.6417],[32.77455,46.64108],[32.77168,46.64032],[32.77071,46.63982],[32.76831,46.63812],[32.76615,46.6364],[32.7645,46.63548],[32.75495,46.6323],[32.75309,46.63193],[32.75108,46.63185],[32.74718,46.63329],[32.74706,46.63392],[32.74762,46.63525],[32.74809,46.6353],[32.74832,46.63459],[32.74913,46.63484],[32.7494,46.63471],[32.75072,46.63519],[32.75154,46.63517],[32.75235,46.63544],[32.75274,46.63592],[32.75331,46.6373],[32.752,46.63846],[32.74996,46.63955],[32.74979,46.64039],[32.75247,46.64109],[32.7542,46.64132],[32.75596,46.64073],[32.75619,46.64012],[32.7569,46.6401],[32.75928,46.64063],[32.75995,46.64168],[32.76116,46.64223],[32.76117,46.64267],[32.75939,46.64284],[32.75582,46.64254],[32.75523,46.6421],[32.75347,46.642],[32.75015,46.64131],[32.74826,46.64066],[32.74703,46.64209],[32.74328,46.64422],[32.74273,46.64422],[32.74081,46.64362],[32.73745,46.64372],[32.73424,46.64422],[32.73265,46.6443],[32.73208,46.64384],[32.73224,46.64351],[32.73164,46.64339],[32.731,46.64259],[32.73145,46.64247],[32.73157,46.64159],[32.73092,46.64082],[32.73041,46.64074],[32.72993,46.64016],[32.72963,46.64032],[32.72928,46.64022],[32.72898,46.63915],[32.72825,46.6383],[32.72644,46.63719],[32.72642,46.63651],[32.72684,46.63663],[32.72695,46.63608],[32.72673,46.63566],[32.72576,46.63564],[32.72475,46.63602],[32.72313,46.64898],[32.71902,46.6489],[32.71898,46.64957],[32.71929,46.64984],[32.7194,46.65051],[32.71911,46.65094],[32.7189,46.6503],[32.71682,46.65051],[32.7167,46.65029],[32.7188,46.64992],[32.71851,46.64971],[32.7182,46.64867],[32.71744,46.64836],[32.71561,46.64812],[32.71505,46.64831],[32.7151,46.64804],[32.71469,46.64782],[32.7145,46.64816],[32.71411,46.64805],[32.71412,46.64822],[32.71388,46.64833],[32.71301,46.64844],[32.71267,46.64829],[32.71238,46.64862],[32.71245,46.64878],[32.71192,46.64927],[32.71165,46.65015],[32.71128,46.65041],[32.71093,46.65024],[32.71128,46.64955],[32.7122,46.64841],[32.71259,46.64814],[32.7121,46.64752],[32.71236,46.64716],[32.71224,46.64698],[32.71214,46.64721],[32.71133,46.64761],[32.70993,46.64924],[32.70908,46.65114],[32.71243,46.65177],[32.71222,46.65203],[32.70021,46.65024],[32.69268,46.64985],[32.68155,46.64852],[32.67803,46.64782],[32.67492,46.64694],[32.66664,46.64332],[32.66553,46.64267],[32.66487,46.64201],[32.66324,46.64086],[32.65782,46.63768],[32.65705,46.63703],[32.65656,46.63627],[32.65644,46.6344],[32.65496,46.63285],[32.65336,46.63163],[32.64963,46.63007],[32.64645,46.62919],[32.64468,46.62893],[32.64091,46.62902],[32.63911,46.62843],[32.63869,46.62815],[32.64085,46.62887],[32.64557,46.62882],[32.64972,46.62984],[32.65194,46.63069],[32.65373,46.63156],[32.65534,46.63272],[32.6563,46.63363],[32.65699,46.63457],[32.65705,46.63501],[32.65684,46.63585],[32.65705,46.6365],[32.65893,46.63782],[32.66417,46.64081],[32.66665,46.64265],[32.67504,46.64635],[32.67987,46.6476],[32.68485,46.64847],[32.69399,46.6495],[32.70016,46.64974],[32.70863,46.65114],[32.70907,46.65061],[32.70936,46.64959],[32.70978,46.6489],[32.71113,46.64738],[32.71031,46.64713],[32.71003,46.64677],[32.71036,46.64665],[32.70999,46.64638],[32.70998,46.64592],[32.71016,46.64568],[32.71007,46.64555],[32.71059,46.64529],[32.71031,46.64457],[32.71091,46.64459],[32.71157,46.64319],[32.71305,46.64274],[32.7134,46.64227],[32.71389,46.64202],[32.71532,46.64228],[32.71644,46.64226],[32.71695,46.64199],[32.71313,46.63881],[32.7118,46.63752],[32.70992,46.63657],[32.70281,46.63521],[32.69933,46.63433],[32.69405,46.63421],[32.68783,46.63328],[32.67649,46.63103],[32.67164,46.62958],[32.66903,46.62845]]],[[[32.72968,46.63597],[32.73208,46.63582],[32.733,46.63601],[32.73416,46.63586],[32.73492,46.63544],[32.7358,46.63581],[32.73638,46.63573],[32.73674,46.6353],[32.73816,46.63546],[32.73853,46.63533],[32.73901,46.63562],[32.73913,46.63596],[32.73984,46.63641],[32.7404,46.63641],[32.74104,46.63685],[32.74185,46.63708],[32.74343,46.63791],[32.7443,46.63766],[32.74455,46.63729],[32.74619,46.63651],[32.74733,46.63624],[32.74762,46.63587],[32.74766,46.63544],[32.74732,46.63516],[32.7468,46.63397],[32.747,46.6335],[32.74688,46.63341],[32.74426,46.63409],[32.74184,46.63395],[32.73877,46.63351],[32.73402,46.63346],[32.73044,46.63368],[32.72716,46.6344],[32.72591,46.63514],[32.72701,46.63514],[32.72968,46.63597]]],[[[32.71951,46.63662],[32.72004,46.63549],[32.72193,46.63284],[32.72261,46.63158],[32.72255,46.63135],[32.71992,46.63092],[32.71737,46.63071],[32.71192,46.6307],[32.7097,46.63226],[32.70713,46.6338],[32.70738,46.63419],[32.71234,46.63641],[32.71422,46.63693],[32.71754,46.63712],[32.71917,46.63692],[32.71951,46.63662]]],[[[32.64242,46.61711],[32.64428,46.61824],[32.64678,46.61935],[32.65611,46.62251],[32.66257,46.62421],[32.66436,46.62485],[32.6718,46.62845],[32.6752,46.62959],[32.6786,46.63038],[32.68047,46.63058],[32.68812,46.63247],[32.69187,46.633],[32.69629,46.63328],[32.70061,46.63299],[32.70461,46.63336],[32.70663,46.63292],[32.7089,46.63175],[32.71032,46.63064],[32.71065,46.63056],[32.71064,46.63017],[32.70985,46.62966],[32.70628,46.62875],[32.70153,46.62801],[32.70033,46.62738],[32.6992,46.62632],[32.69732,46.62513],[32.69516,46.62458],[32.69054,46.62418],[32.68962,46.62384],[32.68898,46.62344],[32.68877,46.62289],[32.68724,46.6225],[32.6871,46.62157],[32.68652,46.62079],[32.68576,46.62042],[32.68504,46.62038],[32.68467,46.62003],[32.68247,46.6196],[32.68115,46.61984],[32.67944,46.61973],[32.67567,46.61897],[32.66989,46.61921],[32.66816,46.61904],[32.66705,46.61843],[32.66633,46.61742],[32.66424,46.61602],[32.66326,46.61484],[32.66213,46.61395],[32.6603,46.61356],[32.65653,46.61184],[32.65308,46.61063],[32.64655,46.60897],[32.6457,46.60841],[32.64529,46.60842],[32.64412,46.60953],[32.64281,46.61041],[32.64272,46.61061],[32.64318,46.61205],[32.64295,46.6125],[32.64263,46.61292],[32.64059,46.61439],[32.64046,46.61498],[32.64089,46.6159],[32.64242,46.61711]]],[[[32.63897,46.60323],[32.63709,46.60198],[32.63723,46.60165],[32.63777,46.60129],[32.63804,46.6008],[32.63864,46.60029],[32.63859,46.59955],[32.63909,46.59919],[32.63988,46.59891],[32.64024,46.59818],[32.64011,46.59785],[32.6394,46.59741],[32.6392,46.59692],[32.6393,46.59532],[32.63997,46.5949],[32.64134,46.59473],[32.64136,46.59428],[32.64007,46.5938],[32.63914,46.59326],[32.63853,46.59347],[32.63844,46.59372],[32.63912,46.59422],[32.63888,46.59461],[32.63775,46.59505],[32.63583,46.59504],[32.63222,46.59148],[32.62809,46.58823],[32.62606,46.58706],[32.62487,46.58704],[32.62394,46.58642],[32.62353,46.58467],[32.62243,46.58354],[32.62302,46.58281],[32.623,46.58163],[32.62131,46.57994],[32.62087,46.57848],[32.61991,46.57772],[32.61987,46.57725],[32.61827,46.57589],[32.61816,46.57462],[32.61449,46.5716],[32.61107,46.56981],[32.60831,46.56992],[32.6047,46.57116],[32.60298,46.57063],[32.60164,46.57095],[32.6005,46.56999],[32.59959,46.56891],[32.59888,46.56754],[32.60006,46.56482],[32.60193,46.5646],[32.60158,46.56312],[32.59975,46.56234],[32.59826,46.56091],[32.59588,46.55938],[32.5879,46.55724],[32.58289,46.55546],[32.58097,46.55534],[32.57947,46.55443],[32.57878,46.55503],[32.57664,46.55574],[32.57599,46.55576],[32.57471,46.55641],[32.57373,46.55646],[32.57272,46.55686],[32.57433,46.56105],[32.57544,46.56534],[32.57523,46.56709],[32.5754,46.56792],[32.57674,46.56972],[32.57946,46.57181],[32.5881,46.57534],[32.59247,46.5767],[32.59918,46.57693],[32.60079,46.57738],[32.6098,46.58143],[32.61463,46.58468],[32.61859,46.58804],[32.62015,46.59001],[32.62167,46.59241],[32.62513,46.5999],[32.62587,46.60345],[32.62738,46.60713],[32.62748,46.61067],[32.6281,46.61145],[32.63069,46.61214],[32.63347,46.61223],[32.63628,46.61146],[32.6386,46.61005],[32.63971,46.60984],[32.64098,46.60993],[32.64227,46.61039],[32.64375,46.60937],[32.64491,46.60828],[32.64495,46.60794],[32.64364,46.60688],[32.64282,46.60541],[32.64141,46.60449],[32.63897,46.60323]]],[[[32.59184,46.57794],[32.59176,46.57827],[32.59135,46.57876],[32.59068,46.57923],[32.59035,46.57968],[32.59071,46.5801],[32.5912,46.58019],[32.59168,46.58003],[32.59247,46.5793],[32.59322,46.57906],[32.59414,46.57912],[32.59485,46.57942],[32.59518,46.57983],[32.59521,46.58025],[32.59469,46.58098],[32.59445,46.58162],[32.59462,46.58201],[32.59513,46.58224],[32.59637,46.58209],[32.59654,46.58185],[32.59661,46.58095],[32.59728,46.58068],[32.5986,46.58077],[32.59933,46.58101],[32.60147,46.58272],[32.60188,46.58335],[32.60175,46.5844],[32.60201,46.58539],[32.6019,46.58582],[32.60245,46.58596],[32.60271,46.58571],[32.60259,46.58551],[32.60346,46.58509],[32.60343,46.58485],[32.60457,46.58425],[32.6065,46.58432],[32.60771,46.58454],[32.60888,46.5858],[32.60905,46.58728],[32.60899,46.58931],[32.60954,46.59031],[32.61218,46.59269],[32.61489,46.59445],[32.61528,46.5953],[32.61585,46.59551],[32.61637,46.59622],[32.61639,46.59653],[32.6175,46.59721],[32.61869,46.60276],[32.61892,46.6046],[32.61927,46.60566],[32.61848,46.60475],[32.61772,46.60272],[32.61766,46.60104],[32.61728,46.59942],[32.61724,46.59831],[32.617,46.59779],[32.61454,46.59603],[32.61394,46.59597],[32.61257,46.59639],[32.61219,46.59606],[32.61219,46.59569],[32.61166,46.59586],[32.61143,46.5962],[32.61194,46.59653],[32.60891,46.5971],[32.60563,46.59794],[32.60436,46.59794],[32.60352,46.5977],[32.60223,46.59766],[32.60192,46.59713],[32.60148,46.59723],[32.59909,46.59876],[32.59985,46.59936],[32.6005,46.59906],[32.60144,46.59961],[32.60191,46.5997],[32.60297,46.59909],[32.60631,46.59899],[32.60323,46.60106],[32.60687,46.60381],[32.60821,46.60454],[32.60975,46.60406],[32.61321,46.60209],[32.61626,46.60521],[32.61586,46.60569],[32.61221,46.60741],[32.6097,46.60595],[32.60608,46.60783],[32.60631,46.60841],[32.61183,46.61315],[32.61392,46.61521],[32.61567,46.61639],[32.61641,46.61605],[32.61737,46.61512],[32.61917,46.6144],[32.62223,46.61476],[32.63148,46.61698],[32.63317,46.61685],[32.63493,46.6164],[32.63851,46.61593],[32.63914,46.61561],[32.63947,46.61432],[32.64017,46.61357],[32.6417,46.61273],[32.64203,46.61231],[32.64218,46.61179],[32.64209,46.61147],[32.64138,46.61079],[32.64004,46.6105],[32.63914,46.61059],[32.63826,46.61094],[32.63726,46.61165],[32.63584,46.61232],[32.63255,46.61295],[32.63033,46.61286],[32.62914,46.61265],[32.62743,46.61186],[32.62676,46.6113],[32.6264,46.6107],[32.62652,46.60946],[32.62641,46.60817],[32.62439,46.60375],[32.62425,46.60269],[32.62436,46.60164],[32.62122,46.59438],[32.61843,46.59],[32.61628,46.58787],[32.60938,46.58277],[32.60207,46.57912],[32.59906,46.57806],[32.59768,46.57784],[32.59167,46.57741],[32.59184,46.57794]]],[[[32.58785,46.58926],[32.59208,46.59483],[32.60373,46.60585],[32.60461,46.60616],[32.60678,46.60536],[32.60729,46.60497],[32.60527,46.60311],[32.60288,46.60138],[32.60235,46.60059],[32.60136,46.59983],[32.60074,46.59946],[32.60008,46.59967],[32.59874,46.59877],[32.60151,46.59705],[32.60143,46.59697],[32.60171,46.59688],[32.60189,46.59641],[32.60162,46.59618],[32.60138,46.59633],[32.60124,46.59689],[32.601,46.59702],[32.60009,46.59597],[32.60002,46.59529],[32.60025,46.59354],[32.60068,46.59186],[32.6001,46.59015],[32.59934,46.58914],[32.59876,46.58901],[32.59789,46.58818],[32.59809,46.58638],[32.59874,46.58555],[32.60003,46.58511],[32.60074,46.5852],[32.6011,46.58545],[32.60132,46.58532],[32.60099,46.58303],[32.59977,46.58186],[32.59829,46.58106],[32.59792,46.58128],[32.59713,46.58224],[32.59587,46.58261],[32.59466,46.58248],[32.59412,46.58219],[32.59385,46.58163],[32.59388,46.58101],[32.59441,46.57979],[32.59419,46.5795],[32.59327,46.57945],[32.59211,46.58032],[32.59148,46.58051],[32.59039,46.5804],[32.58984,46.57989],[32.58975,46.5794],[32.59,46.57895],[32.5904,46.57869],[32.59024,46.57854],[32.59033,46.57843],[32.59058,46.57851],[32.59119,46.57811],[32.59127,46.57779],[32.59108,46.57746],[32.58749,46.57614],[32.58455,46.57526],[32.58082,46.57371],[32.57762,46.57189],[32.57583,46.57034],[32.57422,46.56865],[32.57395,46.56786],[32.57418,46.56463],[32.57126,46.55719],[32.5707,46.55624],[32.56952,46.55523],[32.56858,46.5548],[32.56762,46.55463],[32.56626,46.55494],[32.56513,46.55594],[32.56376,46.55835],[32.56294,46.55912],[32.56103,46.55962],[32.56509,46.56209],[32.57066,46.56681],[32.57295,46.56971],[32.57576,46.57284],[32.57782,46.57627],[32.58344,46.58229],[32.58785,46.58926]]],[[[32.53829,46.5893],[32.55076,46.59248],[32.56082,46.59413],[32.57082,46.59133],[32.57026,46.58844],[32.57362,46.5852],[32.57343,46.58255],[32.57632,46.58125],[32.57573,46.58004],[32.57021,46.57171],[32.5676,46.5696],[32.56709,46.56975],[32.56648,46.57039],[32.56573,46.57059],[32.56517,46.57101],[32.56365,46.57123],[32.56265,46.57103],[32.56157,46.57138],[32.5605,46.57091],[32.55958,46.57015],[32.5584,46.56993],[32.55573,46.57089],[32.55388,46.57133],[32.5504,46.5708],[32.5495,46.57127],[32.5497,46.57142],[32.54897,46.5719],[32.54803,46.57232],[32.54689,46.57244],[32.5444,46.57218],[32.54309,46.57188],[32.53981,46.57193],[32.53465,46.5717],[32.53273,46.57143],[32.53108,46.57097],[32.52902,46.56987],[32.52669,46.56944],[32.52475,46.56848],[32.52468,46.56626],[32.52414,46.56477],[32.52215,46.56334],[32.51898,46.56208],[32.51783,46.56192],[32.51638,46.5623],[32.51472,46.56307],[32.51045,46.56417],[32.50237,46.56678],[32.49748,46.5687],[32.49333,46.57105],[32.49039,46.57223],[32.4865,46.57299],[32.48166,46.57311],[32.4898,46.57851],[32.49945,46.58322],[32.5079,46.58888],[32.51004,46.59003],[32.5106,46.5892],[32.5282,46.58891],[32.53829,46.5893]]],[[[32.51566,46.54578],[32.51513,46.54556],[32.51303,46.54399],[32.51214,46.54303],[32.51005,46.54167],[32.50738,46.54065],[32.50523,46.53952],[32.49698,46.5333],[32.4901,46.53003],[32.48241,46.52503],[32.47626,46.52148],[32.47505,46.52122],[32.47414,46.5213],[32.47099,46.52234],[32.46769,46.52317],[32.4651,46.52415],[32.46329,46.52453],[32.45741,46.52446],[32.45445,46.52425],[32.45276,46.52392],[32.45034,46.52314],[32.44944,46.52305],[32.4479,46.5232],[32.44668,46.52373],[32.44461,46.52505],[32.44207,46.52577],[32.44091,46.52626],[32.44052,46.52667],[32.44071,46.52731],[32.4407,46.528],[32.43983,46.52826],[32.439,46.52804],[32.43725,46.52615],[32.43612,46.52566],[32.43547,46.52583],[32.43423,46.52703],[32.43347,46.52729],[32.4323,46.52737],[32.4298,46.52655],[32.4226,46.52563],[32.41996,46.52463],[32.41921,46.52385],[32.41899,46.5234],[32.41915,46.52072],[32.41801,46.51742],[32.41783,46.51618],[32.41786,46.51499],[32.41819,46.51301],[32.41813,46.51171],[32.41785,46.51089],[32.41751,46.51042],[32.41701,46.51001],[32.41573,46.50966],[32.41041,46.50991],[32.40811,46.50974],[32.40411,46.50876],[32.40064,46.50734],[32.40062,46.5077],[32.40484,46.51336],[32.40456,46.51378],[32.40489,46.5143],[32.40636,46.51614],[32.41275,46.52194],[32.41272,46.5225],[32.41291,46.52285],[32.41594,46.52651],[32.41752,46.52868],[32.41893,46.53097],[32.42099,46.53477],[32.42267,46.53856],[32.42291,46.53952],[32.42218,46.54089],[32.42104,46.54194],[32.42126,46.54241],[32.42179,46.54287],[32.42671,46.54611],[32.43207,46.54997],[32.43681,46.55281],[32.44164,46.55501],[32.44546,46.55628],[32.45778,46.56188],[32.46486,46.56536],[32.46954,46.56724],[32.47089,46.56797],[32.47346,46.56902],[32.47868,46.57055],[32.47903,46.57013],[32.4791,46.56965],[32.47859,46.56913],[32.47866,46.56874],[32.47826,46.5686],[32.47746,46.56876],[32.47697,46.56862],[32.47679,46.56838],[32.47537,46.56841],[32.47511,46.56824],[32.47518,46.56803],[32.47682,46.56654],[32.47673,46.56638],[32.47887,46.56446],[32.48093,46.56418],[32.48021,46.567],[32.47991,46.56897],[32.47943,46.57048],[32.47984,46.57057],[32.48038,46.57044],[32.48237,46.57097],[32.48242,46.57114],[32.48474,46.57119],[32.48692,46.57091],[32.49009,46.56995],[32.49245,46.56878],[32.49429,46.5676],[32.49532,46.56672],[32.49656,46.56539],[32.49994,46.56067],[32.49969,46.56039],[32.49788,46.55956],[32.49752,46.55918],[32.49755,46.5589],[32.49727,46.55831],[32.4978,46.55817],[32.49808,46.55891],[32.49883,46.55932],[32.49908,46.55974],[32.49901,46.5599],[32.49992,46.56033],[32.50047,46.56028],[32.50461,46.55723],[32.50709,46.55519],[32.51094,46.55344],[32.51367,46.55256],[32.51374,46.55231],[32.5219,46.55086],[32.52517,46.55083],[32.52383,46.54882],[32.52088,46.54683],[32.51857,46.54608],[32.5172,46.54582],[32.51566,46.54578]]],[[[32.43825,46.50284],[32.43956,46.50303],[32.44179,46.50285],[32.44394,46.50247],[32.44733,46.50227],[32.45338,46.50269],[32.45802,46.50393],[32.46168,46.50541],[32.46637,46.5082],[32.47091,46.51122],[32.47155,46.51121],[32.47205,46.51091],[32.47295,46.51071],[32.48049,46.50713],[32.47811,46.50473],[32.47808,46.5041],[32.47793,46.50392],[32.47716,46.50378],[32.47673,46.50393],[32.47552,46.50355],[32.47502,46.5032],[32.4749,46.5029],[32.47537,46.50224],[32.47518,46.50194],[32.47308,46.50076],[32.47248,46.50007],[32.47182,46.49987],[32.4714,46.50016],[32.47143,46.50057],[32.47125,46.50091],[32.47154,46.50126],[32.47126,46.50157],[32.47008,46.50164],[32.46868,46.50133],[32.46865,46.50107],[32.46896,46.50083],[32.46921,46.50068],[32.46994,46.50069],[32.47026,46.50037],[32.46988,46.50009],[32.46908,46.49987],[32.46885,46.4994],[32.46901,46.49918],[32.46986,46.49888],[32.46976,46.49873],[32.4681,46.49829],[32.46728,46.49761],[32.46515,46.49692],[32.46496,46.49673],[32.46507,46.49647],[32.46487,46.49614],[32.46408,46.49567],[32.46343,46.49563],[32.46315,46.49502],[32.46235,46.49454],[32.46085,46.49398],[32.45884,46.49377],[32.45808,46.49419],[32.45716,46.49443],[32.45474,46.4943],[32.45358,46.49391],[32.45352,46.49339],[32.45258,46.49267],[32.45209,46.49252],[32.45148,46.49259],[32.45074,46.49313],[32.44997,46.49316],[32.44927,46.49295],[32.44893,46.49253],[32.44891,46.49184],[32.44833,46.49148],[32.44794,46.49068],[32.44777,46.49097],[32.44695,46.49111],[32.44607,46.49009],[32.44544,46.48983],[32.44475,46.48973],[32.44423,46.49],[32.44362,46.49114],[32.44313,46.49134],[32.44211,46.49116],[32.44173,46.49094],[32.44171,46.49061],[32.43893,46.48947],[32.43897,46.4889],[32.43942,46.48846],[32.43963,46.48832],[32.44009,46.48837],[32.43984,46.48806],[32.43234,46.48449],[32.43095,46.48437],[32.4295,46.48453],[32.42904,46.48489],[32.42874,46.48545],[32.42897,46.48607],[32.43026,46.48719],[32.43199,46.48905],[32.4322,46.49099],[32.43312,46.49244],[32.4333,46.49328],[32.43299,46.49394],[32.43308,46.49484],[32.43463,46.4974],[32.43641,46.49973],[32.43701,46.50086],[32.43679,46.50131],[32.43718,46.50204],[32.43825,46.50284]]],[[[32.398,46.50387],[32.39924,46.50471],[32.39924,46.50523],[32.40038,46.50641],[32.40424,46.50809],[32.40667,46.50883],[32.40868,46.50918],[32.41096,46.5093],[32.41553,46.50905],[32.41684,46.50932],[32.41817,46.51],[32.41873,46.51103],[32.41885,46.51183],[32.41887,46.51263],[32.41854,46.5147],[32.41855,46.5162],[32.41906,46.5184],[32.41983,46.52058],[32.41957,46.52222],[32.41962,46.52333],[32.4199,46.52381],[32.4208,46.52458],[32.42247,46.52516],[32.42806,46.5258],[32.43022,46.52621],[32.43221,46.52702],[32.43281,46.52707],[32.43429,46.52642],[32.43538,46.52542],[32.43603,46.52527],[32.43742,46.52576],[32.43797,46.5262],[32.43929,46.52779],[32.43968,46.52789],[32.4401,46.52784],[32.4403,46.52756],[32.44012,46.52653],[32.44025,46.52623],[32.44072,46.52586],[32.44293,46.52519],[32.44528,46.52422],[32.44701,46.52309],[32.44848,46.52264],[32.44991,46.52264],[32.45359,46.52365],[32.4553,46.5239],[32.46249,46.52416],[32.46431,46.52392],[32.46713,46.5228],[32.47122,46.52184],[32.47497,46.52073],[32.47598,46.52067],[32.47501,46.51943],[32.47464,46.51853],[32.47168,46.51546],[32.47033,46.51367],[32.4681,46.51211],[32.45649,46.50668],[32.45411,46.50591],[32.4511,46.50524],[32.44654,46.50465],[32.44341,46.50454],[32.43713,46.50474],[32.43237,46.5052],[32.42201,46.50655],[32.41347,46.50704],[32.4092,46.50655],[32.40573,46.50555],[32.398,46.50387]]],[[[32.42071,46.49411],[32.41621,46.49438],[32.41319,46.49419],[32.41165,46.49393],[32.40901,46.49458],[32.40849,46.49503],[32.40692,46.49568],[32.40546,46.49596],[32.40402,46.4956],[32.39957,46.49366],[32.39862,46.49267],[32.3972,46.49184],[32.39094,46.48964],[32.39048,46.48991],[32.39044,46.49023],[32.38891,46.49041],[32.38853,46.4907],[32.38574,46.49118],[32.38443,46.49099],[32.38415,46.49058],[32.38376,46.49062],[32.38365,46.4904],[32.38147,46.49131],[32.38121,46.49228],[32.38122,46.49262],[32.38298,46.49389],[32.38361,46.49464],[32.38403,46.4968],[32.38583,46.49724],[32.39032,46.49885],[32.39868,46.50231],[32.40328,46.5034],[32.41469,46.50423],[32.4182,46.50411],[32.4302,46.5028],[32.4362,46.50286],[32.43648,46.50257],[32.43616,46.50186],[32.43605,46.50088],[32.43558,46.50007],[32.43318,46.49648],[32.43196,46.49502],[32.43228,46.49305],[32.43127,46.49112],[32.43127,46.4899],[32.43106,46.48913],[32.42821,46.48647],[32.42686,46.48563],[32.42012,46.48604],[32.42404,46.48787],[32.42703,46.48848],[32.42704,46.49202],[32.42569,46.4923],[32.42417,46.49224],[32.42184,46.49373],[32.42071,46.49411]]],[[[32.39423,46.53948],[32.39269,46.53867],[32.38878,46.53614],[32.38131,46.53074],[32.37809,46.52938],[32.37492,46.5285],[32.37008,46.52757],[32.36695,46.528],[32.36566,46.52891],[32.36429,46.53034],[32.36306,46.53111],[32.36004,46.53193],[32.35838,46.532],[32.35395,46.53164],[32.35171,46.53191],[32.34696,46.53323],[32.34464,46.53345],[32.34227,46.5334],[32.34235,46.53358],[32.34519,46.53457],[32.34982,46.5358],[32.35248,46.53679],[32.35519,46.53949],[32.35879,46.54178],[32.36183,46.54418],[32.36284,46.54462],[32.36461,46.54485],[32.3753,46.54551],[32.38008,46.54527],[32.38593,46.54568],[32.38641,46.54554],[32.38733,46.54568],[32.38741,46.54587],[32.38902,46.54604],[32.39444,46.54762],[32.39455,46.54798],[32.40054,46.55154],[32.41185,46.55685],[32.41464,46.55778],[32.41659,46.55811],[32.42023,46.55825],[32.42228,46.55811],[32.42367,46.55781],[32.4262,46.55684],[32.42814,46.55548],[32.4174,46.54774],[32.4139,46.54574],[32.40841,46.54365],[32.40792,46.54302],[32.40272,46.54072],[32.39605,46.53902],[32.39423,46.53948]]],[[[32.41107,46.52159],[32.40704,46.51842],[32.40422,46.51522],[32.40267,46.51327],[32.401,46.50996],[32.39845,46.50626],[32.39681,46.50468],[32.39478,46.5033],[32.38852,46.50053],[32.38627,46.49986],[32.38168,46.49911],[32.38188,46.49986],[32.3816,46.50073],[32.38222,46.50102],[32.38227,46.50175],[32.38311,46.50229],[32.38499,46.50297],[32.38565,46.50291],[32.38606,46.50254],[32.38727,46.5026],[32.38809,46.50365],[32.3881,46.50405],[32.38857,46.50423],[32.38889,46.50512],[32.38867,46.50638],[32.38822,46.50681],[32.38791,46.50772],[32.38579,46.5088],[32.38508,46.50896],[32.3836,46.51025],[32.38346,46.51057],[32.38349,46.5116],[32.38379,46.51243],[32.38368,46.51363],[32.38319,46.51481],[32.38294,46.51491],[32.3826,46.51482],[32.38134,46.51374],[32.38009,46.51157],[32.37998,46.51114],[32.38014,46.51082],[32.37942,46.50973],[32.38023,46.50819],[32.38016,46.50782],[32.37972,46.50742],[32.37874,46.50725],[32.37805,46.50673],[32.37741,46.507],[32.37743,46.50761],[32.37846,46.50805],[32.37847,46.50837],[32.37813,46.50876],[32.37775,46.50889],[32.37767,46.50939],[32.37795,46.50981],[32.37763,46.51061],[32.37681,46.51088],[32.37364,46.51099],[32.37258,46.51084],[32.36992,46.51016],[32.36909,46.5098],[32.36722,46.50861],[32.36591,46.5085],[32.36511,46.5086],[32.3642,46.50914],[32.36344,46.50938],[32.36192,46.50944],[32.36125,46.50962],[32.3611,46.50946],[32.36073,46.50944],[32.36053,46.50971],[32.35997,46.50976],[32.35929,46.51018],[32.35925,46.50979],[32.35905,46.50971],[32.35888,46.50928],[32.35891,46.50901],[32.35864,46.50878],[32.35775,46.50893],[32.35735,46.50883],[32.35709,46.50848],[32.3563,46.50829],[32.35573,46.50763],[32.35314,46.50643],[32.35184,46.50608],[32.35133,46.50568],[32.35115,46.50523],[32.35024,46.50505],[32.35008,46.5047],[32.35132,46.50467],[32.35264,46.50491],[32.35404,46.50471],[32.35429,46.50433],[32.35267,46.50455],[32.34891,46.50433],[32.35092,46.50723],[32.35123,46.50806],[32.35134,46.5088],[32.35121,46.50939],[32.35141,46.51009],[32.3521,46.51079],[32.35301,46.5114],[32.35278,46.51213],[32.35712,46.51424],[32.36915,46.51902],[32.38431,46.52714],[32.39176,46.5323],[32.39459,46.53375],[32.3978,46.53478],[32.41054,46.5382],[32.41489,46.54013],[32.41946,46.54167],[32.42045,46.54169],[32.42144,46.54104],[32.42193,46.54037],[32.4223,46.53942],[32.42224,46.53879],[32.419,46.53253],[32.41685,46.52913],[32.41107,46.52159]]],[[[32.37963,46.48833],[32.37915,46.48792],[32.37932,46.48752],[32.37918,46.4873],[32.37806,46.48741],[32.37798,46.48766],[32.37831,46.48826],[32.37767,46.48882],[32.37588,46.48953],[32.37532,46.48928],[32.37445,46.48919],[32.37351,46.48877],[32.37343,46.48856],[32.37107,46.48878],[32.37033,46.48941],[32.36969,46.48957],[32.36852,46.48941],[32.36726,46.48948],[32.36669,46.48918],[32.36651,46.48873],[32.36565,46.48854],[32.36428,46.48761],[32.36295,46.48724],[32.36087,46.48577],[32.35877,46.48463],[32.35729,46.48426],[32.35329,46.48278],[32.34982,46.48249],[32.34733,46.48316],[32.34631,46.48327],[32.34508,46.48291],[32.34393,46.48287],[32.34244,46.4832],[32.33967,46.48329],[32.33917,46.4827],[32.33911,46.48225],[32.33951,46.48182],[32.34027,46.48157],[32.34189,46.48182],[32.34187,46.48043],[32.34086,46.47924],[32.34063,46.47788],[32.34065,46.47543],[32.34011,46.47357],[32.3389,46.47253],[32.33696,46.47297],[32.33653,46.47344],[32.33648,46.47465],[32.3361,46.475],[32.33561,46.47515],[32.33482,46.47498],[32.33352,46.47442],[32.3333,46.47411],[32.33259,46.47418],[32.3308,46.47377],[32.33051,46.47389],[32.3305,46.47412],[32.32916,46.47362],[32.32984,46.47355],[32.32992,46.47317],[32.3295,46.47304],[32.32929,46.47278],[32.32941,46.47248],[32.32765,46.47166],[32.3276,46.47125],[32.32714,46.47091],[32.32713,46.47045],[32.32753,46.46994],[32.32691,46.46856],[32.32457,46.46789],[32.32594,46.47004],[32.32654,46.47241],[32.3271,46.47378],[32.33,46.47708],[32.33088,46.4792],[32.33079,46.48134],[32.33098,46.4822],[32.33226,46.48389],[32.33322,46.48472],[32.33319,46.48519],[32.33413,46.48519],[32.33427,46.48543],[32.33464,46.48538],[32.3388,46.4865],[32.34937,46.48838],[32.34946,46.48861],[32.355,46.49031],[32.36084,46.4926],[32.36522,46.494],[32.3695,46.4949],[32.38052,46.49615],[32.38338,46.49673],[32.38385,46.4967],[32.38361,46.49492],[32.38342,46.49462],[32.38205,46.49329],[32.3812,46.49282],[32.38102,46.49246],[32.38128,46.49128],[32.38361,46.49029],[32.38297,46.49025],[32.38181,46.48945],[32.38136,46.48877],[32.37963,46.48833]]],[[[32.34676,46.50299],[32.34866,46.50371],[32.35076,46.50394],[32.35178,46.50386],[32.3521,46.50399],[32.35236,46.50395],[32.35211,46.50379],[32.35313,46.50322],[32.35349,46.50318],[32.35422,46.5035],[32.35457,46.50348],[32.35491,46.50286],[32.35448,46.50244],[32.3558,46.50172],[32.35675,46.50146],[32.35975,46.50123],[32.36008,46.50135],[32.36109,46.50113],[32.36186,46.50139],[32.36255,46.502],[32.36317,46.50308],[32.36373,46.50267],[32.36702,46.50283],[32.36715,46.50304],[32.36979,46.50274],[32.37079,46.50243],[32.37232,46.50145],[32.3723,46.50131],[32.37281,46.50097],[32.37417,46.50061],[32.37533,46.50075],[32.37595,46.50055],[32.3771,46.50059],[32.37801,46.50097],[32.37857,46.50075],[32.37947,46.50068],[32.38082,46.50077],[32.38138,46.5011],[32.38168,46.49972],[32.38141,46.49905],[32.38066,46.49895],[32.37674,46.49878],[32.36514,46.49871],[32.36253,46.49907],[32.36074,46.49954],[32.35149,46.50298],[32.34676,46.50299]]],[[[32.32811,46.48873],[32.3244,46.48887],[32.32213,46.48939],[32.31551,46.49191],[32.31604,46.49211],[32.31959,46.49193],[32.32019,46.49176],[32.32051,46.4915],[32.32046,46.4913],[32.32106,46.49128],[32.32216,46.49074],[32.32318,46.4905],[32.32468,46.49085],[32.325,46.4908],[32.32551,46.4912],[32.32693,46.4911],[32.32731,46.49142],[32.32809,46.49147],[32.32812,46.4913],[32.32868,46.49129],[32.3291,46.49141],[32.32941,46.4917],[32.32943,46.49254],[32.3289,46.49302],[32.32785,46.49328],[32.32695,46.49326],[32.32483,46.49276],[32.32471,46.4922],[32.32423,46.49207],[32.32396,46.49176],[32.32404,46.49153],[32.32383,46.49142],[32.32339,46.49145],[32.32063,46.49289],[32.31969,46.49282],[32.32541,46.49426],[32.3304,46.49597],[32.33166,46.49618],[32.33373,46.49623],[32.33481,46.49656],[32.33783,46.49797],[32.34056,46.50012],[32.34196,46.50101],[32.34335,46.50169],[32.34548,46.50225],[32.34718,46.50242],[32.3494,46.50239],[32.35139,46.50212],[32.36072,46.49887],[32.36445,46.49813],[32.36728,46.49784],[32.36747,46.4977],[32.36733,46.49749],[32.35984,46.4949],[32.35483,46.4928],[32.35182,46.49198],[32.3443,46.49081],[32.33543,46.48998],[32.32811,46.48873]]],[[[32.33373,46.51243],[32.33113,46.51281],[32.32704,46.51426],[32.32312,46.51527],[32.32188,46.51529],[32.3147,46.51444],[32.31056,46.51422],[32.30377,46.51359],[32.29909,46.5139],[32.29694,46.51426],[32.29535,46.51499],[32.29523,46.51621],[32.29423,46.51803],[32.29427,46.51957],[32.29507,46.5204],[32.29605,46.52253],[32.29777,46.52376],[32.29708,46.52474],[32.29578,46.52542],[32.29504,46.5251],[32.29451,46.52386],[32.29362,46.52352],[32.29174,46.52377],[32.2901,46.52359],[32.28967,46.52428],[32.28838,46.5248],[32.28821,46.5255],[32.28926,46.52557],[32.28989,46.52637],[32.29831,46.52781],[32.31029,46.52757],[32.3212,46.53138],[32.32393,46.53157],[32.32771,46.53129],[32.33047,46.53131],[32.33906,46.53187],[32.34246,46.53248],[32.34394,46.53257],[32.34786,46.53214],[32.35078,46.53129],[32.35348,46.53088],[32.35875,46.53122],[32.36051,46.53106],[32.36271,46.53032],[32.36377,46.52944],[32.36453,46.52851],[32.36663,46.52685],[32.36694,46.52644],[32.36679,46.52618],[32.36353,46.52514],[32.35536,46.51937],[32.34985,46.51699],[32.3409,46.51346],[32.33726,46.51271],[32.33373,46.51243]]],[[[32.31769,46.53564],[32.32516,46.53682],[32.32965,46.53782],[32.33519,46.54011],[32.33917,46.54291],[32.34103,46.54445],[32.34234,46.54519],[32.34393,46.54563],[32.34479,46.54569],[32.3453,46.54548],[32.3466,46.54576],[32.35376,46.54788],[32.35606,46.54801],[32.35795,46.54757],[32.36071,46.54636],[32.36125,46.54575],[32.36181,46.5456],[32.36189,46.54537],[32.35426,46.54019],[32.35164,46.53793],[32.35058,46.53735],[32.34864,46.53666],[32.34228,46.53513],[32.33477,46.53504],[32.32678,46.53466],[32.32241,46.53473],[32.31769,46.53564]]],[[[32.3479,46.50968],[32.35264,46.51204],[32.3528,46.51158],[32.35263,46.5113],[32.35171,46.51082],[32.35112,46.51013],[32.35093,46.50952],[32.35104,46.5089],[32.35089,46.50811],[32.35048,46.50715],[32.3485,46.50442],[32.34737,46.50389],[32.34643,46.50357],[32.34612,46.50394],[32.34651,46.50445],[32.34629,46.50515],[32.3458,46.50541],[32.3429,46.50539],[32.34215,46.50459],[32.3403,46.50377],[32.3391,46.5023],[32.3376,46.50105],[32.33569,46.49975],[32.33491,46.4996],[32.33473,46.49922],[32.33408,46.49938],[32.33114,46.49804],[32.33001,46.49693],[32.32546,46.49516],[32.3219,46.49423],[32.32005,46.49397],[32.31014,46.49347],[32.30999,46.4938],[32.31863,46.49683],[32.33343,46.50296],[32.34051,46.50608],[32.34621,46.5089],[32.34666,46.50891],[32.3479,46.50968]]],[[[32.31593,46.53484],[32.31876,46.53466],[32.32141,46.53399],[32.32266,46.53386],[32.33981,46.53452],[32.34148,46.53419],[32.34155,46.53403],[32.34114,46.53355],[32.34022,46.5332],[32.33823,46.53294],[32.33578,46.5328],[32.32667,46.53288],[32.32116,46.53327],[32.31955,46.53394],[32.31593,46.53484]]],[[[32.31546,46.53656],[32.30963,46.53658],[32.30137,46.53595],[32.29937,46.5361],[32.29818,46.5364],[32.29651,46.53709],[32.29563,46.53778],[32.29448,46.53912],[32.29372,46.53954],[32.29246,46.54082],[32.29203,46.54155],[32.29114,46.54219],[32.29041,46.54245],[32.28969,46.54232],[32.28884,46.54262],[32.28879,46.54316],[32.28899,46.54367],[32.29126,46.5439],[32.29394,46.54457],[32.29489,46.54382],[32.29684,46.54298],[32.29851,46.54297],[32.30071,46.54354],[32.30401,46.54391],[32.30453,46.54422],[32.30399,46.54623],[32.30279,46.5495],[32.30296,46.55279],[32.30376,46.55409],[32.30985,46.55181],[32.30991,46.55148],[32.31141,46.55048],[32.31296,46.55006],[32.31463,46.54985],[32.31484,46.54935],[32.31546,46.54916],[32.31716,46.5491],[32.321,46.54807],[32.32702,46.54761],[32.33097,46.54767],[32.33806,46.54687],[32.33911,46.54633],[32.34008,46.54627],[32.34092,46.54498],[32.33995,46.54461],[32.33762,46.54269],[32.33525,46.54125],[32.33098,46.53954],[32.32834,46.53867],[32.32499,46.53783],[32.31952,46.53692],[32.31546,46.53656]]],[[[32.32043,46.46768],[32.31825,46.468],[32.31454,46.46885],[32.31459,46.46943],[32.3158,46.46919],[32.31636,46.46939],[32.31667,46.46905],[32.31724,46.46907],[32.31981,46.46849],[32.32107,46.4689],[32.32153,46.46924],[32.32172,46.46982],[32.32122,46.47007],[32.32098,46.47089],[32.32029,46.47156],[32.32046,46.47186],[32.3215,46.47179],[32.32182,46.47194],[32.32197,46.47219],[32.32186,46.47248],[32.3206,46.47318],[32.3203,46.47377],[32.31944,46.47406],[32.31956,46.47431],[32.3186,46.47461],[32.31825,46.47495],[32.32008,46.47642],[32.32269,46.47715],[32.32285,46.47727],[32.32282,46.47748],[32.32234,46.47777],[32.32114,46.47794],[32.32092,46.47778],[32.31964,46.47833],[32.31621,46.47899],[32.31472,46.47973],[32.31331,46.47984],[32.31212,46.4796],[32.30746,46.48024],[32.30512,46.48103],[32.30155,46.48185],[32.29954,46.48262],[32.29749,46.48381],[32.2947,46.48444],[32.29174,46.48488],[32.28998,46.48585],[32.28964,46.4863],[32.28904,46.48638],[32.28843,46.4873],[32.28793,46.48775],[32.2896,46.4878],[32.30079,46.48607],[32.30384,46.48512],[32.30787,46.48451],[32.31633,46.48473],[32.3248,46.48469],[32.33302,46.48522],[32.33306,46.48491],[32.33287,46.48465],[32.33115,46.48286],[32.33075,46.48273],[32.33046,46.48084],[32.33052,46.47929],[32.33028,46.4792],[32.3298,46.4782],[32.32986,46.47786],[32.32922,46.47724],[32.32929,46.47709],[32.32889,46.47664],[32.32721,46.47535],[32.32597,46.47363],[32.32618,46.47336],[32.326,46.47305],[32.32561,46.47046],[32.32566,46.46998],[32.32475,46.46857],[32.32436,46.46765],[32.32273,46.46756],[32.32222,46.46771],[32.32043,46.46768]]],[[[32.29297,46.48823],[32.2945,46.48853],[32.30008,46.48846],[32.30232,46.48871],[32.30389,46.48833],[32.30851,46.48833],[32.30875,46.48867],[32.30854,46.48917],[32.30776,46.48953],[32.29983,46.48955],[32.28735,46.48861],[32.28639,46.48871],[32.28623,46.48899],[32.28679,46.48944],[32.29614,46.48995],[32.30513,46.49118],[32.30879,46.49106],[32.31162,46.49063],[32.31516,46.48971],[32.32273,46.48679],[32.32534,46.48629],[32.33085,46.48607],[32.33175,46.48626],[32.33202,46.48624],[32.33207,46.48603],[32.33018,46.4858],[32.32369,46.48559],[32.32333,46.48581],[32.32219,46.48589],[32.32193,46.48568],[32.32164,46.48581],[32.32145,46.48568],[32.32065,46.48569],[32.32107,46.48583],[32.32116,46.48611],[32.31957,46.48603],[32.31841,46.48633],[32.3152,46.48629],[32.31228,46.48604],[32.30917,46.48615],[32.30497,46.48648],[32.29297,46.48823]]],[[[32.32755,46.50808],[32.324,46.50622],[32.31356,46.50208],[32.3045,46.50011],[32.3021,46.50008],[32.28812,46.50122],[32.28558,46.5019],[32.2832,46.50223],[32.28261,46.50336],[32.28709,46.50402],[32.28959,46.50611],[32.29134,46.50549],[32.29133,46.50511],[32.29386,46.50414],[32.29804,46.50343],[32.29865,46.50388],[32.29968,46.50353],[32.30097,46.50345],[32.30308,46.50364],[32.30345,46.50408],[32.30547,46.50459],[32.30631,46.50439],[32.30711,46.5044],[32.30766,46.50447],[32.3079,46.5047],[32.30991,46.50438],[32.30989,46.50413],[32.31093,46.50365],[32.311,46.50393],[32.31196,46.50442],[32.31256,46.50436],[32.31386,46.5051],[32.31535,46.50564],[32.31566,46.50661],[32.31374,46.50686],[32.31262,46.5065],[32.31004,46.5061],[32.30784,46.50628],[32.30722,46.50655],[32.30529,46.50657],[32.3055,46.50609],[32.30523,46.50596],[32.30377,46.50651],[32.30357,46.50668],[32.30382,46.50683],[32.30264,46.50773],[32.30209,46.50836],[32.30154,46.50823],[32.30154,46.50763],[32.30086,46.50809],[32.30142,46.5086],[32.30189,46.50872],[32.30213,46.50853],[32.30241,46.5086],[32.30255,46.50839],[32.30326,46.50873],[32.30384,46.50858],[32.30407,46.50889],[32.30377,46.50906],[32.30391,46.5094],[32.30477,46.50976],[32.30534,46.50979],[32.30541,46.51014],[32.3051,46.51047],[32.30382,46.51079],[32.30236,46.51079],[32.30138,46.51059],[32.30127,46.51021],[32.30077,46.50989],[32.30034,46.51072],[32.29823,46.51018],[32.29754,46.50955],[32.29519,46.5089],[32.29418,46.50914],[32.29239,46.50897],[32.29105,46.50853],[32.28846,46.50862],[32.28723,46.50909],[32.28702,46.50967],[32.28754,46.51003],[32.29933,46.51132],[32.30583,46.51184],[32.31979,46.51355],[32.32194,46.51364],[32.32415,46.51322],[32.32676,46.51245],[32.33059,46.51051],[32.3309,46.50999],[32.33054,46.50989],[32.33023,46.50947],[32.32996,46.50961],[32.32913,46.50933],[32.32858,46.50876],[32.32776,46.50836],[32.32755,46.50808]]],[[[32.29832,46.53498],[32.30426,46.53419],[32.305,46.53391],[32.30639,46.53388],[32.30696,46.5337],[32.3108,46.5343],[32.31529,46.53428],[32.31715,46.53399],[32.31879,46.53353],[32.3198,46.5331],[32.32026,46.53272],[32.32021,46.53248],[32.3197,46.53217],[32.31175,46.52956],[32.3079,46.52857],[32.30627,46.52846],[32.29883,46.52857],[32.29358,46.52792],[32.28948,46.52761],[32.28755,46.52798],[32.28742,46.53011],[32.28715,46.53145],[32.28742,46.53281],[32.28888,46.53414],[32.28927,46.53506],[32.28914,46.53621],[32.29008,46.53745],[32.29292,46.53818],[32.29372,46.53795],[32.29555,46.53635],[32.29712,46.53545],[32.29832,46.53498]]]]},"properties":{"source":"ukrdaily","source_name":"UkrDailyUpdate","source_url":"https://map.ukrdailyupdate.com/","category":"contested","category_label":"Contested / unknown status","snapshot_time":"2026-09-19","fetched_at_utc":"2026-09-26T20:51:49+00:00","source_labels":["Contested","New Contested"],"source_polygons":247,"area_km2_approx":2399,"processing":"merged and simplified"}}]}