{"type":"FeatureCollection","features":[{"type":"Feature","geometry":{"type":"Point","coordinates":[22.76633,48.49694]},"properties":{"source":"economist_fires","source_name":"The Economist war-fire model","source_url":"https://github.com/TheEconomist/the-economist-war-fire-model","id":0,"date":"2026-09-29","link":"https://www.economist.com/interactive/graphic-detail/ukraine-fires","category":"Fire classified as war-related (model estimate)","side":"Not attributed","color":"#FF8C00","radius":3,"orbat":[],"description":"Satellite heat detection at 12:40 UTC, in an area days after abnormal fire activity. Urban area."}},{"type":"Feature","geometry":{"type":"Point","coordinates":[22.76815,48.50046]},"properties":{"source":"economist_fires","source_name":"The Economist war-fire model","source_url":"https://github.com/TheEconomist/the-economist-war-fire-model","id":1,"date":"2026-09-29","link":"https://www.economist.com/interactive/graphic-detail/ukraine-fires","category":"Fire classified as war-related (model estimate)","side":"Not attributed","color":"#FF8C00","radius":3,"orbat":[],"description":"Satellite heat detection at 12:40 UTC, in an area days after abnormal fire activity. Urban area."}},{"type":"Feature","geometry":{"type":"Point","coordinates":[24.70896,48.97665]},"properties":{"source":"economist_fires","source_name":"The Economist war-fire model","source_url":"https://github.com/TheEconomist/the-economist-war-fire-model","id":2,"date":"2026-09-29","link":"https://www.economist.com/interactive/graphic-detail/ukraine-fires","category":"Fire classified as war-related (model estimate)","side":"Not attributed","color":"#FF8C00","radius":3,"orbat":[],"description":"Satellite heat detection at 00:37 UTC, in an area days after abnormal fire activity. Urban area."}},{"type":"Feature","geometry":{"type":"Point","coordinates":[24.71123,48.97716]},"properties":{"source":"economist_fires","source_name":"The Economist war-fire model","source_url":"https://github.com/TheEconomist/the-economist-war-fire-model","id":3,"date":"2026-09-29","link":"https://www.economist.com/interactive/graphic-detail/ukraine-fires","category":"Fire classified as war-related (model estimate)","side":"Not attributed","color":"#FF8C00","radius":3,"orbat":[],"description":"Satellite heat detection at 01:11 UTC, in an area days after abnormal fire activity. Urban area."}},{"type":"Feature","geometry":{"type":"Point","coordinates":[24.70836,48.97537]},"properties":{"source":"economist_fires","source_name":"The Economist war-fire model","source_url":"https://github.com/TheEconomist/the-economist-war-fire-model","id":4,"date":"2026-09-29","link":"https://www.economist.com/interactive/graphic-detail/ukraine-fires","category":"Fire classified as war-related (model estimate)","side":"Not attributed","color":"#FF8C00","radius":3,"orbat":[],"description":"Satellite heat detection at 01:32 UTC, in an area days after abnormal fire activity. Urban area."}},{"type":"Feature","geometry":{"type":"Point","coordinates":[24.70539,48.97382]},"properties":{"source":"economist_fires","source_name":"The Economist war-fire model","source_url":"https://github.com/TheEconomist/the-economist-war-fire-model","id":5,"date":"2026-09-29","link":"https://www.economist.com/interactive/graphic-detail/ukraine-fires","category":"Fire classified as war-related (model estimate)","side":"Not attributed","color":"#FF8C00","radius":3,"orbat":[],"description":"Satellite heat detection at 23:31 UTC, in an area days after abnormal fire activity. Urban area."}},{"type":"Feature","geometry":{"type":"Point","coordinates":[24.70622,48.97905]},"properties":{"source":"economist_fires","source_name":"The Economist war-fire model","source_url":"https://github.com/TheEconomist/the-economist-war-fire-model","id":6,"date":"2026-09-29","link":"https://www.economist.com/interactive/graphic-detail/ukraine-fires","category":"Fire classified as war-related (model estimate)","side":"Not attributed","color":"#FF8C00","radius":3,"orbat":[],"description":"Satellite heat detection at 23:31 UTC, in an area days after abnormal fire activity. Urban area."}},{"type":"Feature","geometry":{"type":"Point","coordinates":[24.70569,48.97958]},"properties":{"source":"economist_fires","source_name":"The Economist war-fire model","source_url":"https://github.com/TheEconomist/the-economist-war-fire-model","id":7,"date":"2026-09-29","link":"https://www.economist.com/interactive/graphic-detail/ukraine-fires","category":"Fire classified as war-related (model estimate)","side":"Not attributed","color":"#FF8C00","radius":3,"orbat":[],"description":"Satellite heat detection at 23:31 UTC, in an area days after abnormal fire activity. Urban area."}},{"type":"Feature","geometry":{"type":"Point","coordinates":[25.53169,49.31167]},"properties":{"source":"economist_fires","source_name":"The Economist war-fire model","source_url":"https://github.com/TheEconomist/the-economist-war-fire-model","id":8,"date":"2026-09-29","link":"https://www.economist.com/interactive/graphic-detail/ukraine-fires","category":"Fire classified as war-related (model estimate)","side":"Not attributed","color":"#FF8C00","radius":3,"orbat":[],"description":"Satellite heat detection at 11:17 UTC, in an area of abnormal fire activity. Urban area."}},{"type":"Feature","geometry":{"type":"Point","coordinates":[29.89033,48.47736]},"properties":{"source":"economist_fires","source_name":"The Economist war-fire model","source_url":"https://github.com/TheEconomist/the-economist-war-fire-model","id":9,"date":"2026-09-29","link":"https://www.economist.com/interactive/graphic-detail/ukraine-fires","category":"Fire classified as war-related (model estimate)","side":"Not attributed","color":"#FF8C00","radius":3,"orbat":[],"description":"Satellite heat detection at 10:21 UTC, in an area of abnormal fire activity. Urban area."}},{"type":"Feature","geometry":{"type":"Point","coordinates":[29.87259,48.47057]},"properties":{"source":"economist_fires","source_name":"The Economist war-fire model","source_url":"https://github.com/TheEconomist/the-economist-war-fire-model","id":10,"date":"2026-09-29","link":"https://www.economist.com/interactive/graphic-detail/ukraine-fires","category":"Fire classified as war-related (model estimate)","side":"Not attributed","color":"#FF8C00","radius":3,"orbat":[],"description":"Satellite heat detection at 10:58 UTC, in an area of abnormal fire activity. Urban area."}},{"type":"Feature","geometry":{"type":"Point","coordinates":[29.88171,48.47542]},"properties":{"source":"economist_fires","source_name":"The Economist war-fire model","source_url":"https://github.com/TheEconomist/the-economist-war-fire-model","id":11,"date":"2026-09-29","link":"https://www.economist.com/interactive/graphic-detail/ukraine-fires","category":"Fire classified as war-related (model estimate)","side":"Not attributed","color":"#FF8C00","radius":3,"orbat":[],"description":"Satellite heat detection at 10:58 UTC, in an area of abnormal fire activity. Urban area."}},{"type":"Feature","geometry":{"type":"Point","coordinates":[29.88684,48.47621]},"properties":{"source":"economist_fires","source_name":"The Economist war-fire model","source_url":"https://github.com/TheEconomist/the-economist-war-fire-model","id":12,"date":"2026-09-29","link":"https://www.economist.com/interactive/graphic-detail/ukraine-fires","category":"Fire classified as war-related (model estimate)","side":"Not attributed","color":"#FF8C00","radius":3,"orbat":[],"description":"Satellite heat detection at 10:58 UTC, in an area of abnormal fire activity. Urban area."}},{"type":"Feature","geometry":{"type":"Point","coordinates":[29.87545,48.47789]},"properties":{"source":"economist_fires","source_name":"The Economist war-fire model","source_url":"https://github.com/TheEconomist/the-economist-war-fire-model","id":13,"date":"2026-09-29","link":"https://www.economist.com/interactive/graphic-detail/ukraine-fires","category":"Fire classified as war-related (model estimate)","side":"Not attributed","color":"#FF8C00","radius":3,"orbat":[],"description":"Satellite heat detection at 10:58 UTC, in an area of abnormal fire activity. Urban area."}},{"type":"Feature","geometry":{"type":"Point","coordinates":[29.88058,48.47868]},"properties":{"source":"economist_fires","source_name":"The Economist war-fire model","source_url":"https://github.com/TheEconomist/the-economist-war-fire-model","id":14,"date":"2026-09-29","link":"https://www.economist.com/interactive/graphic-detail/ukraine-fires","category":"Fire classified as war-related (model estimate)","side":"Not attributed","color":"#FF8C00","radius":3,"orbat":[],"description":"Satellite heat detection at 10:58 UTC, in an area of abnormal fire activity. Urban area."}},{"type":"Feature","geometry":{"type":"Point","coordinates":[29.8857,48.47948]},"properties":{"source":"economist_fires","source_name":"The Economist war-fire model","source_url":"https://github.com/TheEconomist/the-economist-war-fire-model","id":15,"date":"2026-09-29","link":"https://www.economist.com/interactive/graphic-detail/ukraine-fires","category":"Fire classified as war-related (model estimate)","side":"Not attributed","color":"#FF8C00","radius":3,"orbat":[],"description":"Satellite heat detection at 10:58 UTC, in an area of abnormal fire activity. Urban area."}},{"type":"Feature","geometry":{"type":"Point","coordinates":[29.87944,48.48195]},"properties":{"source":"economist_fires","source_name":"The Economist war-fire model","source_url":"https://github.com/TheEconomist/the-economist-war-fire-model","id":16,"date":"2026-09-29","link":"https://www.economist.com/interactive/graphic-detail/ukraine-fires","category":"Fire classified as war-related (model estimate)","side":"Not attributed","color":"#FF8C00","radius":3,"orbat":[],"description":"Satellite heat detection at 10:58 UTC, in an area of abnormal fire activity. Urban area."}},{"type":"Feature","geometry":{"type":"Point","coordinates":[29.88457,48.48274]},"properties":{"source":"economist_fires","source_name":"The Economist war-fire model","source_url":"https://github.com/TheEconomist/the-economist-war-fire-model","id":17,"date":"2026-09-29","link":"https://www.economist.com/interactive/graphic-detail/ukraine-fires","category":"Fire classified as war-related (model estimate)","side":"Not attributed","color":"#FF8C00","radius":3,"orbat":[],"description":"Satellite heat detection at 10:58 UTC, in an area of abnormal fire activity. Urban area."}},{"type":"Feature","geometry":{"type":"Point","coordinates":[29.88343,48.48601]},"properties":{"source":"economist_fires","source_name":"The Economist war-fire model","source_url":"https://github.com/TheEconomist/the-economist-war-fire-model","id":18,"date":"2026-09-29","link":"https://www.economist.com/interactive/graphic-detail/ukraine-fires","category":"Fire classified as war-related (model estimate)","side":"Not attributed","color":"#FF8C00","radius":3,"orbat":[],"description":"Satellite heat detection at 10:58 UTC, in an area of abnormal fire activity. Urban area."}},{"type":"Feature","geometry":{"type":"Point","coordinates":[29.87351,48.47711]},"properties":{"source":"economist_fires","source_name":"The Economist war-fire model","source_url":"https://github.com/TheEconomist/the-economist-war-fire-model","id":19,"date":"2026-09-29","link":"https://www.economist.com/interactive/graphic-detail/ukraine-fires","category":"Fire classified as war-related (model estimate)","side":"Not attributed","color":"#FF8C00","radius":3,"orbat":[],"description":"Satellite heat detection at 11:17 UTC, in an area of abnormal fire activity. Urban area."}},{"type":"Feature","geometry":{"type":"Point","coordinates":[29.88871,48.4783]},"properties":{"source":"economist_fires","source_name":"The Economist war-fire model","source_url":"https://github.com/TheEconomist/the-economist-war-fire-model","id":20,"date":"2026-09-29","link":"https://www.economist.com/interactive/graphic-detail/ukraine-fires","category":"Fire classified as war-related (model estimate)","side":"Not attributed","color":"#FF8C00","radius":3,"orbat":[],"description":"Satellite heat detection at 11:17 UTC, in an area of abnormal fire activity. Urban area."}},{"type":"Feature","geometry":{"type":"Point","coordinates":[29.88809,48.47847]},"properties":{"source":"economist_fires","source_name":"The Economist war-fire model","source_url":"https://github.com/TheEconomist/the-economist-war-fire-model","id":21,"date":"2026-09-29","link":"https://www.economist.com/interactive/graphic-detail/ukraine-fires","category":"Fire classified as war-related (model estimate)","side":"Not attributed","color":"#FF8C00","radius":3,"orbat":[],"description":"Satellite heat detection at 11:17 UTC, in an area of abnormal fire activity. Urban area."}},{"type":"Feature","geometry":{"type":"Point","coordinates":[29.87332,48.48074]},"properties":{"source":"economist_fires","source_name":"The Economist war-fire model","source_url":"https://github.com/TheEconomist/the-economist-war-fire-model","id":22,"date":"2026-09-29","link":"https://www.economist.com/interactive/graphic-detail/ukraine-fires","category":"Fire classified as war-related (model estimate)","side":"Not attributed","color":"#FF8C00","radius":3,"orbat":[],"description":"Satellite heat detection at 11:17 UTC, in an area of abnormal fire activity. Urban area."}},{"type":"Feature","geometry":{"type":"Point","coordinates":[29.87267,48.48099]},"properties":{"source":"economist_fires","source_name":"The Economist war-fire model","source_url":"https://github.com/TheEconomist/the-economist-war-fire-model","id":23,"date":"2026-09-29","link":"https://www.economist.com/interactive/graphic-detail/ukraine-fires","category":"Fire classified as war-related (model estimate)","side":"Not attributed","color":"#FF8C00","radius":3,"orbat":[],"description":"Satellite heat detection at 11:17 UTC, in an area of abnormal fire activity. Urban area."}},{"type":"Feature","geometry":{"type":"Point","coordinates":[29.88057,48.48146]},"properties":{"source":"economist_fires","source_name":"The Economist war-fire model","source_url":"https://github.com/TheEconomist/the-economist-war-fire-model","id":24,"date":"2026-09-29","link":"https://www.economist.com/interactive/graphic-detail/ukraine-fires","category":"Fire classified as war-related (model estimate)","side":"Not attributed","color":"#FF8C00","radius":3,"orbat":[],"description":"Satellite heat detection at 11:17 UTC, in an area of abnormal fire activity. Urban area."}},{"type":"Feature","geometry":{"type":"Point","coordinates":[29.87993,48.48167]},"properties":{"source":"economist_fires","source_name":"The Economist war-fire model","source_url":"https://github.com/TheEconomist/the-economist-war-fire-model","id":25,"date":"2026-09-29","link":"https://www.economist.com/interactive/graphic-detail/ukraine-fires","category":"Fire classified as war-related (model estimate)","side":"Not attributed","color":"#FF8C00","radius":3,"orbat":[],"description":"Satellite heat detection at 11:17 UTC, in an area of abnormal fire activity. Urban area."}},{"type":"Feature","geometry":{"type":"Point","coordinates":[29.88787,48.48217]},"properties":{"source":"economist_fires","source_name":"The Economist war-fire model","source_url":"https://github.com/TheEconomist/the-economist-war-fire-model","id":26,"date":"2026-09-29","link":"https://www.economist.com/interactive/graphic-detail/ukraine-fires","category":"Fire classified as war-related (model estimate)","side":"Not attributed","color":"#FF8C00","radius":3,"orbat":[],"description":"Satellite heat detection at 11:17 UTC, in an area of abnormal fire activity. Urban area."}},{"type":"Feature","geometry":{"type":"Point","coordinates":[29.88724,48.48235]},"properties":{"source":"economist_fires","source_name":"The Economist war-fire model","source_url":"https://github.com/TheEconomist/the-economist-war-fire-model","id":27,"date":"2026-09-29","link":"https://www.economist.com/interactive/graphic-detail/ukraine-fires","category":"Fire classified as war-related (model estimate)","side":"Not attributed","color":"#FF8C00","radius":3,"orbat":[],"description":"Satellite heat detection at 11:17 UTC, in an area of abnormal fire activity. Urban area."}},{"type":"Feature","geometry":{"type":"Point","coordinates":[29.87974,48.48534]},"properties":{"source":"economist_fires","source_name":"The Economist war-fire model","source_url":"https://github.com/TheEconomist/the-economist-war-fire-model","id":28,"date":"2026-09-29","link":"https://www.economist.com/interactive/graphic-detail/ukraine-fires","category":"Fire classified as war-related (model estimate)","side":"Not attributed","color":"#FF8C00","radius":3,"orbat":[],"description":"Satellite heat detection at 11:17 UTC, in an area of abnormal fire activity. Urban area."}},{"type":"Feature","geometry":{"type":"Point","coordinates":[29.8791,48.48555]},"properties":{"source":"economist_fires","source_name":"The Economist war-fire model","source_url":"https://github.com/TheEconomist/the-economist-war-fire-model","id":29,"date":"2026-09-29","link":"https://www.economist.com/interactive/graphic-detail/ukraine-fires","category":"Fire classified as war-related (model estimate)","side":"Not attributed","color":"#FF8C00","radius":3,"orbat":[],"description":"Satellite heat detection at 11:17 UTC, in an area of abnormal fire activity. Urban area."}},{"type":"Feature","geometry":{"type":"Point","coordinates":[29.87954,48.47884]},"properties":{"source":"economist_fires","source_name":"The Economist war-fire model","source_url":"https://github.com/TheEconomist/the-economist-war-fire-model","id":30,"date":"2026-09-29","link":"https://www.economist.com/interactive/graphic-detail/ukraine-fires","category":"Fire classified as war-related (model estimate)","side":"Not attributed","color":"#FF8C00","radius":3,"orbat":[],"description":"Satellite heat detection at 12:02 UTC, in an area of abnormal fire activity. Urban area."}},{"type":"Feature","geometry":{"type":"Point","coordinates":[29.87053,48.47897]},"properties":{"source":"economist_fires","source_name":"The Economist war-fire model","source_url":"https://github.com/TheEconomist/the-economist-war-fire-model","id":31,"date":"2026-09-29","link":"https://www.economist.com/interactive/graphic-detail/ukraine-fires","category":"Fire classified as war-related (model estimate)","side":"Not attributed","color":"#FF8C00","radius":3,"orbat":[],"description":"Satellite heat detection at 12:02 UTC, in an area of abnormal fire activity. Urban area."}},{"type":"Feature","geometry":{"type":"Point","coordinates":[29.86652,51.23886]},"properties":{"source":"economist_fires","source_name":"The Economist war-fire model","source_url":"https://github.com/TheEconomist/the-economist-war-fire-model","id":32,"date":"2026-09-29","link":"https://www.economist.com/interactive/graphic-detail/ukraine-fires","category":"Fire classified as war-related (model estimate)","side":"Not attributed","color":"#FF8C00","radius":3,"orbat":[],"description":"Satellite heat detection at 13:08 UTC, in an area of abnormal fire activity. Urban area."}},{"type":"Feature","geometry":{"type":"Point","coordinates":[30.23343,50.75957]},"properties":{"source":"economist_fires","source_name":"The Economist war-fire model","source_url":"https://github.com/TheEconomist/the-economist-war-fire-model","id":33,"date":"2026-09-29","link":"https://www.economist.com/interactive/graphic-detail/ukraine-fires","category":"Fire classified as war-related (model estimate)","side":"Not attributed","color":"#FF8C00","radius":3,"orbat":[],"description":"Satellite heat detection at 11:17 UTC, in an area of abnormal fire activity. Urban area."}},{"type":"Feature","geometry":{"type":"Point","coordinates":[30.48064,50.48617]},"properties":{"source":"economist_fires","source_name":"The Economist war-fire model","source_url":"https://github.com/TheEconomist/the-economist-war-fire-model","id":34,"date":"2026-09-29","link":"https://www.economist.com/interactive/graphic-detail/ukraine-fires","category":"Fire classified as war-related (model estimate)","side":"Not attributed","color":"#FF8C00","radius":3,"orbat":[],"description":"Satellite heat detection at 23:31 UTC, in an area of abnormal fire activity. Urban area."}},{"type":"Feature","geometry":{"type":"Point","coordinates":[30.59988,46.46765]},"properties":{"source":"economist_fires","source_name":"The Economist war-fire model","source_url":"https://github.com/TheEconomist/the-economist-war-fire-model","id":35,"date":"2026-09-29","link":"https://www.economist.com/interactive/graphic-detail/ukraine-fires","category":"Fire classified as war-related (model estimate)","side":"Not attributed","color":"#FF8C00","radius":3,"orbat":[],"description":"Satellite heat detection at 13:06 UTC, in an area days after abnormal fire activity. Urban area."}},{"type":"Feature","geometry":{"type":"Point","coordinates":[31.95279,47.8225]},"properties":{"source":"economist_fires","source_name":"The Economist war-fire model","source_url":"https://github.com/TheEconomist/the-economist-war-fire-model","id":36,"date":"2026-09-29","link":"https://www.economist.com/interactive/graphic-detail/ukraine-fires","category":"Fire classified as war-related (model estimate)","side":"Not attributed","color":"#FF8C00","radius":3,"orbat":[],"description":"Satellite heat detection at 10:58 UTC, in an area of abnormal fire activity. Urban area."}},{"type":"Feature","geometry":{"type":"Point","coordinates":[32.42706,46.12667]},"properties":{"source":"economist_fires","source_name":"The Economist war-fire model","source_url":"https://github.com/TheEconomist/the-economist-war-fire-model","id":37,"date":"2026-09-29","link":"https://www.economist.com/interactive/graphic-detail/ukraine-fires","category":"Fire classified as war-related (model estimate)","side":"Not attributed","color":"#FF8C00","radius":3,"orbat":[],"description":"Satellite heat detection at 09:39 UTC, in an area days after abnormal fire activity. Urban area."}},{"type":"Feature","geometry":{"type":"Point","coordinates":[32.42589,46.12668]},"properties":{"source":"economist_fires","source_name":"The Economist war-fire model","source_url":"https://github.com/TheEconomist/the-economist-war-fire-model","id":38,"date":"2026-09-29","link":"https://www.economist.com/interactive/graphic-detail/ukraine-fires","category":"Fire classified as war-related (model estimate)","side":"Not attributed","color":"#FF8C00","radius":3,"orbat":[],"description":"Satellite heat detection at 09:39 UTC, in an area days after abnormal fire activity. Urban area."}},{"type":"Feature","geometry":{"type":"Point","coordinates":[33.34747,48.32985]},"properties":{"source":"economist_fires","source_name":"The Economist war-fire model","source_url":"https://github.com/TheEconomist/the-economist-war-fire-model","id":39,"date":"2026-09-29","link":"https://www.economist.com/interactive/graphic-detail/ukraine-fires","category":"Fire classified as war-related (model estimate)","side":"Not attributed","color":"#FF8C00","radius":3,"orbat":[],"description":"Satellite heat detection at 09:17 UTC, in an area of abnormal fire activity. Urban area."}},{"type":"Feature","geometry":{"type":"Point","coordinates":[33.34146,48.32315]},"properties":{"source":"economist_fires","source_name":"The Economist war-fire model","source_url":"https://github.com/TheEconomist/the-economist-war-fire-model","id":40,"date":"2026-09-29","link":"https://www.economist.com/interactive/graphic-detail/ukraine-fires","category":"Fire classified as war-related (model estimate)","side":"Not attributed","color":"#FF8C00","radius":3,"orbat":[],"description":"Satellite heat detection at 10:21 UTC, in an area of abnormal fire activity. Urban area."}},{"type":"Feature","geometry":{"type":"Point","coordinates":[33.46109,46.59868]},"properties":{"source":"economist_fires","source_name":"The Economist war-fire model","source_url":"https://github.com/TheEconomist/the-economist-war-fire-model","id":41,"date":"2026-09-29","link":"https://www.economist.com/interactive/graphic-detail/ukraine-fires","category":"Fire classified as war-related (model estimate)","side":"Not attributed","color":"#FF8C00","radius":3,"orbat":[],"description":"Satellite heat detection at 10:21 UTC, in an area days after abnormal fire activity. Urban area."}},{"type":"Feature","geometry":{"type":"Point","coordinates":[33.69563,45.88752]},"properties":{"source":"economist_fires","source_name":"The Economist war-fire model","source_url":"https://github.com/TheEconomist/the-economist-war-fire-model","id":42,"date":"2026-09-29","link":"https://www.economist.com/interactive/graphic-detail/ukraine-fires","category":"Fire classified as war-related (model estimate)","side":"Not attributed","color":"#FF8C00","radius":3,"orbat":[],"description":"Satellite heat detection at 09:39 UTC, in an area of abnormal fire activity. Urban area."}},{"type":"Feature","geometry":{"type":"Point","coordinates":[33.69217,45.89294]},"properties":{"source":"economist_fires","source_name":"The Economist war-fire model","source_url":"https://github.com/TheEconomist/the-economist-war-fire-model","id":43,"date":"2026-09-29","link":"https://www.economist.com/interactive/graphic-detail/ukraine-fires","category":"Fire classified as war-related (model estimate)","side":"Not attributed","color":"#FF8C00","radius":3,"orbat":[],"description":"Satellite heat detection at 09:39 UTC, in an area of abnormal fire activity. Urban area."}},{"type":"Feature","geometry":{"type":"Point","coordinates":[33.69777,45.8947]},"properties":{"source":"economist_fires","source_name":"The Economist war-fire model","source_url":"https://github.com/TheEconomist/the-economist-war-fire-model","id":44,"date":"2026-09-29","link":"https://www.economist.com/interactive/graphic-detail/ukraine-fires","category":"Fire classified as war-related (model estimate)","side":"Not attributed","color":"#FF8C00","radius":3,"orbat":[],"description":"Satellite heat detection at 09:39 UTC, in an area of abnormal fire activity. Urban area."}},{"type":"Feature","geometry":{"type":"Point","coordinates":[33.74688,45.87162]},"properties":{"source":"economist_fires","source_name":"The Economist war-fire model","source_url":"https://github.com/TheEconomist/the-economist-war-fire-model","id":45,"date":"2026-09-29","link":"https://www.economist.com/interactive/graphic-detail/ukraine-fires","category":"Fire classified as war-related (model estimate)","side":"Not attributed","color":"#FF8C00","radius":3,"orbat":[],"description":"Satellite heat detection at 10:19 UTC, in an area of abnormal fire activity. Urban area."}},{"type":"Feature","geometry":{"type":"Point","coordinates":[33.74561,45.875]},"properties":{"source":"economist_fires","source_name":"The Economist war-fire model","source_url":"https://github.com/TheEconomist/the-economist-war-fire-model","id":46,"date":"2026-09-29","link":"https://www.economist.com/interactive/graphic-detail/ukraine-fires","category":"Fire classified as war-related (model estimate)","side":"Not attributed","color":"#FF8C00","radius":3,"orbat":[],"description":"Satellite heat detection at 10:19 UTC, in an area of abnormal fire activity. Urban area."}},{"type":"Feature","geometry":{"type":"Point","coordinates":[33.6915,45.89755]},"properties":{"source":"economist_fires","source_name":"The Economist war-fire model","source_url":"https://github.com/TheEconomist/the-economist-war-fire-model","id":47,"date":"2026-09-29","link":"https://www.economist.com/interactive/graphic-detail/ukraine-fires","category":"Fire classified as war-related (model estimate)","side":"Not attributed","color":"#FF8C00","radius":3,"orbat":[],"description":"Satellite heat detection at 10:19 UTC, in an area of abnormal fire activity. Urban area."}},{"type":"Feature","geometry":{"type":"Point","coordinates":[33.7382,45.87152]},"properties":{"source":"economist_fires","source_name":"The Economist war-fire model","source_url":"https://github.com/TheEconomist/the-economist-war-fire-model","id":48,"date":"2026-09-29","link":"https://www.economist.com/interactive/graphic-detail/ukraine-fires","category":"Fire classified as war-related (model estimate)","side":"Not attributed","color":"#FF8C00","radius":3,"orbat":[],"description":"Satellite heat detection at 10:58 UTC, in an area of abnormal fire activity. Urban area."}},{"type":"Feature","geometry":{"type":"Point","coordinates":[33.74355,45.87222]},"properties":{"source":"economist_fires","source_name":"The Economist war-fire model","source_url":"https://github.com/TheEconomist/the-economist-war-fire-model","id":49,"date":"2026-09-29","link":"https://www.economist.com/interactive/graphic-detail/ukraine-fires","category":"Fire classified as war-related (model estimate)","side":"Not attributed","color":"#FF8C00","radius":3,"orbat":[],"description":"Satellite heat detection at 10:58 UTC, in an area of abnormal fire activity. Urban area."}},{"type":"Feature","geometry":{"type":"Point","coordinates":[33.74265,45.87564]},"properties":{"source":"economist_fires","source_name":"The Economist war-fire model","source_url":"https://github.com/TheEconomist/the-economist-war-fire-model","id":50,"date":"2026-09-29","link":"https://www.economist.com/interactive/graphic-detail/ukraine-fires","category":"Fire classified as war-related (model estimate)","side":"Not attributed","color":"#FF8C00","radius":3,"orbat":[],"description":"Satellite heat detection at 10:58 UTC, in an area of abnormal fire activity. Urban area."}},{"type":"Feature","geometry":{"type":"Point","coordinates":[33.748,45.87633]},"properties":{"source":"economist_fires","source_name":"The Economist war-fire model","source_url":"https://github.com/TheEconomist/the-economist-war-fire-model","id":51,"date":"2026-09-29","link":"https://www.economist.com/interactive/graphic-detail/ukraine-fires","category":"Fire classified as war-related (model estimate)","side":"Not attributed","color":"#FF8C00","radius":3,"orbat":[],"description":"Satellite heat detection at 10:58 UTC, in an area of abnormal fire activity. Urban area."}},{"type":"Feature","geometry":{"type":"Point","coordinates":[33.74709,45.87975]},"properties":{"source":"economist_fires","source_name":"The Economist war-fire model","source_url":"https://github.com/TheEconomist/the-economist-war-fire-model","id":52,"date":"2026-09-29","link":"https://www.economist.com/interactive/graphic-detail/ukraine-fires","category":"Fire classified as war-related (model estimate)","side":"Not attributed","color":"#FF8C00","radius":3,"orbat":[],"description":"Satellite heat detection at 10:58 UTC, in an area of abnormal fire activity. Urban area."}},{"type":"Feature","geometry":{"type":"Point","coordinates":[33.74085,45.88248]},"properties":{"source":"economist_fires","source_name":"The Economist war-fire model","source_url":"https://github.com/TheEconomist/the-economist-war-fire-model","id":53,"date":"2026-09-29","link":"https://www.economist.com/interactive/graphic-detail/ukraine-fires","category":"Fire classified as war-related (model estimate)","side":"Not attributed","color":"#FF8C00","radius":3,"orbat":[],"description":"Satellite heat detection at 10:58 UTC, in an area of abnormal fire activity. Urban area."}},{"type":"Feature","geometry":{"type":"Point","coordinates":[33.74619,45.88318]},"properties":{"source":"economist_fires","source_name":"The Economist war-fire model","source_url":"https://github.com/TheEconomist/the-economist-war-fire-model","id":54,"date":"2026-09-29","link":"https://www.economist.com/interactive/graphic-detail/ukraine-fires","category":"Fire classified as war-related (model estimate)","side":"Not attributed","color":"#FF8C00","radius":3,"orbat":[],"description":"Satellite heat detection at 10:58 UTC, in an area of abnormal fire activity. Urban area."}},{"type":"Feature","geometry":{"type":"Point","coordinates":[33.74112,45.87317]},"properties":{"source":"economist_fires","source_name":"The Economist war-fire model","source_url":"https://github.com/TheEconomist/the-economist-war-fire-model","id":55,"date":"2026-09-29","link":"https://www.economist.com/interactive/graphic-detail/ukraine-fires","category":"Fire classified as war-related (model estimate)","side":"Not attributed","color":"#FF8C00","radius":3,"orbat":[],"description":"Satellite heat detection at 11:17 UTC, in an area of abnormal fire activity. Urban area."}},{"type":"Feature","geometry":{"type":"Point","coordinates":[33.74049,45.87769]},"properties":{"source":"economist_fires","source_name":"The Economist war-fire model","source_url":"https://github.com/TheEconomist/the-economist-war-fire-model","id":56,"date":"2026-09-29","link":"https://www.economist.com/interactive/graphic-detail/ukraine-fires","category":"Fire classified as war-related (model estimate)","side":"Not attributed","color":"#FF8C00","radius":3,"orbat":[],"description":"Satellite heat detection at 11:17 UTC, in an area of abnormal fire activity. Urban area."}},{"type":"Feature","geometry":{"type":"Point","coordinates":[33.74697,45.87815]},"properties":{"source":"economist_fires","source_name":"The Economist war-fire model","source_url":"https://github.com/TheEconomist/the-economist-war-fire-model","id":57,"date":"2026-09-29","link":"https://www.economist.com/interactive/graphic-detail/ukraine-fires","category":"Fire classified as war-related (model estimate)","side":"Not attributed","color":"#FF8C00","radius":3,"orbat":[],"description":"Satellite heat detection at 11:17 UTC, in an area of abnormal fire activity. Urban area."}},{"type":"Feature","geometry":{"type":"Point","coordinates":[33.73339,45.88173]},"properties":{"source":"economist_fires","source_name":"The Economist war-fire model","source_url":"https://github.com/TheEconomist/the-economist-war-fire-model","id":58,"date":"2026-09-29","link":"https://www.economist.com/interactive/graphic-detail/ukraine-fires","category":"Fire classified as war-related (model estimate)","side":"Not attributed","color":"#FF8C00","radius":3,"orbat":[],"description":"Satellite heat detection at 11:17 UTC, in an area of abnormal fire activity. Urban area."}},{"type":"Feature","geometry":{"type":"Point","coordinates":[33.73986,45.88219]},"properties":{"source":"economist_fires","source_name":"The Economist war-fire model","source_url":"https://github.com/TheEconomist/the-economist-war-fire-model","id":59,"date":"2026-09-29","link":"https://www.economist.com/interactive/graphic-detail/ukraine-fires","category":"Fire classified as war-related (model estimate)","side":"Not attributed","color":"#FF8C00","radius":3,"orbat":[],"description":"Satellite heat detection at 11:17 UTC, in an area of abnormal fire activity. Urban area."}},{"type":"Feature","geometry":{"type":"Point","coordinates":[33.74633,45.88266]},"properties":{"source":"economist_fires","source_name":"The Economist war-fire model","source_url":"https://github.com/TheEconomist/the-economist-war-fire-model","id":60,"date":"2026-09-29","link":"https://www.economist.com/interactive/graphic-detail/ukraine-fires","category":"Fire classified as war-related (model estimate)","side":"Not attributed","color":"#FF8C00","radius":3,"orbat":[],"description":"Satellite heat detection at 11:17 UTC, in an area of abnormal fire activity. Urban area."}},{"type":"Feature","geometry":{"type":"Point","coordinates":[33.72859,45.87504]},"properties":{"source":"economist_fires","source_name":"The Economist war-fire model","source_url":"https://github.com/TheEconomist/the-economist-war-fire-model","id":61,"date":"2026-09-29","link":"https://www.economist.com/interactive/graphic-detail/ukraine-fires","category":"Fire classified as war-related (model estimate)","side":"Not attributed","color":"#FF8C00","radius":3,"orbat":[],"description":"Satellite heat detection at 13:06 UTC, in an area of abnormal fire activity. Urban area."}},{"type":"Feature","geometry":{"type":"Point","coordinates":[33.72632,45.88445]},"properties":{"source":"economist_fires","source_name":"The Economist war-fire model","source_url":"https://github.com/TheEconomist/the-economist-war-fire-model","id":62,"date":"2026-09-29","link":"https://www.economist.com/interactive/graphic-detail/ukraine-fires","category":"Fire classified as war-related (model estimate)","side":"Not attributed","color":"#FF8C00","radius":3,"orbat":[],"description":"Satellite heat detection at 13:06 UTC, in an area of abnormal fire activity. Urban area."}},{"type":"Feature","geometry":{"type":"Point","coordinates":[33.74103,45.88615]},"properties":{"source":"economist_fires","source_name":"The Economist war-fire model","source_url":"https://github.com/TheEconomist/the-economist-war-fire-model","id":63,"date":"2026-09-29","link":"https://www.economist.com/interactive/graphic-detail/ukraine-fires","category":"Fire classified as war-related (model estimate)","side":"Not attributed","color":"#FF8C00","radius":3,"orbat":[],"description":"Satellite heat detection at 13:06 UTC, in an area of abnormal fire activity. Urban area."}},{"type":"Feature","geometry":{"type":"Point","coordinates":[33.76687,46.68461]},"properties":{"source":"economist_fires","source_name":"The Economist war-fire model","source_url":"https://github.com/TheEconomist/the-economist-war-fire-model","id":64,"date":"2026-09-29","link":"https://www.economist.com/interactive/graphic-detail/ukraine-fires","category":"Fire classified as war-related (model estimate)","side":"Not attributed","color":"#FF8C00","radius":3,"orbat":[],"description":"Satellite heat detection at 09:39 UTC, in an area days after abnormal fire activity. Urban area."}},{"type":"Feature","geometry":{"type":"Point","coordinates":[33.76035,46.68229]},"properties":{"source":"economist_fires","source_name":"The Economist war-fire model","source_url":"https://github.com/TheEconomist/the-economist-war-fire-model","id":65,"date":"2026-09-29","link":"https://www.economist.com/interactive/graphic-detail/ukraine-fires","category":"Fire classified as war-related (model estimate)","side":"Not attributed","color":"#FF8C00","radius":3,"orbat":[],"description":"Satellite heat detection at 10:21 UTC, in an area days after abnormal fire activity. Urban area."}},{"type":"Feature","geometry":{"type":"Point","coordinates":[33.75908,46.68563]},"properties":{"source":"economist_fires","source_name":"The Economist war-fire model","source_url":"https://github.com/TheEconomist/the-economist-war-fire-model","id":66,"date":"2026-09-29","link":"https://www.economist.com/interactive/graphic-detail/ukraine-fires","category":"Fire classified as war-related (model estimate)","side":"Not attributed","color":"#FF8C00","radius":3,"orbat":[],"description":"Satellite heat detection at 10:21 UTC, in an area days after abnormal fire activity. Urban area."}},{"type":"Feature","geometry":{"type":"Point","coordinates":[33.76438,46.68659]},"properties":{"source":"economist_fires","source_name":"The Economist war-fire model","source_url":"https://github.com/TheEconomist/the-economist-war-fire-model","id":67,"date":"2026-09-29","link":"https://www.economist.com/interactive/graphic-detail/ukraine-fires","category":"Fire classified as war-related (model estimate)","side":"Not attributed","color":"#FF8C00","radius":3,"orbat":[],"description":"Satellite heat detection at 10:21 UTC, in an area days after abnormal fire activity. Urban area."}},{"type":"Feature","geometry":{"type":"Point","coordinates":[33.75823,46.6848]},"properties":{"source":"economist_fires","source_name":"The Economist war-fire model","source_url":"https://github.com/TheEconomist/the-economist-war-fire-model","id":68,"date":"2026-09-29","link":"https://www.economist.com/interactive/graphic-detail/ukraine-fires","category":"Fire classified as war-related (model estimate)","side":"Not attributed","color":"#FF8C00","radius":3,"orbat":[],"description":"Satellite heat detection at 10:58 UTC, in an area days after abnormal fire activity. Urban area."}},{"type":"Feature","geometry":{"type":"Point","coordinates":[33.76374,46.68548]},"properties":{"source":"economist_fires","source_name":"The Economist war-fire model","source_url":"https://github.com/TheEconomist/the-economist-war-fire-model","id":69,"date":"2026-09-29","link":"https://www.economist.com/interactive/graphic-detail/ukraine-fires","category":"Fire classified as war-related (model estimate)","side":"Not attributed","color":"#FF8C00","radius":3,"orbat":[],"description":"Satellite heat detection at 10:58 UTC, in an area days after abnormal fire activity. Urban area."}},{"type":"Feature","geometry":{"type":"Point","coordinates":[33.94921,46.55194]},"properties":{"source":"economist_fires","source_name":"The Economist war-fire model","source_url":"https://github.com/TheEconomist/the-economist-war-fire-model","id":70,"date":"2026-09-29","link":"https://www.economist.com/interactive/graphic-detail/ukraine-fires","category":"Fire classified as war-related (model estimate)","side":"Not attributed","color":"#FF8C00","radius":3,"orbat":[],"description":"Satellite heat detection at 10:21 UTC, in an area of abnormal fire activity. Urban area."}},{"type":"Feature","geometry":{"type":"Point","coordinates":[33.89323,46.57418]},"properties":{"source":"economist_fires","source_name":"The Economist war-fire model","source_url":"https://github.com/TheEconomist/the-economist-war-fire-model","id":71,"date":"2026-09-29","link":"https://www.economist.com/interactive/graphic-detail/ukraine-fires","category":"Fire classified as war-related (model estimate)","side":"Not attributed","color":"#FF8C00","radius":3,"orbat":[],"description":"Satellite heat detection at 10:21 UTC, in an area of abnormal fire activity. Urban area."}},{"type":"Feature","geometry":{"type":"Point","coordinates":[33.88446,46.57043]},"properties":{"source":"economist_fires","source_name":"The Economist war-fire model","source_url":"https://github.com/TheEconomist/the-economist-war-fire-model","id":72,"date":"2026-09-29","link":"https://www.economist.com/interactive/graphic-detail/ukraine-fires","category":"Fire classified as war-related (model estimate)","side":"Not attributed","color":"#FF8C00","radius":3,"orbat":[],"description":"Satellite heat detection at 10:58 UTC, in an area of abnormal fire activity. Urban area."}},{"type":"Feature","geometry":{"type":"Point","coordinates":[33.89,46.57113]},"properties":{"source":"economist_fires","source_name":"The Economist war-fire model","source_url":"https://github.com/TheEconomist/the-economist-war-fire-model","id":73,"date":"2026-09-29","link":"https://www.economist.com/interactive/graphic-detail/ukraine-fires","category":"Fire classified as war-related (model estimate)","side":"Not attributed","color":"#FF8C00","radius":3,"orbat":[],"description":"Satellite heat detection at 10:58 UTC, in an area of abnormal fire activity. Urban area."}},{"type":"Feature","geometry":{"type":"Point","coordinates":[33.88765,46.57179]},"properties":{"source":"economist_fires","source_name":"The Economist war-fire model","source_url":"https://github.com/TheEconomist/the-economist-war-fire-model","id":74,"date":"2026-09-29","link":"https://www.economist.com/interactive/graphic-detail/ukraine-fires","category":"Fire classified as war-related (model estimate)","side":"Not attributed","color":"#FF8C00","radius":3,"orbat":[],"description":"Satellite heat detection at 10:58 UTC, in an area of abnormal fire activity. Urban area."}},{"type":"Feature","geometry":{"type":"Point","coordinates":[33.89553,46.57183]},"properties":{"source":"economist_fires","source_name":"The Economist war-fire model","source_url":"https://github.com/TheEconomist/the-economist-war-fire-model","id":75,"date":"2026-09-29","link":"https://www.economist.com/interactive/graphic-detail/ukraine-fires","category":"Fire classified as war-related (model estimate)","side":"Not attributed","color":"#FF8C00","radius":3,"orbat":[],"description":"Satellite heat detection at 10:58 UTC, in an area of abnormal fire activity. Urban area."}},{"type":"Feature","geometry":{"type":"Point","coordinates":[33.8932,46.57248]},"properties":{"source":"economist_fires","source_name":"The Economist war-fire model","source_url":"https://github.com/TheEconomist/the-economist-war-fire-model","id":76,"date":"2026-09-29","link":"https://www.economist.com/interactive/graphic-detail/ukraine-fires","category":"Fire classified as war-related (model estimate)","side":"Not attributed","color":"#FF8C00","radius":3,"orbat":[],"description":"Satellite heat detection at 10:58 UTC, in an area of abnormal fire activity. Urban area."}},{"type":"Feature","geometry":{"type":"Point","coordinates":[33.90107,46.57254]},"properties":{"source":"economist_fires","source_name":"The Economist war-fire model","source_url":"https://github.com/TheEconomist/the-economist-war-fire-model","id":77,"date":"2026-09-29","link":"https://www.economist.com/interactive/graphic-detail/ukraine-fires","category":"Fire classified as war-related (model estimate)","side":"Not attributed","color":"#FF8C00","radius":3,"orbat":[],"description":"Satellite heat detection at 10:58 UTC, in an area of abnormal fire activity. Urban area."}},{"type":"Feature","geometry":{"type":"Point","coordinates":[33.89874,46.57316]},"properties":{"source":"economist_fires","source_name":"The Economist war-fire model","source_url":"https://github.com/TheEconomist/the-economist-war-fire-model","id":78,"date":"2026-09-29","link":"https://www.economist.com/interactive/graphic-detail/ukraine-fires","category":"Fire classified as war-related (model estimate)","side":"Not attributed","color":"#FF8C00","radius":3,"orbat":[],"description":"Satellite heat detection at 10:58 UTC, in an area of abnormal fire activity. Urban area."}},{"type":"Feature","geometry":{"type":"Point","coordinates":[33.88674,46.57525]},"properties":{"source":"economist_fires","source_name":"The Economist war-fire model","source_url":"https://github.com/TheEconomist/the-economist-war-fire-model","id":79,"date":"2026-09-29","link":"https://www.economist.com/interactive/graphic-detail/ukraine-fires","category":"Fire classified as war-related (model estimate)","side":"Not attributed","color":"#FF8C00","radius":3,"orbat":[],"description":"Satellite heat detection at 10:58 UTC, in an area of abnormal fire activity. Urban area."}},{"type":"Feature","geometry":{"type":"Point","coordinates":[33.89228,46.57594]},"properties":{"source":"economist_fires","source_name":"The Economist war-fire model","source_url":"https://github.com/TheEconomist/the-economist-war-fire-model","id":80,"date":"2026-09-29","link":"https://www.economist.com/interactive/graphic-detail/ukraine-fires","category":"Fire classified as war-related (model estimate)","side":"Not attributed","color":"#FF8C00","radius":3,"orbat":[],"description":"Satellite heat detection at 10:58 UTC, in an area of abnormal fire activity. Urban area."}},{"type":"Feature","geometry":{"type":"Point","coordinates":[33.89783,46.57662]},"properties":{"source":"economist_fires","source_name":"The Economist war-fire model","source_url":"https://github.com/TheEconomist/the-economist-war-fire-model","id":81,"date":"2026-09-29","link":"https://www.economist.com/interactive/graphic-detail/ukraine-fires","category":"Fire classified as war-related (model estimate)","side":"Not attributed","color":"#FF8C00","radius":3,"orbat":[],"description":"Satellite heat detection at 10:58 UTC, in an area of abnormal fire activity. Urban area."}},{"type":"Feature","geometry":{"type":"Point","coordinates":[33.88351,46.56592]},"properties":{"source":"economist_fires","source_name":"The Economist war-fire model","source_url":"https://github.com/TheEconomist/the-economist-war-fire-model","id":82,"date":"2026-09-29","link":"https://www.economist.com/interactive/graphic-detail/ukraine-fires","category":"Fire classified as war-related (model estimate)","side":"Not attributed","color":"#FF8C00","radius":3,"orbat":[],"description":"Satellite heat detection at 11:17 UTC, in an area of abnormal fire activity. Urban area."}},{"type":"Feature","geometry":{"type":"Point","coordinates":[33.88383,46.56608]},"properties":{"source":"economist_fires","source_name":"The Economist war-fire model","source_url":"https://github.com/TheEconomist/the-economist-war-fire-model","id":83,"date":"2026-09-29","link":"https://www.economist.com/interactive/graphic-detail/ukraine-fires","category":"Fire classified as war-related (model estimate)","side":"Not attributed","color":"#FF8C00","radius":3,"orbat":[],"description":"Satellite heat detection at 11:17 UTC, in an area of abnormal fire activity. Urban area."}},{"type":"Feature","geometry":{"type":"Point","coordinates":[33.88287,46.5705]},"properties":{"source":"economist_fires","source_name":"The Economist war-fire model","source_url":"https://github.com/TheEconomist/the-economist-war-fire-model","id":84,"date":"2026-09-29","link":"https://www.economist.com/interactive/graphic-detail/ukraine-fires","category":"Fire classified as war-related (model estimate)","side":"Not attributed","color":"#FF8C00","radius":3,"orbat":[],"description":"Satellite heat detection at 11:17 UTC, in an area of abnormal fire activity. Urban area."}},{"type":"Feature","geometry":{"type":"Point","coordinates":[33.88319,46.57066]},"properties":{"source":"economist_fires","source_name":"The Economist war-fire model","source_url":"https://github.com/TheEconomist/the-economist-war-fire-model","id":85,"date":"2026-09-29","link":"https://www.economist.com/interactive/graphic-detail/ukraine-fires","category":"Fire classified as war-related (model estimate)","side":"Not attributed","color":"#FF8C00","radius":3,"orbat":[],"description":"Satellite heat detection at 11:17 UTC, in an area of abnormal fire activity. Urban area."}},{"type":"Feature","geometry":{"type":"Point","coordinates":[33.88966,46.57094]},"properties":{"source":"economist_fires","source_name":"The Economist war-fire model","source_url":"https://github.com/TheEconomist/the-economist-war-fire-model","id":86,"date":"2026-09-29","link":"https://www.economist.com/interactive/graphic-detail/ukraine-fires","category":"Fire classified as war-related (model estimate)","side":"Not attributed","color":"#FF8C00","radius":3,"orbat":[],"description":"Satellite heat detection at 11:17 UTC, in an area of abnormal fire activity. Urban area."}},{"type":"Feature","geometry":{"type":"Point","coordinates":[33.88997,46.57114]},"properties":{"source":"economist_fires","source_name":"The Economist war-fire model","source_url":"https://github.com/TheEconomist/the-economist-war-fire-model","id":87,"date":"2026-09-29","link":"https://www.economist.com/interactive/graphic-detail/ukraine-fires","category":"Fire classified as war-related (model estimate)","side":"Not attributed","color":"#FF8C00","radius":3,"orbat":[],"description":"Satellite heat detection at 11:17 UTC, in an area of abnormal fire activity. Urban area."}},{"type":"Feature","geometry":{"type":"Point","coordinates":[33.89646,46.57138]},"properties":{"source":"economist_fires","source_name":"The Economist war-fire model","source_url":"https://github.com/TheEconomist/the-economist-war-fire-model","id":88,"date":"2026-09-29","link":"https://www.economist.com/interactive/graphic-detail/ukraine-fires","category":"Fire classified as war-related (model estimate)","side":"Not attributed","color":"#FF8C00","radius":3,"orbat":[],"description":"Satellite heat detection at 11:17 UTC, in an area of abnormal fire activity. Urban area."}},{"type":"Feature","geometry":{"type":"Point","coordinates":[33.89677,46.57162]},"properties":{"source":"economist_fires","source_name":"The Economist war-fire model","source_url":"https://github.com/TheEconomist/the-economist-war-fire-model","id":89,"date":"2026-09-29","link":"https://www.economist.com/interactive/graphic-detail/ukraine-fires","category":"Fire classified as war-related (model estimate)","side":"Not attributed","color":"#FF8C00","radius":3,"orbat":[],"description":"Satellite heat detection at 11:17 UTC, in an area of abnormal fire activity. Urban area."}},{"type":"Feature","geometry":{"type":"Point","coordinates":[33.90326,46.57183]},"properties":{"source":"economist_fires","source_name":"The Economist war-fire model","source_url":"https://github.com/TheEconomist/the-economist-war-fire-model","id":90,"date":"2026-09-29","link":"https://www.economist.com/interactive/graphic-detail/ukraine-fires","category":"Fire classified as war-related (model estimate)","side":"Not attributed","color":"#FF8C00","radius":3,"orbat":[],"description":"Satellite heat detection at 11:17 UTC, in an area of abnormal fire activity. Urban area."}},{"type":"Feature","geometry":{"type":"Point","coordinates":[33.90355,46.57209]},"properties":{"source":"economist_fires","source_name":"The Economist war-fire model","source_url":"https://github.com/TheEconomist/the-economist-war-fire-model","id":91,"date":"2026-09-29","link":"https://www.economist.com/interactive/graphic-detail/ukraine-fires","category":"Fire classified as war-related (model estimate)","side":"Not attributed","color":"#FF8C00","radius":3,"orbat":[],"description":"Satellite heat detection at 11:17 UTC, in an area of abnormal fire activity. Urban area."}},{"type":"Feature","geometry":{"type":"Point","coordinates":[33.88902,46.57552]},"properties":{"source":"economist_fires","source_name":"The Economist war-fire model","source_url":"https://github.com/TheEconomist/the-economist-war-fire-model","id":92,"date":"2026-09-29","link":"https://www.economist.com/interactive/graphic-detail/ukraine-fires","category":"Fire classified as war-related (model estimate)","side":"Not attributed","color":"#FF8C00","radius":3,"orbat":[],"description":"Satellite heat detection at 11:17 UTC, in an area of abnormal fire activity. Urban area."}},{"type":"Feature","geometry":{"type":"Point","coordinates":[33.88935,46.57571]},"properties":{"source":"economist_fires","source_name":"The Economist war-fire model","source_url":"https://github.com/TheEconomist/the-economist-war-fire-model","id":93,"date":"2026-09-29","link":"https://www.economist.com/interactive/graphic-detail/ukraine-fires","category":"Fire classified as war-related (model estimate)","side":"Not attributed","color":"#FF8C00","radius":3,"orbat":[],"description":"Satellite heat detection at 11:17 UTC, in an area of abnormal fire activity. Urban area."}},{"type":"Feature","geometry":{"type":"Point","coordinates":[33.89583,46.57597]},"properties":{"source":"economist_fires","source_name":"The Economist war-fire model","source_url":"https://github.com/TheEconomist/the-economist-war-fire-model","id":94,"date":"2026-09-29","link":"https://www.economist.com/interactive/graphic-detail/ukraine-fires","category":"Fire classified as war-related (model estimate)","side":"Not attributed","color":"#FF8C00","radius":3,"orbat":[],"description":"Satellite heat detection at 11:17 UTC, in an area of abnormal fire activity. Urban area."}},{"type":"Feature","geometry":{"type":"Point","coordinates":[33.89614,46.5762]},"properties":{"source":"economist_fires","source_name":"The Economist war-fire model","source_url":"https://github.com/TheEconomist/the-economist-war-fire-model","id":95,"date":"2026-09-29","link":"https://www.economist.com/interactive/graphic-detail/ukraine-fires","category":"Fire classified as war-related (model estimate)","side":"Not attributed","color":"#FF8C00","radius":3,"orbat":[],"description":"Satellite heat detection at 11:17 UTC, in an area of abnormal fire activity. Urban area."}},{"type":"Feature","geometry":{"type":"Point","coordinates":[33.93959,46.56105]},"properties":{"source":"economist_fires","source_name":"The Economist war-fire model","source_url":"https://github.com/TheEconomist/the-economist-war-fire-model","id":96,"date":"2026-09-29","link":"https://www.economist.com/interactive/graphic-detail/ukraine-fires","category":"Fire classified as war-related (model estimate)","side":"Not attributed","color":"#FF8C00","radius":3,"orbat":[],"description":"Satellite heat detection at 13:06 UTC, in an area of abnormal fire activity. Urban area."}},{"type":"Feature","geometry":{"type":"Point","coordinates":[33.89098,46.56541]},"properties":{"source":"economist_fires","source_name":"The Economist war-fire model","source_url":"https://github.com/TheEconomist/the-economist-war-fire-model","id":97,"date":"2026-09-29","link":"https://www.economist.com/interactive/graphic-detail/ukraine-fires","category":"Fire classified as war-related (model estimate)","side":"Not attributed","color":"#FF8C00","radius":3,"orbat":[],"description":"Satellite heat detection at 13:06 UTC, in an area of abnormal fire activity. Urban area."}},{"type":"Feature","geometry":{"type":"Point","coordinates":[34.14828,46.66775]},"properties":{"source":"economist_fires","source_name":"The Economist war-fire model","source_url":"https://github.com/TheEconomist/the-economist-war-fire-model","id":98,"date":"2026-09-29","link":"https://www.economist.com/interactive/graphic-detail/ukraine-fires","category":"Fire classified as war-related (model estimate)","side":"Not attributed","color":"#FF8C00","radius":3,"orbat":[],"description":"Satellite heat detection at 22:35 UTC, in an area days after abnormal fire activity. Urban area."}},{"type":"Feature","geometry":{"type":"Point","coordinates":[34.14612,46.66595]},"properties":{"source":"economist_fires","source_name":"The Economist war-fire model","source_url":"https://github.com/TheEconomist/the-economist-war-fire-model","id":99,"date":"2026-09-29","link":"https://www.economist.com/interactive/graphic-detail/ukraine-fires","category":"Fire classified as war-related (model estimate)","side":"Not attributed","color":"#FF8C00","radius":3,"orbat":[],"description":"Satellite heat detection at 23:12 UTC, in an area days after abnormal fire activity. Urban area."}},{"type":"Feature","geometry":{"type":"Point","coordinates":[34.1476,46.6666]},"properties":{"source":"economist_fires","source_name":"The Economist war-fire model","source_url":"https://github.com/TheEconomist/the-economist-war-fire-model","id":100,"date":"2026-09-29","link":"https://www.economist.com/interactive/graphic-detail/ukraine-fires","category":"Fire classified as war-related (model estimate)","side":"Not attributed","color":"#FF8C00","radius":3,"orbat":[],"description":"Satellite heat detection at 23:31 UTC, in an area days after abnormal fire activity. Urban area."}},{"type":"Feature","geometry":{"type":"Point","coordinates":[34.14912,47.68625]},"properties":{"source":"economist_fires","source_name":"The Economist war-fire model","source_url":"https://github.com/TheEconomist/the-economist-war-fire-model","id":101,"date":"2026-09-29","link":"https://www.economist.com/interactive/graphic-detail/ukraine-fires","category":"Fire classified as war-related (model estimate)","side":"Not attributed","color":"#FF8C00","radius":3,"orbat":[],"description":"Satellite heat detection at 10:21 UTC, in an area of abnormal fire activity. Urban area."}},{"type":"Feature","geometry":{"type":"Point","coordinates":[34.16037,47.6566]},"properties":{"source":"economist_fires","source_name":"The Economist war-fire model","source_url":"https://github.com/TheEconomist/the-economist-war-fire-model","id":102,"date":"2026-09-29","link":"https://www.economist.com/interactive/graphic-detail/ukraine-fires","category":"Fire classified as war-related (model estimate)","side":"Not attributed","color":"#FF8C00","radius":3,"orbat":[],"description":"Satellite heat detection at 10:21 UTC, in an area of abnormal fire activity. Urban area."}},{"type":"Feature","geometry":{"type":"Point","coordinates":[34.15392,47.65899]},"properties":{"source":"economist_fires","source_name":"The Economist war-fire model","source_url":"https://github.com/TheEconomist/the-economist-war-fire-model","id":103,"date":"2026-09-29","link":"https://www.economist.com/interactive/graphic-detail/ukraine-fires","category":"Fire classified as war-related (model estimate)","side":"Not attributed","color":"#FF8C00","radius":3,"orbat":[],"description":"Satellite heat detection at 10:21 UTC, in an area of abnormal fire activity. Urban area."}},{"type":"Feature","geometry":{"type":"Point","coordinates":[34.15911,47.65989]},"properties":{"source":"economist_fires","source_name":"The Economist war-fire model","source_url":"https://github.com/TheEconomist/the-economist-war-fire-model","id":104,"date":"2026-09-29","link":"https://www.economist.com/interactive/graphic-detail/ukraine-fires","category":"Fire classified as war-related (model estimate)","side":"Not attributed","color":"#FF8C00","radius":3,"orbat":[],"description":"Satellite heat detection at 10:21 UTC, in an area of abnormal fire activity. Urban area."}},{"type":"Feature","geometry":{"type":"Point","coordinates":[34.16431,47.66079]},"properties":{"source":"economist_fires","source_name":"The Economist war-fire model","source_url":"https://github.com/TheEconomist/the-economist-war-fire-model","id":105,"date":"2026-09-29","link":"https://www.economist.com/interactive/graphic-detail/ukraine-fires","category":"Fire classified as war-related (model estimate)","side":"Not attributed","color":"#FF8C00","radius":3,"orbat":[],"description":"Satellite heat detection at 10:21 UTC, in an area of abnormal fire activity. Urban area."}},{"type":"Feature","geometry":{"type":"Point","coordinates":[34.15266,47.66228]},"properties":{"source":"economist_fires","source_name":"The Economist war-fire model","source_url":"https://github.com/TheEconomist/the-economist-war-fire-model","id":106,"date":"2026-09-29","link":"https://www.economist.com/interactive/graphic-detail/ukraine-fires","category":"Fire classified as war-related (model estimate)","side":"Not attributed","color":"#FF8C00","radius":3,"orbat":[],"description":"Satellite heat detection at 10:21 UTC, in an area of abnormal fire activity. Urban area."}},{"type":"Feature","geometry":{"type":"Point","coordinates":[34.15786,47.66319]},"properties":{"source":"economist_fires","source_name":"The Economist war-fire model","source_url":"https://github.com/TheEconomist/the-economist-war-fire-model","id":107,"date":"2026-09-29","link":"https://www.economist.com/interactive/graphic-detail/ukraine-fires","category":"Fire classified as war-related (model estimate)","side":"Not attributed","color":"#FF8C00","radius":3,"orbat":[],"description":"Satellite heat detection at 10:21 UTC, in an area of abnormal fire activity. Urban area."}},{"type":"Feature","geometry":{"type":"Point","coordinates":[34.16306,47.66409]},"properties":{"source":"economist_fires","source_name":"The Economist war-fire model","source_url":"https://github.com/TheEconomist/the-economist-war-fire-model","id":108,"date":"2026-09-29","link":"https://www.economist.com/interactive/graphic-detail/ukraine-fires","category":"Fire classified as war-related (model estimate)","side":"Not attributed","color":"#FF8C00","radius":3,"orbat":[],"description":"Satellite heat detection at 10:21 UTC, in an area of abnormal fire activity. Urban area."}},{"type":"Feature","geometry":{"type":"Point","coordinates":[34.15141,47.66558]},"properties":{"source":"economist_fires","source_name":"The Economist war-fire model","source_url":"https://github.com/TheEconomist/the-economist-war-fire-model","id":109,"date":"2026-09-29","link":"https://www.economist.com/interactive/graphic-detail/ukraine-fires","category":"Fire classified as war-related (model estimate)","side":"Not attributed","color":"#FF8C00","radius":3,"orbat":[],"description":"Satellite heat detection at 10:21 UTC, in an area of abnormal fire activity. Urban area."}},{"type":"Feature","geometry":{"type":"Point","coordinates":[34.15662,47.66648]},"properties":{"source":"economist_fires","source_name":"The Economist war-fire model","source_url":"https://github.com/TheEconomist/the-economist-war-fire-model","id":110,"date":"2026-09-29","link":"https://www.economist.com/interactive/graphic-detail/ukraine-fires","category":"Fire classified as war-related (model estimate)","side":"Not attributed","color":"#FF8C00","radius":3,"orbat":[],"description":"Satellite heat detection at 10:21 UTC, in an area of abnormal fire activity. Urban area."}},{"type":"Feature","geometry":{"type":"Point","coordinates":[34.16182,47.66739]},"properties":{"source":"economist_fires","source_name":"The Economist war-fire model","source_url":"https://github.com/TheEconomist/the-economist-war-fire-model","id":111,"date":"2026-09-29","link":"https://www.economist.com/interactive/graphic-detail/ukraine-fires","category":"Fire classified as war-related (model estimate)","side":"Not attributed","color":"#FF8C00","radius":3,"orbat":[],"description":"Satellite heat detection at 10:21 UTC, in an area of abnormal fire activity. Urban area."}},{"type":"Feature","geometry":{"type":"Point","coordinates":[34.16702,47.66828]},"properties":{"source":"economist_fires","source_name":"The Economist war-fire model","source_url":"https://github.com/TheEconomist/the-economist-war-fire-model","id":112,"date":"2026-09-29","link":"https://www.economist.com/interactive/graphic-detail/ukraine-fires","category":"Fire classified as war-related (model estimate)","side":"Not attributed","color":"#FF8C00","radius":3,"orbat":[],"description":"Satellite heat detection at 10:21 UTC, in an area of abnormal fire activity. Urban area."}},{"type":"Feature","geometry":{"type":"Point","coordinates":[34.15017,47.66888]},"properties":{"source":"economist_fires","source_name":"The Economist war-fire model","source_url":"https://github.com/TheEconomist/the-economist-war-fire-model","id":113,"date":"2026-09-29","link":"https://www.economist.com/interactive/graphic-detail/ukraine-fires","category":"Fire classified as war-related (model estimate)","side":"Not attributed","color":"#FF8C00","radius":3,"orbat":[],"description":"Satellite heat detection at 10:21 UTC, in an area of abnormal fire activity. Urban area."}},{"type":"Feature","geometry":{"type":"Point","coordinates":[34.15538,47.66978]},"properties":{"source":"economist_fires","source_name":"The Economist war-fire model","source_url":"https://github.com/TheEconomist/the-economist-war-fire-model","id":114,"date":"2026-09-29","link":"https://www.economist.com/interactive/graphic-detail/ukraine-fires","category":"Fire classified as war-related (model estimate)","side":"Not attributed","color":"#FF8C00","radius":3,"orbat":[],"description":"Satellite heat detection at 10:21 UTC, in an area of abnormal fire activity. Urban area."}},{"type":"Feature","geometry":{"type":"Point","coordinates":[34.16058,47.67068]},"properties":{"source":"economist_fires","source_name":"The Economist war-fire model","source_url":"https://github.com/TheEconomist/the-economist-war-fire-model","id":115,"date":"2026-09-29","link":"https://www.economist.com/interactive/graphic-detail/ukraine-fires","category":"Fire classified as war-related (model estimate)","side":"Not attributed","color":"#FF8C00","radius":3,"orbat":[],"description":"Satellite heat detection at 10:21 UTC, in an area of abnormal fire activity. Urban area."}},{"type":"Feature","geometry":{"type":"Point","coordinates":[34.15413,47.67308]},"properties":{"source":"economist_fires","source_name":"The Economist war-fire model","source_url":"https://github.com/TheEconomist/the-economist-war-fire-model","id":116,"date":"2026-09-29","link":"https://www.economist.com/interactive/graphic-detail/ukraine-fires","category":"Fire classified as war-related (model estimate)","side":"Not attributed","color":"#FF8C00","radius":3,"orbat":[],"description":"Satellite heat detection at 10:21 UTC, in an area of abnormal fire activity. Urban area."}},{"type":"Feature","geometry":{"type":"Point","coordinates":[34.15933,47.67398]},"properties":{"source":"economist_fires","source_name":"The Economist war-fire model","source_url":"https://github.com/TheEconomist/the-economist-war-fire-model","id":117,"date":"2026-09-29","link":"https://www.economist.com/interactive/graphic-detail/ukraine-fires","category":"Fire classified as war-related (model estimate)","side":"Not attributed","color":"#FF8C00","radius":3,"orbat":[],"description":"Satellite heat detection at 10:21 UTC, in an area of abnormal fire activity. Urban area."}},{"type":"Feature","geometry":{"type":"Point","coordinates":[34.16453,47.67488]},"properties":{"source":"economist_fires","source_name":"The Economist war-fire model","source_url":"https://github.com/TheEconomist/the-economist-war-fire-model","id":118,"date":"2026-09-29","link":"https://www.economist.com/interactive/graphic-detail/ukraine-fires","category":"Fire classified as war-related (model estimate)","side":"Not attributed","color":"#FF8C00","radius":3,"orbat":[],"description":"Satellite heat detection at 10:21 UTC, in an area of abnormal fire activity. Urban area."}},{"type":"Feature","geometry":{"type":"Point","coordinates":[34.15162,47.67966]},"properties":{"source":"economist_fires","source_name":"The Economist war-fire model","source_url":"https://github.com/TheEconomist/the-economist-war-fire-model","id":119,"date":"2026-09-29","link":"https://www.economist.com/interactive/graphic-detail/ukraine-fires","category":"Fire classified as war-related (model estimate)","side":"Not attributed","color":"#FF8C00","radius":3,"orbat":[],"description":"Satellite heat detection at 10:21 UTC, in an area of abnormal fire activity. Urban area."}},{"type":"Feature","geometry":{"type":"Point","coordinates":[34.16203,47.68147]},"properties":{"source":"economist_fires","source_name":"The Economist war-fire model","source_url":"https://github.com/TheEconomist/the-economist-war-fire-model","id":120,"date":"2026-09-29","link":"https://www.economist.com/interactive/graphic-detail/ukraine-fires","category":"Fire classified as war-related (model estimate)","side":"Not attributed","color":"#FF8C00","radius":3,"orbat":[],"description":"Satellite heat detection at 10:21 UTC, in an area of abnormal fire activity. Urban area."}},{"type":"Feature","geometry":{"type":"Point","coordinates":[34.15037,47.68296]},"properties":{"source":"economist_fires","source_name":"The Economist war-fire model","source_url":"https://github.com/TheEconomist/the-economist-war-fire-model","id":121,"date":"2026-09-29","link":"https://www.economist.com/interactive/graphic-detail/ukraine-fires","category":"Fire classified as war-related (model estimate)","side":"Not attributed","color":"#FF8C00","radius":3,"orbat":[],"description":"Satellite heat detection at 10:21 UTC, in an area of abnormal fire activity. Urban area."}},{"type":"Feature","geometry":{"type":"Point","coordinates":[34.15558,47.68386]},"properties":{"source":"economist_fires","source_name":"The Economist war-fire model","source_url":"https://github.com/TheEconomist/the-economist-war-fire-model","id":122,"date":"2026-09-29","link":"https://www.economist.com/interactive/graphic-detail/ukraine-fires","category":"Fire classified as war-related (model estimate)","side":"Not attributed","color":"#FF8C00","radius":3,"orbat":[],"description":"Satellite heat detection at 10:21 UTC, in an area of abnormal fire activity. Urban area."}},{"type":"Feature","geometry":{"type":"Point","coordinates":[34.39799,47.49335]},"properties":{"source":"economist_fires","source_name":"The Economist war-fire model","source_url":"https://github.com/TheEconomist/the-economist-war-fire-model","id":123,"date":"2026-09-29","link":"https://www.economist.com/interactive/graphic-detail/ukraine-fires","category":"Fire classified as war-related (model estimate)","side":"Not attributed","color":"#FF8C00","radius":3,"orbat":[],"description":"Satellite heat detection at 09:39 UTC, in an area days after abnormal fire activity. Urban area."}},{"type":"Feature","geometry":{"type":"Point","coordinates":[34.47641,46.83762]},"properties":{"source":"economist_fires","source_name":"The Economist war-fire model","source_url":"https://github.com/TheEconomist/the-economist-war-fire-model","id":124,"date":"2026-09-29","link":"https://www.economist.com/interactive/graphic-detail/ukraine-fires","category":"Fire classified as war-related (model estimate)","side":"Not attributed","color":"#FF8C00","radius":3,"orbat":[],"description":"Satellite heat detection at 09:39 UTC, in an area of abnormal fire activity. Urban area."}},{"type":"Feature","geometry":{"type":"Point","coordinates":[34.47832,46.83251]},"properties":{"source":"economist_fires","source_name":"The Economist war-fire model","source_url":"https://github.com/TheEconomist/the-economist-war-fire-model","id":125,"date":"2026-09-29","link":"https://www.economist.com/interactive/graphic-detail/ukraine-fires","category":"Fire classified as war-related (model estimate)","side":"Not attributed","color":"#FF8C00","radius":3,"orbat":[],"description":"Satellite heat detection at 11:17 UTC, in an area of abnormal fire activity. Urban area."}},{"type":"Feature","geometry":{"type":"Point","coordinates":[34.47647,46.83353]},"properties":{"source":"economist_fires","source_name":"The Economist war-fire model","source_url":"https://github.com/TheEconomist/the-economist-war-fire-model","id":126,"date":"2026-09-29","link":"https://www.economist.com/interactive/graphic-detail/ukraine-fires","category":"Fire classified as war-related (model estimate)","side":"Not attributed","color":"#FF8C00","radius":3,"orbat":[],"description":"Satellite heat detection at 11:17 UTC, in an area of abnormal fire activity. Urban area."}},{"type":"Feature","geometry":{"type":"Point","coordinates":[34.66996,46.93564]},"properties":{"source":"economist_fires","source_name":"The Economist war-fire model","source_url":"https://github.com/TheEconomist/the-economist-war-fire-model","id":127,"date":"2026-09-29","link":"https://www.economist.com/interactive/graphic-detail/ukraine-fires","category":"Fire classified as war-related (model estimate)","side":"Not attributed","color":"#FF8C00","radius":3,"orbat":[],"description":"Satellite heat detection at 10:58 UTC, in an area of abnormal fire activity. Urban area."}},{"type":"Feature","geometry":{"type":"Point","coordinates":[34.66907,46.9392]},"properties":{"source":"economist_fires","source_name":"The Economist war-fire model","source_url":"https://github.com/TheEconomist/the-economist-war-fire-model","id":128,"date":"2026-09-29","link":"https://www.economist.com/interactive/graphic-detail/ukraine-fires","category":"Fire classified as war-related (model estimate)","side":"Not attributed","color":"#FF8C00","radius":3,"orbat":[],"description":"Satellite heat detection at 10:58 UTC, in an area of abnormal fire activity. Urban area."}},{"type":"Feature","geometry":{"type":"Point","coordinates":[34.66819,46.94276]},"properties":{"source":"economist_fires","source_name":"The Economist war-fire model","source_url":"https://github.com/TheEconomist/the-economist-war-fire-model","id":129,"date":"2026-09-29","link":"https://www.economist.com/interactive/graphic-detail/ukraine-fires","category":"Fire classified as war-related (model estimate)","side":"Not attributed","color":"#FF8C00","radius":3,"orbat":[],"description":"Satellite heat detection at 10:58 UTC, in an area of abnormal fire activity. Urban area."}},{"type":"Feature","geometry":{"type":"Point","coordinates":[34.67163,46.93623]},"properties":{"source":"economist_fires","source_name":"The Economist war-fire model","source_url":"https://github.com/TheEconomist/the-economist-war-fire-model","id":130,"date":"2026-09-29","link":"https://www.economist.com/interactive/graphic-detail/ukraine-fires","category":"Fire classified as war-related (model estimate)","side":"Not attributed","color":"#FF8C00","radius":3,"orbat":[],"description":"Satellite heat detection at 11:17 UTC, in an area of abnormal fire activity. Urban area."}},{"type":"Feature","geometry":{"type":"Point","coordinates":[34.67234,46.93651]},"properties":{"source":"economist_fires","source_name":"The Economist war-fire model","source_url":"https://github.com/TheEconomist/the-economist-war-fire-model","id":131,"date":"2026-09-29","link":"https://www.economist.com/interactive/graphic-detail/ukraine-fires","category":"Fire classified as war-related (model estimate)","side":"Not attributed","color":"#FF8C00","radius":3,"orbat":[],"description":"Satellite heat detection at 11:17 UTC, in an area of abnormal fire activity. Urban area."}},{"type":"Feature","geometry":{"type":"Point","coordinates":[34.67104,46.94101]},"properties":{"source":"economist_fires","source_name":"The Economist war-fire model","source_url":"https://github.com/TheEconomist/the-economist-war-fire-model","id":132,"date":"2026-09-29","link":"https://www.economist.com/interactive/graphic-detail/ukraine-fires","category":"Fire classified as war-related (model estimate)","side":"Not attributed","color":"#FF8C00","radius":3,"orbat":[],"description":"Satellite heat detection at 11:17 UTC, in an area of abnormal fire activity. Urban area."}},{"type":"Feature","geometry":{"type":"Point","coordinates":[34.71514,46.93107]},"properties":{"source":"economist_fires","source_name":"The Economist war-fire model","source_url":"https://github.com/TheEconomist/the-economist-war-fire-model","id":133,"date":"2026-09-29","link":"https://www.economist.com/interactive/graphic-detail/ukraine-fires","category":"Fire classified as war-related (model estimate)","side":"Not attributed","color":"#FF8C00","radius":3,"orbat":[],"description":"Satellite heat detection at 13:06 UTC, in an area of abnormal fire activity. Urban area."}},{"type":"Feature","geometry":{"type":"Point","coordinates":[35.46791,47.77291]},"properties":{"source":"economist_fires","source_name":"The Economist war-fire model","source_url":"https://github.com/TheEconomist/the-economist-war-fire-model","id":134,"date":"2026-09-29","link":"https://www.economist.com/interactive/graphic-detail/ukraine-fires","category":"Fire classified as war-related (model estimate)","side":"Not attributed","color":"#FF8C00","radius":3,"orbat":[],"description":"Satellite heat detection at 22:35 UTC, in an area days after abnormal fire activity. Urban area."}},{"type":"Feature","geometry":{"type":"Point","coordinates":[35.46506,47.77427]},"properties":{"source":"economist_fires","source_name":"The Economist war-fire model","source_url":"https://github.com/TheEconomist/the-economist-war-fire-model","id":135,"date":"2026-09-29","link":"https://www.economist.com/interactive/graphic-detail/ukraine-fires","category":"Fire classified as war-related (model estimate)","side":"Not attributed","color":"#FF8C00","radius":3,"orbat":[],"description":"Satellite heat detection at 22:35 UTC, in an area days after abnormal fire activity. Urban area."}},{"type":"Feature","geometry":{"type":"Point","coordinates":[35.46278,47.76735]},"properties":{"source":"economist_fires","source_name":"The Economist war-fire model","source_url":"https://github.com/TheEconomist/the-economist-war-fire-model","id":136,"date":"2026-09-29","link":"https://www.economist.com/interactive/graphic-detail/ukraine-fires","category":"Fire classified as war-related (model estimate)","side":"Not attributed","color":"#FF8C00","radius":3,"orbat":[],"description":"Satellite heat detection at 23:12 UTC, in an area days after abnormal fire activity. Urban area."}},{"type":"Feature","geometry":{"type":"Point","coordinates":[35.46347,47.77206]},"properties":{"source":"economist_fires","source_name":"The Economist war-fire model","source_url":"https://github.com/TheEconomist/the-economist-war-fire-model","id":137,"date":"2026-09-29","link":"https://www.economist.com/interactive/graphic-detail/ukraine-fires","category":"Fire classified as war-related (model estimate)","side":"Not attributed","color":"#FF8C00","radius":3,"orbat":[],"description":"Satellite heat detection at 23:12 UTC, in an area days after abnormal fire activity. Urban area."}},{"type":"Feature","geometry":{"type":"Point","coordinates":[35.46436,47.77303]},"properties":{"source":"economist_fires","source_name":"The Economist war-fire model","source_url":"https://github.com/TheEconomist/the-economist-war-fire-model","id":138,"date":"2026-09-29","link":"https://www.economist.com/interactive/graphic-detail/ukraine-fires","category":"Fire classified as war-related (model estimate)","side":"Not attributed","color":"#FF8C00","radius":3,"orbat":[],"description":"Satellite heat detection at 23:12 UTC, in an area days after abnormal fire activity. Urban area."}},{"type":"Feature","geometry":{"type":"Point","coordinates":[35.46416,47.77678]},"properties":{"source":"economist_fires","source_name":"The Economist war-fire model","source_url":"https://github.com/TheEconomist/the-economist-war-fire-model","id":139,"date":"2026-09-29","link":"https://www.economist.com/interactive/graphic-detail/ukraine-fires","category":"Fire classified as war-related (model estimate)","side":"Not attributed","color":"#FF8C00","radius":3,"orbat":[],"description":"Satellite heat detection at 23:12 UTC, in an area days after abnormal fire activity. Urban area."}},{"type":"Feature","geometry":{"type":"Point","coordinates":[35.46506,47.77774]},"properties":{"source":"economist_fires","source_name":"The Economist war-fire model","source_url":"https://github.com/TheEconomist/the-economist-war-fire-model","id":140,"date":"2026-09-29","link":"https://www.economist.com/interactive/graphic-detail/ukraine-fires","category":"Fire classified as war-related (model estimate)","side":"Not attributed","color":"#FF8C00","radius":3,"orbat":[],"description":"Satellite heat detection at 23:12 UTC, in an area days after abnormal fire activity. Urban area."}},{"type":"Feature","geometry":{"type":"Point","coordinates":[36.01373,48.37513]},"properties":{"source":"economist_fires","source_name":"The Economist war-fire model","source_url":"https://github.com/TheEconomist/the-economist-war-fire-model","id":141,"date":"2026-09-29","link":"https://www.economist.com/interactive/graphic-detail/ukraine-fires","category":"Fire classified as war-related (model estimate)","side":"Not attributed","color":"#FF8C00","radius":3,"orbat":[],"description":"Satellite heat detection at 09:39 UTC, in an area of abnormal fire activity. Urban area."}},{"type":"Feature","geometry":{"type":"Point","coordinates":[36.00302,48.37599]},"properties":{"source":"economist_fires","source_name":"The Economist war-fire model","source_url":"https://github.com/TheEconomist/the-economist-war-fire-model","id":142,"date":"2026-09-29","link":"https://www.economist.com/interactive/graphic-detail/ukraine-fires","category":"Fire classified as war-related (model estimate)","side":"Not attributed","color":"#FF8C00","radius":3,"orbat":[],"description":"Satellite heat detection at 09:39 UTC, in an area of abnormal fire activity. Urban area."}},{"type":"Feature","geometry":{"type":"Point","coordinates":[36.00282,48.37749]},"properties":{"source":"economist_fires","source_name":"The Economist war-fire model","source_url":"https://github.com/TheEconomist/the-economist-war-fire-model","id":143,"date":"2026-09-29","link":"https://www.economist.com/interactive/graphic-detail/ukraine-fires","category":"Fire classified as war-related (model estimate)","side":"Not attributed","color":"#FF8C00","radius":3,"orbat":[],"description":"Satellite heat detection at 09:39 UTC, in an area of abnormal fire activity. Urban area."}},{"type":"Feature","geometry":{"type":"Point","coordinates":[36.01095,48.37817]},"properties":{"source":"economist_fires","source_name":"The Economist war-fire model","source_url":"https://github.com/TheEconomist/the-economist-war-fire-model","id":144,"date":"2026-09-29","link":"https://www.economist.com/interactive/graphic-detail/ukraine-fires","category":"Fire classified as war-related (model estimate)","side":"Not attributed","color":"#FF8C00","radius":3,"orbat":[],"description":"Satellite heat detection at 09:39 UTC, in an area of abnormal fire activity. Urban area."}},{"type":"Feature","geometry":{"type":"Point","coordinates":[36.01072,48.37971]},"properties":{"source":"economist_fires","source_name":"The Economist war-fire model","source_url":"https://github.com/TheEconomist/the-economist-war-fire-model","id":145,"date":"2026-09-29","link":"https://www.economist.com/interactive/graphic-detail/ukraine-fires","category":"Fire classified as war-related (model estimate)","side":"Not attributed","color":"#FF8C00","radius":3,"orbat":[],"description":"Satellite heat detection at 09:39 UTC, in an area of abnormal fire activity. Urban area."}},{"type":"Feature","geometry":{"type":"Point","coordinates":[36.01895,48.38036]},"properties":{"source":"economist_fires","source_name":"The Economist war-fire model","source_url":"https://github.com/TheEconomist/the-economist-war-fire-model","id":146,"date":"2026-09-29","link":"https://www.economist.com/interactive/graphic-detail/ukraine-fires","category":"Fire classified as war-related (model estimate)","side":"Not attributed","color":"#FF8C00","radius":3,"orbat":[],"description":"Satellite heat detection at 09:39 UTC, in an area of abnormal fire activity. Urban area."}},{"type":"Feature","geometry":{"type":"Point","coordinates":[36.0187,48.38195]},"properties":{"source":"economist_fires","source_name":"The Economist war-fire model","source_url":"https://github.com/TheEconomist/the-economist-war-fire-model","id":147,"date":"2026-09-29","link":"https://www.economist.com/interactive/graphic-detail/ukraine-fires","category":"Fire classified as war-related (model estimate)","side":"Not attributed","color":"#FF8C00","radius":3,"orbat":[],"description":"Satellite heat detection at 09:39 UTC, in an area of abnormal fire activity. Urban area."}},{"type":"Feature","geometry":{"type":"Point","coordinates":[36.00799,48.38276]},"properties":{"source":"economist_fires","source_name":"The Economist war-fire model","source_url":"https://github.com/TheEconomist/the-economist-war-fire-model","id":148,"date":"2026-09-29","link":"https://www.economist.com/interactive/graphic-detail/ukraine-fires","category":"Fire classified as war-related (model estimate)","side":"Not attributed","color":"#FF8C00","radius":3,"orbat":[],"description":"Satellite heat detection at 09:39 UTC, in an area of abnormal fire activity. Urban area."}},{"type":"Feature","geometry":{"type":"Point","coordinates":[36.01597,48.38495]},"properties":{"source":"economist_fires","source_name":"The Economist war-fire model","source_url":"https://github.com/TheEconomist/the-economist-war-fire-model","id":149,"date":"2026-09-29","link":"https://www.economist.com/interactive/graphic-detail/ukraine-fires","category":"Fire classified as war-related (model estimate)","side":"Not attributed","color":"#FF8C00","radius":3,"orbat":[],"description":"Satellite heat detection at 09:39 UTC, in an area of abnormal fire activity. Urban area."}},{"type":"Feature","geometry":{"type":"Point","coordinates":[36.01027,48.37622]},"properties":{"source":"economist_fires","source_name":"The Economist war-fire model","source_url":"https://github.com/TheEconomist/the-economist-war-fire-model","id":150,"date":"2026-09-29","link":"https://www.economist.com/interactive/graphic-detail/ukraine-fires","category":"Fire classified as war-related (model estimate)","side":"Not attributed","color":"#FF8C00","radius":3,"orbat":[],"description":"Satellite heat detection at 10:21 UTC, in an area of abnormal fire activity. Urban area."}},{"type":"Feature","geometry":{"type":"Point","coordinates":[36.01537,48.37701]},"properties":{"source":"economist_fires","source_name":"The Economist war-fire model","source_url":"https://github.com/TheEconomist/the-economist-war-fire-model","id":151,"date":"2026-09-29","link":"https://www.economist.com/interactive/graphic-detail/ukraine-fires","category":"Fire classified as war-related (model estimate)","side":"Not attributed","color":"#FF8C00","radius":3,"orbat":[],"description":"Satellite heat detection at 10:21 UTC, in an area of abnormal fire activity. Urban area."}},{"type":"Feature","geometry":{"type":"Point","coordinates":[36.01935,48.38105]},"properties":{"source":"economist_fires","source_name":"The Economist war-fire model","source_url":"https://github.com/TheEconomist/the-economist-war-fire-model","id":152,"date":"2026-09-29","link":"https://www.economist.com/interactive/graphic-detail/ukraine-fires","category":"Fire classified as war-related (model estimate)","side":"Not attributed","color":"#FF8C00","radius":3,"orbat":[],"description":"Satellite heat detection at 10:21 UTC, in an area of abnormal fire activity. Urban area."}},{"type":"Feature","geometry":{"type":"Point","coordinates":[36.01311,48.38351]},"properties":{"source":"economist_fires","source_name":"The Economist war-fire model","source_url":"https://github.com/TheEconomist/the-economist-war-fire-model","id":153,"date":"2026-09-29","link":"https://www.economist.com/interactive/graphic-detail/ukraine-fires","category":"Fire classified as war-related (model estimate)","side":"Not attributed","color":"#FF8C00","radius":3,"orbat":[],"description":"Satellite heat detection at 10:21 UTC, in an area of abnormal fire activity. Urban area."}},{"type":"Feature","geometry":{"type":"Point","coordinates":[36.01743,48.37768]},"properties":{"source":"economist_fires","source_name":"The Economist war-fire model","source_url":"https://github.com/TheEconomist/the-economist-war-fire-model","id":154,"date":"2026-09-29","link":"https://www.economist.com/interactive/graphic-detail/ukraine-fires","category":"Fire classified as war-related (model estimate)","side":"Not attributed","color":"#FF8C00","radius":3,"orbat":[],"description":"Satellite heat detection at 10:58 UTC, in an area of abnormal fire activity. Urban area."}},{"type":"Feature","geometry":{"type":"Point","coordinates":[36.00177,48.3839]},"properties":{"source":"economist_fires","source_name":"The Economist war-fire model","source_url":"https://github.com/TheEconomist/the-economist-war-fire-model","id":155,"date":"2026-09-29","link":"https://www.economist.com/interactive/graphic-detail/ukraine-fires","category":"Fire classified as war-related (model estimate)","side":"Not attributed","color":"#FF8C00","radius":3,"orbat":[],"description":"Satellite heat detection at 10:58 UTC, in an area of abnormal fire activity. Urban area."}},{"type":"Feature","geometry":{"type":"Point","coordinates":[36.00878,48.38461]},"properties":{"source":"economist_fires","source_name":"The Economist war-fire model","source_url":"https://github.com/TheEconomist/the-economist-war-fire-model","id":156,"date":"2026-09-29","link":"https://www.economist.com/interactive/graphic-detail/ukraine-fires","category":"Fire classified as war-related (model estimate)","side":"Not attributed","color":"#FF8C00","radius":3,"orbat":[],"description":"Satellite heat detection at 10:58 UTC, in an area of abnormal fire activity. Urban area."}},{"type":"Feature","geometry":{"type":"Point","coordinates":[36.00401,48.38065]},"properties":{"source":"economist_fires","source_name":"The Economist war-fire model","source_url":"https://github.com/TheEconomist/the-economist-war-fire-model","id":157,"date":"2026-09-29","link":"https://www.economist.com/interactive/graphic-detail/ukraine-fires","category":"Fire classified as war-related (model estimate)","side":"Not attributed","color":"#FF8C00","radius":3,"orbat":[],"description":"Satellite heat detection at 11:17 UTC, in an area of abnormal fire activity. Urban area."}},{"type":"Feature","geometry":{"type":"Point","coordinates":[36.00855,48.38086]},"properties":{"source":"economist_fires","source_name":"The Economist war-fire model","source_url":"https://github.com/TheEconomist/the-economist-war-fire-model","id":158,"date":"2026-09-29","link":"https://www.economist.com/interactive/graphic-detail/ukraine-fires","category":"Fire classified as war-related (model estimate)","side":"Not attributed","color":"#FF8C00","radius":3,"orbat":[],"description":"Satellite heat detection at 11:17 UTC, in an area of abnormal fire activity. Urban area."}},{"type":"Feature","geometry":{"type":"Point","coordinates":[36.00148,48.38218]},"properties":{"source":"economist_fires","source_name":"The Economist war-fire model","source_url":"https://github.com/TheEconomist/the-economist-war-fire-model","id":159,"date":"2026-09-29","link":"https://www.economist.com/interactive/graphic-detail/ukraine-fires","category":"Fire classified as war-related (model estimate)","side":"Not attributed","color":"#FF8C00","radius":3,"orbat":[],"description":"Satellite heat detection at 11:17 UTC, in an area of abnormal fire activity. Urban area."}},{"type":"Feature","geometry":{"type":"Point","coordinates":[36.00602,48.38237]},"properties":{"source":"economist_fires","source_name":"The Economist war-fire model","source_url":"https://github.com/TheEconomist/the-economist-war-fire-model","id":160,"date":"2026-09-29","link":"https://www.economist.com/interactive/graphic-detail/ukraine-fires","category":"Fire classified as war-related (model estimate)","side":"Not attributed","color":"#FF8C00","radius":3,"orbat":[],"description":"Satellite heat detection at 11:17 UTC, in an area of abnormal fire activity. Urban area."}},{"type":"Feature","geometry":{"type":"Point","coordinates":[36.01056,48.38255]},"properties":{"source":"economist_fires","source_name":"The Economist war-fire model","source_url":"https://github.com/TheEconomist/the-economist-war-fire-model","id":161,"date":"2026-09-29","link":"https://www.economist.com/interactive/graphic-detail/ukraine-fires","category":"Fire classified as war-related (model estimate)","side":"Not attributed","color":"#FF8C00","radius":3,"orbat":[],"description":"Satellite heat detection at 11:17 UTC, in an area of abnormal fire activity. Urban area."}},{"type":"Feature","geometry":{"type":"Point","coordinates":[36.24574,48.15884]},"properties":{"source":"economist_fires","source_name":"The Economist war-fire model","source_url":"https://github.com/TheEconomist/the-economist-war-fire-model","id":162,"date":"2026-09-29","link":"https://www.economist.com/interactive/graphic-detail/ukraine-fires","category":"Fire classified as war-related (model estimate)","side":"Not attributed","color":"#FF8C00","radius":3,"orbat":[],"description":"Satellite heat detection at 06:12 UTC, in an area days after abnormal fire activity. Urban area."}},{"type":"Feature","geometry":{"type":"Point","coordinates":[36.23987,48.16105]},"properties":{"source":"economist_fires","source_name":"The Economist war-fire model","source_url":"https://github.com/TheEconomist/the-economist-war-fire-model","id":163,"date":"2026-09-29","link":"https://www.economist.com/interactive/graphic-detail/ukraine-fires","category":"Fire classified as war-related (model estimate)","side":"Not attributed","color":"#FF8C00","radius":3,"orbat":[],"description":"Satellite heat detection at 10:21 UTC, in an area days after abnormal fire activity. Urban area."}},{"type":"Feature","geometry":{"type":"Point","coordinates":[36.24019,48.16249]},"properties":{"source":"economist_fires","source_name":"The Economist war-fire model","source_url":"https://github.com/TheEconomist/the-economist-war-fire-model","id":164,"date":"2026-09-29","link":"https://www.economist.com/interactive/graphic-detail/ukraine-fires","category":"Fire classified as war-related (model estimate)","side":"Not attributed","color":"#FF8C00","radius":3,"orbat":[],"description":"Satellite heat detection at 10:58 UTC, in an area days after abnormal fire activity. Urban area."}},{"type":"Feature","geometry":{"type":"Point","coordinates":[36.24227,48.16032]},"properties":{"source":"economist_fires","source_name":"The Economist war-fire model","source_url":"https://github.com/TheEconomist/the-economist-war-fire-model","id":165,"date":"2026-09-29","link":"https://www.economist.com/interactive/graphic-detail/ukraine-fires","category":"Fire classified as war-related (model estimate)","side":"Not attributed","color":"#FF8C00","radius":3,"orbat":[],"description":"Satellite heat detection at 11:17 UTC, in an area of abnormal fire activity. Urban area."}},{"type":"Feature","geometry":{"type":"Point","coordinates":[36.35248,47.2096]},"properties":{"source":"economist_fires","source_name":"The Economist war-fire model","source_url":"https://github.com/TheEconomist/the-economist-war-fire-model","id":166,"date":"2026-09-29","link":"https://www.economist.com/interactive/graphic-detail/ukraine-fires","category":"Fire classified as war-related (model estimate)","side":"Not attributed","color":"#FF8C00","radius":3,"orbat":[],"description":"Satellite heat detection at 09:17 UTC, in an area of abnormal fire activity. Urban area."}},{"type":"Feature","geometry":{"type":"Point","coordinates":[36.3525,47.21053]},"properties":{"source":"economist_fires","source_name":"The Economist war-fire model","source_url":"https://github.com/TheEconomist/the-economist-war-fire-model","id":167,"date":"2026-09-29","link":"https://www.economist.com/interactive/graphic-detail/ukraine-fires","category":"Fire classified as war-related (model estimate)","side":"Not attributed","color":"#FF8C00","radius":3,"orbat":[],"description":"Satellite heat detection at 09:17 UTC, in an area of abnormal fire activity. Urban area."}},{"type":"Feature","geometry":{"type":"Point","coordinates":[36.40008,47.22374]},"properties":{"source":"economist_fires","source_name":"The Economist war-fire model","source_url":"https://github.com/TheEconomist/the-economist-war-fire-model","id":168,"date":"2026-09-29","link":"https://www.economist.com/interactive/graphic-detail/ukraine-fires","category":"Fire classified as war-related (model estimate)","side":"Not attributed","color":"#FF8C00","radius":3,"orbat":[],"description":"Satellite heat detection at 09:39 UTC, in an area of abnormal fire activity. Urban area."}},{"type":"Feature","geometry":{"type":"Point","coordinates":[36.40213,47.22444]},"properties":{"source":"economist_fires","source_name":"The Economist war-fire model","source_url":"https://github.com/TheEconomist/the-economist-war-fire-model","id":169,"date":"2026-09-29","link":"https://www.economist.com/interactive/graphic-detail/ukraine-fires","category":"Fire classified as war-related (model estimate)","side":"Not attributed","color":"#FF8C00","radius":3,"orbat":[],"description":"Satellite heat detection at 09:39 UTC, in an area of abnormal fire activity. Urban area."}},{"type":"Feature","geometry":{"type":"Point","coordinates":[36.89997,47.2685]},"properties":{"source":"economist_fires","source_name":"The Economist war-fire model","source_url":"https://github.com/TheEconomist/the-economist-war-fire-model","id":170,"date":"2026-09-29","link":"https://www.economist.com/interactive/graphic-detail/ukraine-fires","category":"Fire classified as war-related (model estimate)","side":"Not attributed","color":"#FF8C00","radius":3,"orbat":[],"description":"Satellite heat detection at 09:17 UTC, in an area of abnormal fire activity. Urban area."}},{"type":"Feature","geometry":{"type":"Point","coordinates":[37.25112,47.04963]},"properties":{"source":"economist_fires","source_name":"The Economist war-fire model","source_url":"https://github.com/TheEconomist/the-economist-war-fire-model","id":171,"date":"2026-09-29","link":"https://www.economist.com/interactive/graphic-detail/ukraine-fires","category":"Fire classified as war-related (model estimate)","side":"Not attributed","color":"#FF8C00","radius":3,"orbat":[],"description":"Satellite heat detection at 00:35 UTC, in an area of abnormal fire activity. Urban area."}},{"type":"Feature","geometry":{"type":"Point","coordinates":[37.49891,48.09327]},"properties":{"source":"economist_fires","source_name":"The Economist war-fire model","source_url":"https://github.com/TheEconomist/the-economist-war-fire-model","id":172,"date":"2026-09-29","link":"https://www.economist.com/interactive/graphic-detail/ukraine-fires","category":"Fire classified as war-related (model estimate)","side":"Not attributed","color":"#FF8C00","radius":3,"orbat":[],"description":"Satellite heat detection at 10:21 UTC, in an area days after abnormal fire activity. Urban area."}},{"type":"Feature","geometry":{"type":"Point","coordinates":[37.53241,48.60918]},"properties":{"source":"economist_fires","source_name":"The Economist war-fire model","source_url":"https://github.com/TheEconomist/the-economist-war-fire-model","id":173,"date":"2026-09-29","link":"https://www.economist.com/interactive/graphic-detail/ukraine-fires","category":"Fire classified as war-related (model estimate)","side":"Not attributed","color":"#FF8C00","radius":3,"orbat":[],"description":"Satellite heat detection at 00:35 UTC, in an area days after abnormal fire activity. Urban area."}},{"type":"Feature","geometry":{"type":"Point","coordinates":[37.53127,48.60957]},"properties":{"source":"economist_fires","source_name":"The Economist war-fire model","source_url":"https://github.com/TheEconomist/the-economist-war-fire-model","id":174,"date":"2026-09-29","link":"https://www.economist.com/interactive/graphic-detail/ukraine-fires","category":"Fire classified as war-related (model estimate)","side":"Not attributed","color":"#FF8C00","radius":3,"orbat":[],"description":"Satellite heat detection at 10:21 UTC, in an area days after abnormal fire activity. Urban area."}},{"type":"Feature","geometry":{"type":"Point","coordinates":[37.54178,48.60054]},"properties":{"source":"economist_fires","source_name":"The Economist war-fire model","source_url":"https://github.com/TheEconomist/the-economist-war-fire-model","id":175,"date":"2026-09-29","link":"https://www.economist.com/interactive/graphic-detail/ukraine-fires","category":"Fire classified as war-related (model estimate)","side":"Not attributed","color":"#FF8C00","radius":3,"orbat":[],"description":"Satellite heat detection at 23:31 UTC, in an area days after abnormal fire activity. Urban area."}},{"type":"Feature","geometry":{"type":"Point","coordinates":[37.54216,48.60118]},"properties":{"source":"economist_fires","source_name":"The Economist war-fire model","source_url":"https://github.com/TheEconomist/the-economist-war-fire-model","id":176,"date":"2026-09-29","link":"https://www.economist.com/interactive/graphic-detail/ukraine-fires","category":"Fire classified as war-related (model estimate)","side":"Not attributed","color":"#FF8C00","radius":3,"orbat":[],"description":"Satellite heat detection at 23:31 UTC, in an area days after abnormal fire activity. Urban area."}},{"type":"Feature","geometry":{"type":"Point","coordinates":[37.59311,47.74508]},"properties":{"source":"economist_fires","source_name":"The Economist war-fire model","source_url":"https://github.com/TheEconomist/the-economist-war-fire-model","id":177,"date":"2026-09-29","link":"https://www.economist.com/interactive/graphic-detail/ukraine-fires","category":"Fire classified as war-related (model estimate)","side":"Not attributed","color":"#FF8C00","radius":3,"orbat":[],"description":"Satellite heat detection at 09:17 UTC, in an area of abnormal fire activity. Urban area."}},{"type":"Feature","geometry":{"type":"Point","coordinates":[37.5931,47.74782]},"properties":{"source":"economist_fires","source_name":"The Economist war-fire model","source_url":"https://github.com/TheEconomist/the-economist-war-fire-model","id":178,"date":"2026-09-29","link":"https://www.economist.com/interactive/graphic-detail/ukraine-fires","category":"Fire classified as war-related (model estimate)","side":"Not attributed","color":"#FF8C00","radius":3,"orbat":[],"description":"Satellite heat detection at 10:21 UTC, in an area of abnormal fire activity. Urban area."}},{"type":"Feature","geometry":{"type":"Point","coordinates":[37.55206,48.59801]},"properties":{"source":"economist_fires","source_name":"The Economist war-fire model","source_url":"https://github.com/TheEconomist/the-economist-war-fire-model","id":179,"date":"2026-09-29","link":"https://www.economist.com/interactive/graphic-detail/ukraine-fires","category":"Fire classified as war-related (model estimate)","side":"Not attributed","color":"#FF8C00","radius":3,"orbat":[],"description":"Satellite heat detection at 00:35 UTC, in an area days after abnormal fire activity. Urban area."}},{"type":"Feature","geometry":{"type":"Point","coordinates":[37.56174,48.61953]},"properties":{"source":"economist_fires","source_name":"The Economist war-fire model","source_url":"https://github.com/TheEconomist/the-economist-war-fire-model","id":180,"date":"2026-09-29","link":"https://www.economist.com/interactive/graphic-detail/ukraine-fires","category":"Fire classified as war-related (model estimate)","side":"Not attributed","color":"#FF8C00","radius":3,"orbat":[],"description":"Satellite heat detection at 00:35 UTC, in an area days after abnormal fire activity. Urban area."}},{"type":"Feature","geometry":{"type":"Point","coordinates":[37.81373,48.98653]},"properties":{"source":"economist_fires","source_name":"The Economist war-fire model","source_url":"https://github.com/TheEconomist/the-economist-war-fire-model","id":181,"date":"2026-09-29","link":"https://www.economist.com/interactive/graphic-detail/ukraine-fires","category":"Fire classified as war-related (model estimate)","side":"Not attributed","color":"#FF8C00","radius":3,"orbat":[],"description":"Satellite heat detection at 00:35 UTC, in an area days after abnormal fire activity. Urban area."}},{"type":"Feature","geometry":{"type":"Point","coordinates":[37.814,48.98762]},"properties":{"source":"economist_fires","source_name":"The Economist war-fire model","source_url":"https://github.com/TheEconomist/the-economist-war-fire-model","id":182,"date":"2026-09-29","link":"https://www.economist.com/interactive/graphic-detail/ukraine-fires","category":"Fire classified as war-related (model estimate)","side":"Not attributed","color":"#FF8C00","radius":3,"orbat":[],"description":"Satellite heat detection at 00:35 UTC, in an area days after abnormal fire activity. Urban area."}},{"type":"Feature","geometry":{"type":"Point","coordinates":[37.81268,48.99416]},"properties":{"source":"economist_fires","source_name":"The Economist war-fire model","source_url":"https://github.com/TheEconomist/the-economist-war-fire-model","id":183,"date":"2026-09-29","link":"https://www.economist.com/interactive/graphic-detail/ukraine-fires","category":"Fire classified as war-related (model estimate)","side":"Not attributed","color":"#FF8C00","radius":3,"orbat":[],"description":"Satellite heat detection at 00:35 UTC, in an area days after abnormal fire activity. Urban area."}},{"type":"Feature","geometry":{"type":"Point","coordinates":[37.78656,49.00835]},"properties":{"source":"economist_fires","source_name":"The Economist war-fire model","source_url":"https://github.com/TheEconomist/the-economist-war-fire-model","id":184,"date":"2026-09-29","link":"https://www.economist.com/interactive/graphic-detail/ukraine-fires","category":"Fire classified as war-related (model estimate)","side":"Not attributed","color":"#FF8C00","radius":3,"orbat":[],"description":"Satellite heat detection at 00:35 UTC, in an area days after abnormal fire activity. Urban area."}},{"type":"Feature","geometry":{"type":"Point","coordinates":[37.81188,48.9842]},"properties":{"source":"economist_fires","source_name":"The Economist war-fire model","source_url":"https://github.com/TheEconomist/the-economist-war-fire-model","id":185,"date":"2026-09-29","link":"https://www.economist.com/interactive/graphic-detail/ukraine-fires","category":"Fire classified as war-related (model estimate)","side":"Not attributed","color":"#FF8C00","radius":3,"orbat":[],"description":"Satellite heat detection at 23:12 UTC, in an area days after abnormal fire activity. Urban area."}},{"type":"Feature","geometry":{"type":"Point","coordinates":[37.81533,48.9845]},"properties":{"source":"economist_fires","source_name":"The Economist war-fire model","source_url":"https://github.com/TheEconomist/the-economist-war-fire-model","id":186,"date":"2026-09-29","link":"https://www.economist.com/interactive/graphic-detail/ukraine-fires","category":"Fire classified as war-related (model estimate)","side":"Not attributed","color":"#FF8C00","radius":3,"orbat":[],"description":"Satellite heat detection at 23:31 UTC, in an area days after abnormal fire activity. Urban area."}},{"type":"Feature","geometry":{"type":"Point","coordinates":[37.89074,48.3278]},"properties":{"source":"economist_fires","source_name":"The Economist war-fire model","source_url":"https://github.com/TheEconomist/the-economist-war-fire-model","id":187,"date":"2026-09-29","link":"https://www.economist.com/interactive/graphic-detail/ukraine-fires","category":"Fire classified as war-related (model estimate)","side":"Not attributed","color":"#FF8C00","radius":3,"orbat":[],"description":"Satellite heat detection at 09:17 UTC, in an area of abnormal fire activity. Urban area."}},{"type":"Feature","geometry":{"type":"Point","coordinates":[37.88734,48.32882]},"properties":{"source":"economist_fires","source_name":"The Economist war-fire model","source_url":"https://github.com/TheEconomist/the-economist-war-fire-model","id":188,"date":"2026-09-29","link":"https://www.economist.com/interactive/graphic-detail/ukraine-fires","category":"Fire classified as war-related (model estimate)","side":"Not attributed","color":"#FF8C00","radius":3,"orbat":[],"description":"Satellite heat detection at 09:17 UTC, in an area of abnormal fire activity. Urban area."}},{"type":"Feature","geometry":{"type":"Point","coordinates":[37.89696,48.32983]},"properties":{"source":"economist_fires","source_name":"The Economist war-fire model","source_url":"https://github.com/TheEconomist/the-economist-war-fire-model","id":189,"date":"2026-09-29","link":"https://www.economist.com/interactive/graphic-detail/ukraine-fires","category":"Fire classified as war-related (model estimate)","side":"Not attributed","color":"#FF8C00","radius":3,"orbat":[],"description":"Satellite heat detection at 09:17 UTC, in an area of abnormal fire activity. Urban area."}},{"type":"Feature","geometry":{"type":"Point","coordinates":[37.89359,48.33089]},"properties":{"source":"economist_fires","source_name":"The Economist war-fire model","source_url":"https://github.com/TheEconomist/the-economist-war-fire-model","id":190,"date":"2026-09-29","link":"https://www.economist.com/interactive/graphic-detail/ukraine-fires","category":"Fire classified as war-related (model estimate)","side":"Not attributed","color":"#FF8C00","radius":3,"orbat":[],"description":"Satellite heat detection at 09:17 UTC, in an area of abnormal fire activity. Urban area."}},{"type":"Feature","geometry":{"type":"Point","coordinates":[37.88702,48.33335]},"properties":{"source":"economist_fires","source_name":"The Economist war-fire model","source_url":"https://github.com/TheEconomist/the-economist-war-fire-model","id":191,"date":"2026-09-29","link":"https://www.economist.com/interactive/graphic-detail/ukraine-fires","category":"Fire classified as war-related (model estimate)","side":"Not attributed","color":"#FF8C00","radius":3,"orbat":[],"description":"Satellite heat detection at 09:17 UTC, in an area of abnormal fire activity. Urban area."}},{"type":"Feature","geometry":{"type":"Point","coordinates":[37.90951,48.33392]},"properties":{"source":"economist_fires","source_name":"The Economist war-fire model","source_url":"https://github.com/TheEconomist/the-economist-war-fire-model","id":192,"date":"2026-09-29","link":"https://www.economist.com/interactive/graphic-detail/ukraine-fires","category":"Fire classified as war-related (model estimate)","side":"Not attributed","color":"#FF8C00","radius":3,"orbat":[],"description":"Satellite heat detection at 09:17 UTC, in an area of abnormal fire activity. Urban area."}},{"type":"Feature","geometry":{"type":"Point","coordinates":[37.90607,48.33503]},"properties":{"source":"economist_fires","source_name":"The Economist war-fire model","source_url":"https://github.com/TheEconomist/the-economist-war-fire-model","id":193,"date":"2026-09-29","link":"https://www.economist.com/interactive/graphic-detail/ukraine-fires","category":"Fire classified as war-related (model estimate)","side":"Not attributed","color":"#FF8C00","radius":3,"orbat":[],"description":"Satellite heat detection at 09:17 UTC, in an area of abnormal fire activity. Urban area."}},{"type":"Feature","geometry":{"type":"Point","coordinates":[37.89325,48.33538]},"properties":{"source":"economist_fires","source_name":"The Economist war-fire model","source_url":"https://github.com/TheEconomist/the-economist-war-fire-model","id":194,"date":"2026-09-29","link":"https://www.economist.com/interactive/graphic-detail/ukraine-fires","category":"Fire classified as war-related (model estimate)","side":"Not attributed","color":"#FF8C00","radius":3,"orbat":[],"description":"Satellite heat detection at 09:17 UTC, in an area of abnormal fire activity. Urban area."}},{"type":"Feature","geometry":{"type":"Point","coordinates":[37.88992,48.33646]},"properties":{"source":"economist_fires","source_name":"The Economist war-fire model","source_url":"https://github.com/TheEconomist/the-economist-war-fire-model","id":195,"date":"2026-09-29","link":"https://www.economist.com/interactive/graphic-detail/ukraine-fires","category":"Fire classified as war-related (model estimate)","side":"Not attributed","color":"#FF8C00","radius":3,"orbat":[],"description":"Satellite heat detection at 09:17 UTC, in an area of abnormal fire activity. Urban area."}},{"type":"Feature","geometry":{"type":"Point","coordinates":[37.91231,48.3371]},"properties":{"source":"economist_fires","source_name":"The Economist war-fire model","source_url":"https://github.com/TheEconomist/the-economist-war-fire-model","id":196,"date":"2026-09-29","link":"https://www.economist.com/interactive/graphic-detail/ukraine-fires","category":"Fire classified as war-related (model estimate)","side":"Not attributed","color":"#FF8C00","radius":3,"orbat":[],"description":"Satellite heat detection at 09:17 UTC, in an area of abnormal fire activity. Urban area."}},{"type":"Feature","geometry":{"type":"Point","coordinates":[37.89599,48.33847]},"properties":{"source":"economist_fires","source_name":"The Economist war-fire model","source_url":"https://github.com/TheEconomist/the-economist-war-fire-model","id":197,"date":"2026-09-29","link":"https://www.economist.com/interactive/graphic-detail/ukraine-fires","category":"Fire classified as war-related (model estimate)","side":"Not attributed","color":"#FF8C00","radius":3,"orbat":[],"description":"Satellite heat detection at 09:17 UTC, in an area of abnormal fire activity. Urban area."}},{"type":"Feature","geometry":{"type":"Point","coordinates":[37.89064,48.32771]},"properties":{"source":"economist_fires","source_name":"The Economist war-fire model","source_url":"https://github.com/TheEconomist/the-economist-war-fire-model","id":198,"date":"2026-09-29","link":"https://www.economist.com/interactive/graphic-detail/ukraine-fires","category":"Fire classified as war-related (model estimate)","side":"Not attributed","color":"#FF8C00","radius":3,"orbat":[],"description":"Satellite heat detection at 09:39 UTC, in an area of abnormal fire activity. Urban area."}},{"type":"Feature","geometry":{"type":"Point","coordinates":[37.88828,48.33205]},"properties":{"source":"economist_fires","source_name":"The Economist war-fire model","source_url":"https://github.com/TheEconomist/the-economist-war-fire-model","id":199,"date":"2026-09-29","link":"https://www.economist.com/interactive/graphic-detail/ukraine-fires","category":"Fire classified as war-related (model estimate)","side":"Not attributed","color":"#FF8C00","radius":3,"orbat":[],"description":"Satellite heat detection at 09:39 UTC, in an area of abnormal fire activity. Urban area."}},{"type":"Feature","geometry":{"type":"Point","coordinates":[37.88385,48.33095]},"properties":{"source":"economist_fires","source_name":"The Economist war-fire model","source_url":"https://github.com/TheEconomist/the-economist-war-fire-model","id":200,"date":"2026-09-29","link":"https://www.economist.com/interactive/graphic-detail/ukraine-fires","category":"Fire classified as war-related (model estimate)","side":"Not attributed","color":"#FF8C00","radius":3,"orbat":[],"description":"Satellite heat detection at 10:21 UTC, in an area of abnormal fire activity. Urban area."}},{"type":"Feature","geometry":{"type":"Point","coordinates":[38.51252,48.15721]},"properties":{"source":"economist_fires","source_name":"The Economist war-fire model","source_url":"https://github.com/TheEconomist/the-economist-war-fire-model","id":201,"date":"2026-09-29","link":"https://www.economist.com/interactive/graphic-detail/ukraine-fires","category":"Fire classified as war-related (model estimate)","side":"Not attributed","color":"#FF8C00","radius":3,"orbat":[],"description":"Satellite heat detection at 00:35 UTC, in an area days after abnormal fire activity. Urban area."}},{"type":"Feature","geometry":{"type":"Point","coordinates":[39.58577,48.60545]},"properties":{"source":"economist_fires","source_name":"The Economist war-fire model","source_url":"https://github.com/TheEconomist/the-economist-war-fire-model","id":202,"date":"2026-09-29","link":"https://www.economist.com/interactive/graphic-detail/ukraine-fires","category":"Fire classified as war-related (model estimate)","side":"Not attributed","color":"#FF8C00","radius":3,"orbat":[],"description":"Satellite heat detection at 00:35 UTC, in an area days after abnormal fire activity. Urban area."}},{"type":"Feature","geometry":{"type":"Point","coordinates":[39.58784,48.60479]},"properties":{"source":"economist_fires","source_name":"The Economist war-fire model","source_url":"https://github.com/TheEconomist/the-economist-war-fire-model","id":203,"date":"2026-09-29","link":"https://www.economist.com/interactive/graphic-detail/ukraine-fires","category":"Fire classified as war-related (model estimate)","side":"Not attributed","color":"#FF8C00","radius":3,"orbat":[],"description":"Satellite heat detection at 09:17 UTC, in an area days after abnormal fire activity. Urban area."}},{"type":"Feature","geometry":{"type":"Point","coordinates":[39.58725,48.60231]},"properties":{"source":"economist_fires","source_name":"The Economist war-fire model","source_url":"https://github.com/TheEconomist/the-economist-war-fire-model","id":204,"date":"2026-09-29","link":"https://www.economist.com/interactive/graphic-detail/ukraine-fires","category":"Fire classified as war-related (model estimate)","side":"Not attributed","color":"#FF8C00","radius":3,"orbat":[],"description":"Satellite heat detection at 09:39 UTC, in an area days after abnormal fire activity. Urban area."}}]}